window,basin_id,fold_id,primary,method,donor_count,valid_days,NSE,KGE,NRMSE,plotted_metric
unified_1981_2015,camelsbr_57250000,5,1,Koppen_Class_All,302,12783,-0.3875703398331394,0.22755224207327385,0.09189548372405568,NSE
unified_1981_2015,camelsbr_58060000,3,1,Koppen_Class_All,288,12725,-0.11089632405075989,-0.008119224578923223,0.018839920642295633,NSE
unified_1981_2015,camelsbr_58258000,1,1,Koppen_Class_All,287,12707,-0.026319222153516897,-0.0934559043156995,0.03601186069885478,NSE
unified_1981_2015,camelsbr_58530000,3,1,Koppen_Class_All,288,12783,-0.24284809535737284,0.006574898873903279,0.055577910940266,NSE
unified_1981_2015,camelsbr_58535000,3,1,Koppen_Class_All,288,12752,-0.23772392308885237,0.002291259212774732,0.08166668775648635,NSE
unified_1981_2015,camelsbr_58542000,1,1,Koppen_Class_All,287,12783,-0.12414441110218033,0.11200779773835479,0.07877695209333727,NSE
unified_1981_2015,camelsbr_59370000,2,1,Koppen_Class_All,293,12783,-0.1782044293238425,0.019371168450401433,0.041863389970304046,NSE
unified_1981_2015,camelsbr_70100000,4,1,Koppen_Class_All,290,12639,-0.07980400846710256,-0.2789650592559718,0.06519491228892722,NSE
unified_1981_2015,camelsbr_71300000,1,1,Koppen_Class_All,287,12778,-0.36438965115765387,-0.16150416684787716,0.12155533409511092,NSE
unified_1981_2015,camelsbr_73765000,1,1,Koppen_Class_All,287,12783,-0.05281658235844322,-0.35980918032018394,0.04438606879581186,NSE
unified_1981_2015,camelscl_1050002,4,1,Koppen_Class_All,46,12252,-18993.51615843611,-104.18585510452003,2.6600665656033775,NSE
unified_1981_2015,camelscl_1201005,3,1,Koppen_Class_All,45,12506,-949.2271293108194,-29.034192500870546,1.7658801651767375,NSE
unified_1981_2015,camelscl_12284002,1,1,Koppen_Class_All,35,12365,-14.174358357846252,-2.363401821177202,0.22986419010012296,NSE
unified_1981_2015,camelscl_12284003,4,1,Koppen_Class_All,46,11946,-76.39743517131512,-6.967031760602724,0.6023094373438157,NSE
unified_1981_2015,camelscl_12284006,1,1,Koppen_Class_All,35,12138,-3.3134273012387405,-0.6852335621239867,0.1065659067768879,NSE
unified_1981_2015,camelscl_12582001,4,1,Koppen_Class_All,46,12031,-0.31074523352806493,0.20342745827048492,0.07864140423977128,NSE
unified_1981_2015,camelscl_12600001,2,1,Koppen_Class_All,41,11975,-0.358752915501126,0.06631207635857628,0.11659900388498605,NSE
unified_1981_2015,camelscl_12622001,5,1,Koppen_Class_All,45,12021,-2.8359925560334553,-0.48993600941605675,0.17301495995494762,NSE
unified_1981_2015,camelscl_12802001,3,1,Koppen_Class_All,45,12305,-117.21677864404991,-11.025737625001401,0.8426889029318162,NSE
unified_1981_2015,camelscl_12805001,2,1,Koppen_Class_All,41,12227,-38.28244909693255,-4.51134021899619,0.49631573594475,NSE
unified_1981_2015,camelscl_12806001,5,1,Koppen_Class_All,45,12249,-27.08232626201342,-3.2598393437996194,0.4144872715844555,NSE
unified_1981_2015,camelscl_4301002,3,1,Koppen_Class_All,45,12422,-32.07206219259715,-4.55195572988878,0.7455869814356214,NSE
unified_1981_2015,camelscl_4311001,1,1,Koppen_Class_All,35,11715,-15.459465137777688,-3.862853973532121,0.3448584756094683,NSE
unified_1981_2015,camelscl_4313001,1,1,Koppen_Class_All,35,11742,-17.961922945422838,-3.5321387181697528,0.4309129069229882,NSE
unified_1981_2015,camelscl_4314002,4,1,Koppen_Class_All,452,12623,-30.416062155995906,-6.543890657935081,0.5023105566931498,NSE
unified_1981_2015,camelscl_4501001,4,1,Koppen_Class_All,46,11935,-23.654731771082826,-3.9622990764017647,0.3984485301362886,NSE
unified_1981_2015,camelscl_4503001,1,1,Koppen_Class_All,287,11799,-61.5124366830857,-11.47205672967635,0.37743676221264333,NSE
unified_1981_2015,camelscl_4511002,1,1,Koppen_Class_All,35,12069,-3.762156050467743,-1.129614571222488,0.15162182110223266,NSE
unified_1981_2015,camelscl_4512001,1,1,Koppen_Class_All,463,12071,-3.559909372613463,-2.22249099160932,0.19205331413064547,NSE
unified_1981_2015,camelscl_4513001,3,1,Koppen_Class_All,456,12338,-5.194874708115619,-2.0378906975732543,0.1895943792799756,NSE
unified_1981_2015,camelscl_4514001,2,1,Koppen_Class_All,452,12218,-10.977712958477715,-3.5424748010253664,0.32147194124513967,NSE
unified_1981_2015,camelscl_4520001,4,1,Koppen_Class_All,46,12054,-46.10697829048048,-22.53242420539517,0.23192787700495285,NSE
unified_1981_2015,camelscl_4530001,4,1,Koppen_Class_All,452,11812,-4.7289140616825724,-2.7261469204855637,0.0875022721737189,NSE
unified_1981_2015,camelscl_4532001,3,0,Koppen_Class_All,456,11668,-6.496353576810183,-4.755128000326545,0.13930991311415125,NSE
unified_1981_2015,camelscl_4703002,1,1,Koppen_Class_All,463,12660,-3.0253653575083757,-1.1168445258548343,0.2061351661845907,NSE
unified_1981_2015,camelscl_4721001,3,1,Koppen_Class_All,456,12585,-6.488240151027784,-3.1257566354548603,0.1827721832903736,NSE
unified_1981_2015,camelscl_4723001,5,1,Koppen_Class_All,449,12044,-19.908358497099297,-6.051841569650548,0.26115796965610943,NSE
unified_1981_2015,camelscl_5200001,2,1,Koppen_Class_All,293,11740,-18.26487471228981,-4.303739692627789,0.22494165335937907,NSE
unified_1981_2015,camelscl_5401003,2,0,Koppen_Class_All,41,11808,-2.5055904351216216,-0.5471473061468155,0.20807913118160434,NSE
unified_1981_2015,camelscl_5402001,5,1,Koppen_Class_All,45,11878,-1.0938134123408045,-0.36792430059625114,0.18085535866373503,NSE
unified_1981_2015,camelscl_5406001,1,1,Koppen_Class_All,35,11768,-4.672816217375713,-2.1437692413614706,0.23206492803974,NSE
unified_1981_2015,camelscl_5706001,1,1,Koppen_Class_All,35,11640,-2.006044535667765,-0.6298172674375662,0.1652062344603892,NSE
unified_1981_2015,camelscl_5707002,1,1,Koppen_Class_All,35,12054,-2.6366734420627265,-0.47274774087897464,0.31243231224766915,NSE
unified_1981_2015,camelscl_5722001,4,1,Koppen_Class_All,452,12272,-3.934807174246745,-1.3285878697664413,0.06625298420937831,NSE
unified_1981_2015,camelscl_5722002,1,1,Koppen_Class_All,463,12551,-2.256248211811623,-0.7749167788240641,0.0605741081506204,NSE
unified_1981_2015,camelscl_6013001,5,1,Koppen_Class_All,449,11609,-0.20625446570654793,-0.33706694670193516,0.04780352138198609,NSE
unified_1981_2015,camelscl_7103001,4,1,Koppen_Class_All,452,12564,-0.3017778128414199,-0.4201705501012585,0.046897047120078174,NSE
unified_1981_2015,camelscl_7104002,4,1,Koppen_Class_All,452,12375,-0.44450214247040787,-0.4386926101965598,0.05919119023054676,NSE
unified_1981_2015,camelscl_7112001,5,1,Koppen_Class_All,449,11523,-0.5048098332468443,-0.45432952110814884,0.04231033527988564,NSE
unified_1981_2015,camelscl_7115001,2,1,Koppen_Class_All,452,11993,-0.777098021530775,-0.4354367159346968,0.03939587632804604,NSE
unified_1981_2015,camelscl_7116001,3,1,Koppen_Class_All,288,12208,-0.21978385304937498,-0.3675765444345449,0.05042286350139418,NSE
unified_1981_2015,camelscl_7355002,1,1,Koppen_Class_All,287,11800,-0.40679987658771766,-0.5479988901055397,0.049148079279076475,NSE
unified_1981_2015,camelscl_7374001,5,1,Koppen_Class_All,302,12076,-0.19711263637012433,-0.4771502557094216,0.05265561368204757,NSE
unified_1981_2015,camelscl_8130002,1,1,Koppen_Class_All,287,12446,-0.23662121535978176,-0.6635189301692355,0.05435462335706009,NSE
unified_1981_2015,camelscl_8351001,3,0,Koppen_Class_All,288,11583,-0.27793240785144446,-0.655354170554943,0.06478473395938422,NSE
unified_1981_2015,hysets_01010070,4,1,Koppen_Class_All,452,11780,0.16313559196471827,0.09252370099164597,0.07387838452210432,NSE
unified_1981_2015,hysets_01022500,1,1,Koppen_Class_All,463,12783,0.09961787807051292,0.08101087778475846,0.08359492855666056,NSE
unified_1981_2015,hysets_01031500,1,1,Koppen_Class_All,463,12783,0.13183871156981497,0.047069444642419245,0.031162162041361574,NSE
unified_1981_2015,hysets_01038000,3,1,Koppen_Class_All,456,12783,0.11513031820940745,0.12173862359919607,0.050216649213240566,NSE
unified_1981_2015,hysets_01047000,2,1,Koppen_Class_All,452,12783,0.16467204745710273,0.08609495715837046,0.0319750983522462,NSE
unified_1981_2015,hysets_01054200,1,1,Koppen_Class_All,463,12783,0.0739566498564398,-0.08053008997750077,0.04523785479528356,NSE
unified_1981_2015,hysets_01055000,3,1,Koppen_Class_All,456,12783,0.14400390758817017,0.043424998197250764,0.0413449302927908,NSE
unified_1981_2015,hysets_01057000,2,1,Koppen_Class_All,452,12783,0.14807612752275867,0.08988699467704597,0.031535008443821,NSE
unified_1981_2015,hysets_01064500,3,1,Koppen_Class_All,456,12783,0.14824432916945507,0.06261904788059458,0.040844109096440234,NSE
unified_1981_2015,hysets_01076500,1,1,Koppen_Class_All,463,12783,0.1515445655284261,0.08621011830247327,0.04794017012929982,NSE
unified_1981_2015,hysets_01078000,2,1,Koppen_Class_All,452,12783,0.14578847881679868,0.1281323187819785,0.05335520705139998,NSE
unified_1981_2015,hysets_01096000,1,0,Koppen_Class_All,463,12783,0.06309037161746978,0.05828408732710022,0.044111254306408734,NSE
unified_1981_2015,hysets_01118000,1,1,Koppen_Class_All,463,12783,0.023342638313477715,0.08511204216247004,0.03613583343909928,NSE
unified_1981_2015,hysets_01134500,1,1,Koppen_Class_All,463,12783,0.13059138033964368,0.0680183745797126,0.05360446106142448,NSE
unified_1981_2015,hysets_01137500,4,1,Koppen_Class_All,452,12783,0.1685305564876206,0.09330904495441017,0.05708522099470702,NSE
unified_1981_2015,hysets_01169000,5,1,Koppen_Class_All,449,12783,0.10925777672649939,0.007891893196217858,0.03328039363600498,NSE
unified_1981_2015,hysets_01174500,5,1,Koppen_Class_All,449,12783,0.09514110189179636,0.14510849832697748,0.05745970787365931,NSE
unified_1981_2015,hysets_01181000,5,1,Koppen_Class_All,449,12783,0.0937832722003702,-0.01520594838740652,0.024089592690630195,NSE
unified_1981_2015,hysets_01439500,5,1,Koppen_Class_All,449,12783,0.0817429962723647,0.07482509490787737,0.05813557396375937,NSE
unified_1981_2015,hysets_01440000,4,1,Koppen_Class_All,452,12783,0.058966502095356255,0.04329374051027535,0.03581113623366934,NSE
unified_1981_2015,hysets_01447500,1,1,Koppen_Class_All,463,12783,0.06322756586656375,0.023674652925464668,0.036373009270549435,NSE
unified_1981_2015,hysets_01543000,4,1,Koppen_Class_All,452,12783,0.03301264220763067,-0.003404596303365981,0.044547402393806654,NSE
unified_1981_2015,hysets_01543500,2,1,Koppen_Class_All,452,12783,0.021957568434566643,0.02939304125239972,0.04429468671919993,NSE
unified_1981_2015,hysets_01544500,3,1,Koppen_Class_All,456,12783,0.014174556561885376,-0.0019690801031537752,0.050680363098756065,NSE
unified_1981_2015,hysets_01545600,5,0,Koppen_Class_All,449,12783,0.02544416754991774,0.03730781792508864,0.0427986781328087,NSE
unified_1981_2015,hysets_01550000,5,1,Koppen_Class_All,449,12783,0.06259423874827252,-0.0009966297554520054,0.03307081325798382,NSE
unified_1981_2015,hysets_01552000,2,0,Koppen_Class_All,452,12783,0.03782883181921093,-0.029086032730555322,0.0269917689919865,NSE
unified_1981_2015,hysets_01605500,1,1,Koppen_Class_All,463,12783,-0.18169261095508582,-0.38784294538940545,0.01851667506231262,NSE
unified_1981_2015,hysets_01606500,3,1,Koppen_Class_All,456,12782,-0.15127244263414696,-0.18560607538402651,0.020349209474209096,NSE
unified_1981_2015,hysets_01611500,5,1,Koppen_Class_All,449,12417,-0.5629182453681953,-0.5313241460993638,0.04968672955120956,NSE
unified_1981_2015,hysets_01665500,3,0,Koppen_Class_All,288,11595,-0.058413126327644616,-0.17341459187447938,0.013945136528314694,NSE
unified_1981_2015,hysets_01669520,2,1,Koppen_Class_All,293,12558,-0.6033260184835318,-0.14510601768850062,0.036417496489886333,NSE
unified_1981_2015,hysets_01673800,1,1,Koppen_Class_All,287,12783,-0.2786678406660239,-0.4435529418082964,0.04878904681998186,NSE
unified_1981_2015,hysets_01AJ010,2,1,Koppen_Class_All,452,12783,0.15148209379311905,0.0968903402775656,0.04102228390295598,NSE
unified_1981_2015,hysets_01AK001,3,1,Koppen_Class_All,456,12783,0.1850471796915094,0.17578794741950188,0.07794421164961045,NSE
unified_1981_2015,hysets_01AK007,1,1,Koppen_Class_All,463,12783,0.11750601021719786,0.04960941436212418,0.04784634796988495,NSE
unified_1981_2015,hysets_01AL002,2,1,Koppen_Class_All,452,12783,0.17040957101991938,0.10432501447077325,0.04155944591658496,NSE
unified_1981_2015,hysets_01AM001,4,1,Koppen_Class_All,452,12783,0.14389638284720807,0.07757974149781288,0.04960275995663182,NSE
unified_1981_2015,hysets_01AN002,1,1,Koppen_Class_All,463,12783,0.13718097552823094,0.10894350008489506,0.05685581163500021,NSE
unified_1981_2015,hysets_01AP002,4,1,Koppen_Class_All,452,12783,0.11582563762807507,0.06281122478239032,0.05027698525370022,NSE
unified_1981_2015,hysets_01AQ001,4,1,Koppen_Class_All,452,12783,0.054608287922977006,-0.024101486062624966,0.048959726939477255,NSE
unified_1981_2015,hysets_01BJ003,1,1,Koppen_Class_All,463,12783,0.19310533276674446,0.12402107256323558,0.06905127058686596,NSE
unified_1981_2015,hysets_01BL002,3,1,Koppen_Class_All,456,12783,0.2126649592830967,0.206047507387909,0.05017025661010784,NSE
unified_1981_2015,hysets_01BQ001,2,1,Koppen_Class_All,452,12783,0.21891455057619302,0.17587290243880338,0.05696626934120222,NSE
unified_1981_2015,hysets_01BS001,3,1,Koppen_Class_All,456,12783,0.1202585005248008,0.05598002569068483,0.05066915639105186,NSE
unified_1981_2015,hysets_01BU002,1,1,Koppen_Class_All,463,12783,0.07602825630532906,0.030310278915608002,0.05245523554134112,NSE
unified_1981_2015,hysets_01BV006,1,1,Koppen_Class_All,463,12783,0.0029705138715878654,-0.14725595712728445,0.05365194915453744,NSE
unified_1981_2015,hysets_01DR001,2,1,Koppen_Class_All,452,12783,-0.004243110222933,-0.09604610043184714,0.06690911727169173,NSE
unified_1981_2015,hysets_01EC001,5,1,Koppen_Class_All,449,12783,-0.19036511594609817,-0.1076373334220313,0.08974327548480265,NSE
unified_1981_2015,hysets_01ED007,2,1,Koppen_Class_All,452,12783,-0.02811192825877562,-0.0383267913881673,0.06434106663031422,NSE
unified_1981_2015,hysets_01EF001,3,1,Koppen_Class_All,456,12783,-0.0022726810029252142,-0.03862296070544091,0.06036848935952441,NSE
unified_1981_2015,hysets_01EO001,5,1,Koppen_Class_All,449,12783,-0.023832706780116286,-0.11577092359738694,0.05443133654979248,NSE
unified_1981_2015,hysets_01FB001,5,1,Koppen_Class_All,449,12783,-0.08217689188915189,-0.17795335498849774,0.04784375763030709,NSE
unified_1981_2015,hysets_01FB003,4,1,Koppen_Class_All,452,12783,-0.1857536468673917,0.11375448872007976,0.14660039089383,NSE
unified_1981_2015,hysets_02011400,5,1,Koppen_Class_All,449,12783,-0.2849754495667305,-0.24660373741750186,0.035457342999040145,NSE
unified_1981_2015,hysets_02011460,5,1,Koppen_Class_All,449,12783,0.037321478955637755,-0.05491819841214585,0.028459049516494108,NSE
unified_1981_2015,hysets_02013000,3,1,Koppen_Class_All,456,12783,-0.23328391712724983,-0.39136996699239956,0.03960963307759331,NSE
unified_1981_2015,hysets_02014000,2,1,Koppen_Class_All,452,12783,-0.20728175940813598,-0.2026241464683447,0.04561749065087252,NSE
unified_1981_2015,hysets_02015700,2,1,Koppen_Class_All,452,12783,-0.014690030080940275,-0.03315435711541115,0.03133197268923845,NSE
unified_1981_2015,hysets_02016000,5,1,Koppen_Class_All,449,12783,-0.08120551441889745,-0.13865799826304848,0.03199895305050626,NSE
unified_1981_2015,hysets_02017500,5,1,Koppen_Class_All,449,12783,-0.12236924403696947,-0.09982139038745275,0.050979404628225,NSE
unified_1981_2015,hysets_02018000,3,1,Koppen_Class_All,456,12783,-0.20127536194071682,-0.2290481916621514,0.03738262209318915,NSE
unified_1981_2015,hysets_02020500,4,1,Koppen_Class_All,452,12053,-0.01197482097498348,-0.21830657033501666,0.020892105419279418,NSE
unified_1981_2015,hysets_02021500,3,1,Koppen_Class_All,456,12783,-0.0975184997499865,-0.23042052442917393,0.02203439103301097,NSE
unified_1981_2015,hysets_02027000,4,0,Koppen_Class_All,290,12783,0.03338980835708327,0.05792716121545727,0.0340198695494406,NSE
unified_1981_2015,hysets_02028500,4,0,Koppen_Class_All,290,12783,-0.023789006864390005,0.03585663342423995,0.04135335638039982,NSE
unified_1981_2015,hysets_02030000,4,1,Koppen_Class_All,290,12427,-0.3179768255226094,-0.19757560683198272,0.0389394800578287,NSE
unified_1981_2015,hysets_02041000,4,1,Koppen_Class_All,290,12783,-0.39047042099341356,-0.5823664426434199,0.04544425923557896,NSE
unified_1981_2015,hysets_02046000,4,1,Koppen_Class_All,290,12783,-0.40291000830410373,-0.5507776159413096,0.0316555837179495,NSE
unified_1981_2015,hysets_02212600,4,1,Koppen_Class_All,290,12783,-0.27559121376136186,-0.8518499004952478,0.03826869028600062,NSE
unified_1981_2015,hysets_02325000,1,1,Koppen_Class_All,287,12228,-3.7241993752327582,-0.37452293279332083,0.24748201587053179,NSE
unified_1981_2015,hysets_02326000,3,1,Koppen_Class_All,288,12783,-2.889669975750182,-1.0354575901268293,0.23115941923965455,NSE
unified_1981_2015,hysets_02327100,1,1,Koppen_Class_All,287,12783,-0.058553794437033124,-0.12327998959080633,0.03365510781667227,NSE
unified_1981_2015,hysets_02331600,1,1,Koppen_Class_All,287,12783,0.04110141930267219,0.2564743149879539,0.04525289330973354,NSE
unified_1981_2015,hysets_02373000,5,1,Koppen_Class_All,302,12783,-0.010611995264514507,-0.05469111460746601,0.04507423396473061,NSE
unified_1981_2015,hysets_02374500,3,1,Koppen_Class_All,288,12783,-0.1322709862494782,0.14872547782174772,0.037272214268000814,NSE
unified_1981_2015,hysets_02380500,2,1,Koppen_Class_All,293,12783,0.0635227051063959,0.31903326380181185,0.04217399111825109,NSE
unified_1981_2015,hysets_02401390,4,1,Koppen_Class_All,290,12783,0.10181023001016565,0.016530376546218584,0.04676257549955344,NSE
unified_1981_2015,hysets_02450250,3,1,Koppen_Class_All,288,12783,0.0924126520141807,-0.013294405885043936,0.047134105964039004,NSE
unified_1981_2015,hysets_02469800,5,1,Koppen_Class_All,302,12783,0.042533073792084486,-0.02181995945043269,0.039152330295847186,NSE
unified_1981_2015,hysets_02479155,1,1,Koppen_Class_All,287,12783,0.047812311613977365,-0.056288180370039465,0.025521131618276485,NSE
unified_1981_2015,hysets_02479300,1,0,Koppen_Class_All,287,12783,0.0458486796816564,0.08333174826854528,0.05070743959189489,NSE
unified_1981_2015,hysets_02479560,3,1,Koppen_Class_All,288,12783,0.07738727792191269,0.11138742196119655,0.0563489075408977,NSE
unified_1981_2015,hysets_02AB017,5,1,Koppen_Class_All,449,12765,-0.46112072813202487,-0.6050406603496206,0.0724561711487757,NSE
unified_1981_2015,hysets_02AC001,3,1,Koppen_Class_All,456,11997,-0.9980961193533464,-0.6246239187793354,0.07433294526555831,NSE
unified_1981_2015,hysets_02AD010,2,1,Koppen_Class_All,452,12672,-0.39276818197477126,-0.19307945568935825,0.08072650574219697,NSE
unified_1981_2015,hysets_02BA003,2,1,Koppen_Class_All,452,12782,-0.3833882779877549,-0.09196399829508284,0.08828955550706508,NSE
unified_1981_2015,hysets_02BF001,4,1,Koppen_Class_All,452,12783,0.05670146782314167,0.06665272326644123,0.07170451602601938,NSE
unified_1981_2015,hysets_02BF002,1,1,Koppen_Class_All,463,12783,-0.016295907699246603,0.05156798864482226,0.07816978670255027,NSE
unified_1981_2015,hysets_02CB003,2,1,Koppen_Class_All,452,12783,-0.3167007787504832,-0.09399679022785024,0.10204569678591559,NSE
unified_1981_2015,hysets_02CD006,2,1,Koppen_Class_All,452,12783,-0.180651376493979,0.20019058539339796,0.12470943395960202,NSE
unified_1981_2015,hysets_02DD015,1,1,Koppen_Class_All,463,12783,-0.034922970980289625,0.04988096576275203,0.07820648045951008,NSE
unified_1981_2015,hysets_02HL003,5,1,Koppen_Class_All,449,12783,-0.4458538377005685,-0.07053829286713875,0.1177947750603417,NSE
unified_1981_2015,hysets_02HL004,5,1,Koppen_Class_All,449,12783,-0.4238235672730264,-0.08705598856410846,0.09897870932664433,NSE
unified_1981_2015,hysets_02JC008,1,1,Koppen_Class_All,463,12781,-0.20903663192490485,0.014951687093799682,0.11726548988604615,NSE
unified_1981_2015,hysets_02YC001,1,1,Koppen_Class_All,463,12783,0.06245712020632388,0.011673152589162017,0.07476835176268536,NSE
unified_1981_2015,hysets_02YD002,1,1,Koppen_Class_All,463,12783,0.220841706325273,0.14860195542734933,0.09344630803901893,NSE
unified_1981_2015,hysets_02YJ001,4,1,Koppen_Class_All,452,12783,-0.0469163318320438,-0.03449877150065528,0.08532408701618155,NSE
unified_1981_2015,hysets_02YK002,3,1,Koppen_Class_All,456,12663,-0.006314938688819494,-0.025787268512099226,0.10064594565862049,NSE
unified_1981_2015,hysets_02YK005,1,1,Koppen_Class_All,463,12783,0.1948599009413583,0.1692159026211688,0.08912515543175449,NSE
unified_1981_2015,hysets_02YN002,5,1,Koppen_Class_All,449,12783,-0.044145665644420795,-0.10544335531444182,0.07732360223782221,NSE
unified_1981_2015,hysets_02YO006,5,1,Koppen_Class_All,449,12783,0.0642303873661687,-0.008821837881772598,0.04499392447753674,NSE
unified_1981_2015,hysets_02YO008,2,1,Koppen_Class_All,452,11688,0.0546807464870992,-0.009687768592287593,0.0804837027905116,NSE
unified_1981_2015,hysets_02YR001,1,1,Koppen_Class_All,463,12783,0.08566722691737172,0.18645662792721052,0.09877875682310497,NSE
unified_1981_2015,hysets_02YR003,4,1,Koppen_Class_All,452,12783,0.11284525226672892,0.2096063478864948,0.09881366594027448,NSE
unified_1981_2015,hysets_02ZB001,1,1,Koppen_Class_All,463,12783,-0.12580816252091043,-0.31173284459810646,0.05255247041856802,NSE
unified_1981_2015,hysets_02ZC002,3,1,Koppen_Class_All,456,12418,-0.08459241184700406,-0.30033245246679474,0.06334566726257426,NSE
unified_1981_2015,hysets_02ZF001,3,1,Koppen_Class_All,456,12783,-0.14126225132038783,-0.01383083111376937,0.06349912113878657,NSE
unified_1981_2015,hysets_02ZG001,5,1,Koppen_Class_All,449,12783,-0.2739000847128015,-0.25533084379341076,0.056347388310539356,NSE
unified_1981_2015,hysets_02ZG003,3,1,Koppen_Class_All,456,12783,-0.14077698923482362,-0.30957491781415447,0.06303494460827495,NSE
unified_1981_2015,hysets_02ZH001,3,1,Koppen_Class_All,456,12783,-0.08181906360604074,-0.15117179082594956,0.05685469238727094,NSE
unified_1981_2015,hysets_02ZK001,2,1,Koppen_Class_All,452,12783,-0.18641590381994133,-0.2812222587769393,0.0626072704008353,NSE
unified_1981_2015,hysets_02ZK004,2,1,Koppen_Class_All,452,12053,-0.15837008327087254,-0.3796696220517961,0.06208970823488653,NSE
unified_1981_2015,hysets_03010500,2,0,Koppen_Class_All,452,12783,-0.007826665777744823,0.059933719683144315,0.0724401489150573,NSE
unified_1981_2015,hysets_03010655,1,1,Koppen_Class_All,463,12783,-0.035386292815455356,0.005024634030076247,0.06902490294541823,NSE
unified_1981_2015,hysets_03021350,3,0,Koppen_Class_All,456,12783,-0.014695917735249475,-0.17060930203852087,0.07666671379617916,NSE
unified_1981_2015,hysets_03028000,1,1,Koppen_Class_All,463,12783,0.024443348627456563,-0.005682466992112056,0.04250263917225266,NSE
unified_1981_2015,hysets_03065000,1,1,Koppen_Class_All,463,12053,0.04071626118009308,-0.056173852361638854,0.03458913943484485,NSE
unified_1981_2015,hysets_03070500,1,1,Koppen_Class_All,463,12783,0.012611512126695423,-0.05768535158971,0.057597315995786116,NSE
unified_1981_2015,hysets_03072000,1,1,Koppen_Class_All,463,12783,-0.16056137388264147,-0.21850032492573424,0.06431694104881676,NSE
unified_1981_2015,hysets_03110000,4,1,Koppen_Class_All,452,12783,-0.3321082317565025,-0.2470724552552177,0.03980822714854177,NSE
unified_1981_2015,hysets_03151400,5,1,Koppen_Class_All,449,12052,0.02774164772423038,-0.06770407627391761,0.03988140159045436,NSE
unified_1981_2015,hysets_03159540,3,1,Koppen_Class_All,456,12782,-0.20167493469820563,-0.39643280319647745,0.042727152441679406,NSE
unified_1981_2015,hysets_03180500,4,1,Koppen_Class_All,452,12783,0.07062288943787931,-0.016177067806943723,0.032776441573788936,NSE
unified_1981_2015,hysets_03182500,3,1,Koppen_Class_All,456,12783,0.01784365865585935,-0.04327707830036975,0.03581847131404485,NSE
unified_1981_2015,hysets_03186500,3,1,Koppen_Class_All,456,12783,0.012262914437013328,-0.11442397011497873,0.05774612509183405,NSE
unified_1981_2015,hysets_03187500,2,1,Koppen_Class_All,452,12265,0.010809770550277875,-0.11904080273757756,0.04891904203785481,NSE
unified_1981_2015,hysets_03189100,2,1,Koppen_Class_All,452,11661,0.02818744424872166,-0.07197582043656947,0.06548499906095862,NSE
unified_1981_2015,hysets_03194700,3,1,Koppen_Class_All,456,12052,0.020642438399375296,-0.07938576676466802,0.06102997355718825,NSE
unified_1981_2015,hysets_03198500,5,0,Koppen_Class_All,449,12783,-0.09906160168849887,-0.061357312591388435,0.05288169546891639,NSE
unified_1981_2015,hysets_03202400,5,1,Koppen_Class_All,449,12783,-0.13182997758548587,-0.07401578757287264,0.0369625649362635,NSE
unified_1981_2015,hysets_03202750,2,1,Koppen_Class_All,452,12783,-0.05929791519044603,-0.08701891024240749,0.060086078683194453,NSE
unified_1981_2015,hysets_03207800,1,1,Koppen_Class_All,287,12783,-0.22990252419211066,0.01302544849021292,0.038679934333867835,NSE
unified_1981_2015,hysets_03208500,2,1,Koppen_Class_All,293,12783,-0.1005039941211261,-0.05468539344795076,0.04034360878731596,NSE
unified_1981_2015,hysets_03210000,2,1,Koppen_Class_All,293,12418,-0.17760772376804446,-0.15239400966461547,0.03422522215781084,NSE
unified_1981_2015,hysets_03217000,3,1,Koppen_Class_All,288,12783,-0.039656567746117144,-0.09622000931426022,0.02817780406675777,NSE
unified_1981_2015,hysets_03280700,2,1,Koppen_Class_All,293,12783,0.012971472336375633,-0.05382659514389254,0.040562528292829796,NSE
unified_1981_2015,hysets_03460000,4,1,Koppen_Class_All,290,12783,0.09265677409970463,0.1739882269902524,0.04817938480575236,NSE
unified_1981_2015,hysets_03497300,4,1,Koppen_Class_All,290,12783,0.08283417947113547,0.049092323421521145,0.03697132503754154,NSE
unified_1981_2015,hysets_03512000,3,1,Koppen_Class_All,288,12783,0.04424488749595901,0.14420256588536973,0.05895634915662372,NSE
unified_1981_2015,hysets_03574500,4,1,Koppen_Class_All,290,12783,0.10887848114049292,0.00556305892102249,0.027080039179596872,NSE
unified_1981_2015,hysets_04015330,4,1,Koppen_Class_All,452,12783,-0.10248776259333514,-0.365755161244369,0.02055993960770908,NSE
unified_1981_2015,hysets_04024430,2,1,Koppen_Class_All,452,12783,-0.47258570438015646,-0.48522951281381,0.04775390740843915,NSE
unified_1981_2015,hysets_04025500,2,1,Koppen_Class_All,452,11961,-2.4042627698562082,0.014750356299805922,0.08500719514159898,NSE
unified_1981_2015,hysets_04057510,2,1,Koppen_Class_All,452,12783,-1.9058601144054395,-0.3607514550866404,0.14528703442325283,NSE
unified_1981_2015,hysets_04063700,5,1,Koppen_Class_All,449,12783,-3.1395084525035637,-0.9165442081381932,0.15265785793522785,NSE
unified_1981_2015,hysets_04256000,4,1,Koppen_Class_All,452,12783,0.07040399992911273,0.02922476698331644,0.04533593905210779,NSE
unified_1981_2015,hysets_04262500,1,1,Koppen_Class_All,463,12783,0.03257343211319286,0.06001100229041423,0.07440844984069658,NSE
unified_1981_2015,hysets_04269000,4,1,Koppen_Class_All,452,12417,0.07328650630600109,0.22774324742002772,0.07736314796737866,NSE
unified_1981_2015,hysets_04287000,4,0,Koppen_Class_All,452,12783,0.12458122110549452,0.09026828334362058,0.03228857749460894,NSE
unified_1981_2015,hysets_04296000,5,1,Koppen_Class_All,449,12783,0.15542071376199962,0.17612108082697286,0.07796861816888172,NSE
unified_1981_2015,hysets_05AA008,2,1,Koppen_Class_All,452,12783,-0.26482534489419196,-0.056499503820285346,0.06994938359354289,NSE
unified_1981_2015,hysets_05BG006,2,0,Koppen_Class_All,452,12783,-1.6163334936076792,-1.3715705259606445,0.036307318343750596,NSE
unified_1981_2015,hysets_05DA009,1,0,Koppen_Class_All,35,12783,0.4937706618842287,0.37114683604932,0.1450351292731427,NSE
unified_1981_2015,hysets_05DC006,1,1,Koppen_Class_All,463,12783,-1.5819565749247082,-0.9649075556250439,0.0468359725844464,NSE
unified_1981_2015,hysets_05QE008,5,1,Koppen_Class_All,449,12783,-12.55634757763965,-1.545888931612402,0.6199095023687915,NSE
unified_1981_2015,hysets_05QE009,3,1,Koppen_Class_All,456,12667,-8.102696560892783,-1.7528159858254284,0.3039627868957297,NSE
unified_1981_2015,hysets_05QE012,4,1,Koppen_Class_All,452,12783,-9.55934513764643,-1.6571602973495096,0.5293812836020235,NSE
unified_1981_2015,hysets_05TG002,4,1,Koppen_Class_All,452,12000,-6.319839096326146,-2.4084159444437194,0.2725412636429273,NSE
unified_1981_2015,hysets_05UF004,2,1,Koppen_Class_All,452,12584,-0.32760890708435,-0.14804670644356843,0.1091751558950713,NSE
unified_1981_2015,hysets_06019500,5,1,Koppen_Class_All,449,12663,-29.97751561380428,-4.372346082678769,0.3456242395697434,NSE
unified_1981_2015,hysets_06191000,2,1,Koppen_Class_All,452,11597,-0.5103946455840789,-0.04979813678117506,0.15625315171651716,NSE
unified_1981_2015,hysets_06200000,1,1,Koppen_Class_All,463,12782,-0.16146923310936678,-0.29481745757178857,0.10753407038765075,NSE
unified_1981_2015,hysets_06224000,3,1,Koppen_Class_All,456,12783,0.10497490877114668,0.10303028054354568,0.1011195927297647,NSE
unified_1981_2015,hysets_06289000,1,1,Koppen_Class_All,463,12783,-1.866784137295936,-0.7378993271711076,0.15897076614005282,NSE
unified_1981_2015,hysets_06309200,4,1,Koppen_Class_All,452,12783,-0.8073710467375592,-1.538452199849703,0.08670985493766184,NSE
unified_1981_2015,hysets_06332515,2,1,Koppen_Class_All,452,12783,-40.02688218017621,-32.970954862183525,0.25377926386343186,NSE
unified_1981_2015,hysets_06339100,1,0,Koppen_Class_All,463,12783,-29.21909770675768,-27.328736472212167,0.13312101889993389,NSE
unified_1981_2015,hysets_06344600,1,0,Koppen_Class_All,463,12783,-19.43880740440175,-23.592794790011148,0.11547891974220674,NSE
unified_1981_2015,hysets_06400875,3,1,Koppen_Class_All,456,11902,-34.11717479834969,-54.41437021077242,0.10630760608984526,NSE
unified_1981_2015,hysets_06404000,3,1,Koppen_Class_All,456,12783,-17.61648269978501,-11.217638946943861,0.11839058187060075,NSE
unified_1981_2015,hysets_06406000,4,1,Koppen_Class_All,452,12783,-77.18431518077738,-17.757715952253935,0.3278855051773965,NSE
unified_1981_2015,hysets_06409000,1,1,Koppen_Class_All,463,12783,-371.807970689562,-11.96192787179107,1.1698929376203964,NSE
unified_1981_2015,hysets_06422500,2,1,Koppen_Class_All,452,12783,-19.63075005909767,-6.872238413354104,0.1939569785486582,NSE
unified_1981_2015,hysets_06623800,5,1,Koppen_Class_All,449,12783,0.24220839993986987,0.15410047594503795,0.10238396332484252,NSE
unified_1981_2015,hysets_06712000,1,1,Koppen_Class_All,463,12783,-278.32115511556043,-34.43975269671974,0.5100213708389927,NSE
unified_1981_2015,hysets_06719505,3,1,Koppen_Class_All,456,12782,-6.470282873970257,-2.3343599575338128,0.32100533043555934,NSE
unified_1981_2015,hysets_06876700,2,1,Koppen_Class_All,452,12783,-8.530828192850963,-10.410802897293262,0.10350058972352669,NSE
unified_1981_2015,hysets_06FD002,4,1,Koppen_Class_All,452,11818,-1.114917596555859,-0.9942323841430629,0.12540909847454276,NSE
unified_1981_2015,hysets_07060710,1,1,Koppen_Class_All,287,12783,-0.11985708228393088,-0.7759523861291497,0.01995808701046215,NSE
unified_1981_2015,hysets_07124200,2,1,Koppen_Class_All,452,12783,-86.45324338273753,-12.221148711910649,0.2774945755963943,NSE
unified_1981_2015,hysets_07203000,3,1,Koppen_Class_All,456,12783,-237.49885089897032,-30.21684107441961,0.2970609399623453,NSE
unified_1981_2015,hysets_07207500,3,1,Koppen_Class_All,456,12783,-130.30000791480774,-26.213491768775267,0.47803405198784665,NSE
unified_1981_2015,hysets_07208500,5,1,Koppen_Class_All,449,12783,-26.41078335002143,-7.856382860928955,0.15921343645559322,NSE
unified_1981_2015,hysets_07291000,1,1,Koppen_Class_All,287,12053,0.01889839400483273,-0.16306347444132796,0.030808167240217163,NSE
unified_1981_2015,hysets_07299670,1,1,Koppen_Class_All,287,12783,-12.652969528819556,-19.005291242645285,0.07598519532977072,NSE
unified_1981_2015,hysets_07315200,3,1,Koppen_Class_All,288,12783,-1.5392124373335307,-7.832002732215681,0.028835440805556677,NSE
unified_1981_2015,hysets_07335700,1,1,Koppen_Class_All,287,12783,0.03141962483573313,-0.16109158244091315,0.029551544896734946,NSE
unified_1981_2015,hysets_07337900,3,1,Koppen_Class_All,288,12783,0.023596296325451904,-0.12157874695579429,0.0419843639754018,NSE
unified_1981_2015,hysets_07340300,4,1,Koppen_Class_All,290,12783,0.035713621071225554,-0.13520426753644754,0.04716063393834135,NSE
unified_1981_2015,hysets_07352000,5,1,Koppen_Class_All,302,12783,-0.007422641442125677,-0.1448318246722029,0.04455404250130584,NSE
unified_1981_2015,hysets_07361500,3,1,Koppen_Class_All,288,12783,0.032079856130380446,-0.10339540214742571,0.04362165909768068,NSE
unified_1981_2015,hysets_07362100,3,1,Koppen_Class_All,288,12783,-0.06059419551067102,-0.25604122020549713,0.0346016284964029,NSE
unified_1981_2015,hysets_07373000,1,1,Koppen_Class_All,287,12783,-0.025328059220280696,-0.23169866565171682,0.024347059398763256,NSE
unified_1981_2015,hysets_07376000,1,1,Koppen_Class_All,287,12418,0.02775376896724524,0.026889138838667392,0.03900337359765646,NSE
unified_1981_2015,hysets_07377000,3,0,Koppen_Class_All,288,12783,0.04648734815100353,-0.016058019827335235,0.02986074719761681,NSE
unified_1981_2015,hysets_07BJ001,5,1,Koppen_Class_All,449,12783,-1.132475860312168,-1.5678330963040503,0.06590965691788121,NSE
unified_1981_2015,hysets_07MA003,4,1,Koppen_Class_All,452,12728,-42.46586047183939,-3.023255453025371,0.765367806206687,NSE
unified_1981_2015,hysets_07SB013,5,0,Koppen_Class_All,449,11791,-25.961349518366426,-10.835199875436691,0.37639160893050655,NSE
unified_1981_2015,hysets_08013000,3,1,Koppen_Class_All,288,12768,0.06566563336082898,-0.0219626730712148,0.03915438019069273,NSE
unified_1981_2015,hysets_08013500,4,1,Koppen_Class_All,290,12417,0.04076646316798904,-0.043846660468120024,0.04511403583894602,NSE
unified_1981_2015,hysets_08014500,1,1,Koppen_Class_All,287,12783,0.009581855581729415,-0.014316156081755071,0.03529863531709444,NSE
unified_1981_2015,hysets_08025500,4,1,Koppen_Class_All,290,12052,0.02666346463615643,-0.24701392376651765,0.032186153648564864,NSE
unified_1981_2015,hysets_08029500,5,1,Koppen_Class_All,302,12783,-0.08949466455706578,-0.2617826376940955,0.016908189014386094,NSE
unified_1981_2015,hysets_08065800,1,1,Koppen_Class_All,287,12783,-0.3216827810797953,-1.2733137379137514,0.03778745032025497,NSE
unified_1981_2015,hysets_08066200,2,1,Koppen_Class_All,293,12783,-0.07599911654620084,-0.7812314591051845,0.020553226673527453,NSE
unified_1981_2015,hysets_08068720,1,1,Koppen_Class_All,287,12596,-1.2584057880408395,-2.278933510612758,0.12446086534354904,NSE
unified_1981_2015,hysets_08070000,4,1,Koppen_Class_All,290,12695,-0.23959640345963118,-0.9142925298637614,0.021993187194000837,NSE
unified_1981_2015,hysets_08082700,4,1,Koppen_Class_All,290,12783,-4.264662959077807,-23.048708735239984,0.031241266699504958,NSE
unified_1981_2015,hysets_08084800,3,1,Koppen_Class_All,288,12783,-22.602539233619602,-23.53930692799541,0.15081258952632143,NSE
unified_1981_2015,hysets_08086212,5,1,Koppen_Class_All,302,12783,-7.24784075717106,-24.102103413333776,0.05455935541132776,NSE
unified_1981_2015,hysets_08150800,3,1,Koppen_Class_All,288,12783,-10.520141178351464,-20.783950848875087,0.05152778340268556,NSE
unified_1981_2015,hysets_08164300,2,1,Koppen_Class_All,293,12783,-0.5759176640828121,-3.1541822085488445,0.03477208471445398,NSE
unified_1981_2015,hysets_08165300,1,1,Koppen_Class_All,287,12783,-2.554372290536793,-7.320435573688055,0.029279008939258513,NSE
unified_1981_2015,hysets_08165500,3,1,Koppen_Class_All,288,12761,-2.7679883295456906,-6.173823385505878,0.03189574501224831,NSE
unified_1981_2015,hysets_08171000,5,1,Koppen_Class_All,302,12783,-0.5631954703911852,-2.2744283135286447,0.015999239468733148,NSE
unified_1981_2015,hysets_08175000,5,1,Koppen_Class_All,302,12783,-1.4992788479149257,-6.814348345552367,0.024491432905816228,NSE
unified_1981_2015,hysets_08176900,1,0,Koppen_Class_All,287,12568,-1.9681910548955859,-7.378849638874275,0.0384018960006865,NSE
unified_1981_2015,hysets_08178880,4,1,Koppen_Class_All,290,12145,-0.278801592030262,-2.6012095834076217,0.01233979853979699,NSE
unified_1981_2015,hysets_08189500,2,0,Koppen_Class_All,293,12783,-3.5066039084828464,-8.296922681874245,0.053138429925037894,NSE
unified_1981_2015,hysets_08194200,5,1,Koppen_Class_All,13,12783,-0.02408363647148004,-0.01526021841519265,0.02285232379686238,NSE
unified_1981_2015,hysets_08195000,2,1,Koppen_Class_All,293,12783,-2.234317083409814,-3.648070310412896,0.038530111493561905,NSE
unified_1981_2015,hysets_08198000,5,1,Koppen_Class_All,302,12782,-1.8639160782006114,-3.8997588956177456,0.03078884230948478,NSE
unified_1981_2015,hysets_08198500,1,1,Koppen_Class_All,287,12783,-1.8815724823974826,-11.039035621887733,0.02904266921916971,NSE
unified_1981_2015,hysets_08201500,1,0,Koppen_Class_All,287,12782,-1.0654516914794274,-3.1466963621259003,0.02548115793545372,NSE
unified_1981_2015,hysets_08202700,3,0,Koppen_Class_All,288,12783,-2.7566250854706356,-36.02972209251818,0.02756306253102283,NSE
unified_1981_2015,hysets_08247500,2,1,Koppen_Class_All,452,12783,-13.012987365479175,-8.003786208236825,0.3292731172582967,NSE
unified_1981_2015,hysets_08269000,3,1,Koppen_Class_All,456,12783,-6.7587063561840335,-3.1557275780740808,0.22212266863166807,NSE
unified_1981_2015,hysets_08279000,2,1,Koppen_Class_All,452,12560,-19.913054374569054,-5.728802748902888,0.265169017324662,NSE
unified_1981_2015,hysets_08284100,1,1,Koppen_Class_All,463,12783,-0.5792993411134904,-0.9493603652432914,0.11250609001615296,NSE
unified_1981_2015,hysets_08289000,3,1,Koppen_Class_All,456,12783,-41.82179893784157,-11.879943000947726,0.6232695171607885,NSE
unified_1981_2015,hysets_08291000,2,1,Koppen_Class_All,452,12783,-13.498619842033879,-3.4737526142244572,0.2698750763584186,NSE
unified_1981_2015,hysets_08324000,4,1,Koppen_Class_All,452,12783,-76.40441259373497,-12.056127566739526,0.6851933495316073,NSE
unified_1981_2015,hysets_08334000,4,1,Koppen_Class_All,452,12783,-341.6857833401996,-61.38884282641222,0.8209351472115438,NSE
unified_1981_2015,hysets_08378500,5,1,Koppen_Class_All,449,12783,-3.959271579071183,-1.766103946875302,0.16596957384566538,NSE
unified_1981_2015,hysets_08401200,4,1,Koppen_Class_All,18,12032,-0.9326924521480897,-4.775836912733774,0.017083510181332584,NSE
unified_1981_2015,hysets_08401900,5,1,Koppen_Class_All,13,12783,-0.3310320948175143,-2.234361456191909,0.017972778729579645,NSE
unified_1981_2015,hysets_08405150,5,1,Koppen_Class_All,13,12783,-0.605117837613153,-4.811795976000826,0.018767623835362176,NSE
unified_1981_2015,hysets_08405500,3,1,Koppen_Class_All,16,12783,-8.71623127359941,-1.3499498377220176,0.051359955713551696,NSE
unified_1981_2015,hysets_08AA008,1,1,Koppen_Class_All,35,12589,-13.912720000584011,-3.0224916896443927,0.43929053475248087,NSE
unified_1981_2015,hysets_08AA009,4,1,Koppen_Class_All,452,12695,-15.154643359259712,-5.122193314600081,0.28333977994556603,NSE
unified_1981_2015,hysets_08AC001,2,1,Koppen_Class_All,41,11614,0.10203163331379927,0.2459224584612132,0.07618647665885751,NSE
unified_1981_2015,hysets_08EB004,5,1,Koppen_Class_All,449,12783,0.2877530646932108,0.26872141181640896,0.05171305701411902,NSE
unified_1981_2015,hysets_08ED001,4,1,Koppen_Class_All,452,12699,-0.021153009754895313,-0.022669666054342397,0.12589125154869973,NSE
unified_1981_2015,hysets_08ED002,2,0,Koppen_Class_All,452,12783,-0.1675589709297194,-0.07270267294341659,0.18228691289027174,NSE
unified_1981_2015,hysets_08EE008,2,1,Koppen_Class_All,452,12783,0.12021641415644335,0.15591898887157818,0.07222800787796362,NSE
unified_1981_2015,hysets_08EE013,4,1,Koppen_Class_All,452,12715,-0.5733990475094357,-1.0071613764112417,0.11285263718588896,NSE
unified_1981_2015,hysets_08EE020,3,1,Koppen_Class_All,45,12783,0.2626852106928427,0.19523294682145753,0.05922992311023879,NSE
unified_1981_2015,hysets_08EG012,5,1,Koppen_Class_All,449,12783,-0.6940931793317893,-0.4442868790836534,0.10091155168452502,NSE
unified_1981_2015,hysets_08FE003,2,1,Koppen_Class_All,452,12783,-0.41042948529642365,-0.34012185517613247,0.0739344501744739,NSE
unified_1981_2015,hysets_08FF001,3,1,Koppen_Class_All,456,12783,-0.3990451369642751,-0.24054037411714346,0.051270268498652266,NSE
unified_1981_2015,hysets_08FF002,3,1,Koppen_Class_All,456,12783,-0.26957842657194653,-0.24037830589351583,0.050828010690630476,NSE
unified_1981_2015,hysets_08FF003,4,1,Koppen_Class_All,452,12783,-0.4424332072129724,-0.3300803705823079,0.0559150257275831,NSE
unified_1981_2015,hysets_08GA071,2,1,Koppen_Class_All,452,12709,-0.5541488420320906,-0.31105708240610963,0.1104372726527333,NSE
unified_1981_2015,hysets_08GA072,5,0,Koppen_Class_All,449,12356,-0.4643528457932007,-0.2729101837024941,0.08299573065233395,NSE
unified_1981_2015,hysets_08HA001,5,1,Koppen_Class_All,302,12783,0.055430845216230096,-0.09210643050278455,0.05628223032303635,NSE
unified_1981_2015,hysets_08HA010,1,1,Koppen_Class_All,287,11578,-0.08913130314238349,-0.22675318976992465,0.09214996764514898,NSE
unified_1981_2015,hysets_08HB014,2,1,Koppen_Class_All,293,12743,-0.15857964705100414,-0.34657215520401174,0.08721357893247746,NSE
unified_1981_2015,hysets_08HB074,5,1,Koppen_Class_All,449,12308,-0.3516720823489672,-0.30995486686701335,0.06186968216594252,NSE
unified_1981_2015,hysets_08HD011,2,1,Koppen_Class_All,452,12783,-0.04138154662113225,-0.11423548570270281,0.06365832445845004,NSE
unified_1981_2015,hysets_08HD015,4,1,Koppen_Class_All,452,12459,-0.07284564042726815,-0.19165439621497127,0.06341449248215086,NSE
unified_1981_2015,hysets_08HF004,3,1,Koppen_Class_All,456,12639,-0.15726500488554285,-0.3183980653596994,0.058992644636987834,NSE
unified_1981_2015,hysets_08JD006,4,1,Koppen_Class_All,452,11977,0.27581523893144244,0.20863090664683104,0.07734779028920054,NSE
unified_1981_2015,hysets_08KA007,5,1,Koppen_Class_All,45,12783,0.5980725275354273,0.46594268142268647,0.09106709315344266,NSE
unified_1981_2015,hysets_08KH010,1,1,Koppen_Class_All,463,12686,0.3599927895289148,0.2794408685365626,0.10929735463488402,NSE
unified_1981_2015,hysets_08KH019,5,1,Koppen_Class_All,449,12518,-2.7578477682492486,-1.564252183734665,0.1563966876296003,NSE
unified_1981_2015,hysets_08LB038,2,1,Koppen_Class_All,452,11688,0.1212968966521949,0.0382833296037739,0.13382132222515522,NSE
unified_1981_2015,hysets_08LB069,3,1,Koppen_Class_All,456,12783,0.40329960917519236,0.30915515158035944,0.0921380438265366,NSE
unified_1981_2015,hysets_08LB076,3,1,Koppen_Class_All,456,12644,0.34079382077454967,0.24807254126576062,0.08826297439689508,NSE
unified_1981_2015,hysets_08LE024,5,0,Koppen_Class_All,449,12783,0.10323713734042217,0.06345528079867602,0.1343409951183793,NSE
unified_1981_2015,hysets_08LE027,3,0,Koppen_Class_All,456,12783,0.04707897689784868,0.014662928577560908,0.11429641368082817,NSE
unified_1981_2015,hysets_08LG048,5,0,Koppen_Class_All,449,12783,0.3852758702369695,0.2873948163812028,0.07560689747902509,NSE
unified_1981_2015,hysets_08MA003,4,1,Koppen_Class_All,46,12096,0.6753705298177992,0.5949087410606725,0.1024916762798388,NSE
unified_1981_2015,hysets_08ME023,1,0,Koppen_Class_All,35,12694,-0.19093744924053824,-0.1839154734418338,0.0979423504898807,NSE
unified_1981_2015,hysets_08ME025,4,1,Koppen_Class_All,452,12053,-5.256058647598136,-1.165744244608137,0.25185841012454735,NSE
unified_1981_2015,hysets_08MH016,5,1,Koppen_Class_All,449,12783,-0.4390733722718454,-0.056198832342347904,0.11078485722489989,NSE
unified_1981_2015,hysets_08MH056,3,1,Koppen_Class_All,456,12620,-0.31554260914554066,-0.10105643041354062,0.05058017112149302,NSE
unified_1981_2015,hysets_08MH103,2,1,Koppen_Class_All,452,12783,-0.29136777593826024,0.012884740250854176,0.07408778796121218,NSE
unified_1981_2015,hysets_08MH147,4,1,Koppen_Class_All,452,11698,-0.5354909119285651,-0.3177622660911117,0.07910326757841346,NSE
unified_1981_2015,hysets_08NA006,5,1,Koppen_Class_All,449,12765,0.14762960188057195,0.14182341033872703,0.12751202559483388,NSE
unified_1981_2015,hysets_08NB012,3,1,Koppen_Class_All,456,12179,0.11427361220188792,0.07564845712701385,0.13060672228501544,NSE
unified_1981_2015,hysets_08NB014,5,1,Koppen_Class_All,449,12783,-0.08238283475251174,-0.1745591226090919,0.1311292343171873,NSE
unified_1981_2015,hysets_08ND012,4,1,Koppen_Class_All,452,12783,0.01208957179475767,-0.01793583300395918,0.13309937166787505,NSE
unified_1981_2015,hysets_08ND013,4,1,Koppen_Class_All,452,12783,-0.04492220877518949,-0.059158725424206526,0.13552306514278334,NSE
unified_1981_2015,hysets_08NE039,3,1,Koppen_Class_All,456,12783,0.3893829203136576,0.23154595268849787,0.09729531784503315,NSE
unified_1981_2015,hysets_08NE074,4,1,Koppen_Class_All,452,12783,0.38761533561678085,0.27104474425944036,0.09167481125789317,NSE
unified_1981_2015,hysets_08NF001,5,1,Koppen_Class_All,449,12783,-0.11265939218947119,-0.11966785905853405,0.15198346412862843,NSE
unified_1981_2015,hysets_08NG076,3,1,Koppen_Class_All,456,12783,-0.39897075507619095,-0.3986296849853861,0.09660462470418149,NSE
unified_1981_2015,hysets_08NG077,2,1,Koppen_Class_All,452,12783,0.19165266192916208,0.08671137380989025,0.08810806812785489,NSE
unified_1981_2015,hysets_08NH005,1,1,Koppen_Class_All,463,12783,0.26584865746001873,0.18066366774869147,0.09329448734748677,NSE
unified_1981_2015,hysets_08NH006,4,1,Koppen_Class_All,452,12783,0.19279591993170242,-0.04273983264248171,0.10571807969902591,NSE
unified_1981_2015,hysets_08NH120,1,1,Koppen_Class_All,463,12783,0.3608672287709658,0.24212579425593583,0.06767758192211142,NSE
unified_1981_2015,hysets_08NH130,3,1,Koppen_Class_All,456,12783,0.1638066788214435,0.07775839540806317,0.08802287982526798,NSE
unified_1981_2015,hysets_08NJ160,5,1,Koppen_Class_All,449,12783,0.3077937079874723,0.2166183639698489,0.11316580816831288,NSE
unified_1981_2015,hysets_08NK016,4,1,Koppen_Class_All,452,12783,0.0006883833156090535,0.10285802499945695,0.05119343686601816,NSE
unified_1981_2015,hysets_08NK018,2,1,Koppen_Class_All,452,12783,0.03207544954386343,0.06354939241554403,0.05429157720504057,NSE
unified_1981_2015,hysets_08NK022,4,1,Koppen_Class_All,452,12783,0.18943194990442724,0.199186392342532,0.06514830092729632,NSE
unified_1981_2015,hysets_08NL004,1,1,Koppen_Class_All,463,12783,-1.3623904743414,-1.2971401188952392,0.14307825000204175,NSE
unified_1981_2015,hysets_08NL024,5,1,Koppen_Class_All,449,12783,0.17751929254235033,-0.051747896765317325,0.07373925736330703,NSE
unified_1981_2015,hysets_08NL050,5,1,Koppen_Class_All,449,12783,-1.2245890496494152,-1.5548722824297987,0.10572673869870389,NSE
unified_1981_2015,hysets_08NL071,4,1,Koppen_Class_All,452,12783,0.30887279489793207,0.20630127581713031,0.064566524354791,NSE
unified_1981_2015,hysets_08NN019,3,1,Koppen_Class_All,456,12783,-0.056706585162910716,-0.41512069976052324,0.11884043730676072,NSE
unified_1981_2015,hysets_08OA002,2,1,Koppen_Class_All,293,12398,-0.25972858882895,-0.27841230581215126,0.10519602527772803,NSE
unified_1981_2015,hysets_09059500,4,1,Koppen_Class_All,452,12783,-0.0972635783290201,-0.31584603211997675,0.11095162889960582,NSE
unified_1981_2015,hysets_09165000,3,1,Koppen_Class_All,456,12053,0.15779949524777404,0.048240369135154504,0.11028951762034708,NSE
unified_1981_2015,hysets_09196500,1,1,Koppen_Class_All,463,11731,0.17996736463435958,0.09189683909076496,0.11668214000405304,NSE
unified_1981_2015,hysets_09223000,3,1,Koppen_Class_All,456,12783,-0.6204833686241635,-1.065408108573418,0.11146852709620113,NSE
unified_1981_2015,hysets_09253000,5,1,Koppen_Class_All,449,12231,0.07861757955956661,-0.33227424638482894,0.10589661311657937,NSE
unified_1981_2015,hysets_09255000,2,1,Koppen_Class_All,452,12783,-1.5429559175311924,-1.7103812115938553,0.15978585658358782,NSE
unified_1981_2015,hysets_09266500,2,1,Koppen_Class_All,452,12783,-0.29234940747664173,-0.44527670965513755,0.07159593051483924,NSE
unified_1981_2015,hysets_09289500,1,1,Koppen_Class_All,463,12783,0.17812232601098987,0.10152139033270402,0.07162214198401409,NSE
unified_1981_2015,hysets_09292500,5,1,Koppen_Class_All,449,12783,-0.45306846409978774,-0.16306885477307476,0.11055853593295067,NSE
unified_1981_2015,hysets_09299500,1,1,Koppen_Class_All,463,12783,-0.31621784909213946,-0.23902660638640638,0.08356559919346537,NSE
unified_1981_2015,hysets_09304200,2,1,Koppen_Class_All,452,12783,-1.2421556111777101,-0.4382205399570911,0.17965828662879257,NSE
unified_1981_2015,hysets_09304500,1,1,Koppen_Class_All,463,12783,-1.9673743438498401,-0.6200004351115536,0.18450864592854885,NSE
unified_1981_2015,hysets_09306222,4,1,Koppen_Class_All,452,12783,-845.007282670186,-38.365736852583055,2.739973366416388,NSE
unified_1981_2015,hysets_09310500,3,1,Koppen_Class_All,456,12783,-0.19630451284111516,-0.7930483996580342,0.08953616197449896,NSE
unified_1981_2015,hysets_09312600,4,1,Koppen_Class_All,452,12783,-5.342074167125905,-4.613150806875144,0.16197197841976765,NSE
unified_1981_2015,hysets_09337000,3,1,Koppen_Class_All,456,12782,-393.7974825177277,-24.53069368678605,0.9564231500924605,NSE
unified_1981_2015,hysets_09342500,5,1,Koppen_Class_All,449,12783,0.255250751215254,0.19986610565361662,0.10687804027494532,NSE
unified_1981_2015,hysets_09352900,3,1,Koppen_Class_All,456,12783,0.27229556359783813,0.23645081874976848,0.08922773128729607,NSE
unified_1981_2015,hysets_09386900,1,1,Koppen_Class_All,463,12783,-39.36437253138157,-30.97719800555563,0.15805861572350208,NSE
unified_1981_2015,hysets_09403600,3,1,Koppen_Class_All,456,12783,-888.5933511889465,-37.839331768672814,0.6929180536494445,NSE
unified_1981_2015,hysets_09404450,5,1,Koppen_Class_All,449,12783,-73.13604450556285,-8.253838839533662,0.2460680387305211,NSE
unified_1981_2015,hysets_09405500,4,1,Koppen_Class_All,452,12783,-17.717414769918502,-5.141139748496721,0.18679669153005451,NSE
unified_1981_2015,hysets_09430600,5,0,Koppen_Class_All,449,12783,-1.0150170402087952,-2.8033568083735805,0.02726103045097148,NSE
unified_1981_2015,hysets_09442680,3,1,Koppen_Class_All,456,12783,-85.22027118695853,-31.75629201109639,0.163539867257769,NSE
unified_1981_2015,hysets_09447000,5,1,Koppen_Class_All,302,12783,-7.620127431380169,-14.592540025892898,0.05094077177808106,NSE
unified_1981_2015,hysets_09447800,5,1,Koppen_Class_All,13,12571,-0.26388039947666164,-0.29342783600512323,0.012247085246361675,NSE
unified_1981_2015,hysets_09473000,3,1,Koppen_Class_All,16,12052,-0.06398536216127582,0.11527059911389848,0.017168241955109374,NSE
unified_1981_2015,hysets_09494000,5,1,Koppen_Class_All,449,12783,-20.49704622157224,-5.547713489380972,0.17997762385747604,NSE
unified_1981_2015,hysets_09496500,2,1,Koppen_Class_All,293,12783,-35.488051264079,-22.98084840367272,0.13933413633826963,NSE
unified_1981_2015,hysets_09497800,2,1,Koppen_Class_All,293,12418,-29.29388499275198,-13.050013107910372,0.13464793391309404,NSE
unified_1981_2015,hysets_09497980,4,1,Koppen_Class_All,290,12783,-10.658333855381528,-11.664783760327872,0.08357556308523384,NSE
unified_1981_2015,hysets_09499000,2,0,Koppen_Class_All,293,12783,-2.917674195366473,-7.233926935632745,0.044311970883613175,NSE
unified_1981_2015,hysets_09504420,2,1,Koppen_Class_All,293,12510,-2.7724300066486034,-4.037874315833285,0.05713990085635821,NSE
unified_1981_2015,hysets_09505800,1,1,Koppen_Class_All,287,12783,-5.131022582157676,-7.223681523642121,0.04281122178948227,NSE
unified_1981_2015,hysets_09510200,1,1,Koppen_Class_All,287,12783,-5.2339552813246675,-12.405496019968636,0.06129493099254592,NSE
unified_1981_2015,hysets_09512280,5,1,Koppen_Class_All,13,12783,0.4733377819456147,0.34982030551797016,0.012227660827644888,NSE
unified_1981_2015,hysets_09513780,3,1,Koppen_Class_All,16,12783,0.25302415009220325,-0.05357886550125435,0.015431578965197198,NSE
unified_1981_2015,hysets_09AA012,5,1,Koppen_Class_All,45,12657,-0.8311624257396799,-0.3440184508034858,0.147331429829049,NSE
unified_1981_2015,hysets_09AA013,2,1,Koppen_Class_All,41,11625,0.6578983308426403,0.7278358246173157,0.09997831705326794,NSE
unified_1981_2015,hysets_09AH003,1,1,Koppen_Class_All,463,12337,-5.676556881379685,-3.16785297124454,0.15591197787234468,NSE
unified_1981_2015,hysets_09CA004,1,1,Koppen_Class_All,35,12567,0.20427695995002315,0.24917200439627973,0.04107176188712332,NSE
unified_1981_2015,hysets_09EA004,2,1,Koppen_Class_All,452,12630,-0.5971379398547993,-0.14059438561401194,0.1140246254831314,NSE
unified_1981_2015,hysets_10011500,2,1,Koppen_Class_All,452,12783,0.12996786712012465,-0.01181328176741725,0.10165052449374193,NSE
unified_1981_2015,hysets_10032000,3,1,Koppen_Class_All,456,12783,-0.16404729613860036,-0.027546267705666816,0.12208411156987817,NSE
unified_1981_2015,hysets_10113500,4,1,Koppen_Class_All,452,11506,-18.544651713906493,-2.9671064839172914,0.3250910413437704,NSE
unified_1981_2015,hysets_10173450,2,1,Koppen_Class_All,452,12782,-3.211172117797566,-2.449295871012839,0.1820585516346509,NSE
unified_1981_2015,hysets_10174500,1,1,Koppen_Class_All,463,12783,-19.530025660693877,-4.427622829699752,0.38939293088343613,NSE
unified_1981_2015,hysets_10194200,5,1,Koppen_Class_All,449,12467,-29.094301945980497,-6.7189294713285665,0.511303314366872,NSE
unified_1981_2015,hysets_10234500,2,1,Koppen_Class_All,452,12783,-3.7626176209221702,-1.7083807978059515,0.1815763967220174,NSE
unified_1981_2015,hysets_10258500,4,1,Koppen_Class_All,18,12783,-0.11606539490768886,0.2968974606845727,0.022629817221695374,NSE
unified_1981_2015,hysets_10296000,3,1,Koppen_Class_All,456,12783,0.2912788654919155,0.20077163052254232,0.04230127027598389,NSE
unified_1981_2015,hysets_10296500,5,1,Koppen_Class_All,449,12783,0.09652255213743155,-0.00447990480403293,0.04557636903254309,NSE
unified_1981_2015,hysets_10329500,4,1,Koppen_Class_All,452,12783,-21.291120796737125,-7.987381413003858,0.19224282637781842,NSE
unified_1981_2015,hysets_10396000,4,1,Koppen_Class_All,452,12783,-2.6188401590029833,-1.221806365019852,0.12266130762477351,NSE
unified_1981_2015,hysets_10AC005,3,1,Koppen_Class_All,45,12783,0.41432533993761655,0.46300436697725667,0.08579899494273155,NSE
unified_1981_2015,hysets_10BE007,3,1,Koppen_Class_All,456,12783,-0.9658953898018681,-0.029629651926546874,0.15919733869733668,NSE
unified_1981_2015,hysets_10BE009,3,1,Koppen_Class_All,456,12715,-35.275830886976664,-3.00517188787272,0.5551480203261555,NSE
unified_1981_2015,hysets_10ED003,5,1,Koppen_Class_All,449,12782,-1.9447442619467972,-2.2699226733824367,0.04014194102607344,NSE
unified_1981_2015,hysets_10GC003,3,1,Koppen_Class_All,456,12783,-2.7999284083374683,-2.91942736864322,0.04896833762368197,NSE
unified_1981_2015,hysets_10LC003,3,1,Koppen_Class_All,456,12112,-9.517576087754186,-7.357735130292841,0.15556343964440378,NSE
unified_1981_2015,hysets_10LC007,2,1,Koppen_Class_All,452,12242,-9.124291740139363,-4.618470246179507,0.14796263803606663,NSE
unified_1981_2015,hysets_11012500,4,1,Koppen_Class_All,18,12783,-1.0859487331601736,0.13946628738371158,0.03827080429711146,NSE
unified_1981_2015,hysets_11015000,2,1,Koppen_Class_All,293,12783,-2.7313121407680816,-7.8481257257729915,0.04437681730562054,NSE
unified_1981_2015,hysets_11042400,1,1,Koppen_Class_All,287,12419,-30.72684764828881,-31.428661246658223,0.08586829870088872,NSE
unified_1981_2015,hysets_11123000,2,1,Koppen_Class_All,293,12783,-0.6239683205667941,-4.004700679301666,0.04234149008146021,NSE
unified_1981_2015,hysets_11123500,4,1,Koppen_Class_All,290,12783,-0.5048054538795923,-3.693634482088756,0.04034619132662748,NSE
unified_1981_2015,hysets_11124500,1,1,Koppen_Class_All,287,12783,-2.2138038287233406,-4.766442832900082,0.059099014812080616,NSE
unified_1981_2015,hysets_11132500,4,1,Koppen_Class_All,290,12783,-0.8403555587549612,-5.517005983322949,0.023521135375508016,NSE
unified_1981_2015,hysets_11140000,1,1,Koppen_Class_All,287,12783,-6.4965207460609715,-12.729447698708848,0.07822442580745656,NSE
unified_1981_2015,hysets_11143000,5,1,Koppen_Class_All,302,12783,0.187603383540629,0.10553885623815407,0.04714357776190035,NSE
unified_1981_2015,hysets_11143200,3,1,Koppen_Class_All,288,12783,-0.8938668716476492,-2.0521452886442044,0.04529111582959431,NSE
unified_1981_2015,hysets_11143250,5,1,Koppen_Class_All,302,12783,-1.672311565836007,-3.1183550732955165,0.058377198517474166,NSE
unified_1981_2015,hysets_11148900,3,1,Koppen_Class_All,288,12783,0.07467739513476679,-0.40765241090190885,0.027465501201468553,NSE
unified_1981_2015,hysets_11149900,1,1,Koppen_Class_All,287,12783,-0.6769744470902879,-2.5612245286989066,0.03688275400970699,NSE
unified_1981_2015,hysets_11151300,2,1,Koppen_Class_All,293,12682,-30.649568325830803,-30.883380864105607,0.0903100445692091,NSE
unified_1981_2015,hysets_11152000,3,1,Koppen_Class_All,288,12783,-0.2304897409423361,-1.0628630251243827,0.035670126601568236,NSE
unified_1981_2015,hysets_11202000,5,1,Koppen_Class_All,449,12783,-0.6820996743466088,-1.2794615633804716,0.03685612347984046,NSE
unified_1981_2015,hysets_11202001,3,1,Koppen_Class_All,456,12783,0.014864127473957711,0.05817246611628113,0.03291496894755046,NSE
unified_1981_2015,hysets_11224500,5,1,Koppen_Class_All,302,12783,-21.904852880637,-29.46388422239481,0.07497635434260551,NSE
unified_1981_2015,hysets_11230500,4,1,Koppen_Class_All,452,12783,0.2496672952176101,0.18927264219086515,0.04998863697964301,NSE
unified_1981_2015,hysets_11253310,4,1,Koppen_Class_All,290,12783,-29.12409297236698,-28.72282348720132,0.09564058368814798,NSE
unified_1981_2015,hysets_11264500,2,1,Koppen_Class_All,452,12783,0.30225372385677396,0.22097676685696854,0.05585107087112391,NSE
unified_1981_2015,hysets_11266500,5,1,Koppen_Class_All,449,12783,0.2941280722508788,0.21081329808482652,0.042760809647358816,NSE
unified_1981_2015,hysets_11314500,4,1,Koppen_Class_All,452,12783,0.11723239544550124,-0.06638972086365458,0.04299236880861318,NSE
unified_1981_2015,hysets_11317000,3,1,Koppen_Class_All,288,12783,-0.030039766067911478,-0.20855108838007674,0.03893719050653269,NSE
unified_1981_2015,hysets_11318500,4,1,Koppen_Class_All,290,12783,0.05451201662185834,-0.1733348304253719,0.03138387382078584,NSE
unified_1981_2015,hysets_11367500,4,1,Koppen_Class_All,452,12783,-0.5909674843965651,0.29194878081920383,0.03861339418989631,NSE
unified_1981_2015,hysets_11374000,4,1,Koppen_Class_All,290,12783,0.2448895527526317,0.15165646651067533,0.05829597359183024,NSE
unified_1981_2015,hysets_11376550,4,1,Koppen_Class_All,290,12673,-0.23553989144578935,0.30411694379987886,0.07091673288631896,NSE
unified_1981_2015,hysets_11379500,1,1,Koppen_Class_All,287,12783,0.15350867797349932,-0.13802681502750214,0.04373421582463036,NSE
unified_1981_2015,hysets_11381500,3,1,Koppen_Class_All,288,12783,0.25801360628763126,0.22908970012416452,0.024307412866526802,NSE
unified_1981_2015,hysets_11383500,1,1,Koppen_Class_All,287,12783,0.27835815958925525,0.2524048873414956,0.02434834324942628,NSE
unified_1981_2015,hysets_11402000,1,1,Koppen_Class_All,463,12783,-0.055436705461120006,-0.21035206706627196,0.032701355895514365,NSE
unified_1981_2015,hysets_11413000,3,1,Koppen_Class_All,456,12783,0.09699675947465736,-0.014424860309299792,0.03561270363286227,NSE
unified_1981_2015,hysets_11413300,4,1,Koppen_Class_All,452,12783,0.01935478282524894,-0.22314626605240706,0.02910442213757096,NSE
unified_1981_2015,hysets_11428800,5,1,Koppen_Class_All,449,12783,-0.5650824087245254,-3.0869650120626018,0.018799022310770377,NSE
unified_1981_2015,hysets_11433300,5,1,Koppen_Class_All,302,12783,0.1822348860591535,0.15880385956681264,0.02447873540048629,NSE
unified_1981_2015,hysets_11451100,4,0,Koppen_Class_All,290,12783,0.18708424979893212,0.08750046525324795,0.03447555026485946,NSE
unified_1981_2015,hysets_11461000,1,0,Koppen_Class_All,287,12783,0.2381144141621866,0.13429940978652732,0.043499834214418824,NSE
unified_1981_2015,hysets_11468500,5,0,Koppen_Class_All,302,12783,0.2596005516594121,0.1680003658189656,0.03297642440572988,NSE
unified_1981_2015,hysets_11470500,1,1,Koppen_Class_All,287,12783,0.24407063097454773,0.16625507880876111,0.0339159517718815,NSE
unified_1981_2015,hysets_11473900,3,1,Koppen_Class_All,288,12783,0.31188266848133095,0.22308462030262854,0.03215712002999789,NSE
unified_1981_2015,hysets_11478500,4,1,Koppen_Class_All,290,12783,0.13103685575858304,-0.022447998623002174,0.05626919598108736,NSE
unified_1981_2015,hysets_11480390,3,1,Koppen_Class_All,288,12783,0.2502910029452776,0.14494980537231916,0.0456051885301021,NSE
unified_1981_2015,hysets_11480410,1,1,Koppen_Class_All,287,12783,0.23773926228606268,0.13342379034807017,0.04281648623422343,NSE
unified_1981_2015,hysets_11481200,4,1,Koppen_Class_All,290,12783,0.15855976136453043,0.021147716357964086,0.040215979937307446,NSE
unified_1981_2015,hysets_11482500,4,1,Koppen_Class_All,290,12783,0.17667388636619308,0.04187884467380709,0.05038076971182585,NSE
unified_1981_2015,hysets_11521500,5,1,Koppen_Class_All,302,12600,0.2289239687298108,0.11071894499237966,0.030528904125853216,NSE
unified_1981_2015,hysets_11522500,3,1,Koppen_Class_All,456,12783,0.09543712242529045,0.030937451451763964,0.035431021285958965,NSE
unified_1981_2015,hysets_11523200,5,1,Koppen_Class_All,449,12783,0.13067489962808876,0.027298703361237298,0.038223678901976144,NSE
unified_1981_2015,hysets_11528700,2,1,Koppen_Class_All,293,12783,0.3762689445338332,0.2767334147292865,0.03651324618963445,NSE
unified_1981_2015,hysets_11532500,3,1,Koppen_Class_All,288,12783,0.023708266589297033,-0.12370555925615512,0.06685715450253138,NSE
unified_1981_2015,hysets_12025700,2,1,Koppen_Class_All,293,12783,0.0176501204171432,-0.07184784373261599,0.0448183429640205,NSE
unified_1981_2015,hysets_12035000,3,1,Koppen_Class_All,288,12783,-0.10960330939985452,-0.1643892759567458,0.05859929618662507,NSE
unified_1981_2015,hysets_12039500,2,1,Koppen_Class_All,452,12783,-0.5668241914453371,-0.41239729912750556,0.0902600938185879,NSE
unified_1981_2015,hysets_12040500,5,1,Koppen_Class_All,302,12783,-0.2288149019442236,-0.27053703123856576,0.07679440313235873,NSE
unified_1981_2015,hysets_12041200,1,1,Koppen_Class_All,287,12783,-0.42082610172702384,-0.2701380318120741,0.08074840777713868,NSE
unified_1981_2015,hysets_12043000,3,1,Koppen_Class_All,288,11628,-0.1306195161300916,-0.23407223771425167,0.06325252491759771,NSE
unified_1981_2015,hysets_12048000,5,1,Koppen_Class_All,449,12783,0.18911536178874933,0.22795285375376295,0.05818514185558494,NSE
unified_1981_2015,hysets_12054000,1,1,Koppen_Class_All,463,12783,-0.28021406553593087,-0.23806693681167146,0.07531347483927807,NSE
unified_1981_2015,hysets_12056500,5,1,Koppen_Class_All,449,12783,-0.37978736628666665,-0.3898580607732438,0.05722578070294088,NSE
unified_1981_2015,hysets_12082500,2,0,Koppen_Class_All,452,12783,-0.431550495884375,-0.15713383883377752,0.05084351950462356,NSE
unified_1981_2015,hysets_12092000,5,0,Koppen_Class_All,449,12783,-0.6119305649328355,-0.17721465362068733,0.04900530614398668,NSE
unified_1981_2015,hysets_12115000,1,1,Koppen_Class_All,463,12783,-0.19352886522798984,-0.20608828794119094,0.05041691032245238,NSE
unified_1981_2015,hysets_12134500,5,1,Koppen_Class_All,449,12783,-0.32362540276062046,-0.24482102454412802,0.05826382257951706,NSE
unified_1981_2015,hysets_12141300,5,1,Koppen_Class_All,449,12417,-0.3108366464382759,-0.29322951474795467,0.06512826758564526,NSE
unified_1981_2015,hysets_12142000,2,1,Koppen_Class_All,452,12418,-0.2984916743866186,-0.30775388961049766,0.054604720745987725,NSE
unified_1981_2015,hysets_12186000,1,1,Koppen_Class_All,463,12783,-0.35606602232169005,-0.1948681711322089,0.03285277785405045,NSE
unified_1981_2015,hysets_12189500,1,1,Koppen_Class_All,463,12783,-0.42161668556977805,-0.11514485017451936,0.06277091192762502,NSE
unified_1981_2015,hysets_12205000,4,1,Koppen_Class_All,452,12783,-0.6837288923638547,-0.20122925695295146,0.08118590940632592,NSE
unified_1981_2015,hysets_12324590,1,1,Koppen_Class_All,463,12632,-13.951832789764023,-3.9353194872212782,0.12562600711682884,NSE
unified_1981_2015,hysets_12330000,3,1,Koppen_Class_All,456,12663,-2.8492099417105035,-1.5472788567157831,0.11018811830875712,NSE
unified_1981_2015,hysets_12332000,4,1,Koppen_Class_All,452,12632,-0.4201923996034054,-0.37986842027126566,0.13145548519593073,NSE
unified_1981_2015,hysets_12370000,5,1,Koppen_Class_All,449,12783,0.4547341387890774,0.47715516828663807,0.09846013436584727,NSE
unified_1981_2015,hysets_12389500,1,1,Koppen_Class_All,463,12783,-4.15996655118408,-1.3608391944791025,0.2000072291290357,NSE
unified_1981_2015,hysets_12411000,1,1,Koppen_Class_All,463,12783,0.2539037345507881,0.19884147940592256,0.057314209048641256,NSE
unified_1981_2015,hysets_12414900,1,1,Koppen_Class_All,463,12783,-0.024089695573379588,0.05323791088703611,0.045663331618068834,NSE
unified_1981_2015,hysets_12452800,4,1,Koppen_Class_All,452,12783,0.40793710088566937,0.32648271689939456,0.08970212901252386,NSE
unified_1981_2015,hysets_12488500,1,1,Koppen_Class_All,463,12783,0.326527415956552,0.22502816354665423,0.0753270561894261,NSE
unified_1981_2015,hysets_13010065,5,1,Koppen_Class_All,449,11780,0.34896644694739853,0.27400095817934156,0.0943282687496786,NSE
unified_1981_2015,hysets_13011900,2,1,Koppen_Class_All,452,12445,0.2412339826383051,0.21515632144526176,0.11537728242102668,NSE
unified_1981_2015,hysets_13023000,1,1,Koppen_Class_All,463,12783,0.29853944308178226,0.32103192942479775,0.10369793430254197,NSE
unified_1981_2015,hysets_13186000,5,1,Koppen_Class_All,449,12783,0.13571349181425785,0.013803954337630264,0.11421141907619366,NSE
unified_1981_2015,hysets_13235000,2,1,Koppen_Class_All,452,12783,0.47060974889739016,0.4147661246764095,0.08943443043844282,NSE
unified_1981_2015,hysets_13297355,3,1,Koppen_Class_All,456,12783,-4.793614995584969,-2.6482686725935958,0.22945690854983752,NSE
unified_1981_2015,hysets_13331500,4,1,Koppen_Class_All,452,12783,0.46192280842881417,0.3633148633785924,0.08765596328838128,NSE
unified_1981_2015,hysets_13339500,3,1,Koppen_Class_All,456,12783,0.058027814820954315,0.1546735437616027,0.07194609258629966,NSE
unified_1981_2015,hysets_14013000,2,1,Koppen_Class_All,452,12783,-0.04028054290723082,0.09318296280442662,0.03609882774669654,NSE
unified_1981_2015,hysets_14020000,3,1,Koppen_Class_All,456,12783,0.15669096806830018,0.18552127527565998,0.05639379368951261,NSE
unified_1981_2015,hysets_14020300,2,1,Koppen_Class_All,452,12600,-0.15146845905261253,-0.08914457870577652,0.07478236767257236,NSE
unified_1981_2015,hysets_14038530,3,1,Koppen_Class_All,456,12198,-9.391506683566053,-2.176468681097977,0.2432864324374274,NSE
unified_1981_2015,hysets_14044000,5,1,Koppen_Class_All,449,12783,-4.1581338736932185,-1.833052248993936,0.18981844733088735,NSE
unified_1981_2015,hysets_14091500,2,0,Koppen_Class_All,452,12783,-10.181924829310287,0.16534392748970606,0.1718495572454949,NSE
unified_1981_2015,hysets_14096850,2,1,Koppen_Class_All,452,11780,-5.243878515631314,-1.8172928443448675,0.07634404150227386,NSE
unified_1981_2015,hysets_14097100,1,1,Koppen_Class_All,463,12783,-4.131475255330221,-0.7657880558145438,0.05639486245649162,NSE
unified_1981_2015,hysets_14154500,4,1,Koppen_Class_All,290,12783,0.25387629706937953,0.14546446348527897,0.04936089748636053,NSE
unified_1981_2015,hysets_14158500,1,1,Koppen_Class_All,463,12783,-0.8357098882761649,0.014105958601126067,0.14049140476166314,NSE
unified_1981_2015,hysets_14166500,5,1,Koppen_Class_All,302,12783,0.358822239192357,0.24444999525884892,0.05332463827293088,NSE
unified_1981_2015,hysets_14178000,3,1,Koppen_Class_All,456,12783,-0.34553874168019294,-0.10128379241637187,0.04974646745618408,NSE
unified_1981_2015,hysets_14182500,5,1,Koppen_Class_All,302,12783,-0.057577324989953826,-0.15112770435099,0.03348862736871076,NSE
unified_1981_2015,hysets_14185000,4,0,Koppen_Class_All,452,12783,-0.10950393518773116,-0.2697888662581407,0.0511532489383423,NSE
unified_1981_2015,hysets_14185900,2,1,Koppen_Class_All,293,12783,-0.05222316994431386,-0.14608749469101534,0.06000582731958026,NSE
unified_1981_2015,hysets_14236200,3,1,Koppen_Class_All,288,12783,-0.06648192119796481,-0.11712204318729591,0.05203087695073444,NSE
unified_1981_2015,hysets_14301000,3,1,Koppen_Class_All,288,12783,0.16263899039183238,0.03641541171719054,0.05772107007758158,NSE
unified_1981_2015,hysets_14306500,1,1,Koppen_Class_All,287,12783,0.17913788041726253,0.03707786206652275,0.06395430682488275,NSE
unified_1981_2015,hysets_14308000,5,1,Koppen_Class_All,302,12783,0.37248528094059385,0.28004382620487844,0.04331402256580269,NSE
unified_1981_2015,hysets_14309500,2,1,Koppen_Class_All,293,12783,0.289767421451551,0.15835708452446073,0.05551903690520193,NSE
unified_1981_2015,hysets_14316700,2,1,Koppen_Class_All,293,12783,0.25056504825387294,0.12007578275485165,0.06002814335385576,NSE
unified_1981_2015,hysets_14325000,4,0,Koppen_Class_All,290,12783,0.09084665631737665,-0.059129245940790165,0.06685467461270493,NSE
unified_1981_2015,hysets_14338000,2,1,Koppen_Class_All,293,12672,0.43380252042329426,0.30970395770232817,0.039055764030223226,NSE
unified_1981_2015,hysets_14377100,4,1,Koppen_Class_All,290,12783,0.213803514694617,0.08031844223594764,0.0566679834674319,NSE
unified_1981_2015,hysets_14400000,3,1,Koppen_Class_All,288,12783,-0.06854543924786616,-0.20541442428824497,0.068887571198291,NSE
unified_1981_2015,lamah_12425002,3,1,Koppen_Class_All,456,12783,-0.11555186419919594,-0.09556833596931757,0.0573139090222631,NSE
unified_1981_2015,lamah_16000708,2,1,Koppen_Class_All,452,11819,0.04241312292071575,0.2845979300329664,0.05297547922608222,NSE
unified_1981_2015,lamah_16001303,5,1,Koppen_Class_All,449,12616,-1.5256399652994976,-0.7516928472799356,0.04237319795673503,NSE
unified_1981_2015,lamah_16610709,4,1,Koppen_Class_All,452,12676,-0.005516532270941177,-0.0017265469816178936,0.02581685190696296,NSE
unified_1981_2015,lamah_17404000,1,1,Koppen_Class_All,463,12699,-0.19308159303681394,-0.013256547901486337,0.05000900229224331,NSE
unified_1981_2015,lamah_18481006,5,1,Koppen_Class_All,449,12782,-0.1555888020148306,-0.13020353576277865,0.04100011798148814,NSE
unified_1981_2015,lamah_18486000,4,1,Koppen_Class_All,452,12783,-0.2063171613427799,-0.1372796529308422,0.04725177058597482,NSE
unified_1981_2015,lamah_200253,4,1,Koppen_Class_All,452,12783,-0.18106150631143048,-0.139893400699034,0.06197439572529772,NSE
unified_1981_2015,lamah_200261,5,1,Koppen_Class_All,449,12783,-0.19448188324217108,-0.16697845950858392,0.060949608366766994,NSE
unified_1981_2015,lamah_200303,2,1,Koppen_Class_All,452,12783,-0.011343476825769194,-0.1523878145334463,0.04893528271347492,NSE
unified_1981_2015,lamah_201012,2,0,Koppen_Class_All,452,12783,-0.15416963836875786,-0.08129368002514692,0.07588673564930322,NSE
unified_1981_2015,lamah_201087,4,1,Koppen_Class_All,452,12783,-0.09220880430760503,-0.00029705181674488657,0.0525862960945867,NSE
unified_1981_2015,lamah_201095,2,1,Koppen_Class_All,452,12783,-0.0925400578657305,0.15485965351343112,0.052750556483591365,NSE
unified_1981_2015,lamah_201160,3,1,Koppen_Class_All,45,12783,0.5198725361104741,0.47062478449017553,0.03599552267769334,NSE
unified_1981_2015,lamah_201236,3,1,Koppen_Class_All,45,12783,0.6125136212023534,0.6434020327005987,0.027899301660308285,NSE
unified_1981_2015,lamah_201251,1,1,Koppen_Class_All,35,12783,0.3525691166026941,0.2530150422741295,0.037695939974104926,NSE
unified_1981_2015,lamah_201335,5,1,Koppen_Class_All,45,12783,0.7845118586038908,0.7657500522264773,0.03512619068914308,NSE
unified_1981_2015,lamah_201392,2,1,Koppen_Class_All,41,12783,0.3064935259098339,0.1635176056400902,0.09090093420741885,NSE
unified_1981_2015,lamah_201434,2,1,Koppen_Class_All,41,12783,0.4153113199829245,0.24869717098256583,0.07889642620180601,NSE
unified_1981_2015,lamah_201558,1,1,Koppen_Class_All,35,12783,0.54702878564163,0.5112342856480343,0.07917723971383461,NSE
unified_1981_2015,lamah_201566,3,1,Koppen_Class_All,456,12783,-0.08600151383732424,0.01733445682158985,0.08486006798194147,NSE
unified_1981_2015,lamah_201574,1,1,Koppen_Class_All,463,12783,0.041972825949421644,0.17655079891832703,0.09710291754229904,NSE
unified_1981_2015,lamah_201723,5,1,Koppen_Class_All,45,12783,0.5307306784269264,0.5434523112906386,0.039068153237932016,NSE
unified_1981_2015,lamah_201848,2,1,Koppen_Class_All,452,12054,-0.09485689421557209,0.11270370393300921,0.07122931367573433,NSE
unified_1981_2015,lamah_202036,1,1,Koppen_Class_All,35,12783,0.5937965866473833,0.5134592164178291,0.03639984264311627,NSE
unified_1981_2015,lamah_203026,3,1,Koppen_Class_All,45,12783,0.44549165481967934,0.3140343399656027,0.03575756168025032,NSE
unified_1981_2015,lamah_203075,5,1,Koppen_Class_All,449,12783,-0.12236146473017961,-0.09291953777926332,0.08892518398818702,NSE
unified_1981_2015,lamah_203166,2,1,Koppen_Class_All,452,12783,-0.25260864411017847,0.1353456544936139,0.11188700708215665,NSE
unified_1981_2015,lamah_203224,3,1,Koppen_Class_All,456,12783,0.10080076850228992,0.11413395557235251,0.08138961653904503,NSE
unified_1981_2015,lamah_203265,2,1,Koppen_Class_All,452,12783,-0.01780060552508478,0.05618158482804192,0.05749585087060192,NSE
unified_1981_2015,lamah_203307,4,1,Koppen_Class_All,452,12778,-0.10074671463966389,-0.0812713829426166,0.049755004914234076,NSE
unified_1981_2015,lamah_203463,2,1,Koppen_Class_All,452,12783,0.13214351145441516,0.15976483184921275,0.04015149250195099,NSE
unified_1981_2015,lamah_203505,1,1,Koppen_Class_All,463,12783,-0.32706063133869545,-0.03472078932045353,0.05336954778764724,NSE
unified_1981_2015,lamah_203711,5,1,Koppen_Class_All,449,12783,0.2248260943724717,0.24388308590256846,0.06151494225249393,NSE
unified_1981_2015,lamah_203752,1,1,Koppen_Class_All,463,12783,0.21052446140085435,0.30623671292584387,0.07433497862002861,NSE
unified_1981_2015,lamah_203760,2,1,Koppen_Class_All,452,12783,0.04153522314169189,0.18891082874226273,0.08967645092861659,NSE
unified_1981_2015,lamah_203786,1,1,Koppen_Class_All,463,12775,0.24216610865095145,0.2705367648199294,0.10438917778324305,NSE
unified_1981_2015,lamah_203794,3,1,Koppen_Class_All,456,12783,0.2133586964825991,0.364911235943322,0.07398553576997666,NSE
unified_1981_2015,lamah_203828,3,1,Koppen_Class_All,456,12783,0.3155413751165058,0.3588668324167088,0.07888398681084206,NSE
unified_1981_2015,lamah_204875,2,1,Koppen_Class_All,452,12419,-0.15953895643002025,-0.023168651843253674,0.04940237322273786,NSE
unified_1981_2015,lamah_204925,1,1,Koppen_Class_All,463,12783,-0.6175350246145526,-0.09480205743916259,0.04182425893249467,NSE
unified_1981_2015,lamah_205104,3,1,Koppen_Class_All,456,12783,-0.27127877055564054,-0.12266353078961867,0.08801698468929998,NSE
unified_1981_2015,lamah_205179,4,1,Koppen_Class_All,452,12783,-0.15668460781238158,-0.1567072385636401,0.13264892811459572,NSE
unified_1981_2015,lamah_205294,2,1,Koppen_Class_All,452,12783,-0.10342300293878948,-0.1858154245122592,0.052875613380805514,NSE
unified_1981_2015,lamah_205500,4,1,Koppen_Class_All,452,12783,-0.10911497318102614,-0.0524289371270199,0.052160412079015776,NSE
unified_1981_2015,lamah_205740,5,1,Koppen_Class_All,449,12783,-0.04257711398095454,-0.19283663173239507,0.046594573563653464,NSE
unified_1981_2015,lamah_205799,1,0,Koppen_Class_All,463,12783,-0.3053248708988421,-0.0692500499772013,0.08900194993662447,NSE
unified_1981_2015,lamah_205823,5,1,Koppen_Class_All,449,12783,-0.05481282157749212,0.025115051222218132,0.04542795136888066,NSE
unified_1981_2015,lamah_205831,5,1,Koppen_Class_All,449,12783,-0.1191813525431018,-0.025134142821915617,0.051676766744188085,NSE
unified_1981_2015,lamah_205864,3,1,Koppen_Class_All,456,12783,-0.22859798423253297,-0.04370019967435779,0.0697482775830434,NSE
unified_1981_2015,lamah_205898,3,1,Koppen_Class_All,456,12783,0.01691482565940905,-0.03107276592816799,0.04955766893472069,NSE
unified_1981_2015,lamah_206508,4,1,Koppen_Class_All,452,12783,-0.27908892245890327,-0.13082964554210008,0.06847208962239192,NSE
unified_1981_2015,lamah_207613,5,0,Koppen_Class_All,449,12783,-0.6521696932855086,-0.0360167828321285,0.04258846617111532,NSE
unified_1981_2015,lamah_207654,2,1,Koppen_Class_All,452,12783,-0.07096046869536221,-0.1258368398533476,0.05605188178523367,NSE
unified_1981_2015,lamah_207738,2,1,Koppen_Class_All,452,12783,-0.05883651649623367,-0.07923438428359719,0.04498635049548747,NSE
unified_1981_2015,lamah_207852,2,1,Koppen_Class_All,452,12783,-0.016213324871591883,-0.02287714609007918,0.03555751404031906,NSE
unified_1981_2015,lamah_208116,1,1,Koppen_Class_All,463,12783,-0.7584018875890708,-0.4776778378153239,0.04852232492462479,NSE
unified_1981_2015,lamah_208686,2,1,Koppen_Class_All,452,12783,-0.09314775389957908,0.05831182440659144,0.03606202766512702,NSE
unified_1981_2015,lamah_209361,1,1,Koppen_Class_All,463,12783,-0.020429925813580274,-0.029255439265871708,0.033344838578706,NSE
unified_1981_2015,lamah_209551,1,1,Koppen_Class_All,463,11688,-0.01171879945610077,-0.1103238001974245,0.05152712235689895,NSE
unified_1981_2015,lamah_210526,4,1,Koppen_Class_All,452,12783,-0.17450019906545888,-0.07615140559286715,0.1038659803128609,NSE
unified_1981_2015,lamah_210641,1,1,Koppen_Class_All,463,12783,0.10197289511155994,0.26009003426222,0.0724907347410049,NSE
unified_1981_2015,lamah_210732,2,0,Koppen_Class_All,452,12783,-0.2847347635386426,0.07364910057072838,0.049616303312630526,NSE
unified_1981_2015,lamah_210773,1,1,Koppen_Class_All,463,12783,0.20033309775381913,0.2961726777393575,0.0698239682927986,NSE
unified_1981_2015,lamah_210815,5,1,Koppen_Class_All,449,12783,0.2654067069274313,0.37585961631042963,0.07494402800391681,NSE
unified_1981_2015,lamah_210856,3,1,Koppen_Class_All,456,12783,0.02682107190292149,0.11112232172126069,0.08573866746551313,NSE
unified_1981_2015,lamah_210864,1,1,Koppen_Class_All,463,12783,0.07902270818150658,0.10396508534745819,0.0427235470059327,NSE
unified_1981_2015,lamah_210898,1,1,Koppen_Class_All,463,12783,0.006802712472399053,0.10139315821760186,0.06755903198077462,NSE
unified_1981_2015,lamah_211086,4,1,Koppen_Class_All,452,12783,0.16827461276276423,0.423182968490188,0.07499295086701496,NSE
unified_1981_2015,lamah_211169,3,1,Koppen_Class_All,456,12783,0.18324038250782815,0.5066143062250353,0.07767205015526077,NSE
unified_1981_2015,lamah_211656,1,1,Koppen_Class_All,463,12418,-0.4453387126802899,-0.32255477261609955,0.04171125218610579,NSE
unified_1981_2015,lamah_212027,5,1,Koppen_Class_All,449,12783,0.05965068656289385,0.33334439522039094,0.09742595172161474,NSE
unified_1981_2015,lamah_212043,5,0,Koppen_Class_All,45,12783,0.1957994110968444,0.06830821210411475,0.08859623511941687,NSE
unified_1981_2015,lamah_212092,2,1,Koppen_Class_All,41,12783,0.31164029090452405,0.1879897211443986,0.06641219925019907,NSE
unified_1981_2015,lamah_212100,2,1,Koppen_Class_All,41,12783,0.45594516916848304,0.35013247086515487,0.05531623258072729,NSE
unified_1981_2015,lamah_212167,1,1,Koppen_Class_All,35,12783,0.563316182999898,0.3856295942200393,0.07154097441955802,NSE
unified_1981_2015,lamah_212183,2,1,Koppen_Class_All,41,12783,0.36127134953579465,0.21975792774219827,0.06772239962629069,NSE
unified_1981_2015,lamah_212316,5,0,Koppen_Class_All,449,12783,0.012830085304769479,0.10137912656075965,0.10387675013341512,NSE
unified_1981_2015,lamah_212373,2,0,Koppen_Class_All,41,12783,0.6549249303398756,0.7872309568164076,0.05773471592401491,NSE
unified_1981_2015,lamah_212399,5,1,Koppen_Class_All,449,12783,0.005589133097778642,0.27456393320658357,0.08146021785677282,NSE
unified_1981_2015,lamah_212431,3,1,Koppen_Class_All,456,12783,-0.1479891331733385,0.3097554030288968,0.09941848853959386,NSE
unified_1981_2015,lamah_212522,1,0,Koppen_Class_All,463,12783,-1.1023349502038826,0.11696485052685368,0.1533044229094738,NSE
unified_1981_2015,lamah_212613,2,1,Koppen_Class_All,452,12783,0.14027532443950885,0.18388937309897335,0.07299387299926037,NSE
unified_1981_2015,lamah_212647,5,1,Koppen_Class_All,449,12783,0.07081433998999564,0.10436688090333679,0.05700716301070232,NSE
unified_1981_2015,lamah_212670,3,1,Koppen_Class_All,456,12783,0.01636796674707819,0.01840350850331751,0.05323831196091059,NSE
unified_1981_2015,lamah_212860,1,1,Koppen_Class_All,463,12783,-0.2390938474208204,0.23591522327966497,0.08386972440630902,NSE
unified_1981_2015,lamah_212878,3,1,Koppen_Class_All,456,12783,-0.43535375741801996,0.17741368112635247,0.07572059722686643,NSE
unified_1981_2015,lamah_212886,4,1,Koppen_Class_All,452,12783,-1.6053350788318586,-0.06448279465002882,0.09485006680791047,NSE
unified_1981_2015,lamah_212894,5,0,Koppen_Class_All,449,12783,-5.607137307804646,-0.5174326941176823,0.19896752582744792,NSE
unified_1981_2015,lamah_212928,5,1,Koppen_Class_All,449,12783,-5.0638154668795305,-0.36606276990305475,0.23973108539786542,NSE
unified_1981_2015,lamah_213124,2,1,Koppen_Class_All,452,12783,-0.021672581953184666,0.2890713454056396,0.08166361945668808,NSE
unified_1981_2015,lamah_213181,4,1,Koppen_Class_All,452,12783,-0.47221532033852176,0.177726119331985,0.08321104894722829,NSE
unified_1981_2015,lamah_213306,3,1,Koppen_Class_All,456,12343,-2.7591746446149497,-0.17456809505774817,0.17504793710599828,NSE
unified_1981_2015,lamah_2150,4,1,Koppen_Class_All,452,12783,0.005202664144973501,0.07904212597459104,0.08232702458423041,NSE
unified_1981_2015,lamah_2262,1,1,Koppen_Class_All,35,12783,0.2573944231590489,0.11113318334563693,0.046912976805608436,NSE
unified_1981_2015,lamah_403,2,1,Koppen_Class_All,41,12783,0.4954063583257915,0.35536230970566496,0.08396397612578912,NSE
unified_1981_2015,camelsbr_57250000,5,1,Knoben_Class_All,75,12783,-7.506185998572729,-0.9649036224471239,0.2275276082761558,NSE
unified_1981_2015,camelsbr_58060000,3,1,Knoben_Class_All,92,12725,-0.4857611198007685,-0.26786650925518685,0.02178797152061924,NSE
unified_1981_2015,camelsbr_58258000,1,1,Knoben_Class_All,90,12707,-0.2120882689321395,-0.3379446008868727,0.039135551116202476,NSE
unified_1981_2015,camelsbr_58530000,3,1,Knoben_Class_All,92,12783,-0.5206841231872232,-0.41747972490633534,0.06147700459725689,NSE
unified_1981_2015,camelsbr_58535000,3,1,Knoben_Class_All,92,12752,-0.5212898179642012,-0.4195479955492778,0.0905396952728316,NSE
unified_1981_2015,camelsbr_58542000,1,1,Knoben_Class_All,80,12783,-1.1740566488742372,0.16318662009252838,0.10955281693819939,NSE
unified_1981_2015,camelsbr_59370000,2,1,Knoben_Class_All,80,12783,-0.9890981122798039,0.14545961300315446,0.05439414696737928,NSE
unified_1981_2015,camelsbr_70100000,4,1,Knoben_Class_All,93,12639,-0.035681831457389235,-0.1840072391915044,0.06384904657374298,NSE
unified_1981_2015,camelsbr_71300000,1,1,Knoben_Class_All,217,12778,-0.6159055564309759,-0.4010081062679607,0.13228566965856814,NSE
unified_1981_2015,camelsbr_73765000,1,1,Knoben_Class_All,90,12783,0.003382402898986947,-0.2229076371643519,0.043185166583896525,NSE
unified_1981_2015,camelscl_1050002,4,1,Knoben_Class_All,71,12252,-6785.979056675648,-61.87342766530129,1.5900714557865647,NSE
unified_1981_2015,camelscl_1201005,3,1,Knoben_Class_All,70,12506,-523.5290594569009,-21.222161438439525,1.3119953400129076,NSE
unified_1981_2015,camelscl_12284002,1,1,Knoben_Class_All,169,12365,-22.55828271165286,-3.5232269777726426,0.28640986036928107,NSE
unified_1981_2015,camelscl_12284003,4,1,Knoben_Class_All,166,11946,-99.55526052485166,-8.276853429905003,0.6865288324898924,NSE
unified_1981_2015,camelscl_12284006,1,1,Knoben_Class_All,90,12138,-8.471382564105069,-2.319546754453411,0.15791149048058725,NSE
unified_1981_2015,camelscl_12582001,4,1,Knoben_Class_All,93,12031,-0.6109152600062528,-0.07826628820242032,0.087182328468724,NSE
unified_1981_2015,camelscl_12600001,2,1,Knoben_Class_All,80,11975,-0.8058437099498885,-0.14812986920695237,0.13442024299059904,NSE
unified_1981_2015,camelscl_12622001,5,1,Knoben_Class_All,93,12021,-8.292860751753663,-1.9725228058205366,0.2692895455903573,NSE
unified_1981_2015,camelscl_12802001,3,1,Knoben_Class_All,80,12305,-657.815060280707,-27.4322111527468,1.9893421003723704,NSE
unified_1981_2015,camelscl_12805001,2,1,Knoben_Class_All,80,12227,-267.13802537000436,-13.654989145805132,1.2966953998464779,NSE
unified_1981_2015,camelscl_12806001,5,1,Knoben_Class_All,75,12249,-208.76248028904183,-10.949322121889281,1.1328138831814696,NSE
unified_1981_2015,camelscl_4301002,3,1,Knoben_Class_All,174,12422,-42.46982277922732,-5.7702284616371395,0.8547942913173093,NSE
unified_1981_2015,camelscl_4311001,1,1,Knoben_Class_All,169,11715,-24.280010957979236,-5.61022731037202,0.42738736013310924,NSE
unified_1981_2015,camelscl_4313001,1,1,Knoben_Class_All,169,11742,-27.823466290939336,-5.075047573613878,0.5312774926243135,NSE
unified_1981_2015,camelscl_4314002,4,1,Knoben_Class_All,166,12623,-52.060840722132866,-8.534615845713448,0.6528050346616759,NSE
unified_1981_2015,camelscl_4501001,4,1,Knoben_Class_All,166,11935,-29.963641164296543,-4.925710482400876,0.4465273872029158,NSE
unified_1981_2015,camelscl_4503001,1,1,Knoben_Class_All,80,11799,-356.73599277542985,-27.940076865046045,0.9029055095925724,NSE
unified_1981_2015,camelscl_4511002,1,1,Knoben_Class_All,169,12069,-6.08533425507159,-1.9855480915428947,0.184943924389764,NSE
unified_1981_2015,camelscl_4512001,1,1,Knoben_Class_All,169,12071,-6.324484408539786,-2.929891456462689,0.24340653257817263,NSE
unified_1981_2015,camelscl_4513001,3,1,Knoben_Class_All,174,12338,-8.737660546092725,-2.6751221666178377,0.23770401098384686,NSE
unified_1981_2015,camelscl_4514001,2,1,Knoben_Class_All,182,12218,-17.926285962387716,-4.558580652143073,0.4040999726277023,NSE
unified_1981_2015,camelscl_4520001,4,1,Knoben_Class_All,166,12054,-57.743504047468285,-27.694613191263834,0.25899432818713863,NSE
unified_1981_2015,camelscl_4530001,4,1,Knoben_Class_All,81,11812,-29.44159254985116,-7.596429271891205,0.2017050915865507,NSE
unified_1981_2015,camelscl_4532001,3,0,Knoben_Class_All,80,11668,-38.316315250919466,-11.701395410008768,0.31903872017669144,NSE
unified_1981_2015,camelscl_4703002,1,1,Knoben_Class_All,169,12660,-5.678987761816509,-1.5751980360456352,0.26552459752807267,NSE
unified_1981_2015,camelscl_4721001,3,1,Knoben_Class_All,174,12585,-10.70341872427179,-3.9634227880878194,0.22849494123861858,NSE
unified_1981_2015,camelscl_4723001,5,1,Knoben_Class_All,169,12044,-31.486647900627183,-7.46429261291321,0.32553355827374075,NSE
unified_1981_2015,camelscl_5200001,2,1,Knoben_Class_All,80,11740,-99.70873209173469,-11.40766818690107,0.5143045335736687,NSE
unified_1981_2015,camelscl_5401003,2,0,Knoben_Class_All,182,11808,-2.7776952098890275,-0.423233538557684,0.2160038022296906,NSE
unified_1981_2015,camelscl_5402001,5,1,Knoben_Class_All,169,11878,-1.0186249228494701,-0.35413345842289523,0.17757842836172208,NSE
unified_1981_2015,camelscl_5406001,1,1,Knoben_Class_All,169,11768,-6.8905698293535895,-3.3492497278143345,0.2736934079574328,NSE
unified_1981_2015,camelscl_5706001,1,1,Knoben_Class_All,169,11640,-2.6654679502686345,-0.998956663857685,0.18242881640629546,NSE
unified_1981_2015,camelscl_5707002,1,1,Knoben_Class_All,169,12054,-2.778196159773382,-0.35675530449563464,0.3184535111296196,NSE
unified_1981_2015,camelscl_5722001,4,1,Knoben_Class_All,166,12272,-7.301005277632125,-1.9469811148979677,0.08592819637518684,NSE
unified_1981_2015,camelscl_5722002,1,1,Knoben_Class_All,169,12551,-4.26668460643159,-1.0970835224987523,0.07703656919120341,NSE
unified_1981_2015,camelscl_6013001,5,1,Knoben_Class_All,169,11609,-0.1933955527186222,-0.16526278651369375,0.04754804115804797,NSE
unified_1981_2015,camelscl_7103001,4,1,Knoben_Class_All,166,12564,-0.24041915410702464,-0.2549037482729879,0.04577847250588549,NSE
unified_1981_2015,camelscl_7104002,4,1,Knoben_Class_All,166,12375,-0.40546824856735486,-0.2642118859493954,0.05838596964803206,NSE
unified_1981_2015,camelscl_7112001,5,1,Knoben_Class_All,169,11523,-0.47004683834857985,-0.3073249855202409,0.041818768830317085,NSE
unified_1981_2015,camelscl_7115001,2,1,Knoben_Class_All,80,11993,-0.5964099934005285,0.08493618387299062,0.03733939635176737,NSE
unified_1981_2015,camelscl_7116001,3,1,Knoben_Class_All,80,12208,-1.4200431677418308,-0.8822153020533117,0.07102277252224119,NSE
unified_1981_2015,camelscl_7355002,1,1,Knoben_Class_All,80,11800,-0.3117086866489047,-0.25353822856573327,0.047457962265350526,NSE
unified_1981_2015,camelscl_7374001,5,1,Knoben_Class_All,75,12076,-0.5446425503840424,-0.18164011188189222,0.059812391626354544,NSE
unified_1981_2015,camelscl_8130002,1,1,Knoben_Class_All,80,12446,-0.22911058202071133,-0.3988425976432137,0.054189310248324844,NSE
unified_1981_2015,camelscl_8351001,3,0,Knoben_Class_All,80,11583,-0.3377734876819951,-0.3609972720587169,0.06628420169204108,NSE
unified_1981_2015,hysets_01010070,4,1,Knoben_Class_All,193,11780,0.2361021014828777,0.14493098336157217,0.07058420037468599,NSE
unified_1981_2015,hysets_01022500,1,1,Knoben_Class_All,193,12783,0.23885444699491176,0.18237942524871664,0.07685999583858179,NSE
unified_1981_2015,hysets_01031500,1,1,Knoben_Class_All,193,12783,0.25281695983088903,0.13292193505680872,0.028909519674288328,NSE
unified_1981_2015,hysets_01038000,3,1,Knoben_Class_All,188,12783,0.36974885667951674,0.2987047061176564,0.042380384625690944,NSE
unified_1981_2015,hysets_01047000,2,1,Knoben_Class_All,181,12783,0.2934365547478067,0.16575538728419326,0.02940755813939586,NSE
unified_1981_2015,hysets_01054200,1,1,Knoben_Class_All,193,12783,0.11712182177181152,-0.03968285153685902,0.04417094948892874,NSE
unified_1981_2015,hysets_01055000,3,1,Knoben_Class_All,188,12783,0.2450358419581723,0.10814100102975188,0.03882840402308487,NSE
unified_1981_2015,hysets_01057000,2,1,Knoben_Class_All,181,12783,0.3402188030263904,0.23166054720934626,0.02775188740274458,NSE
unified_1981_2015,hysets_01064500,3,1,Knoben_Class_All,188,12783,0.23336237721230235,0.10613106817557372,0.038749577796223025,NSE
unified_1981_2015,hysets_01076500,1,1,Knoben_Class_All,193,12783,0.26522082649490963,0.14987112720730766,0.04461320995214376,NSE
unified_1981_2015,hysets_01078000,2,1,Knoben_Class_All,181,12783,0.4060749463267648,0.3112204399707902,0.044489745359789314,NSE
unified_1981_2015,hysets_01096000,1,0,Knoben_Class_All,193,12783,0.27320239579420547,0.2193368432238998,0.03885145604655118,NSE
unified_1981_2015,hysets_01118000,1,1,Knoben_Class_All,217,12783,-0.23511531330155933,-0.08687417648489282,0.04063691353701984,NSE
unified_1981_2015,hysets_01134500,1,1,Knoben_Class_All,193,12783,0.2552309592908659,0.1534265262863781,0.04961348916826865,NSE
unified_1981_2015,hysets_01137500,4,1,Knoben_Class_All,193,12783,0.2318148128522558,0.12435845313998617,0.054869816037872235,NSE
unified_1981_2015,hysets_01169000,5,1,Knoben_Class_All,189,12783,0.23257792844263336,0.11708318820822194,0.03089083000816953,NSE
unified_1981_2015,hysets_01174500,5,1,Knoben_Class_All,189,12783,0.35976989826580696,0.34974289413828386,0.048332696773676374,NSE
unified_1981_2015,hysets_01181000,5,1,Knoben_Class_All,189,12783,0.20800484230400262,0.09945092543093703,0.02252032651104868,NSE
unified_1981_2015,hysets_01439500,5,1,Knoben_Class_All,189,12783,0.24762493656958406,0.22494076328475165,0.05262317363582205,NSE
unified_1981_2015,hysets_01440000,4,1,Knoben_Class_All,193,12783,0.24295270777824585,0.20041427383015886,0.032120112989051215,NSE
unified_1981_2015,hysets_01447500,1,1,Knoben_Class_All,193,12783,0.2075150981224383,0.14294003894641805,0.0334547416552409,NSE
unified_1981_2015,hysets_01543000,4,1,Knoben_Class_All,193,12783,0.25307278485411244,0.20279899187257522,0.039151745476693756,NSE
unified_1981_2015,hysets_01543500,2,1,Knoben_Class_All,181,12783,0.28523191711597373,0.25756550251459365,0.037866517142168876,NSE
unified_1981_2015,hysets_01544500,3,1,Knoben_Class_All,188,12783,0.27905765072382693,0.23439800756747387,0.04334010658464297,NSE
unified_1981_2015,hysets_01545600,5,0,Knoben_Class_All,189,12783,0.29865764211181633,0.2911381346909132,0.03630713899280076,NSE
unified_1981_2015,hysets_01550000,5,1,Knoben_Class_All,189,12783,0.26229652093390454,0.20288892557240457,0.02933742427383078,NSE
unified_1981_2015,hysets_01552000,2,0,Knoben_Class_All,181,12783,0.23766915724255888,0.17027194443265614,0.024025748378526866,NSE
unified_1981_2015,hysets_01605500,1,1,Knoben_Class_All,193,12783,0.11394039348334573,0.06235013611150897,0.016034012386291752,NSE
unified_1981_2015,hysets_01606500,3,1,Knoben_Class_All,188,12782,0.1348265317635311,0.15609568816363728,0.01764046724369592,NSE
unified_1981_2015,hysets_01611500,5,1,Knoben_Class_All,225,12417,0.17337628182582177,0.20895618126573523,0.036134846351346894,NSE
unified_1981_2015,hysets_01665500,3,0,Knoben_Class_All,210,11595,0.055029180150977575,-0.12935935283900313,0.01317663029602528,NSE
unified_1981_2015,hysets_01669520,2,1,Knoben_Class_All,221,12558,0.05141994990093457,0.11301679701127887,0.028011486748017952,NSE
unified_1981_2015,hysets_01673800,1,1,Knoben_Class_All,217,12783,0.1460506500593498,0.08456363230809472,0.0398712194241431,NSE
unified_1981_2015,hysets_01AJ010,2,1,Knoben_Class_All,181,12783,0.28433099790986893,0.19482299082994403,0.03767432097856554,NSE
unified_1981_2015,hysets_01AK001,3,1,Knoben_Class_All,188,12783,0.36774389499318205,0.2860925922598758,0.06865373211296465,NSE
unified_1981_2015,hysets_01AK007,1,1,Knoben_Class_All,193,12783,0.27532420849734773,0.1787095635717847,0.04335755593368961,NSE
unified_1981_2015,hysets_01AL002,2,1,Knoben_Class_All,181,12783,0.25654953084872,0.15646651489390495,0.03934267653577631,NSE
unified_1981_2015,hysets_01AM001,4,1,Knoben_Class_All,193,12783,0.2741683747878999,0.173852784966392,0.045673113621513634,NSE
unified_1981_2015,hysets_01AN002,1,1,Knoben_Class_All,193,12783,0.29688480348611523,0.21727162639883768,0.05132491628358529,NSE
unified_1981_2015,hysets_01AP002,4,1,Knoben_Class_All,193,12783,0.2755892571554879,0.19650632631139053,0.045508519849575525,NSE
unified_1981_2015,hysets_01AQ001,4,1,Knoben_Class_All,193,12783,0.08605493618090232,0.029896278848197344,0.04813856472509437,NSE
unified_1981_2015,hysets_01BJ003,1,1,Knoben_Class_All,193,12783,0.19570682126132743,0.10270750894134595,0.0689398675021905,NSE
unified_1981_2015,hysets_01BL002,3,1,Knoben_Class_All,188,12783,0.2834045278659121,0.2490240117363104,0.04786340180121451,NSE
unified_1981_2015,hysets_01BQ001,2,1,Knoben_Class_All,181,12783,0.2699976208653163,0.20069758361865697,0.05507197390951428,NSE
unified_1981_2015,hysets_01BS001,3,1,Knoben_Class_All,188,12783,0.26931762358639766,0.18069326582220324,0.046177503546552486,NSE
unified_1981_2015,hysets_01BU002,1,1,Knoben_Class_All,193,12783,0.2591506995219114,0.18391532008411327,0.04697041896609719,NSE
unified_1981_2015,hysets_01BV006,1,1,Knoben_Class_All,193,12783,0.009805943393381922,-0.10533279643552973,0.053467719475450204,NSE
unified_1981_2015,hysets_01DR001,2,1,Knoben_Class_All,181,12783,0.04414835051036847,-0.01976653761569369,0.06527713977432473,NSE
unified_1981_2015,hysets_01EC001,5,1,Knoben_Class_All,189,12783,-0.2027237380061313,0.013605907500431003,0.09020793936015324,NSE
unified_1981_2015,hysets_01ED007,2,1,Knoben_Class_All,181,12783,0.03571211837266608,0.0699935162240991,0.06231195996057629,NSE
unified_1981_2015,hysets_01EF001,3,1,Knoben_Class_All,188,12783,0.07912046733238332,0.07279208017462746,0.05786537502704708,NSE
unified_1981_2015,hysets_01EO001,5,1,Knoben_Class_All,189,12783,-0.00044363619863352355,-0.03603393596651894,0.05380601295852696,NSE
unified_1981_2015,hysets_01FB001,5,1,Knoben_Class_All,169,12783,-0.1223938940094278,-0.21189254957676007,0.048724658206812856,NSE
unified_1981_2015,hysets_01FB003,4,1,Knoben_Class_All,193,12783,-0.47084472486177176,0.10725673075329911,0.16327560716169154,NSE
unified_1981_2015,hysets_02011400,5,1,Knoben_Class_All,225,12783,0.3010286686525875,0.2688846797846539,0.026151009297524692,NSE
unified_1981_2015,hysets_02011460,5,1,Knoben_Class_All,189,12783,0.17601241660015232,0.13240904732040593,0.026329346742130933,NSE
unified_1981_2015,hysets_02013000,3,1,Knoben_Class_All,210,12783,0.2339549895931181,0.15520663337358476,0.031217378451474327,NSE
unified_1981_2015,hysets_02014000,2,1,Knoben_Class_All,221,12783,0.28897145757106146,0.2293681008123717,0.03500826514433279,NSE
unified_1981_2015,hysets_02015700,2,1,Knoben_Class_All,221,12783,0.2053147710387916,0.10665934917617981,0.027728004323246964,NSE
unified_1981_2015,hysets_02016000,5,1,Knoben_Class_All,225,12783,0.2285022776327389,0.1477317292554654,0.02703018183856481,NSE
unified_1981_2015,hysets_02017500,5,1,Knoben_Class_All,225,12783,0.27742037485707505,0.19903309093155064,0.04090437264544455,NSE
unified_1981_2015,hysets_02018000,3,1,Knoben_Class_All,210,12783,0.22014787137681435,0.13972560866881845,0.03011997495801994,NSE
unified_1981_2015,hysets_02020500,4,1,Knoben_Class_All,211,12053,0.1404710674556866,0.005661970635567726,0.019254294275433053,NSE
unified_1981_2015,hysets_02021500,3,1,Knoben_Class_All,210,12783,0.18210207655601984,0.07352948162973327,0.019021496444687418,NSE
unified_1981_2015,hysets_02027000,4,0,Knoben_Class_All,211,12783,0.09690376156555136,-0.011207763934342196,0.03288319256312058,NSE
unified_1981_2015,hysets_02028500,4,0,Knoben_Class_All,211,12783,0.13862646080327157,0.04099321653045296,0.03793161172521842,NSE
unified_1981_2015,hysets_02030000,4,1,Knoben_Class_All,211,12427,0.18413477340851903,0.14744743160745322,0.030636946128082723,NSE
unified_1981_2015,hysets_02041000,4,1,Knoben_Class_All,211,12783,0.11073409578575699,0.06838403589606545,0.03634243077057541,NSE
unified_1981_2015,hysets_02046000,4,1,Knoben_Class_All,211,12783,0.1252802851486503,0.08894966891437195,0.024995963217794036,NSE
unified_1981_2015,hysets_02212600,4,1,Knoben_Class_All,211,12783,0.15071032978529753,0.06536136230010137,0.031225957225052604,NSE
unified_1981_2015,hysets_02325000,1,1,Knoben_Class_All,217,12228,-0.5478726295341267,0.2103531742317939,0.14165997030197594,NSE
unified_1981_2015,hysets_02326000,3,1,Knoben_Class_All,210,12783,-0.17468338444066966,0.1574942393925739,0.1270327296764253,NSE
unified_1981_2015,hysets_02327100,1,1,Knoben_Class_All,217,12783,-0.009170433473459694,-0.22837558652349754,0.032860697584819666,NSE
unified_1981_2015,hysets_02331600,1,1,Knoben_Class_All,217,12783,-0.11925816004202727,0.04852120470678922,0.04889057538544218,NSE
unified_1981_2015,hysets_02373000,5,1,Knoben_Class_All,225,12783,0.14902197506856574,0.03351292584803778,0.0413614069151113,NSE
unified_1981_2015,hysets_02374500,3,1,Knoben_Class_All,210,12783,0.1349521702470715,0.10941545232511174,0.03257842353811274,NSE
unified_1981_2015,hysets_02380500,2,1,Knoben_Class_All,221,12783,0.04187612830812659,0.13871926271014412,0.04265863026521027,NSE
unified_1981_2015,hysets_02401390,4,1,Knoben_Class_All,211,12783,0.10397261632751809,-0.07145904342047427,0.04670625127338783,NSE
unified_1981_2015,hysets_02450250,3,1,Knoben_Class_All,210,12783,0.08893972332167799,-0.10638342129003897,0.047224200373688366,NSE
unified_1981_2015,hysets_02469800,5,1,Knoben_Class_All,225,12783,0.17943727492729322,0.05872117218289863,0.03624529323518153,NSE
unified_1981_2015,hysets_02479155,1,1,Knoben_Class_All,217,12783,0.07927612279008533,-0.11724452846895717,0.025095933178437592,NSE
unified_1981_2015,hysets_02479300,1,0,Knoben_Class_All,217,12783,0.06677874101541503,-0.0526979598278523,0.050148201927651036,NSE
unified_1981_2015,hysets_02479560,3,1,Knoben_Class_All,210,12783,0.0791876799504937,-0.03091472362977532,0.05629390058808228,NSE
unified_1981_2015,hysets_02AB017,5,1,Knoben_Class_All,189,12765,-0.09670765755363386,-0.05281990412035298,0.06277370578514611,NSE
unified_1981_2015,hysets_02AC001,3,1,Knoben_Class_All,188,11997,-0.3317065987404926,0.0056480354892498585,0.060684451195866344,NSE
unified_1981_2015,hysets_02AD010,2,1,Knoben_Class_All,181,12672,-0.16634345719030752,0.1352718641399956,0.07387371928272383,NSE
unified_1981_2015,hysets_02BA003,2,1,Knoben_Class_All,181,12782,-0.10087125683517417,0.220845884743763,0.07875997162599035,NSE
unified_1981_2015,hysets_02BF001,4,1,Knoben_Class_All,193,12783,0.1786792490632495,0.18060444457942304,0.06690804299426856,NSE
unified_1981_2015,hysets_02BF002,1,1,Knoben_Class_All,193,12783,0.19558234242811012,0.2342453070275795,0.0695455964374694,NSE
unified_1981_2015,hysets_02CB003,2,1,Knoben_Class_All,181,12783,0.06364242743527793,0.28807873784467586,0.0860541883579034,NSE
unified_1981_2015,hysets_02CD006,2,1,Knoben_Class_All,181,12783,0.15210200000867335,0.41563288746470006,0.1056842511746871,NSE
unified_1981_2015,hysets_02DD015,1,1,Knoben_Class_All,193,12783,0.27082713599987973,0.2815053920147298,0.06564535140148735,NSE
unified_1981_2015,hysets_02HL003,5,1,Knoben_Class_All,189,12783,0.28950955092300723,0.4474805661442379,0.0825739297106089,NSE
unified_1981_2015,hysets_02HL004,5,1,Knoben_Class_All,189,12783,0.3051592649625191,0.43840272224071997,0.06914429188076676,NSE
unified_1981_2015,hysets_02JC008,1,1,Knoben_Class_All,193,12781,0.20919728024736195,0.36281841585271357,0.09483847667458305,NSE
unified_1981_2015,hysets_02YC001,1,1,Knoben_Class_All,169,12783,0.16577897139275988,0.15799439977137575,0.0705282005632356,NSE
unified_1981_2015,hysets_02YD002,1,1,Knoben_Class_All,193,12783,0.00895135043122719,-0.058611517816431036,0.10538936449150021,NSE
unified_1981_2015,hysets_02YJ001,4,1,Knoben_Class_All,166,12783,-0.005297625996874444,0.04532153131652161,0.0836109178561071,NSE
unified_1981_2015,hysets_02YK002,3,1,Knoben_Class_All,174,12663,0.0004809927289317617,0.041405059923176,0.1003055245754354,NSE
unified_1981_2015,hysets_02YK005,1,1,Knoben_Class_All,169,12783,0.12598815327709756,0.2720125726869793,0.09285883517261463,NSE
unified_1981_2015,hysets_02YN002,5,1,Knoben_Class_All,93,12783,-0.04774446035131219,-0.16765101501375934,0.07745674094453493,NSE
unified_1981_2015,hysets_02YO006,5,1,Knoben_Class_All,189,12783,0.07694629805340658,0.0260213342873159,0.04468717391913567,NSE
unified_1981_2015,hysets_02YO008,2,1,Knoben_Class_All,181,11688,0.04255229137142735,0.001434394989923704,0.08099836062589792,NSE
unified_1981_2015,hysets_02YR001,1,1,Knoben_Class_All,193,12783,-0.011721426684928593,0.15907213294018407,0.10390630149694309,NSE
unified_1981_2015,hysets_02YR003,4,1,Knoben_Class_All,193,12783,0.05259918368767391,0.19721229576283295,0.10211374366672696,NSE
unified_1981_2015,hysets_02ZB001,1,1,Knoben_Class_All,169,12783,-0.11324980849338306,-0.3110291510207359,0.05225853785477421,NSE
unified_1981_2015,hysets_02ZC002,3,1,Knoben_Class_All,92,12418,-0.07216270694383686,-0.34453134519480666,0.06298164257399759,NSE
unified_1981_2015,hysets_02ZF001,3,1,Knoben_Class_All,174,12783,-0.3653861999555559,-0.011329035288870415,0.06945487638264518,NSE
unified_1981_2015,hysets_02ZG001,5,1,Knoben_Class_All,189,12783,-0.3595904643692127,-0.2038586775296778,0.0582116839990514,NSE
unified_1981_2015,hysets_02ZG003,3,1,Knoben_Class_All,188,12783,-0.17861203740347253,-0.26702247610247665,0.06407172778301733,NSE
unified_1981_2015,hysets_02ZH001,3,1,Knoben_Class_All,174,12783,-0.24188014359027488,-0.1626201798791147,0.060915644095702624,NSE
unified_1981_2015,hysets_02ZK001,2,1,Knoben_Class_All,181,12783,-0.2480347514367145,-0.24676883052536547,0.06421250740745994,NSE
unified_1981_2015,hysets_02ZK004,2,1,Knoben_Class_All,181,12053,-0.19831166081037632,-0.35671809936355814,0.06315108920100718,NSE
unified_1981_2015,hysets_03010500,2,0,Knoben_Class_All,181,12783,0.28335062036497527,0.29044595734657874,0.061085731165880765,NSE
unified_1981_2015,hysets_03010655,1,1,Knoben_Class_All,193,12783,0.2996696327514379,0.27333206922305053,0.05676832474737184,NSE
unified_1981_2015,hysets_03021350,3,0,Knoben_Class_All,188,12783,0.05945186826705551,-0.06361401531517386,0.07381241319984265,NSE
unified_1981_2015,hysets_03028000,1,1,Knoben_Class_All,193,12783,0.1939024522669408,0.1405495706154506,0.03863522545820126,NSE
unified_1981_2015,hysets_03065000,1,1,Knoben_Class_All,193,12053,0.09599349891633169,0.005512622520804755,0.03357778102613538,NSE
unified_1981_2015,hysets_03070500,1,1,Knoben_Class_All,193,12783,0.11193033232942406,0.040266553585323384,0.05462377804101436,NSE
unified_1981_2015,hysets_03072000,1,1,Knoben_Class_All,217,12783,0.16606673041777376,0.08131049939344603,0.05452014158338514,NSE
unified_1981_2015,hysets_03110000,4,1,Knoben_Class_All,211,12783,0.15119868647048273,0.12582083148939394,0.03177650305971078,NSE
unified_1981_2015,hysets_03151400,5,1,Knoben_Class_All,225,12052,0.04285648085502658,-0.09506730189260937,0.039570187025141174,NSE
unified_1981_2015,hysets_03159540,3,1,Knoben_Class_All,210,12782,0.150939687603584,0.053911798899749286,0.03591531827991666,NSE
unified_1981_2015,hysets_03180500,4,1,Knoben_Class_All,193,12783,0.15802209040580883,0.07101333221882256,0.031197239323466013,NSE
unified_1981_2015,hysets_03182500,3,1,Knoben_Class_All,188,12783,0.1534595464854227,0.10150721472945456,0.03325374732488903,NSE
unified_1981_2015,hysets_03186500,3,1,Knoben_Class_All,188,12783,0.03558699120778297,-0.06526967171617892,0.05706025355775688,NSE
unified_1981_2015,hysets_03187500,2,1,Knoben_Class_All,181,12265,0.03394686778821299,-0.06640823419038111,0.048343550289614456,NSE
unified_1981_2015,hysets_03189100,2,1,Knoben_Class_All,181,11661,0.06781702601909534,-0.00887367982138998,0.06413589445935594,NSE
unified_1981_2015,hysets_03194700,3,1,Knoben_Class_All,188,12052,0.05038421567290663,-0.0281990263563916,0.06009612972684965,NSE
unified_1981_2015,hysets_03198500,5,0,Knoben_Class_All,225,12783,0.1769984655802781,0.1060836514309339,0.045760912482652794,NSE
unified_1981_2015,hysets_03202400,5,1,Knoben_Class_All,225,12783,0.18018182539569405,0.12142850571101427,0.03145793967504339,NSE
unified_1981_2015,hysets_03202750,2,1,Knoben_Class_All,221,12783,0.16085593335695159,0.05725103951745891,0.05347897409584109,NSE
unified_1981_2015,hysets_03207800,1,1,Knoben_Class_All,217,12783,0.23556925004357943,0.18815697078150628,0.030494355294407503,NSE
unified_1981_2015,hysets_03208500,2,1,Knoben_Class_All,221,12783,0.19636791924929953,0.11730401040790184,0.03447526117248923,NSE
unified_1981_2015,hysets_03210000,2,1,Knoben_Class_All,221,12418,0.15393584466015542,0.08132741846679481,0.02900999146876719,NSE
unified_1981_2015,hysets_03217000,3,1,Knoben_Class_All,210,12783,0.12128620346608532,-0.01099921409392235,0.02590513839822724,NSE
unified_1981_2015,hysets_03280700,2,1,Knoben_Class_All,221,12783,0.13245980735344154,-0.003447057821926558,0.03802812973014981,NSE
unified_1981_2015,hysets_03460000,4,1,Knoben_Class_All,211,12783,-0.05869123093326878,0.004853524922433405,0.052042734478747306,NSE
unified_1981_2015,hysets_03497300,4,1,Knoben_Class_All,211,12783,-0.07798056251968877,-0.10698378064815417,0.04008173846369549,NSE
unified_1981_2015,hysets_03512000,3,1,Knoben_Class_All,210,12783,-0.24498144490156815,-0.052509077917342495,0.06728816837397436,NSE
unified_1981_2015,hysets_03574500,4,1,Knoben_Class_All,211,12783,0.07315545113113886,-0.12298171538569491,0.027617494283283334,NSE
unified_1981_2015,hysets_04015330,4,1,Knoben_Class_All,211,12783,-0.05649911000224472,-0.23810314310054226,0.0201265582072763,NSE
unified_1981_2015,hysets_04024430,2,1,Knoben_Class_All,181,12783,-0.09266070994292486,0.004699806590862665,0.04113497961616953,NSE
unified_1981_2015,hysets_04025500,2,1,Knoben_Class_All,181,11961,-1.4181479738933072,0.11278544245549826,0.07164495027459675,NSE
unified_1981_2015,hysets_04057510,2,1,Knoben_Class_All,181,12783,-0.49215310171070636,0.22536547010222407,0.10411089984478766,NSE
unified_1981_2015,hysets_04063700,5,1,Knoben_Class_All,189,12783,-1.447252589146124,-0.23297340725018256,0.1173773162957912,NSE
unified_1981_2015,hysets_04256000,4,1,Knoben_Class_All,193,12783,0.19485024715643484,0.1447509392545795,0.04219236063866132,NSE
unified_1981_2015,hysets_04262500,1,1,Knoben_Class_All,193,12783,0.20630955298077802,0.20026788768080706,0.06739673043842292,NSE
unified_1981_2015,hysets_04269000,4,1,Knoben_Class_All,193,12417,0.38445326111312816,0.42362901711991663,0.06305098958979499,NSE
unified_1981_2015,hysets_04287000,4,0,Knoben_Class_All,193,12783,0.33864333634027644,0.25511419398657076,0.02806459955257513,NSE
unified_1981_2015,hysets_04296000,5,1,Knoben_Class_All,189,12783,0.43229547087056774,0.3738183711397337,0.06392353797815789,NSE
unified_1981_2015,hysets_05AA008,2,1,Knoben_Class_All,181,12783,-0.3585854120754284,0.11403153835045543,0.0724956729340551,NSE
unified_1981_2015,hysets_05BG006,2,0,Knoben_Class_All,181,12783,-1.0904287030325412,-0.6393269866937037,0.0324537811061895,NSE
unified_1981_2015,hysets_05DA009,1,0,Knoben_Class_All,90,12783,0.13483126994313843,0.1470155828233093,0.18960507526003711,NSE
unified_1981_2015,hysets_05DC006,1,1,Knoben_Class_All,193,12783,-0.9618992578716039,-0.34845981834938233,0.04082662010763582,NSE
unified_1981_2015,hysets_05QE008,5,1,Knoben_Class_All,189,12783,-8.605802621405521,-1.09252001585189,0.5218236703182108,NSE
unified_1981_2015,hysets_05QE009,3,1,Knoben_Class_All,188,12667,-4.539045566433124,-0.8532973654779472,0.23711162875028313,NSE
unified_1981_2015,hysets_05QE012,4,1,Knoben_Class_All,193,12783,-5.58988335647864,-0.8831022678977458,0.4182047427886106,NSE
unified_1981_2015,hysets_05TG002,4,1,Knoben_Class_All,193,12000,-3.569141271892094,-1.2404537257408887,0.21532714935837832,NSE
unified_1981_2015,hysets_05UF004,2,1,Knoben_Class_All,181,12584,-0.3513484142005012,-0.0331761599112983,0.11014693332379835,NSE
unified_1981_2015,hysets_06019500,5,1,Knoben_Class_All,189,12663,-19.33979191982296,-3.0541854384016345,0.28006197923287024,NSE
unified_1981_2015,hysets_06191000,2,1,Knoben_Class_All,181,11597,-0.5037156561034903,0.16890030240492038,0.1559072919651657,NSE
unified_1981_2015,hysets_06200000,1,1,Knoben_Class_All,193,12782,-0.19721844392121013,-0.029075741653208365,0.10917644016169945,NSE
unified_1981_2015,hysets_06224000,3,1,Knoben_Class_All,188,12783,-0.15427935319863106,-0.08620691022007021,0.11483470794539147,NSE
unified_1981_2015,hysets_06289000,1,1,Knoben_Class_All,193,12783,-1.0529536026281185,-0.13858973541705089,0.1345269630356436,NSE
unified_1981_2015,hysets_06309200,4,1,Knoben_Class_All,193,12783,-0.39208469148152636,-0.6201494740322988,0.07609876839595821,NSE
unified_1981_2015,hysets_06332515,2,1,Knoben_Class_All,68,12783,-28.128338748106028,-20.918499310330805,0.21383546456087943,NSE
unified_1981_2015,hysets_06339100,1,0,Knoben_Class_All,62,12783,-19.126258762889492,-17.551927507703898,0.1086394135693187,NSE
unified_1981_2015,hysets_06344600,1,0,Knoben_Class_All,62,12783,-12.644763000254756,-15.042236074316612,0.09435348273176389,NSE
unified_1981_2015,hysets_06400875,3,1,Knoben_Class_All,210,11902,-7.861108121006307,-22.095501079699858,0.05340089940642938,NSE
unified_1981_2015,hysets_06404000,3,1,Knoben_Class_All,210,12783,-4.001570776307397,-3.7482564386633603,0.061365114502540126,NSE
unified_1981_2015,hysets_06406000,4,1,Knoben_Class_All,211,12783,-18.363403030382205,-6.6989218649294155,0.16317485764226952,NSE
unified_1981_2015,hysets_06409000,1,1,Knoben_Class_All,193,12783,-193.93301260552983,-9.054013370952772,0.8459529749758198,NSE
unified_1981_2015,hysets_06422500,2,1,Knoben_Class_All,221,12783,-5.239323157005972,-2.230555394102833,0.10666369916305712,NSE
unified_1981_2015,hysets_06623800,5,1,Knoben_Class_All,189,12783,0.01922892345922078,-0.027250726183139173,0.11647718568364691,NSE
unified_1981_2015,hysets_06712000,1,1,Knoben_Class_All,217,12783,-69.14367540550953,-14.293890995315923,0.25558226744379703,NSE
unified_1981_2015,hysets_06719505,3,1,Knoben_Class_All,188,12782,-3.9093176569637595,-1.204923874991172,0.26022815788457715,NSE
unified_1981_2015,hysets_06876700,2,1,Knoben_Class_All,221,12783,-2.2192753415602313,-3.7528546815692634,0.060152899406122284,NSE
unified_1981_2015,hysets_06FD002,4,1,Knoben_Class_All,93,11818,-3.7139171778819717,-2.4834745700230383,0.18722907619157717,NSE
unified_1981_2015,hysets_07060710,1,1,Knoben_Class_All,217,12783,0.04459496520238804,-0.12672983130465565,0.018434500479294024,NSE
unified_1981_2015,hysets_07124200,2,1,Knoben_Class_All,181,12783,-52.99406593541758,-8.568855305684993,0.2180416972340521,NSE
unified_1981_2015,hysets_07203000,3,1,Knoben_Class_All,188,12783,-137.1964246770941,-20.846666259017223,0.22612616073297465,NSE
unified_1981_2015,hysets_07207500,3,1,Knoben_Class_All,188,12783,-74.40648655957119,-17.880771893931612,0.362268698525165,NSE
unified_1981_2015,hysets_07208500,5,1,Knoben_Class_All,189,12783,-16.605619730947264,-5.376416141550319,0.12759823036929502,NSE
unified_1981_2015,hysets_07291000,1,1,Knoben_Class_All,217,12053,0.0660619868924397,-0.13802810645908892,0.030058540954320756,NSE
unified_1981_2015,hysets_07299670,1,1,Knoben_Class_All,217,12783,-2.8774767124270353,-7.617559614811261,0.040493938862549164,NSE
unified_1981_2015,hysets_07315200,3,1,Knoben_Class_All,210,12783,-0.22863343532094516,-2.615397050648207,0.02005802837749264,NSE
unified_1981_2015,hysets_07335700,1,1,Knoben_Class_All,217,12783,0.011387409045751862,-0.2942099124236295,0.029855574038324617,NSE
unified_1981_2015,hysets_07337900,3,1,Knoben_Class_All,210,12783,0.04819143275928206,-0.18121324995411858,0.04145220851912674,NSE
unified_1981_2015,hysets_07340300,4,1,Knoben_Class_All,211,12783,0.015680317483649397,-0.2528890693372037,0.04764800294363741,NSE
unified_1981_2015,hysets_07352000,5,1,Knoben_Class_All,225,12783,0.1709134737763911,0.07001296697457515,0.040418592860947455,NSE
unified_1981_2015,hysets_07361500,3,1,Knoben_Class_All,210,12783,0.051981869066992425,-0.1707520728103864,0.04317086364881032,NSE
unified_1981_2015,hysets_07362100,3,1,Knoben_Class_All,210,12783,0.10982107344488645,-0.017762812090883706,0.03170009549047398,NSE
unified_1981_2015,hysets_07373000,1,1,Knoben_Class_All,217,12783,0.0626371121387872,-0.11986563901573066,0.023279249313385694,NSE
unified_1981_2015,hysets_07376000,1,1,Knoben_Class_All,217,12418,0.10963447089285527,-0.03055247480504497,0.03732486174320532,NSE
unified_1981_2015,hysets_07377000,3,0,Knoben_Class_All,210,12783,0.10869096314334403,-0.053398974873348326,0.028870319870057438,NSE
unified_1981_2015,hysets_07BJ001,5,1,Knoben_Class_All,189,12783,-0.7554638517154819,-0.770295262694509,0.05980024105767829,NSE
unified_1981_2015,hysets_07MA003,4,1,Knoben_Class_All,193,12728,-23.433648450599712,-2.2625025292120085,0.5738391971188066,NSE
unified_1981_2015,hysets_07SB013,5,0,Knoben_Class_All,169,11791,-40.0778515556683,-12.979140563948441,0.4645933404444048,NSE
unified_1981_2015,hysets_08013000,3,1,Knoben_Class_All,210,12768,0.08753656931255949,-0.09091366678015733,0.038693402929977576,NSE
unified_1981_2015,hysets_08013500,4,1,Knoben_Class_All,211,12417,0.10685069490659804,-0.03779181433463452,0.04353229218369088,NSE
unified_1981_2015,hysets_08014500,1,1,Knoben_Class_All,217,12783,0.09103319161498258,-0.05672476720769337,0.03381603107247855,NSE
unified_1981_2015,hysets_08025500,4,1,Knoben_Class_All,211,12052,0.1198137392710813,-0.016743267426066355,0.030607288702261315,NSE
unified_1981_2015,hysets_08029500,5,1,Knoben_Class_All,225,12783,0.10726737461926417,-0.007896109407188767,0.01530541971189067,NSE
unified_1981_2015,hysets_08065800,1,1,Knoben_Class_All,62,12783,-0.25802829565204055,-0.5697418960856626,0.036866268171447183,NSE
unified_1981_2015,hysets_08066200,2,1,Knoben_Class_All,221,12783,0.055667548136383194,-0.1229780541108394,0.019254689152194485,NSE
unified_1981_2015,hysets_08068720,1,1,Knoben_Class_All,62,12596,-0.8519429122590159,-1.1285068987849263,0.11270563354595856,NSE
unified_1981_2015,hysets_08070000,4,1,Knoben_Class_All,211,12695,0.09138216298393231,-0.02373765058374544,0.018829493850517794,NSE
unified_1981_2015,hysets_08082700,4,1,Knoben_Class_All,211,12783,-0.9859509844819563,-9.550120974154167,0.019187907248949518,NSE
unified_1981_2015,hysets_08084800,3,1,Knoben_Class_All,210,12783,-4.919185231781283,-9.663921280461027,0.07552473295339292,NSE
unified_1981_2015,hysets_08086212,5,1,Knoben_Class_All,225,12783,-1.5899017973870895,-10.105779986824544,0.030573189316605978,NSE
unified_1981_2015,hysets_08150800,3,1,Knoben_Class_All,210,12783,-2.2068695220723766,-8.41668465827826,0.027186494054882604,NSE
unified_1981_2015,hysets_08164300,2,1,Knoben_Class_All,68,12783,-0.41037937534141467,-1.6116247215678507,0.032895155333450846,NSE
unified_1981_2015,hysets_08165300,1,1,Knoben_Class_All,217,12783,-0.5000038032134713,-2.3929037626776237,0.01902046346781061,NSE
unified_1981_2015,hysets_08165500,3,1,Knoben_Class_All,210,12761,-0.4894167012892814,-1.8848870824359678,0.020053310850155256,NSE
unified_1981_2015,hysets_08171000,5,1,Knoben_Class_All,225,12783,-0.04027156060345782,-0.4374611486095572,0.013051669192978583,NSE
unified_1981_2015,hysets_08175000,5,1,Knoben_Class_All,225,12783,-0.2605169083663095,-2.2351242782614125,0.017393267484335853,NSE
unified_1981_2015,hysets_08176900,1,0,Knoben_Class_All,217,12568,-0.35328049866654676,-2.4280127677109844,0.02592988871703471,NSE
unified_1981_2015,hysets_08178880,4,1,Knoben_Class_All,211,12145,-0.0118794272118381,-0.575021222243052,0.01097667658533715,NSE
unified_1981_2015,hysets_08189500,2,0,Knoben_Class_All,221,12783,-0.756895072766524,-2.9877066828295114,0.03317851439725906,NSE
unified_1981_2015,hysets_08194200,5,1,Knoben_Class_All,225,12783,-1.9578474878455445,-9.49638820434662,0.03883743543094045,NSE
unified_1981_2015,hysets_08195000,2,1,Knoben_Class_All,221,12783,-0.3575696407261184,-0.9055320296599676,0.024962612034572618,NSE
unified_1981_2015,hysets_08198000,5,1,Knoben_Class_All,225,12782,-0.254171599903966,-0.9632471928967996,0.02037472222537923,NSE
unified_1981_2015,hysets_08198500,1,1,Knoben_Class_All,217,12783,-0.32252226723488486,-4.03753828326096,0.019675385527933634,NSE
unified_1981_2015,hysets_08201500,1,0,Knoben_Class_All,217,12782,-0.11902087051888999,-0.6782684514024624,0.018755590069161682,NSE
unified_1981_2015,hysets_08202700,3,0,Knoben_Class_All,210,12783,-0.5465528868558593,-15.367550475070782,0.017685238916330524,NSE
unified_1981_2015,hysets_08247500,2,1,Knoben_Class_All,181,12783,-7.285791282764285,-5.222769551905782,0.25319662045506075,NSE
unified_1981_2015,hysets_08269000,3,1,Knoben_Class_All,188,12783,-3.4399706958218186,-1.6670383273490716,0.16803056074414155,NSE
unified_1981_2015,hysets_08279000,2,1,Knoben_Class_All,181,12560,-11.646281903284272,-3.6836219050442613,0.2062032353771098,NSE
unified_1981_2015,hysets_08284100,1,1,Knoben_Class_All,193,12783,-0.07543523723705503,-0.15295831140487026,0.09284017186080289,NSE
unified_1981_2015,hysets_08289000,3,1,Knoben_Class_All,188,12783,-22.65463933064246,-7.798364112705164,0.4632352484486088,NSE
unified_1981_2015,hysets_08291000,2,1,Knoben_Class_All,181,12783,-7.838498708273669,-2.091940657961108,0.21071172295638904,NSE
unified_1981_2015,hysets_08324000,4,1,Knoben_Class_All,211,12783,-17.13651475876881,-4.32430034911805,0.3316707678998314,NSE
unified_1981_2015,hysets_08334000,4,1,Knoben_Class_All,193,12783,-199.24039011551187,-42.790412238188075,0.6275331132320034,NSE
unified_1981_2015,hysets_08378500,5,1,Knoben_Class_All,189,12783,-2.5639111001859294,-0.8998901697032529,0.14069639315058188,NSE
unified_1981_2015,hysets_08401200,4,1,Knoben_Class_All,211,12032,-11.911712602809676,-83.43020064646981,0.04415579016919129,NSE
unified_1981_2015,hysets_08401900,5,1,Knoben_Class_All,225,12783,-5.094153122225119,-53.562716521261606,0.03845719858071271,NSE
unified_1981_2015,hysets_08405150,5,1,Knoben_Class_All,225,12783,-8.293882665578835,-89.67508255605276,0.045160050849849864,NSE
unified_1981_2015,hysets_08405500,3,1,Knoben_Class_All,210,12783,-137.8958665448274,-26.005619934052877,0.1941871015756683,NSE
unified_1981_2015,hysets_08AA008,1,1,Knoben_Class_All,90,12589,-45.17736594092956,-6.6257394234810425,0.7730151258947089,NSE
unified_1981_2015,hysets_08AA009,4,1,Knoben_Class_All,166,12695,-26.04820739886626,-6.716506545478302,0.36663009288780923,NSE
unified_1981_2015,hysets_08AC001,2,1,Knoben_Class_All,80,11614,-2.6434265780238233,-1.264454792634718,0.15346253987501524,NSE
unified_1981_2015,hysets_08EB004,5,1,Knoben_Class_All,169,12783,0.43945200736401635,0.500353220346401,0.04587660992954333,NSE
unified_1981_2015,hysets_08ED001,4,1,Knoben_Class_All,166,12699,0.2228725944811748,0.22526868334876105,0.1098237458804109,NSE
unified_1981_2015,hysets_08ED002,2,0,Knoben_Class_All,182,12783,0.08020557757141111,0.198194112111849,0.16179364654069261,NSE
unified_1981_2015,hysets_08EE008,2,1,Knoben_Class_All,182,12783,-0.036563875731111084,0.04884124901864062,0.07839994247134828,NSE
unified_1981_2015,hysets_08EE013,4,1,Knoben_Class_All,166,12715,-1.4124175619011496,-1.5645285306290408,0.13973928331051003,NSE
unified_1981_2015,hysets_08EE020,3,1,Knoben_Class_All,174,12783,0.20584525085062688,0.1881007006817057,0.06147057349702593,NSE
unified_1981_2015,hysets_08EG012,5,1,Knoben_Class_All,93,12783,-0.41427907570273015,-0.22613934443189043,0.0922018840028285,NSE
unified_1981_2015,hysets_08FE003,2,1,Knoben_Class_All,80,12783,-0.11716209622710161,-0.0952895619618066,0.0658005092034819,NSE
unified_1981_2015,hysets_08FF001,3,1,Knoben_Class_All,92,12783,-0.08197993332850428,-0.04865977749460626,0.045087829781580734,NSE
unified_1981_2015,hysets_08FF002,3,1,Knoben_Class_All,92,12783,-0.016309526841893796,-0.05427949880768712,0.04547642786727817,NSE
unified_1981_2015,hysets_08FF003,4,1,Knoben_Class_All,93,12783,-0.24481941693662468,-0.20399557353892428,0.05194381582533488,NSE
unified_1981_2015,hysets_08GA071,2,1,Knoben_Class_All,80,12709,-0.2234471122711088,-0.10408293130515256,0.09798553502696829,NSE
unified_1981_2015,hysets_08GA072,5,0,Knoben_Class_All,169,12356,-0.24137291263311522,-0.06236584641694587,0.07641595009265352,NSE
unified_1981_2015,hysets_08HA001,5,1,Knoben_Class_All,75,12783,0.4471942639878327,0.38488594550533806,0.043056694909597244,NSE
unified_1981_2015,hysets_08HA010,1,1,Knoben_Class_All,80,11578,0.2649483409416632,0.12003732250425281,0.07570315821005681,NSE
unified_1981_2015,hysets_08HB014,2,1,Knoben_Class_All,80,12743,0.043205002974673556,-0.11911072396536548,0.07925571881238293,NSE
unified_1981_2015,hysets_08HB074,5,1,Knoben_Class_All,169,12308,-0.24132942930120937,-0.1987387589749825,0.05929058547728639,NSE
unified_1981_2015,hysets_08HD011,2,1,Knoben_Class_All,182,12783,0.08509603454535686,0.03321995672673772,0.05966752442689559,NSE
unified_1981_2015,hysets_08HD015,4,1,Knoben_Class_All,166,12459,0.026901045867426032,-0.06361367729433898,0.0603946409325469,NSE
unified_1981_2015,hysets_08HF004,3,1,Knoben_Class_All,174,12639,-0.09157624565392664,-0.21732819544135595,0.05729391426781386,NSE
unified_1981_2015,hysets_08JD006,4,1,Knoben_Class_All,166,11977,0.42555558924805426,0.3581148285788248,0.06888857865796805,NSE
unified_1981_2015,hysets_08KA007,5,1,Knoben_Class_All,169,12783,0.32218180506247407,0.3491069177888553,0.11826173317560397,NSE
unified_1981_2015,hysets_08KH010,1,1,Knoben_Class_All,169,12686,0.6105942524055923,0.5248023768690808,0.08525471284302287,NSE
unified_1981_2015,hysets_08KH019,5,1,Knoben_Class_All,189,12518,-1.6775219251894153,-0.7106210372184765,0.13201536394198077,NSE
unified_1981_2015,hysets_08LB038,2,1,Knoben_Class_All,182,11688,0.3422178479726443,0.21247132635361898,0.11578312823698622,NSE
unified_1981_2015,hysets_08LB069,3,1,Knoben_Class_All,174,12783,0.5601036586529469,0.4058432681563926,0.07911084099943101,NSE
unified_1981_2015,hysets_08LB076,3,1,Knoben_Class_All,174,12644,0.5518538853043706,0.43488436231401173,0.07277425056007908,NSE
unified_1981_2015,hysets_08LE024,5,0,Knoben_Class_All,169,12783,0.3751843877162804,0.2504092410381884,0.11213616258259361,NSE
unified_1981_2015,hysets_08LE027,3,0,Knoben_Class_All,174,12783,0.2804971680668985,0.18533576192722745,0.09931627063108255,NSE
unified_1981_2015,hysets_08LG048,5,0,Knoben_Class_All,169,12783,0.5971448632106153,0.4472559407429293,0.06120624545999717,NSE
unified_1981_2015,hysets_08MA003,4,1,Knoben_Class_All,166,12096,-0.0257262434822767,0.17960111677178758,0.1821840525119323,NSE
unified_1981_2015,hysets_08ME023,1,0,Knoben_Class_All,90,12694,-0.12866314911340315,-0.20865085206933953,0.09534726041763546,NSE
unified_1981_2015,hysets_08ME025,4,1,Knoben_Class_All,166,12053,-9.712134473682807,-1.950189807653866,0.3295672588363112,NSE
unified_1981_2015,hysets_08MH016,5,1,Knoben_Class_All,169,12783,-0.10339945112237214,0.131063554701217,0.09700750067349526,NSE
unified_1981_2015,hysets_08MH056,3,1,Knoben_Class_All,174,12620,-0.06537737897040552,0.044306672412930403,0.04551762257530051,NSE
unified_1981_2015,hysets_08MH103,2,1,Knoben_Class_All,182,12783,0.0719165958153396,0.20112335020405336,0.0628080281644493,NSE
unified_1981_2015,hysets_08MH147,4,1,Knoben_Class_All,166,11698,-0.3987029706698775,-0.20649245898398805,0.07549766971686342,NSE
unified_1981_2015,hysets_08NA006,5,1,Knoben_Class_All,169,12765,0.3545908098130508,0.42106906172391656,0.11095695708431072,NSE
unified_1981_2015,hysets_08NB012,3,1,Knoben_Class_All,174,12179,0.30206382829368494,0.3426774061055833,0.11593740948640528,NSE
unified_1981_2015,hysets_08NB014,5,1,Knoben_Class_All,93,12783,0.23156219534907718,0.15515043142499008,0.11048757417551945,NSE
unified_1981_2015,hysets_08ND012,4,1,Knoben_Class_All,166,12783,0.267943893091652,0.21878351702059662,0.11457487822769633,NSE
unified_1981_2015,hysets_08ND013,4,1,Knoben_Class_All,166,12783,0.20362598892307215,0.1600753017353731,0.11831226674894782,NSE
unified_1981_2015,hysets_08NE039,3,1,Knoben_Class_All,174,12783,0.35885469544247917,0.19073905544223302,0.09969782875885311,NSE
unified_1981_2015,hysets_08NE074,4,1,Knoben_Class_All,166,12783,0.5876250948398204,0.4591964882303218,0.075228774252068,NSE
unified_1981_2015,hysets_08NF001,5,1,Knoben_Class_All,169,12783,-0.19419201812895825,-0.28527805819507246,0.15745349386039942,NSE
unified_1981_2015,hysets_08NG076,3,1,Knoben_Class_All,174,12783,-0.9933428904464272,-0.742772494017401,0.11531468195013667,NSE
unified_1981_2015,hysets_08NG077,2,1,Knoben_Class_All,182,12783,0.4055285317455105,0.2683401710047473,0.07555830040166865,NSE
unified_1981_2015,hysets_08NH005,1,1,Knoben_Class_All,169,12783,0.5354660329656771,0.42489385072232533,0.07421162162749169,NSE
unified_1981_2015,hysets_08NH006,4,1,Knoben_Class_All,166,12783,-0.10865743670740446,-0.33687001316788523,0.1238957128843774,NSE
unified_1981_2015,hysets_08NH120,1,1,Knoben_Class_All,169,12783,0.5143448261120802,0.32548835609704685,0.05899474115533281,NSE
unified_1981_2015,hysets_08NH130,3,1,Knoben_Class_All,174,12783,0.38077653232756614,0.29574448520720364,0.07574708589233471,NSE
unified_1981_2015,hysets_08NJ160,5,1,Knoben_Class_All,169,12783,0.5640734051519762,0.430328960486312,0.08980574924299903,NSE
unified_1981_2015,hysets_08NK016,4,1,Knoben_Class_All,166,12783,-0.24853376808376226,-0.059021212394929856,0.05722212283409103,NSE
unified_1981_2015,hysets_08NK018,2,1,Knoben_Class_All,182,12783,-0.15567569338442255,-0.10244966424098445,0.059323900143591686,NSE
unified_1981_2015,hysets_08NK022,4,1,Knoben_Class_All,166,12783,0.11572281130975359,0.11994555634204129,0.0680459942369204,NSE
unified_1981_2015,hysets_08NL004,1,1,Knoben_Class_All,169,12783,-2.490184697225621,-1.8770100226722217,0.17390897012479034,NSE
unified_1981_2015,hysets_08NL024,5,1,Knoben_Class_All,169,12783,0.06242691616150331,-0.2616955897245694,0.0787296761684773,NSE
unified_1981_2015,hysets_08NL050,5,1,Knoben_Class_All,169,12783,-2.1091188368740736,-2.107123808646913,0.12499095875734209,NSE
unified_1981_2015,hysets_08NL071,4,1,Knoben_Class_All,166,12783,0.5193663314467691,0.38433527885846297,0.053843776078179695,NSE
unified_1981_2015,hysets_08NN019,3,1,Knoben_Class_All,174,12783,-0.49817512043693846,-0.7400919286173109,0.14150387230123165,NSE
unified_1981_2015,hysets_08OA002,2,1,Knoben_Class_All,68,12398,-0.4605967710163652,-0.43961127972083625,0.11327289652653633,NSE
unified_1981_2015,hysets_09059500,4,1,Knoben_Class_All,193,12783,-0.0660814463438979,0.058787307680155165,0.10936374994332342,NSE
unified_1981_2015,hysets_09165000,3,1,Knoben_Class_All,188,12053,0.05399742037753952,0.14716025975501923,0.1168887323797277,NSE
unified_1981_2015,hysets_09196500,1,1,Knoben_Class_All,169,11731,0.33962904724214515,0.2920239400138588,0.10470870740101874,NSE
unified_1981_2015,hysets_09223000,3,1,Knoben_Class_All,188,12783,-0.31297490844226505,-0.2947261782153292,0.10033632422253187,NSE
unified_1981_2015,hysets_09253000,5,1,Knoben_Class_All,189,12231,0.015254054518860305,0.02074677116489876,0.1094773332880514,NSE
unified_1981_2015,hysets_09255000,2,1,Knoben_Class_All,181,12783,-0.7888809314232661,-0.7395812994611066,0.1340169212393412,NSE
unified_1981_2015,hysets_09266500,2,1,Knoben_Class_All,181,12783,-0.24508414981154236,-0.05896749730765993,0.07027449220060764,NSE
unified_1981_2015,hysets_09289500,1,1,Knoben_Class_All,193,12783,0.0008426933114299429,-0.027091630656600474,0.07896972905424432,NSE
unified_1981_2015,hysets_09292500,5,1,Knoben_Class_All,189,12783,-0.5403635999548582,-0.02392601655516624,0.11383108198389047,NSE
unified_1981_2015,hysets_09299500,1,1,Knoben_Class_All,193,12783,-0.2513811127318559,-0.0019914639634301956,0.08148139233479613,NSE
unified_1981_2015,hysets_09304200,2,1,Knoben_Class_All,181,12783,-0.7404820672840626,0.036546282637911376,0.1582884239224175,NSE
unified_1981_2015,hysets_09304500,1,1,Knoben_Class_All,193,12783,-0.8939285150304823,0.0044792738308139235,0.14740504387543807,NSE
unified_1981_2015,hysets_09306222,4,1,Knoben_Class_All,193,12783,-488.61789096157804,-27.612804392574283,2.0844329511106143,NSE
unified_1981_2015,hysets_09310500,3,1,Knoben_Class_All,188,12783,-0.0365761899496122,-0.153999737485234,0.08334474421448725,NSE
unified_1981_2015,hysets_09312600,4,1,Knoben_Class_All,193,12783,-2.6680202554550236,-2.6788992721881844,0.12317996923773442,NSE
unified_1981_2015,hysets_09337000,3,1,Knoben_Class_All,188,12782,-225.5042829947857,-17.393371494658453,0.7244377975485472,NSE
unified_1981_2015,hysets_09342500,5,1,Knoben_Class_All,189,12783,0.09016505777816775,0.2008747040145199,0.11813123681525436,NSE
unified_1981_2015,hysets_09352900,3,1,Knoben_Class_All,188,12783,-0.007715657276116561,-0.01611693781272794,0.10500049407673541,NSE
unified_1981_2015,hysets_09386900,1,1,Knoben_Class_All,217,12783,-9.130832650700704,-12.371165505749705,0.07918476677257566,NSE
unified_1981_2015,hysets_09403600,3,1,Knoben_Class_All,188,12783,-509.2795133673849,-27.13624830130221,0.5247955925404191,NSE
unified_1981_2015,hysets_09404450,5,1,Knoben_Class_All,189,12783,-45.083374727941006,-5.993694809054191,0.19400487363690105,NSE
unified_1981_2015,hysets_09405500,4,1,Knoben_Class_All,193,12783,-9.34964687334593,-3.127626355877978,0.13890216464568575,NSE
unified_1981_2015,hysets_09430600,5,0,Knoben_Class_All,225,12783,-0.13016131565779254,-0.5476817681165029,0.020416116026305435,NSE
unified_1981_2015,hysets_09442680,3,1,Knoben_Class_All,210,12783,-18.736444423591287,-12.523502895866736,0.07824442559254721,NSE
unified_1981_2015,hysets_09447000,5,1,Knoben_Class_All,225,12783,-1.57042165271818,-5.71734466854998,0.0278170366629986,NSE
unified_1981_2015,hysets_09447800,5,1,Knoben_Class_All,225,12571,-9.57383857925941,-27.26949437195525,0.035423876856823404,NSE
unified_1981_2015,hysets_09473000,3,1,Knoben_Class_All,210,12052,-4.601368587505323,-11.79663921922314,0.03939173180797391,NSE
unified_1981_2015,hysets_09494000,5,1,Knoben_Class_All,225,12783,-4.357217034723261,-1.5806382404496313,0.08984599842687084,NSE
unified_1981_2015,hysets_09496500,2,1,Knoben_Class_All,221,12783,-8.378476709567334,-9.861394228601137,0.07063961887135575,NSE
unified_1981_2015,hysets_09497800,2,1,Knoben_Class_All,221,12418,-6.569099541079975,-5.141981134681336,0.06730453312357385,NSE
unified_1981_2015,hysets_09497980,4,1,Knoben_Class_All,211,12783,-2.084192616917844,-4.310805392347003,0.04298647308289511,NSE
unified_1981_2015,hysets_09499000,2,0,Knoben_Class_All,221,12783,-0.4922760674506572,-2.4726572692950604,0.027348373076601987,NSE
unified_1981_2015,hysets_09504420,2,1,Knoben_Class_All,221,12510,-0.43719968415532073,-1.0378112869952485,0.035268536915822754,NSE
unified_1981_2015,hysets_09505800,1,1,Knoben_Class_All,217,12783,-0.8617307591610459,-2.2886754673403926,0.023591176592189858,NSE
unified_1981_2015,hysets_09510200,1,1,Knoben_Class_All,217,12783,-0.9205847534709846,-4.616353742691345,0.03402197002442635,NSE
unified_1981_2015,hysets_09512280,5,1,Knoben_Class_All,65,12783,-4.570510743415432,-16.75723515703976,0.03976718135503332,NSE
unified_1981_2015,hysets_09513780,3,1,Knoben_Class_All,210,12783,-0.2545548958142163,-4.158415155698127,0.01999870709872093,NSE
unified_1981_2015,hysets_09AA012,5,1,Knoben_Class_All,93,12657,-6.000279694240062,-2.0371989754445443,0.28806445023656113,NSE
unified_1981_2015,hysets_09AA013,2,1,Knoben_Class_All,80,11625,-1.2854190784023745,-0.3341621636512466,0.2584110909866123,NSE
unified_1981_2015,hysets_09AH003,1,1,Knoben_Class_All,90,12337,-17.468027962600775,-6.463001836401736,0.2593065374387037,NSE
unified_1981_2015,hysets_09CA004,1,1,Knoben_Class_All,90,12567,-1.3553818213747597,-1.0975414993866073,0.07066315536889971,NSE
unified_1981_2015,hysets_09EA004,2,1,Knoben_Class_All,80,12630,-2.9047426476170095,-1.163500616381194,0.17828863056132122,NSE
unified_1981_2015,hysets_10011500,2,1,Knoben_Class_All,181,12783,-0.013148186235043324,0.10249382880806057,0.10969288607247006,NSE
unified_1981_2015,hysets_10032000,3,1,Knoben_Class_All,188,12783,-0.19645622514648742,0.17815004260135614,0.12377195214604657,NSE
unified_1981_2015,hysets_10113500,4,1,Knoben_Class_All,193,11506,-9.794377299423614,-1.7658206198356798,0.2415960507490556,NSE
unified_1981_2015,hysets_10173450,2,1,Knoben_Class_All,181,12782,-1.9289411072693592,-1.2894629155934854,0.151832557339415,NSE
unified_1981_2015,hysets_10174500,1,1,Knoben_Class_All,193,12783,-9.749410702949987,-2.516612250876156,0.281764091482408,NSE
unified_1981_2015,hysets_10194200,5,1,Knoben_Class_All,189,12467,-18.217134182051215,-4.5913899181616005,0.4085834603111665,NSE
unified_1981_2015,hysets_10234500,2,1,Knoben_Class_All,181,12783,-2.201833346238304,-0.7889124165344379,0.14887984157469478,NSE
unified_1981_2015,hysets_10258500,4,1,Knoben_Class_All,211,12783,-7.655659886486591,-15.746459712751498,0.06302114893485997,NSE
unified_1981_2015,hysets_10296000,3,1,Knoben_Class_All,174,12783,0.32251941466685063,0.20940146772828627,0.041358439521887606,NSE
unified_1981_2015,hysets_10296500,5,1,Knoben_Class_All,169,12783,-0.051641699689396026,-0.16089949904854928,0.04917167063761122,NSE
unified_1981_2015,hysets_10329500,4,1,Knoben_Class_All,166,12783,-36.95040113718123,-10.169608217864287,0.2508374491307883,NSE
unified_1981_2015,hysets_10396000,4,1,Knoben_Class_All,166,12783,-5.573685092847538,-1.9588919411332322,0.16532073880634554,NSE
unified_1981_2015,hysets_10AC005,3,1,Knoben_Class_All,92,12783,-0.02292001402164412,0.029463381870343253,0.11339001725858269,NSE
unified_1981_2015,hysets_10BE007,3,1,Knoben_Class_All,92,12783,-3.648013353885055,-0.7231366226879195,0.24478752699310444,NSE
unified_1981_2015,hysets_10BE009,3,1,Knoben_Class_All,174,12715,-59.66464737229512,-4.607699306987948,0.7179066064484803,NSE
unified_1981_2015,hysets_10ED003,5,1,Knoben_Class_All,189,12782,-1.3241838390865923,-1.251377333504685,0.03566233825849843,NSE
unified_1981_2015,hysets_10GC003,3,1,Knoben_Class_All,174,12783,-4.675839123657522,-3.6943924259456518,0.05984704233392093,NSE
unified_1981_2015,hysets_10LC003,3,1,Knoben_Class_All,174,12112,-15.24493387099401,-8.941829143745528,0.19333419740075997,NSE
unified_1981_2015,hysets_10LC007,2,1,Knoben_Class_All,182,12242,-15.072410493391367,-5.887974217099635,0.1864276169275299,NSE
unified_1981_2015,hysets_11012500,4,1,Knoben_Class_All,211,12783,-21.22424179765413,-15.944252896362325,0.12491921629823088,NSE
unified_1981_2015,hysets_11015000,2,1,Knoben_Class_All,221,12783,-0.46371798226977967,-2.757190999165932,0.027794192755895657,NSE
unified_1981_2015,hysets_11042400,1,1,Knoben_Class_All,217,12419,-6.788041737253585,-13.203134551332049,0.0425435309601359,NSE
unified_1981_2015,hysets_11123000,2,1,Knoben_Class_All,221,12783,-0.02869553770645661,-1.0711160846562322,0.033699292960535546,NSE
unified_1981_2015,hysets_11123500,4,1,Knoben_Class_All,211,12783,0.005950311524099194,-0.8756365603595104,0.032791887258041344,NSE
unified_1981_2015,hysets_11124500,1,1,Knoben_Class_All,217,12783,-0.2114814677467769,-1.2213602430149826,0.036285152009775744,NSE
unified_1981_2015,hysets_11132500,4,1,Knoben_Class_All,211,12783,-0.07247829176715759,-1.626084062697502,0.01795567218801969,NSE
unified_1981_2015,hysets_11140000,1,1,Knoben_Class_All,217,12783,-1.1485169745715362,-4.752499114013741,0.04187761163065539,NSE
unified_1981_2015,hysets_11143000,5,1,Knoben_Class_All,225,12783,0.013171093782011534,-0.21914017328022983,0.05195883639407995,NSE
unified_1981_2015,hysets_11143200,3,1,Knoben_Class_All,210,12783,0.04143805789427801,-0.18073894595759188,0.032221695405480054,NSE
unified_1981_2015,hysets_11143250,5,1,Knoben_Class_All,225,12783,-0.12724550867364326,-0.576049235596721,0.03791481670654691,NSE
unified_1981_2015,hysets_11148900,3,1,Knoben_Class_All,210,12783,0.06740876820601782,-0.10077933596242072,0.027573164174901195,NSE
unified_1981_2015,hysets_11149900,1,1,Knoben_Class_All,217,12783,0.02511672546155641,-0.3881338674189554,0.028121367068181947,NSE
unified_1981_2015,hysets_11151300,2,1,Knoben_Class_All,68,12682,-19.755458367653706,-20.368608356416807,0.07313383128710749,NSE
unified_1981_2015,hysets_11152000,3,1,Knoben_Class_All,210,12783,0.10494123016481383,0.0038664994153478904,0.03042225681890752,NSE
unified_1981_2015,hysets_11202000,5,1,Knoben_Class_All,189,12783,-0.36925918107544886,-0.5529078238344696,0.03325267760304438,NSE
unified_1981_2015,hysets_11202001,3,1,Knoben_Class_All,188,12783,0.07525791504918433,0.17172260510878634,0.03189008628187803,NSE
unified_1981_2015,hysets_11224500,5,1,Knoben_Class_All,65,12783,-13.673427899274214,-20.170650712607312,0.06001037730356152,NSE
unified_1981_2015,hysets_11230500,4,1,Knoben_Class_All,166,12783,0.30937341215397174,0.27846913081471614,0.0479585455720501,NSE
unified_1981_2015,hysets_11253310,4,1,Knoben_Class_All,211,12783,-6.554896682720223,-12.130166009220545,0.0478960273381415,NSE
unified_1981_2015,hysets_11264500,2,1,Knoben_Class_All,182,12783,0.3836101402454377,0.33037141015726357,0.05249409871970821,NSE
unified_1981_2015,hysets_11266500,5,1,Knoben_Class_All,169,12783,0.3743927052309236,0.3244669815396338,0.04025630097906907,NSE
unified_1981_2015,hysets_11314500,4,1,Knoben_Class_All,166,12783,0.0630394476782653,-0.18267705894160668,0.044292361357613406,NSE
unified_1981_2015,hysets_11317000,3,1,Knoben_Class_All,70,12783,0.408441987995686,0.33942356038156385,0.02950776299911892,NSE
unified_1981_2015,hysets_11318500,4,1,Knoben_Class_All,71,12783,0.36277012261792885,0.2859766098909786,0.025764790015993518,NSE
unified_1981_2015,hysets_11367500,4,1,Knoben_Class_All,166,12783,-1.6913293930419808,0.056221199050958126,0.050221624199766154,NSE
unified_1981_2015,hysets_11374000,4,1,Knoben_Class_All,71,12783,0.3413205982597505,0.2250276976580724,0.05444654944292119,NSE
unified_1981_2015,hysets_11376550,4,1,Knoben_Class_All,71,12673,0.46698873874552627,0.6198991196272206,0.04657882469872496,NSE
unified_1981_2015,hysets_11379500,1,1,Knoben_Class_All,62,12783,0.4089039648951863,0.2902635323075995,0.03654593789323502,NSE
unified_1981_2015,hysets_11381500,3,1,Knoben_Class_All,70,12783,0.38195163652607833,0.25063727384405665,0.02218462016523602,NSE
unified_1981_2015,hysets_11383500,1,1,Knoben_Class_All,62,12783,0.5347420189252985,0.4237836318214354,0.019550392405132323,NSE
unified_1981_2015,hysets_11402000,1,1,Knoben_Class_All,169,12783,-0.264521627384964,-0.29807047477559956,0.03579421101824618,NSE
unified_1981_2015,hysets_11413000,3,1,Knoben_Class_All,174,12783,0.11964297850524952,0.07676135587012178,0.035163306591711074,NSE
unified_1981_2015,hysets_11413300,4,1,Knoben_Class_All,166,12783,0.0016232578936299369,-0.228111268833604,0.029366368977959224,NSE
unified_1981_2015,hysets_11428800,5,1,Knoben_Class_All,169,12783,-0.917496329793239,-3.8290094325682515,0.020808171993848275,NSE
unified_1981_2015,hysets_11433300,5,1,Knoben_Class_All,65,12783,0.3317446112432305,0.24315196915753,0.02212819158720083,NSE
unified_1981_2015,hysets_11451100,4,0,Knoben_Class_All,71,12783,0.25442143300960673,0.10899411267420778,0.03301681262996424,NSE
unified_1981_2015,hysets_11461000,1,0,Knoben_Class_All,62,12783,0.33700861601321264,0.21099361235802738,0.04057856319043289,NSE
unified_1981_2015,hysets_11468500,5,0,Knoben_Class_All,65,12783,0.3760087390360626,0.22064378841953003,0.03027330067139894,NSE
unified_1981_2015,hysets_11470500,1,1,Knoben_Class_All,62,12783,0.3604736604939637,0.20325708116400476,0.0311955478983246,NSE
unified_1981_2015,hysets_11473900,3,1,Knoben_Class_All,70,12783,0.40084110976323406,0.22496247827248728,0.030006607828233174,NSE
unified_1981_2015,hysets_11478500,4,1,Knoben_Class_All,81,12783,0.2897500026319283,0.2440804192314816,0.050871629804029914,NSE
unified_1981_2015,hysets_11480390,3,1,Knoben_Class_All,70,12783,0.2888820506223463,0.10139274280046706,0.04441592534572416,NSE
unified_1981_2015,hysets_11480410,1,1,Knoben_Class_All,62,12783,0.29122393955044235,0.10037124423330712,0.041287041948849426,NSE
unified_1981_2015,hysets_11481200,4,1,Knoben_Class_All,71,12783,0.07661206150245492,-0.11323314327845102,0.04212880263056673,NSE
unified_1981_2015,hysets_11482500,4,1,Knoben_Class_All,81,12783,0.35546751004023147,0.34481915569540034,0.04457601700205444,NSE
unified_1981_2015,hysets_11521500,5,1,Knoben_Class_All,75,12600,0.46717056371308696,0.5043472439087308,0.025377960558996396,NSE
unified_1981_2015,hysets_11522500,3,1,Knoben_Class_All,80,12783,-0.1764604350564245,0.08626505161033704,0.04040666003109011,NSE
unified_1981_2015,hysets_11523200,5,1,Knoben_Class_All,169,12783,0.15838671148821282,0.11853231482458682,0.037609509245549226,NSE
unified_1981_2015,hysets_11528700,2,1,Knoben_Class_All,68,12783,0.5567499579067531,0.37824733147286993,0.030780534293222014,NSE
unified_1981_2015,hysets_11532500,3,1,Knoben_Class_All,80,12783,0.38012182912338566,0.24682381336264714,0.05327350292251721,NSE
unified_1981_2015,hysets_12025700,2,1,Knoben_Class_All,80,12783,0.5144573982551297,0.38337167745407996,0.03150912681244532,NSE
unified_1981_2015,hysets_12035000,3,1,Knoben_Class_All,80,12783,0.3989019512417932,0.22829909450547514,0.043130171726254406,NSE
unified_1981_2015,hysets_12039500,2,1,Knoben_Class_All,80,12783,-0.03897621033349252,0.0013198612408276134,0.07350018770623638,NSE
unified_1981_2015,hysets_12040500,5,1,Knoben_Class_All,75,12783,0.16091513732948803,0.0345454065548666,0.0634584233598779,NSE
unified_1981_2015,hysets_12041200,1,1,Knoben_Class_All,80,12783,0.09132555484677674,0.0705787917049775,0.0645754827211493,NSE
unified_1981_2015,hysets_12043000,3,1,Knoben_Class_All,80,11628,0.25221448138261926,0.09354819637768863,0.051440851962939474,NSE
unified_1981_2015,hysets_12048000,5,1,Knoben_Class_All,169,12783,0.4247117257458267,0.5283691775337549,0.04900894142816274,NSE
unified_1981_2015,hysets_12054000,1,1,Knoben_Class_All,169,12783,-0.15019851173946996,-0.11577734526444172,0.07138677937544995,NSE
unified_1981_2015,hysets_12056500,5,1,Knoben_Class_All,75,12783,0.15062162441384153,0.08986572398170223,0.04489895614537168,NSE
unified_1981_2015,hysets_12082500,2,0,Knoben_Class_All,182,12783,-0.2201933563963443,-0.004346762373147017,0.04694037966297451,NSE
unified_1981_2015,hysets_12092000,5,0,Knoben_Class_All,169,12783,-0.35705854674232973,0.006860619721484773,0.04496444463943275,NSE
unified_1981_2015,hysets_12115000,1,1,Knoben_Class_All,169,12783,-0.07870265980534752,-0.10091638115843549,0.04793035425398323,NSE
unified_1981_2015,hysets_12134500,5,1,Knoben_Class_All,169,12783,-0.19094882033644534,-0.13551367289460137,0.05526662919352458,NSE
unified_1981_2015,hysets_12141300,5,1,Knoben_Class_All,169,12417,-0.20469853954075456,-0.19077486484783557,0.062435907837877,NSE
unified_1981_2015,hysets_12142000,2,1,Knoben_Class_All,182,12418,-0.2028110612409546,-0.21160209824686205,0.05255442785058294,NSE
unified_1981_2015,hysets_12186000,1,1,Knoben_Class_All,169,12783,-0.17344970526330905,-0.070342923391284,0.030560743792600105,NSE
unified_1981_2015,hysets_12189500,1,1,Knoben_Class_All,169,12783,-0.15712521192851292,0.04608974974922042,0.0566314080926748,NSE
unified_1981_2015,hysets_12205000,4,1,Knoben_Class_All,166,12783,-0.4136065510057363,-0.04873481086222564,0.07438902254272677,NSE
unified_1981_2015,hysets_12324590,1,1,Knoben_Class_All,193,12632,-6.833944024807402,-2.141474420421365,0.09093322056525271,NSE
unified_1981_2015,hysets_12330000,3,1,Knoben_Class_All,188,12663,-1.6989641663858381,-0.6299826965070603,0.0922672393218341,NSE
unified_1981_2015,hysets_12332000,4,1,Knoben_Class_All,193,12632,-0.332483123332983,0.020327002199631905,0.1273315362873451,NSE
unified_1981_2015,hysets_12370000,5,1,Knoben_Class_All,169,12783,0.47417453231834805,0.5621594328449322,0.09668900224883195,NSE
unified_1981_2015,hysets_12389500,1,1,Knoben_Class_All,169,12783,-8.250630879904964,-2.143686555906222,0.2677983680121676,NSE
unified_1981_2015,hysets_12411000,1,1,Knoben_Class_All,169,12783,0.17872500602737962,0.25942519199521663,0.06013248757091308,NSE
unified_1981_2015,hysets_12414900,1,1,Knoben_Class_All,169,12783,-0.5745171683640335,-0.11194576462666217,0.05662031703017815,NSE
unified_1981_2015,hysets_12452800,4,1,Knoben_Class_All,166,12783,0.5954885187754644,0.4511298906802158,0.07414540699894753,NSE
unified_1981_2015,hysets_12488500,1,1,Knoben_Class_All,169,12783,0.5924855592196279,0.454291487995065,0.058595266848852474,NSE
unified_1981_2015,hysets_13010065,5,1,Knoben_Class_All,169,11780,0.5120128053794608,0.4186694769022833,0.08166658411363084,NSE
unified_1981_2015,hysets_13011900,2,1,Knoben_Class_All,182,12445,0.33376772759281637,0.30803263680503845,0.10811331960452528,NSE
unified_1981_2015,hysets_13023000,1,1,Knoben_Class_All,169,12783,0.10371395541125972,0.21170091655487533,0.1172173218545727,NSE
unified_1981_2015,hysets_13186000,5,1,Knoben_Class_All,169,12783,-0.1563497403874552,-0.2034199403478416,0.1321068278800521,NSE
unified_1981_2015,hysets_13235000,2,1,Knoben_Class_All,182,12783,0.5628017982965416,0.5402939814362742,0.08127480933062557,NSE
unified_1981_2015,hysets_13297355,3,1,Knoben_Class_All,188,12783,-2.662218264304735,-1.3305866653583007,0.1824309141732953,NSE
unified_1981_2015,hysets_13331500,4,1,Knoben_Class_All,166,12783,0.6186214607524476,0.4840853562216699,0.07379676098762737,NSE
unified_1981_2015,hysets_13339500,3,1,Knoben_Class_All,174,12783,-0.5236459356675134,-0.019289796849745855,0.09150191883485789,NSE
unified_1981_2015,hysets_14013000,2,1,Knoben_Class_All,181,12783,-0.040460387592112346,0.10568262551585483,0.03610194801159795,NSE
unified_1981_2015,hysets_14020000,3,1,Knoben_Class_All,174,12783,-0.09535505616845352,0.1848076075609737,0.06427104983824587,NSE
unified_1981_2015,hysets_14020300,2,1,Knoben_Class_All,182,12600,-0.6937604981825314,-0.28179656182112134,0.09069830858019332,NSE
unified_1981_2015,hysets_14038530,3,1,Knoben_Class_All,174,12198,-16.81357456284013,-3.1237214062262906,0.31853280592256306,NSE
unified_1981_2015,hysets_14044000,5,1,Knoben_Class_All,169,12783,-7.885649662049419,-2.563928536546222,0.24913612481257172,NSE
unified_1981_2015,hysets_14091500,2,0,Knoben_Class_All,182,12783,-8.95889246147254,-0.04379314158738867,0.16217938707487523,NSE
unified_1981_2015,hysets_14096850,2,1,Knoben_Class_All,182,11780,-9.290292320890428,-2.526664663916735,0.09800805728054837,NSE
unified_1981_2015,hysets_14097100,1,1,Knoben_Class_All,169,12783,-8.58052032111883,-1.4331416826806618,0.07705715498643162,NSE
unified_1981_2015,hysets_14154500,4,1,Knoben_Class_All,81,12783,0.4138345241118583,0.3433064264526484,0.043750976114482774,NSE
unified_1981_2015,hysets_14158500,1,1,Knoben_Class_All,169,12783,-0.6451721774752572,0.14996811998842907,0.13300054159845875,NSE
unified_1981_2015,hysets_14166500,5,1,Knoben_Class_All,75,12783,0.41777580083850174,0.20257235388688843,0.0508140509791853,NSE
unified_1981_2015,hysets_14178000,3,1,Knoben_Class_All,174,12783,-0.232391442660965,0.015381743961810912,0.04760893649330962,NSE
unified_1981_2015,hysets_14182500,5,1,Knoben_Class_All,75,12783,0.4299168957875722,0.2944549549947293,0.02458727318327511,NSE
unified_1981_2015,hysets_14185000,4,0,Knoben_Class_All,81,12783,0.5166675053986529,0.4379538291955598,0.033762282240933764,NSE
unified_1981_2015,hysets_14185900,2,1,Knoben_Class_All,80,12783,0.38884397332049647,0.22134178466378318,0.045731510567213314,NSE
unified_1981_2015,hysets_14236200,3,1,Knoben_Class_All,80,12783,0.4802785691985083,0.3614787287197493,0.03632199627602755,NSE
unified_1981_2015,hysets_14301000,3,1,Knoben_Class_All,80,12783,0.6451949693269874,0.54653808034993,0.03757274204327306,NSE
unified_1981_2015,hysets_14306500,1,1,Knoben_Class_All,80,12783,0.6692185608713623,0.555295585412118,0.040598057560432804,NSE
unified_1981_2015,hysets_14308000,5,1,Knoben_Class_All,75,12783,0.24245816529896602,0.05961975344254333,0.04759045649153106,NSE
unified_1981_2015,hysets_14309500,2,1,Knoben_Class_All,80,12783,0.5162450790626709,0.3096633636609807,0.04581992003012046,NSE
unified_1981_2015,hysets_14316700,2,1,Knoben_Class_All,80,12783,0.6084835827115507,0.49809232649547275,0.04338733030930783,NSE
unified_1981_2015,hysets_14325000,4,0,Knoben_Class_All,81,12783,0.4272476251180405,0.3395996891574453,0.053063593649446655,NSE
unified_1981_2015,hysets_14338000,2,1,Knoben_Class_All,80,12672,-0.25063043550518826,-0.6529601962663678,0.058045114069706166,NSE
unified_1981_2015,hysets_14377100,4,1,Knoben_Class_All,81,12783,0.45715438585866797,0.4024638530796266,0.0470880142534256,NSE
unified_1981_2015,hysets_14400000,3,1,Knoben_Class_All,80,12783,0.2526127755788915,0.08056902584326697,0.05761256489759051,NSE
unified_1981_2015,lamah_12425002,3,1,Knoben_Class_All,80,12783,-2.5132100450355708,-0.4216160436298133,0.10171083149824717,NSE
unified_1981_2015,lamah_16000708,2,1,Knoben_Class_All,80,11819,0.45412956325603415,0.6011955647264268,0.039997291983684326,NSE
unified_1981_2015,lamah_16001303,5,1,Knoben_Class_All,93,12616,-5.4040290776310815,-2.293052237890515,0.06747333382813032,NSE
unified_1981_2015,lamah_16610709,4,1,Knoben_Class_All,93,12676,0.17434695839074166,0.2296744162619394,0.023394160672931028,NSE
unified_1981_2015,lamah_17404000,1,1,Knoben_Class_All,90,12699,-1.049558990517478,-0.21971078340215233,0.06554556763296611,NSE
unified_1981_2015,lamah_18481006,5,1,Knoben_Class_All,75,12782,-1.095233837509594,0.0006030325366233047,0.055207704988055335,NSE
unified_1981_2015,lamah_18486000,4,1,Knoben_Class_All,81,12783,-0.6990306336890733,0.028255650074568317,0.05607740886924621,NSE
unified_1981_2015,lamah_200253,4,1,Knoben_Class_All,93,12783,0.10417491674922219,0.06289368977534393,0.053974378804830754,NSE
unified_1981_2015,lamah_200261,5,1,Knoben_Class_All,93,12783,0.11747290439932023,0.06526970077369731,0.05238960932225409,NSE
unified_1981_2015,lamah_200303,2,1,Knoben_Class_All,80,12783,0.09191735598732875,0.0290010885502775,0.04636982431951706,NSE
unified_1981_2015,lamah_201012,2,0,Knoben_Class_All,80,12783,0.23310765606464423,0.16729442900182923,0.061858338369644175,NSE
unified_1981_2015,lamah_201087,4,1,Knoben_Class_All,93,12783,0.36208320839847274,0.29586621835333937,0.040188496862325694,NSE
unified_1981_2015,lamah_201095,2,1,Knoben_Class_All,80,12783,0.5463939546433323,0.5314976093754793,0.033989734936533615,NSE
unified_1981_2015,lamah_201160,3,1,Knoben_Class_All,174,12783,0.3343383253416369,0.407739471511391,0.0423835164711247,NSE
unified_1981_2015,lamah_201236,3,1,Knoben_Class_All,92,12783,0.19254174631653997,0.28657599253971544,0.04027403577888791,NSE
unified_1981_2015,lamah_201251,1,1,Knoben_Class_All,90,12783,0.41395274338316745,0.3354270970113429,0.035864451217543246,NSE
unified_1981_2015,lamah_201335,5,1,Knoben_Class_All,93,12783,-0.912542875675245,-0.19070810796459647,0.10464656010738305,NSE
unified_1981_2015,lamah_201392,2,1,Knoben_Class_All,80,12783,0.2523898134664636,0.19009246212235975,0.0943801562142021,NSE
unified_1981_2015,lamah_201434,2,1,Knoben_Class_All,80,12783,0.2985321015041307,0.25388394872252695,0.08641694098771707,NSE
unified_1981_2015,lamah_201558,1,1,Knoben_Class_All,169,12783,0.23228820443483988,0.46141135027918145,0.10307756766514088,NSE
unified_1981_2015,lamah_201566,3,1,Knoben_Class_All,92,12783,0.4604732528917391,0.42015876328849755,0.059812871135975595,NSE
unified_1981_2015,lamah_201574,1,1,Knoben_Class_All,90,12783,0.46560513103560397,0.5168448413769736,0.07252279023164615,NSE
unified_1981_2015,lamah_201723,5,1,Knoben_Class_All,169,12783,0.26808838317317496,0.4366055225378822,0.04879115747730226,NSE
unified_1981_2015,lamah_201848,2,1,Knoben_Class_All,182,12054,0.03282014707460568,0.26987351154406114,0.06694739791297077,NSE
unified_1981_2015,lamah_202036,1,1,Knoben_Class_All,90,12783,0.3796885835275282,0.4017501834874918,0.044981362792011675,NSE
unified_1981_2015,lamah_203026,3,1,Knoben_Class_All,92,12783,0.4478243081159381,0.3649438855638696,0.03568227165066052,NSE
unified_1981_2015,lamah_203075,5,1,Knoben_Class_All,93,12783,0.39201359697285576,0.3086510113973674,0.06544934916848412,NSE
unified_1981_2015,lamah_203166,2,1,Knoben_Class_All,80,12783,0.5635529698649451,0.5761864254467195,0.06604466261761298,NSE
unified_1981_2015,lamah_203224,3,1,Knoben_Class_All,174,12783,0.22097746691483622,0.2830019400261291,0.07575582788731396,NSE
unified_1981_2015,lamah_203265,2,1,Knoben_Class_All,80,12783,0.22528693380897624,0.2810171829188879,0.05016208656752283,NSE
unified_1981_2015,lamah_203307,4,1,Knoben_Class_All,93,12778,0.20024818130657263,0.1530900351892721,0.0424102363436966,NSE
unified_1981_2015,lamah_203463,2,1,Knoben_Class_All,182,12783,0.15259050745767577,0.2722738953241761,0.039675681776201566,NSE
unified_1981_2015,lamah_203505,1,1,Knoben_Class_All,90,12783,0.27881360567323565,0.27940230354899465,0.03934340129435962,NSE
unified_1981_2015,lamah_203711,5,1,Knoben_Class_All,169,12783,0.27097422094848134,0.4127060044176154,0.05965577486124205,NSE
unified_1981_2015,lamah_203752,1,1,Knoben_Class_All,169,12783,0.22899432433307398,0.5360094510686402,0.07346029520985342,NSE
unified_1981_2015,lamah_203760,2,1,Knoben_Class_All,182,12783,0.22089768701913193,0.3960264582014721,0.08085140667047286,NSE
unified_1981_2015,lamah_203786,1,1,Knoben_Class_All,169,12775,0.35498182484286933,0.5113356225139252,0.09630624306134886,NSE
unified_1981_2015,lamah_203794,3,1,Knoben_Class_All,174,12783,0.09182760008480284,0.5232280843260344,0.0794955099877774,NSE
unified_1981_2015,lamah_203828,3,1,Knoben_Class_All,174,12783,0.2778373116972118,0.5356851222450139,0.08102756253170486,NSE
unified_1981_2015,lamah_204875,2,1,Knoben_Class_All,80,12419,-0.6668386760726464,-0.10749383923825717,0.05923139004722913,NSE
unified_1981_2015,lamah_204925,1,1,Knoben_Class_All,90,12783,-2.8785319313073017,-0.8210347635649871,0.06476421317464409,NSE
unified_1981_2015,lamah_205104,3,1,Knoben_Class_All,92,12783,0.05366381819670096,0.06158126641366468,0.07593968852372696,NSE
unified_1981_2015,lamah_205179,4,1,Knoben_Class_All,93,12783,0.04029265354271694,0.007588510174912688,0.1208274684708918,NSE
unified_1981_2015,lamah_205294,2,1,Knoben_Class_All,80,12783,0.08341354669350476,0.0568211737724692,0.048191574855476656,NSE
unified_1981_2015,lamah_205500,4,1,Knoben_Class_All,93,12783,0.16996389213827579,0.17796007644889045,0.04512333832318899,NSE
unified_1981_2015,lamah_205740,5,1,Knoben_Class_All,75,12783,-0.49436286607144364,0.01549721848260499,0.055783952356665806,NSE
unified_1981_2015,lamah_205799,1,0,Knoben_Class_All,90,12783,0.243405662724542,0.2227295218771851,0.06775974430265799,NSE
unified_1981_2015,lamah_205823,5,1,Knoben_Class_All,75,12783,-1.7017116132525252,-0.08444422389514128,0.07270343777612825,NSE
unified_1981_2015,lamah_205831,5,1,Knoben_Class_All,75,12783,-1.0843495696935346,-0.05091572244111364,0.0705229351303646,NSE
unified_1981_2015,lamah_205864,3,1,Knoben_Class_All,92,12783,0.24422026230575677,0.2379530553648752,0.054704897703989994,NSE
unified_1981_2015,lamah_205898,3,1,Knoben_Class_All,80,12783,-1.1731424193120437,-0.04998416418227625,0.07368165825207287,NSE
unified_1981_2015,lamah_206508,4,1,Knoben_Class_All,93,12783,0.09657031799102056,0.10493158657056634,0.057545370490783745,NSE
unified_1981_2015,lamah_207613,5,0,Knoben_Class_All,75,12783,-13.817231279755836,-2.279595567686813,0.12754052588685055,NSE
unified_1981_2015,lamah_207654,2,1,Knoben_Class_All,80,12783,-0.46841142142929826,0.06792754353428776,0.06563377049343763,NSE
unified_1981_2015,lamah_207738,2,1,Knoben_Class_All,80,12783,0.1041032103491033,0.08793917629150905,0.04138045841285718,NSE
unified_1981_2015,lamah_207852,2,1,Knoben_Class_All,80,12783,-0.3418144058511703,-0.16776547733706293,0.04085875909310784,NSE
unified_1981_2015,lamah_208116,1,1,Knoben_Class_All,80,12783,-9.493223706639363,-2.743567634737168,0.11853237789885554,NSE
unified_1981_2015,lamah_208686,2,1,Knoben_Class_All,80,12783,-0.9024653635909281,-0.2807020948106842,0.04757393646021154,NSE
unified_1981_2015,lamah_209361,1,1,Knoben_Class_All,90,12783,-0.03659204994084431,0.08421984200533739,0.03360786801354464,NSE
unified_1981_2015,lamah_209551,1,1,Knoben_Class_All,80,11688,-0.5360256072321508,0.0242209345373825,0.06348998244457738,NSE
unified_1981_2015,lamah_210526,4,1,Knoben_Class_All,93,12783,0.13902456530401708,0.11412808913752492,0.08892874374082249,NSE
unified_1981_2015,lamah_210641,1,1,Knoben_Class_All,169,12783,0.1570867399213669,0.4496592573348295,0.07023105980000424,NSE
unified_1981_2015,lamah_210732,2,0,Knoben_Class_All,182,12783,-1.1831310668803736,-0.17316517366200035,0.0646781472642135,NSE
unified_1981_2015,lamah_210773,1,1,Knoben_Class_All,169,12783,0.17652578618288517,0.4621690860837161,0.07085572871591819,NSE
unified_1981_2015,lamah_210815,5,1,Knoben_Class_All,169,12783,0.14405521392388332,0.5060599800324241,0.08089774711444181,NSE
unified_1981_2015,lamah_210856,3,1,Knoben_Class_All,174,12783,0.015855434213814412,0.18758585055503763,0.08622035973346535,NSE
unified_1981_2015,lamah_210864,1,1,Knoben_Class_All,80,12783,-2.7771865267198086,-0.330993010460934,0.08652210094766803,NSE
unified_1981_2015,lamah_210898,1,1,Knoben_Class_All,80,12783,-2.055334824376796,-0.14201366390987813,0.11849364547589585,NSE
unified_1981_2015,lamah_211086,4,1,Knoben_Class_All,166,12783,-0.3361707190506258,0.40423379810623294,0.09505203933016478,NSE
unified_1981_2015,lamah_211169,3,1,Knoben_Class_All,188,12783,-0.5546158758247131,0.18898230384268533,0.1071591325121658,NSE
unified_1981_2015,lamah_211656,1,1,Knoben_Class_All,80,12418,-5.715158182130874,-1.8560873897263437,0.08990762671792994,NSE
unified_1981_2015,lamah_212027,5,1,Knoben_Class_All,169,12783,-0.10122541992332712,0.4856184075025777,0.10543096096019845,NSE
unified_1981_2015,lamah_212043,5,0,Knoben_Class_All,93,12783,0.18422849602695324,0.10760032455984392,0.0892313244033207,NSE
unified_1981_2015,lamah_212092,2,1,Knoben_Class_All,80,12783,0.33592918159720686,0.2671759471376913,0.06522999408405078,NSE
unified_1981_2015,lamah_212100,2,1,Knoben_Class_All,80,12783,0.4223597238319612,0.38298060029921643,0.05699804921674705,NSE
unified_1981_2015,lamah_212167,1,1,Knoben_Class_All,90,12783,0.39851615119957595,0.3781662908688229,0.08396209902670639,NSE
unified_1981_2015,lamah_212183,2,1,Knoben_Class_All,80,12783,0.33307611814279225,0.2742318455229852,0.06920098469897415,NSE
unified_1981_2015,lamah_212316,5,0,Knoben_Class_All,93,12783,0.36964734009571676,0.44585245676351093,0.08300689968187085,NSE
unified_1981_2015,lamah_212373,2,0,Knoben_Class_All,80,12783,-0.6001242612840765,0.046984922585926125,0.12432460730966993,NSE
unified_1981_2015,lamah_212399,5,1,Knoben_Class_All,93,12783,-0.33857735866077965,0.3595987921188084,0.09451143860988813,NSE
unified_1981_2015,lamah_212431,3,1,Knoben_Class_All,174,12783,-0.9563027938149209,0.19376370927795783,0.12978255068066963,NSE
unified_1981_2015,lamah_212522,1,0,Knoben_Class_All,169,12783,-3.169124994694992,-0.23037763689631374,0.21588684894256094,NSE
unified_1981_2015,lamah_212613,2,1,Knoben_Class_All,80,12783,0.11180680082336814,0.27418675525005987,0.07419257312038423,NSE
unified_1981_2015,lamah_212647,5,1,Knoben_Class_All,93,12783,0.05855011763988838,0.22728515915030856,0.057382145458493336,NSE
unified_1981_2015,lamah_212670,3,1,Knoben_Class_All,92,12783,-0.007635929246523121,0.13049497377705532,0.05388399253317395,NSE
unified_1981_2015,lamah_212860,1,1,Knoben_Class_All,193,12783,-0.44782333730957413,0.04804103631078094,0.09065899534155755,NSE
unified_1981_2015,lamah_212878,3,1,Knoben_Class_All,188,12783,-0.5407791480114605,0.07384727693637683,0.0784521322193456,NSE
unified_1981_2015,lamah_212886,4,1,Knoben_Class_All,193,12783,-1.1204243377681609,0.033784340576054506,0.08556915391130264,NSE
unified_1981_2015,lamah_212894,5,0,Knoben_Class_All,65,12783,-6.6646813701110075,-0.8110645967396644,0.21430020479195797,NSE
unified_1981_2015,lamah_212928,5,1,Knoben_Class_All,189,12783,-4.015535743334915,-0.3857244541189506,0.21802687414755084,NSE
unified_1981_2015,lamah_213124,2,1,Knoben_Class_All,80,12783,-0.18082419690541252,0.4254049249809563,0.0877941093267841,NSE
unified_1981_2015,lamah_213181,4,1,Knoben_Class_All,166,12783,-1.7156092298807089,-0.006769667099774335,0.1130131469333881,NSE
unified_1981_2015,lamah_213306,3,1,Knoben_Class_All,92,12343,-10.170127197723009,-1.091413199608747,0.30174480723987446,NSE
unified_1981_2015,lamah_2150,4,1,Knoben_Class_All,93,12783,0.44904379305339204,0.376933285011008,0.06126799284362971,NSE
unified_1981_2015,lamah_2262,1,1,Knoben_Class_All,90,12783,0.23764882978441015,0.15956129501617222,0.047532583949294806,NSE
unified_1981_2015,lamah_403,2,1,Knoben_Class_All,80,12783,0.3710765863100738,0.3557478719441801,0.09373914568012628,NSE
unified_1981_2015,camelsbr_57250000,5,1,Continuous_FCM_Class_All,172,12783,-0.386583995572946,0.05005823551158406,0.09186281630034626,NSE
unified_1981_2015,camelsbr_58060000,3,1,Continuous_FCM_Class_All,171,12725,-0.03682067768675479,-0.10680464984421723,0.01820095304324489,NSE
unified_1981_2015,camelsbr_58258000,1,1,Continuous_FCM_Class_All,171,12707,-0.007451626190065008,-0.195769226648991,0.03567930869954261,NSE
unified_1981_2015,camelsbr_58530000,3,1,Continuous_FCM_Class_All,171,12783,-0.10448026696028223,-0.12486178910095957,0.0523928681166641,NSE
unified_1981_2015,camelsbr_58535000,3,1,Continuous_FCM_Class_All,171,12752,-0.10375738584645178,-0.13220286368182488,0.07712050425458736,NSE
unified_1981_2015,camelsbr_58542000,1,1,Continuous_FCM_Class_All,171,12783,-0.04012677491537442,-0.07529984877903306,0.07577592718323475,NSE
unified_1981_2015,camelsbr_59370000,2,1,Continuous_FCM_Class_All,171,12783,-0.028011778458628456,-0.06771520455300051,0.039104173671837966,NSE
unified_1981_2015,camelsbr_70100000,4,1,Continuous_FCM_Class_All,171,12639,-0.02424595515586314,-0.2743172333146453,0.06349556126871961,NSE
unified_1981_2015,camelsbr_71300000,1,1,Continuous_FCM_Class_All,171,12778,-0.1695124266106498,-0.23947953506508846,0.11254008358549619,NSE
unified_1981_2015,camelsbr_73765000,1,1,Continuous_FCM_Class_All,171,12783,-0.003607555949191932,-0.301327418566115,0.04333634547850901,NSE
unified_1981_2015,camelscl_1050002,4,1,Continuous_FCM_Class_All,133,12252,-689.5648178820082,-15.826508604138443,0.5072015956884971,NSE
unified_1981_2015,camelscl_1201005,3,1,Continuous_FCM_Class_All,133,12506,-36.93522965681424,-4.72399028223618,0.35283273772587326,NSE
unified_1981_2015,camelscl_12284002,1,1,Continuous_FCM_Class_All,171,12365,-23.405990626658873,-4.04117868593462,0.29151732556311755,NSE
unified_1981_2015,camelscl_12284003,4,1,Continuous_FCM_Class_All,133,11946,-1.1832375948055183,-0.3132890181185486,0.10115954890430502,NSE
unified_1981_2015,camelscl_12284006,1,1,Continuous_FCM_Class_All,171,12138,-5.053469447198653,-1.71970653051795,0.1262435564614221,NSE
unified_1981_2015,camelscl_12582001,4,1,Continuous_FCM_Class_All,171,12031,-0.4303714926876274,-0.2644736476142695,0.08215169703615667,NSE
unified_1981_2015,camelscl_12600001,2,1,Continuous_FCM_Class_All,171,11975,-0.4762770995651262,-0.2639355513298649,0.12153700702570389,NSE
unified_1981_2015,camelscl_12622001,5,1,Continuous_FCM_Class_All,172,12021,-5.583478208673889,-1.549628002207636,0.2266587450683689,NSE
unified_1981_2015,camelscl_12802001,3,1,Continuous_FCM_Class_All,133,12305,-3.6725680291139415,-1.1856562077016624,0.16753499268151,NSE
unified_1981_2015,camelscl_12805001,2,1,Continuous_FCM_Class_All,133,12227,-0.7423616835617126,-0.15424933183592549,0.10452686441943436,NSE
unified_1981_2015,camelscl_12806001,5,1,Continuous_FCM_Class_All,133,12249,-0.33470424201546645,-0.13071878728009367,0.09036227959393733,NSE
unified_1981_2015,camelscl_4301002,3,1,Continuous_FCM_Class_All,133,12422,-0.37417869948666693,-0.1613861801419385,0.15198099536951382,NSE
unified_1981_2015,camelscl_4311001,1,1,Continuous_FCM_Class_All,132,11715,-0.16008904603246932,-0.1683300719782197,0.09155429188168929,NSE
unified_1981_2015,camelscl_4313001,1,1,Continuous_FCM_Class_All,132,11742,-0.1598217197541314,-0.10846928747108842,0.10657220033501787,NSE
unified_1981_2015,camelscl_4314002,4,1,Continuous_FCM_Class_All,133,12623,-0.49554576150957885,-0.33716265725440087,0.10959639903041091,NSE
unified_1981_2015,camelscl_4501001,4,1,Continuous_FCM_Class_All,133,11935,-0.11086695722731843,-0.07445488629215524,0.08457716282703377,NSE
unified_1981_2015,camelscl_4503001,1,1,Continuous_FCM_Class_All,132,11799,-1.914351098277586,-1.4444778447349562,0.08149517931710895,NSE
unified_1981_2015,camelscl_4511002,1,1,Continuous_FCM_Class_All,132,12069,-0.052532983815709366,-0.25339609364960447,0.07128165171460168,NSE
unified_1981_2015,camelscl_4512001,1,1,Continuous_FCM_Class_All,132,12071,-0.016627167386418895,-0.21608539087525602,0.09068272369437862,NSE
unified_1981_2015,camelscl_4513001,3,1,Continuous_FCM_Class_All,133,12338,0.006716135791891786,-0.13382157332158395,0.07591819688885898,NSE
unified_1981_2015,camelscl_4514001,2,1,Continuous_FCM_Class_All,133,12218,-0.013205848793057973,-0.0891616984485839,0.09349856947771742,NSE
unified_1981_2015,camelscl_4520001,4,1,Continuous_FCM_Class_All,133,12054,-1.288157536340801,-3.823574554334499,0.051115579638586796,NSE
unified_1981_2015,camelscl_4530001,4,1,Continuous_FCM_Class_All,133,11812,-0.006595042787380656,-0.193895589334673,0.036678415872310556,NSE
unified_1981_2015,camelscl_4532001,3,0,Continuous_FCM_Class_All,133,11668,-0.04973643768321012,-0.2711657779920753,0.05213112849318463,NSE
unified_1981_2015,camelscl_4703002,1,1,Continuous_FCM_Class_All,132,12660,-0.10396637717865209,-0.3008767267761734,0.10795117123719127,NSE
unified_1981_2015,camelscl_4721001,3,1,Continuous_FCM_Class_All,133,12585,-0.007287784042947498,-0.13853352546016673,0.06703428805054522,NSE
unified_1981_2015,camelscl_4723001,5,1,Continuous_FCM_Class_All,133,12044,-0.28075742737277243,-0.34341930783586716,0.06463633991008232,NSE
unified_1981_2015,camelscl_5200001,2,1,Continuous_FCM_Class_All,133,11740,-0.16686574722520153,-0.1309354108447096,0.0553601469478713,NSE
unified_1981_2015,camelscl_5401003,2,0,Continuous_FCM_Class_All,237,11808,-0.5865357738422001,-0.24526790705088253,0.13998221871637184,NSE
unified_1981_2015,camelscl_5402001,5,1,Continuous_FCM_Class_All,238,11878,-0.24665942950140618,-0.35595754754543574,0.13955207733748679,NSE
unified_1981_2015,camelscl_5406001,1,1,Continuous_FCM_Class_All,132,11768,-0.027010411763378706,-0.2355935997251677,0.09874101263206272,NSE
unified_1981_2015,camelscl_5706001,1,1,Continuous_FCM_Class_All,146,11640,-1.7427475153697585,-0.8133775081801289,0.1578053207638405,NSE
unified_1981_2015,camelscl_5707002,1,1,Continuous_FCM_Class_All,132,12054,-1.161085874094979,-0.5212918465720533,0.2408462023399489,NSE
unified_1981_2015,camelscl_5722001,4,1,Continuous_FCM_Class_All,133,12272,-0.06839799297459681,-0.2379215345947201,0.03082739895094113,NSE
unified_1981_2015,camelscl_5722002,1,1,Continuous_FCM_Class_All,132,12551,-0.1749936703882229,-0.37015218152072493,0.036386982432221666,NSE
unified_1981_2015,camelscl_6013001,5,1,Continuous_FCM_Class_All,147,11609,-0.23402675489614921,-0.2793409290890927,0.04835069379873158,NSE
unified_1981_2015,camelscl_7103001,4,1,Continuous_FCM_Class_All,171,12564,-0.1778703320021815,-0.40655804595823897,0.0446093409407511,NSE
unified_1981_2015,camelscl_7104002,4,1,Continuous_FCM_Class_All,171,12375,-0.22757217040410427,-0.37515527250529246,0.054565921627704655,NSE
unified_1981_2015,camelscl_7112001,5,1,Continuous_FCM_Class_All,172,11523,-0.2563098365267438,-0.3695060914234336,0.038659304508165494,NSE
unified_1981_2015,camelscl_7115001,2,1,Continuous_FCM_Class_All,171,11993,-0.44540459677358357,-0.3582795524499294,0.035529556755033415,NSE
unified_1981_2015,camelscl_7116001,3,1,Continuous_FCM_Class_All,171,12208,-0.1497925188421747,-0.4344355406283229,0.04895485908075482,NSE
unified_1981_2015,camelscl_7355002,1,1,Continuous_FCM_Class_All,171,11800,-0.2495615680798533,-0.4421927331457154,0.0463200712859635,NSE
unified_1981_2015,camelscl_7374001,5,1,Continuous_FCM_Class_All,147,12076,-0.12534486710059523,-0.3691877495514089,0.05105284964022249,NSE
unified_1981_2015,camelscl_8130002,1,1,Continuous_FCM_Class_All,171,12446,-0.1232715084062499,-0.4743262126137806,0.051803668529731645,NSE
unified_1981_2015,camelscl_8351001,3,0,Continuous_FCM_Class_All,171,11583,-0.12095646814993666,-0.4501799724047133,0.06067546473046343,NSE
unified_1981_2015,hysets_01010070,4,1,Continuous_FCM_Class_All,171,11780,0.08170825508563972,-0.030105069839716947,0.07738916869608438,NSE
unified_1981_2015,hysets_01022500,1,1,Continuous_FCM_Class_All,146,12783,0.1623906013798586,0.22534019434624053,0.08062825679666195,NSE
unified_1981_2015,hysets_01031500,1,1,Continuous_FCM_Class_All,146,12783,0.15624349493553824,0.12227360569577717,0.03072104187476716,NSE
unified_1981_2015,hysets_01038000,3,1,Continuous_FCM_Class_All,146,12783,0.16426049532445486,0.23045628153113806,0.04880266499860593,NSE
unified_1981_2015,hysets_01047000,2,1,Continuous_FCM_Class_All,146,12783,0.17968688688033163,0.1493678298779102,0.03168642250710591,NSE
unified_1981_2015,hysets_01054200,1,1,Continuous_FCM_Class_All,171,12783,0.10508534061093189,-0.027668901990237416,0.04447102655056651,NSE
unified_1981_2015,hysets_01055000,3,1,Continuous_FCM_Class_All,146,12783,0.17730618368504192,0.10980583833203594,0.040532695815166664,NSE
unified_1981_2015,hysets_01057000,2,1,Continuous_FCM_Class_All,146,12783,0.1581676175294201,0.15326846710257025,0.03134767758451446,NSE
unified_1981_2015,hysets_01064500,3,1,Continuous_FCM_Class_All,171,12783,0.1871018799042966,0.09620028137693437,0.03990156872875447,NSE
unified_1981_2015,hysets_01076500,1,1,Continuous_FCM_Class_All,146,12783,0.18399786686682873,0.1773093256764775,0.047014378575229124,NSE
unified_1981_2015,hysets_01078000,2,1,Continuous_FCM_Class_All,146,12783,0.12528460477641878,0.17974976529552977,0.0539917597187592,NSE
unified_1981_2015,hysets_01096000,1,0,Continuous_FCM_Class_All,146,12783,0.07922108818308415,0.15765129283173263,0.043729875231701514,NSE
unified_1981_2015,hysets_01118000,1,1,Continuous_FCM_Class_All,146,12783,0.11928945830622595,0.2846359253551003,0.03431496490960488,NSE
unified_1981_2015,hysets_01134500,1,1,Continuous_FCM_Class_All,146,12783,0.14216878143416778,0.14616609806113434,0.05324635542165514,NSE
unified_1981_2015,hysets_01137500,4,1,Continuous_FCM_Class_All,171,12783,0.18405782313188768,0.09808708604708993,0.05654969036748615,NSE
unified_1981_2015,hysets_01169000,5,1,Continuous_FCM_Class_All,172,12783,0.15305453585535467,0.05428297905406099,0.03245190216225287,NSE
unified_1981_2015,hysets_01174500,5,1,Continuous_FCM_Class_All,147,12783,0.09040214866046015,0.25096902908199525,0.05760997620640112,NSE
unified_1981_2015,hysets_01181000,5,1,Continuous_FCM_Class_All,172,12783,0.1266662290715882,0.012971785459115037,0.023648497152452947,NSE
unified_1981_2015,hysets_01439500,5,1,Continuous_FCM_Class_All,172,12783,0.11954891908995668,0.10604552439983317,0.05692623421273477,NSE
unified_1981_2015,hysets_01440000,4,1,Continuous_FCM_Class_All,147,12783,0.06506331825653966,0.11357263454157573,0.035694940209236733,NSE
unified_1981_2015,hysets_01447500,1,1,Continuous_FCM_Class_All,146,12783,0.11133986133447826,0.15835266927893332,0.03542664554429486,NSE
unified_1981_2015,hysets_01543000,4,1,Continuous_FCM_Class_All,147,12783,0.04738509295876836,0.05768618075871401,0.04421510630115059,NSE
unified_1981_2015,hysets_01543500,2,1,Continuous_FCM_Class_All,146,12783,0.048006181916000035,0.13114551540815256,0.04370084657081161,NSE
unified_1981_2015,hysets_01544500,3,1,Continuous_FCM_Class_All,146,12783,0.06230491774054858,0.099526661914762,0.049427714047706496,NSE
unified_1981_2015,hysets_01545600,5,0,Continuous_FCM_Class_All,147,12783,-0.013226050945187362,0.08096701984454047,0.043639540285735356,NSE
unified_1981_2015,hysets_01550000,5,1,Continuous_FCM_Class_All,147,12783,0.08076385116372775,0.07452108994373863,0.0327487413428484,NSE
unified_1981_2015,hysets_01552000,2,0,Continuous_FCM_Class_All,146,12783,0.07881955031004173,0.07493364473737629,0.02641055544598133,NSE
unified_1981_2015,hysets_01605500,1,1,Continuous_FCM_Class_All,237,12783,0.08579355626522456,-0.004209153532534593,0.01628669204106458,NSE
unified_1981_2015,hysets_01606500,3,1,Continuous_FCM_Class_All,238,12782,0.06512734096700745,-0.018757310622674606,0.018337271583279965,NSE
unified_1981_2015,hysets_01611500,5,1,Continuous_FCM_Class_All,238,12417,0.06579105332805069,0.06857461006341647,0.03841442105567169,NSE
unified_1981_2015,hysets_01665500,3,0,Continuous_FCM_Class_All,146,11595,-0.08838806703890278,-0.2854685351286659,0.014141225499096148,NSE
unified_1981_2015,hysets_01669520,2,1,Continuous_FCM_Class_All,237,12558,-0.07781395169447358,-0.04029171361238859,0.029858711831018726,NSE
unified_1981_2015,hysets_01673800,1,1,Continuous_FCM_Class_All,237,12783,0.02881773356852113,-0.07731879433848565,0.04252005661084031,NSE
unified_1981_2015,hysets_01AJ010,2,1,Continuous_FCM_Class_All,146,12783,0.13443641545345597,0.14486865286616502,0.04143227861675312,NSE
unified_1981_2015,hysets_01AK001,3,1,Continuous_FCM_Class_All,146,12783,0.17004585051339838,0.23282457044997296,0.0786583234724981,NSE
unified_1981_2015,hysets_01AK007,1,1,Continuous_FCM_Class_All,146,12783,0.11678834762232981,0.10019863539833362,0.047865798842340226,NSE
unified_1981_2015,hysets_01AL002,2,1,Continuous_FCM_Class_All,146,12783,0.16785956462835172,0.15986887547227357,0.04162326990470417,NSE
unified_1981_2015,hysets_01AM001,4,1,Continuous_FCM_Class_All,147,12783,0.16947317344495427,0.1422392608289771,0.048856180142897165,NSE
unified_1981_2015,hysets_01AN002,1,1,Continuous_FCM_Class_All,146,12783,0.10047199763054926,0.15460718234996795,0.05805269035175863,NSE
unified_1981_2015,hysets_01AP002,4,1,Continuous_FCM_Class_All,147,12783,0.11021471951232809,0.10125424813515027,0.050436260350475715,NSE
unified_1981_2015,hysets_01AQ001,4,1,Continuous_FCM_Class_All,171,12783,0.15329770741199855,0.0583727717324829,0.046333857588589336,NSE
unified_1981_2015,hysets_01BJ003,1,1,Continuous_FCM_Class_All,146,12783,0.09538841140748233,0.08136987436938936,0.07311295299155737,NSE
unified_1981_2015,hysets_01BL002,3,1,Continuous_FCM_Class_All,146,12783,0.0731696779368578,0.1698028196607071,0.05443354878872183,NSE
unified_1981_2015,hysets_01BQ001,2,1,Continuous_FCM_Class_All,146,12783,0.12515721000623292,0.16509798798911046,0.06028836604141142,NSE
unified_1981_2015,hysets_01BS001,3,1,Continuous_FCM_Class_All,146,12783,0.10904829415281103,0.09321462341624809,0.050990963222668495,NSE
unified_1981_2015,hysets_01BU002,1,1,Continuous_FCM_Class_All,146,12783,0.05685856451286353,0.08503450684422098,0.05299658789520003,NSE
unified_1981_2015,hysets_01BV006,1,1,Continuous_FCM_Class_All,171,12783,0.09750626915331972,-0.033555928992602846,0.05104504606384647,NSE
unified_1981_2015,hysets_01DR001,2,1,Continuous_FCM_Class_All,171,12783,0.0925534056065831,0.0025219300342683715,0.06360282523322539,NSE
unified_1981_2015,hysets_01EC001,5,1,Continuous_FCM_Class_All,172,12783,0.11798621095777051,0.08144736970791111,0.07725018146806599,NSE
unified_1981_2015,hysets_01ED007,2,1,Continuous_FCM_Class_All,146,12783,0.025802510965310166,0.09936390943579698,0.06263131933100427,NSE
unified_1981_2015,hysets_01EF001,3,1,Continuous_FCM_Class_All,171,12783,0.147093774593284,0.0855979191072237,0.05568881851504333,NSE
unified_1981_2015,hysets_01EO001,5,1,Continuous_FCM_Class_All,147,12783,0.0126024442732533,-0.01668203333504592,0.05345403858105042,NSE
unified_1981_2015,hysets_01FB001,5,1,Continuous_FCM_Class_All,172,12783,0.03465753397859217,-0.08405910081423262,0.04518734858185747,NSE
unified_1981_2015,hysets_01FB003,4,1,Continuous_FCM_Class_All,171,12783,0.20809414301402585,0.23494897406037973,0.11980492491781294,NSE
unified_1981_2015,hysets_02011400,5,1,Continuous_FCM_Class_All,238,12783,0.15095667532850843,0.12618129006652412,0.02882197249359747,NSE
unified_1981_2015,hysets_02011460,5,1,Continuous_FCM_Class_All,147,12783,0.01372495106560323,-0.05605443857416592,0.02880572255540437,NSE
unified_1981_2015,hysets_02013000,3,1,Continuous_FCM_Class_All,238,12783,0.07113492894746842,-0.014493179215993468,0.03437522910476198,NSE
unified_1981_2015,hysets_02014000,2,1,Continuous_FCM_Class_All,237,12783,0.13116087422413725,0.08477616584177505,0.03869873395969026,NSE
unified_1981_2015,hysets_02015700,2,1,Continuous_FCM_Class_All,237,12783,0.09815170208167667,0.0020458115224197826,0.029538455800354434,NSE
unified_1981_2015,hysets_02016000,5,1,Continuous_FCM_Class_All,238,12783,0.1173306485327631,0.03370721508517016,0.028912168527047727,NSE
unified_1981_2015,hysets_02017500,5,1,Continuous_FCM_Class_All,238,12783,0.12487787213951529,0.05973309141229577,0.0450154103233168,NSE
unified_1981_2015,hysets_02018000,3,1,Continuous_FCM_Class_All,238,12783,0.07068468155533847,-0.004094986141980783,0.032879864829448074,NSE
unified_1981_2015,hysets_02020500,4,1,Continuous_FCM_Class_All,238,12053,0.07825025432315225,-0.07484527497449234,0.019939022724768413,NSE
unified_1981_2015,hysets_02021500,3,1,Continuous_FCM_Class_All,238,12783,0.06116364899164517,-0.060426273057456514,0.02037933817437719,NSE
unified_1981_2015,hysets_02027000,4,0,Continuous_FCM_Class_All,133,12783,-0.16271735242815732,-0.3245105895240632,0.03731161401061822,NSE
unified_1981_2015,hysets_02028500,4,0,Continuous_FCM_Class_All,147,12783,-0.12040488723450915,-0.06192068330846001,0.043260648999629905,NSE
unified_1981_2015,hysets_02030000,4,1,Continuous_FCM_Class_All,238,12427,0.06393822615321731,0.0007320983607048692,0.032816217118252285,NSE
unified_1981_2015,hysets_02041000,4,1,Continuous_FCM_Class_All,238,12783,0.0025083767078698527,-0.10526107019556696,0.038490431505950634,NSE
unified_1981_2015,hysets_02046000,4,1,Continuous_FCM_Class_All,238,12783,0.009110372629034802,-0.08811891658931992,0.02660406869434231,NSE
unified_1981_2015,hysets_02212600,4,1,Continuous_FCM_Class_All,238,12783,-0.03496196061462564,-0.23185519158675838,0.034470694499355456,NSE
unified_1981_2015,hysets_02325000,1,1,Continuous_FCM_Class_All,237,12228,-0.6751159773958479,0.0500695007255475,0.14736758837683825,NSE
unified_1981_2015,hysets_02326000,3,1,Continuous_FCM_Class_All,238,12783,-0.5871180545617909,-0.15005980864497603,0.1476589695786504,NSE
unified_1981_2015,hysets_02327100,1,1,Continuous_FCM_Class_All,146,12783,-0.11248456619018965,-0.20610114798833612,0.0345017812154089,NSE
unified_1981_2015,hysets_02331600,1,1,Continuous_FCM_Class_All,171,12783,-0.014894198490556176,0.07360892737860003,0.04655543605237302,NSE
unified_1981_2015,hysets_02373000,5,1,Continuous_FCM_Class_All,238,12783,-0.0004126541412305951,-0.17384463402753592,0.04484620713503879,NSE
unified_1981_2015,hysets_02374500,3,1,Continuous_FCM_Class_All,146,12783,-0.4383003087670698,-0.048015926395449826,0.04200826950068025,NSE
unified_1981_2015,hysets_02380500,2,1,Continuous_FCM_Class_All,171,12783,-0.1080936433679478,0.09512230476500239,0.04587586941657116,NSE
unified_1981_2015,hysets_02401390,4,1,Continuous_FCM_Class_All,147,12783,-0.00802105559957278,-0.12248229601014637,0.049539220892043115,NSE
unified_1981_2015,hysets_02450250,3,1,Continuous_FCM_Class_All,146,12783,0.022256874859323705,-0.12961004215360172,0.04892191432967966,NSE
unified_1981_2015,hysets_02469800,5,1,Continuous_FCM_Class_All,238,12783,0.02642343158226179,-0.1421368695555456,0.03948033069540313,NSE
unified_1981_2015,hysets_02479155,1,1,Continuous_FCM_Class_All,146,12783,-0.01748553278687459,-0.17983865491823137,0.026381699415101684,NSE
unified_1981_2015,hysets_02479300,1,0,Continuous_FCM_Class_All,146,12783,-0.043481989493122875,-0.009351742569305488,0.05302803483727633,NSE
unified_1981_2015,hysets_02479560,3,1,Continuous_FCM_Class_All,146,12783,-0.04327160599146951,0.010191105611944473,0.05992036842656653,NSE
unified_1981_2015,hysets_02AB017,5,1,Continuous_FCM_Class_All,238,12765,0.03748957098510208,0.032318379205648284,0.05880781609040108,NSE
unified_1981_2015,hysets_02AC001,3,1,Continuous_FCM_Class_All,238,11997,0.07564017398927592,0.18250675114769754,0.05055844218658188,NSE
unified_1981_2015,hysets_02AD010,2,1,Continuous_FCM_Class_All,237,12672,0.07896036154313446,0.14722960714747912,0.06564715305754554,NSE
unified_1981_2015,hysets_02BA003,2,1,Continuous_FCM_Class_All,133,12782,-0.12714271823334955,-0.2399253389397964,0.07969420442784214,NSE
unified_1981_2015,hysets_02BF001,4,1,Continuous_FCM_Class_All,238,12783,-0.030142044517229127,-0.15284648457176564,0.07493254548818386,NSE
unified_1981_2015,hysets_02BF002,1,1,Continuous_FCM_Class_All,146,12783,-0.36028061554476953,-0.08420375295421278,0.09043636399176902,NSE
unified_1981_2015,hysets_02CB003,2,1,Continuous_FCM_Class_All,237,12783,0.08430985595717777,0.15164325812465462,0.08509918858038458,NSE
unified_1981_2015,hysets_02CD006,2,1,Continuous_FCM_Class_All,133,12783,-0.4350795683814561,-0.31880413389180173,0.13749169303696882,NSE
unified_1981_2015,hysets_02DD015,1,1,Continuous_FCM_Class_All,146,12783,-0.20108916364053475,0.0364522223963335,0.0842512499488889,NSE
unified_1981_2015,hysets_02HL003,5,1,Continuous_FCM_Class_All,238,12783,-0.08590498301856186,-0.01683847339636202,0.10208448546771895,NSE
unified_1981_2015,hysets_02HL004,5,1,Continuous_FCM_Class_All,238,12783,-0.06641801490991095,-0.007291244234879368,0.0856598745955445,NSE
unified_1981_2015,hysets_02JC008,1,1,Continuous_FCM_Class_All,146,12781,-0.9523512336695561,-0.2458069384438739,0.14901482189146284,NSE
unified_1981_2015,hysets_02YC001,1,1,Continuous_FCM_Class_All,171,12783,0.07012873008878273,-0.04580126927742678,0.07446182080457986,NSE
unified_1981_2015,hysets_02YD002,1,1,Continuous_FCM_Class_All,146,12783,0.05858369869964675,0.051749833331910966,0.10271648653085272,NSE
unified_1981_2015,hysets_02YJ001,4,1,Continuous_FCM_Class_All,171,12783,0.06970279052325634,0.0010981825241894727,0.08043156547575613,NSE
unified_1981_2015,hysets_02YK002,3,1,Continuous_FCM_Class_All,171,12663,0.10047142990429792,0.01632223702063862,0.09515613761019384,NSE
unified_1981_2015,hysets_02YK005,1,1,Continuous_FCM_Class_All,171,12783,0.16612867615902216,0.1218078192999349,0.09070142106672675,NSE
unified_1981_2015,hysets_02YN002,5,1,Continuous_FCM_Class_All,172,12783,0.055973832232792065,-0.051397707341787946,0.07352305586597958,NSE
unified_1981_2015,hysets_02YO006,5,1,Continuous_FCM_Class_All,172,12783,0.08396124573854613,0.007724685507397466,0.044517045113535526,NSE
unified_1981_2015,hysets_02YO008,2,1,Continuous_FCM_Class_All,171,11688,0.13660213828724466,0.06018786476499194,0.07691732663359184,NSE
unified_1981_2015,hysets_02YR001,1,1,Continuous_FCM_Class_All,171,12783,0.11028228943683871,0.1961562974337241,0.09744005725910548,NSE
unified_1981_2015,hysets_02YR003,4,1,Continuous_FCM_Class_All,171,12783,0.07835034670424246,0.17396593817691464,0.10071641373245119,NSE
unified_1981_2015,hysets_02ZB001,1,1,Continuous_FCM_Class_All,171,12783,-0.0612494040017284,-0.2474833843696338,0.051023432262756414,NSE
unified_1981_2015,hysets_02ZC002,3,1,Continuous_FCM_Class_All,171,12418,-0.024313213653062604,-0.228360792984446,0.061560199979485176,NSE
unified_1981_2015,hysets_02ZF001,3,1,Continuous_FCM_Class_All,171,12783,0.12316553477741132,0.10181973842172842,0.05565879428593603,NSE
unified_1981_2015,hysets_02ZG001,5,1,Continuous_FCM_Class_All,172,12783,-0.031506835568410496,-0.10802080846086981,0.05070399316374395,NSE
unified_1981_2015,hysets_02ZG003,3,1,Continuous_FCM_Class_All,171,12783,-0.009805518802275204,-0.1895997564751397,0.05930616878956897,NSE
unified_1981_2015,hysets_02ZH001,3,1,Continuous_FCM_Class_All,171,12783,0.08008341456104118,-0.023598496798462376,0.052427991878532275,NSE
unified_1981_2015,hysets_02ZK001,2,1,Continuous_FCM_Class_All,171,12783,0.005855350404381454,-0.12511526994729372,0.05731008853638276,NSE
unified_1981_2015,hysets_02ZK004,2,1,Continuous_FCM_Class_All,171,12053,-0.03853303975887079,-0.24194119612420217,0.058790358916143225,NSE
unified_1981_2015,hysets_03010500,2,0,Continuous_FCM_Class_All,146,12783,-0.001969043106849977,0.17825530388357558,0.0722293262445371,NSE
unified_1981_2015,hysets_03010655,1,1,Continuous_FCM_Class_All,146,12783,-0.019355241938897816,0.09694894246437658,0.06848845659100246,NSE
unified_1981_2015,hysets_03021350,3,0,Continuous_FCM_Class_All,171,12783,0.04879155085493525,-0.09476757433309935,0.07422953522954234,NSE
unified_1981_2015,hysets_03028000,1,1,Continuous_FCM_Class_All,171,12783,0.03347771769484953,-0.005597855461462187,0.04230537863237578,NSE
unified_1981_2015,hysets_03065000,1,1,Continuous_FCM_Class_All,146,12053,0.13044466907399732,0.10944924302689585,0.0329317512802268,NSE
unified_1981_2015,hysets_03070500,1,1,Continuous_FCM_Class_All,146,12783,0.10791942761763795,0.12463095666443158,0.05474699131847552,NSE
unified_1981_2015,hysets_03072000,1,1,Continuous_FCM_Class_All,146,12783,-0.17746298554325524,-0.22369601546146933,0.06478358191237385,NSE
unified_1981_2015,hysets_03110000,4,1,Continuous_FCM_Class_All,238,12783,0.05347987075456062,0.00031033853156725577,0.03355583173422142,NSE
unified_1981_2015,hysets_03151400,5,1,Continuous_FCM_Class_All,172,12052,0.03816035223350167,-0.07189005236145163,0.03966714182167793,NSE
unified_1981_2015,hysets_03159540,3,1,Continuous_FCM_Class_All,238,12782,0.028166362572443093,-0.09755470121005372,0.03842433963303377,NSE
unified_1981_2015,hysets_03180500,4,1,Continuous_FCM_Class_All,147,12783,0.10022242566794903,0.06320673900636309,0.032250273219295286,NSE
unified_1981_2015,hysets_03182500,3,1,Continuous_FCM_Class_All,146,12783,0.06897138399496927,0.051898850059055146,0.03487371781442584,NSE
unified_1981_2015,hysets_03186500,3,1,Continuous_FCM_Class_All,171,12783,0.092577080433219,-0.02715677091194313,0.05534865088367084,NSE
unified_1981_2015,hysets_03187500,2,1,Continuous_FCM_Class_All,171,12265,0.11564352470567851,0.0009150614642730037,0.046254257611926954,NSE
unified_1981_2015,hysets_03189100,2,1,Continuous_FCM_Class_All,171,11661,0.13422263101480636,0.03917914536141298,0.06180928039277339,NSE
unified_1981_2015,hysets_03194700,3,1,Continuous_FCM_Class_All,171,12052,0.08845414268059648,-0.014672401230203747,0.05887918666652706,NSE
unified_1981_2015,hysets_03198500,5,0,Continuous_FCM_Class_All,147,12783,-0.22815047246108944,-0.0870885376578594,0.05590107288049605,NSE
unified_1981_2015,hysets_03202400,5,1,Continuous_FCM_Class_All,147,12783,-0.29822485749804084,-0.12560432461708726,0.03958644154992627,NSE
unified_1981_2015,hysets_03202750,2,1,Continuous_FCM_Class_All,146,12783,-0.09007862748329432,-0.054347814077545964,0.06095280773307378,NSE
unified_1981_2015,hysets_03207800,1,1,Continuous_FCM_Class_All,146,12783,-0.3798729464079935,-0.18650130243707674,0.04097037430746278,NSE
unified_1981_2015,hysets_03208500,2,1,Continuous_FCM_Class_All,146,12783,-0.2538070409962685,-0.25100136343161394,0.04306200870876522,NSE
unified_1981_2015,hysets_03210000,2,1,Continuous_FCM_Class_All,146,12418,-0.33775729068148386,-0.37152003120520716,0.03647830215752663,NSE
unified_1981_2015,hysets_03217000,3,1,Continuous_FCM_Class_All,238,12783,0.01804405854990465,-0.146622194440307,0.027384713100460853,NSE
unified_1981_2015,hysets_03280700,2,1,Continuous_FCM_Class_All,146,12783,-0.07556761044172955,-0.20029519213559044,0.04234274628351801,NSE
unified_1981_2015,hysets_03460000,4,1,Continuous_FCM_Class_All,171,12783,0.058003247721876594,0.07131839073554413,0.049090804842989506,NSE
unified_1981_2015,hysets_03497300,4,1,Continuous_FCM_Class_All,171,12783,0.11084052852751325,0.01972585178772801,0.03640247517920504,NSE
unified_1981_2015,hysets_03512000,3,1,Continuous_FCM_Class_All,171,12783,0.11935231794069134,0.08167966073651267,0.05659243301437089,NSE
unified_1981_2015,hysets_03574500,4,1,Continuous_FCM_Class_All,147,12783,0.024613192512230486,-0.10298393836600073,0.02833147995531918,NSE
unified_1981_2015,hysets_04015330,4,1,Continuous_FCM_Class_All,238,12783,0.0205875454089669,-0.14497078598021051,0.019378392899441727,NSE
unified_1981_2015,hysets_04024430,2,1,Continuous_FCM_Class_All,237,12783,-0.009853528641673437,-0.014650388407232873,0.03954556789651525,NSE
unified_1981_2015,hysets_04025500,2,1,Continuous_FCM_Class_All,237,11961,-0.9456385984540754,0.21161458044006187,0.0642651071109086,NSE
unified_1981_2015,hysets_04057510,2,1,Continuous_FCM_Class_All,237,12783,-0.28019037089925924,0.14343845102595187,0.09643324592752843,NSE
unified_1981_2015,hysets_04063700,5,1,Continuous_FCM_Class_All,133,12783,0.00263343276938266,-0.07770933863242191,0.07493283782967465,NSE
unified_1981_2015,hysets_04256000,4,1,Continuous_FCM_Class_All,171,12783,0.12320555533270261,0.06415014663097418,0.044029564248150695,NSE
unified_1981_2015,hysets_04262500,1,1,Continuous_FCM_Class_All,171,12783,0.07132771889289158,0.09082275860299172,0.07290284779066143,NSE
unified_1981_2015,hysets_04269000,4,1,Continuous_FCM_Class_All,171,12417,-0.12332350399616887,0.09961636859281697,0.08517532764377002,NSE
unified_1981_2015,hysets_04287000,4,0,Continuous_FCM_Class_All,171,12783,0.0652950116821096,-0.014711514142474957,0.033364011567395796,NSE
unified_1981_2015,hysets_04296000,5,1,Continuous_FCM_Class_All,147,12783,0.11428477249152247,0.23571689263123674,0.07984480783626492,NSE
unified_1981_2015,hysets_05AA008,2,1,Continuous_FCM_Class_All,237,12783,0.3433181191313154,0.3754649117135145,0.050401809520193026,NSE
unified_1981_2015,hysets_05BG006,2,0,Continuous_FCM_Class_All,133,12783,-0.0010070859388011666,-0.22707940971150076,0.022457747703358996,NSE
unified_1981_2015,hysets_05DA009,1,0,Continuous_FCM_Class_All,146,12783,-0.21419491722232298,-0.20295594245302406,0.224617586400312,NSE
unified_1981_2015,hysets_05DC006,1,1,Continuous_FCM_Class_All,237,12783,-0.018525899408005975,0.10972241165042729,0.029416507852618148,NSE
unified_1981_2015,hysets_05QE008,5,1,Continuous_FCM_Class_All,133,12783,-0.23510781057163554,-0.11296283746942826,0.18711533432451183,NSE
unified_1981_2015,hysets_05QE009,3,1,Continuous_FCM_Class_All,133,12667,0.016304622496315924,-0.005035407054343466,0.09992305422995841,NSE
unified_1981_2015,hysets_05QE012,4,1,Continuous_FCM_Class_All,133,12783,-0.04305474908052487,-0.03473225708158356,0.16638096636736324,NSE
unified_1981_2015,hysets_05TG002,4,1,Continuous_FCM_Class_All,238,12000,-0.9978253087712485,-0.42004934673214867,0.1423836930543275,NSE
unified_1981_2015,hysets_05UF004,2,1,Continuous_FCM_Class_All,133,12584,-0.11877583886335907,-0.31182744547487595,0.10022135759332608,NSE
unified_1981_2015,hysets_06019500,5,1,Continuous_FCM_Class_All,238,12663,-5.952728530535272,-1.388345261641403,0.16374141428088607,NSE
unified_1981_2015,hysets_06191000,2,1,Continuous_FCM_Class_All,237,11597,0.4817862324065806,0.5122899728346412,0.09152464242691831,NSE
unified_1981_2015,hysets_06200000,1,1,Continuous_FCM_Class_All,237,12782,0.3338174684290889,0.2927011362433135,0.08144020352976367,NSE
unified_1981_2015,hysets_06224000,3,1,Continuous_FCM_Class_All,238,12783,0.21597321161096728,0.13470073360789514,0.09464183613364541,NSE
unified_1981_2015,hysets_06289000,1,1,Continuous_FCM_Class_All,237,12783,0.2850299945215077,0.4058463961486113,0.07938961250719434,NSE
unified_1981_2015,hysets_06309200,4,1,Continuous_FCM_Class_All,133,12783,0.08041475833740264,-0.0777376870186155,0.06185015546757841,NSE
unified_1981_2015,hysets_06332515,2,1,Continuous_FCM_Class_All,133,12783,-1.6665525012802442,-6.114350232114737,0.06469890725316338,NSE
unified_1981_2015,hysets_06339100,1,0,Continuous_FCM_Class_All,60,12783,-1.3097473908241763,-1.3036453161698178,0.03680341587471409,NSE
unified_1981_2015,hysets_06344600,1,0,Continuous_FCM_Class_All,60,12783,-0.8422983874551246,-0.9484611683649948,0.034670086317464856,NSE
unified_1981_2015,hysets_06400875,3,1,Continuous_FCM_Class_All,133,11902,-1.6048492018408829,-11.366777974736479,0.028953151783169102,NSE
unified_1981_2015,hysets_06404000,3,1,Continuous_FCM_Class_All,133,12783,-0.42471263338062104,-1.317823057687797,0.032751558970252184,NSE
unified_1981_2015,hysets_06406000,4,1,Continuous_FCM_Class_All,133,12783,-2.6714846617721797,-2.6337092482207685,0.07105313737433318,NSE
unified_1981_2015,hysets_06409000,1,1,Continuous_FCM_Class_All,132,12783,-10.854819186582553,-1.0693402014893532,0.20861762260419495,NSE
unified_1981_2015,hysets_06422500,2,1,Continuous_FCM_Class_All,133,12783,-0.2848678003856413,-0.3851351510112955,0.04840353989362812,NSE
unified_1981_2015,hysets_06623800,5,1,Continuous_FCM_Class_All,238,12783,0.19588062175840626,0.07488331516874969,0.1054671736774248,NSE
unified_1981_2015,hysets_06712000,1,1,Continuous_FCM_Class_All,132,12783,-12.582425525103812,-6.584446668830846,0.11246700389046042,NSE
unified_1981_2015,hysets_06719505,3,1,Continuous_FCM_Class_All,238,12782,-0.6131394946791051,-0.2613509990873213,0.14916937927329038,NSE
unified_1981_2015,hysets_06876700,2,1,Continuous_FCM_Class_All,133,12783,-0.1954104654172515,-1.1659486424638477,0.0366552369040367,NSE
unified_1981_2015,hysets_06FD002,4,1,Continuous_FCM_Class_All,238,11818,0.0020518353295464475,0.004266679408822527,0.08614623717487965,NSE
unified_1981_2015,hysets_07060710,1,1,Continuous_FCM_Class_All,146,12783,-0.19891651509669317,-1.1830980029248428,0.02065057185010616,NSE
unified_1981_2015,hysets_07124200,2,1,Continuous_FCM_Class_All,133,12783,-2.4603678111588683,-1.308230458302095,0.05519854998805841,NSE
unified_1981_2015,hysets_07203000,3,1,Continuous_FCM_Class_All,133,12783,-10.33191889145995,-5.558535883517093,0.06475214120942556,NSE
unified_1981_2015,hysets_07207500,3,1,Continuous_FCM_Class_All,133,12783,-5.308713662947717,-4.649705819403249,0.10478445671116124,NSE
unified_1981_2015,hysets_07208500,5,1,Continuous_FCM_Class_All,133,12783,-0.49080269540800914,-0.6009470037021387,0.037130352936611356,NSE
unified_1981_2015,hysets_07291000,1,1,Continuous_FCM_Class_All,237,12053,0.008390275687874538,-0.25186542967536085,0.030972713720506136,NSE
unified_1981_2015,hysets_07299670,1,1,Continuous_FCM_Class_All,132,12783,-0.44654835867534315,-3.3749438425759104,0.0247332907121327,NSE
unified_1981_2015,hysets_07315200,3,1,Continuous_FCM_Class_All,60,12783,0.07559131183357815,-0.05550248417051851,0.0173983909656813,NSE
unified_1981_2015,hysets_07335700,1,1,Continuous_FCM_Class_All,146,12783,0.026917784446177206,-0.16707804077615296,0.029620141223863306,NSE
unified_1981_2015,hysets_07337900,3,1,Continuous_FCM_Class_All,146,12783,-0.02596178754941536,-0.22735452941410084,0.04303665038861019,NSE
unified_1981_2015,hysets_07340300,4,1,Continuous_FCM_Class_All,147,12783,0.0068647165797767196,-0.176709500923667,0.04786089591288424,NSE
unified_1981_2015,hysets_07352000,5,1,Continuous_FCM_Class_All,238,12783,0.056579406366565554,-0.08086861934359013,0.04311555066662862,NSE
unified_1981_2015,hysets_07361500,3,1,Continuous_FCM_Class_All,146,12783,-0.031039011569731878,-0.22608366595328233,0.045021500398674905,NSE
unified_1981_2015,hysets_07362100,3,1,Continuous_FCM_Class_All,238,12783,0.017928970443418013,-0.1523896532856588,0.03329609990079909,NSE
unified_1981_2015,hysets_07373000,1,1,Continuous_FCM_Class_All,237,12783,0.011271877021424515,-0.21662398348431355,0.023908566500600734,NSE
unified_1981_2015,hysets_07376000,1,1,Continuous_FCM_Class_All,237,12418,-0.005280903601416309,-0.1912996965173146,0.03966046074527776,NSE
unified_1981_2015,hysets_07377000,3,0,Continuous_FCM_Class_All,238,12783,0.0045529333317894105,-0.205338476465166,0.0305103034012417,NSE
unified_1981_2015,hysets_07BJ001,5,1,Continuous_FCM_Class_All,238,12783,-0.06885028767609547,-0.20386174267081936,0.04666222338239444,NSE
unified_1981_2015,hysets_07MA003,4,1,Continuous_FCM_Class_All,238,12728,-7.941434818535809,-0.8052768176823433,0.3471360018658354,NSE
unified_1981_2015,hysets_07SB013,5,0,Continuous_FCM_Class_All,238,11791,-6.696779042968903,-4.752882046109379,0.2011053523053378,NSE
unified_1981_2015,hysets_08013000,3,1,Continuous_FCM_Class_All,238,12768,0.007567968418840443,-0.21719937556274838,0.040353348527469426,NSE
unified_1981_2015,hysets_08013500,4,1,Continuous_FCM_Class_All,238,12417,0.027831445079691375,-0.15815767271108183,0.045417192860720705,NSE
unified_1981_2015,hysets_08014500,1,1,Continuous_FCM_Class_All,237,12783,0.01322404287313017,-0.16985839753128618,0.03523367151578906,NSE
unified_1981_2015,hysets_08025500,4,1,Continuous_FCM_Class_All,238,12052,0.051856432178505996,-0.12953030988101433,0.031766884135946125,NSE
unified_1981_2015,hysets_08029500,5,1,Continuous_FCM_Class_All,238,12783,0.04205378554744721,-0.11017109194155861,0.015854593188740544,NSE
unified_1981_2015,hysets_08065800,1,1,Continuous_FCM_Class_All,237,12783,-0.012778846828717327,-0.3016374600177798,0.033078155477372674,NSE
unified_1981_2015,hysets_08066200,2,1,Continuous_FCM_Class_All,237,12783,0.02015508587468251,-0.23023118416395905,0.019613392792921788,NSE
unified_1981_2015,hysets_08068720,1,1,Continuous_FCM_Class_All,237,12596,-0.14907256134963442,-0.5925230838999163,0.0887780403254457,NSE
unified_1981_2015,hysets_08070000,4,1,Continuous_FCM_Class_All,238,12695,0.03023621728427328,-0.17802669231236967,0.019452749636617632,NSE
unified_1981_2015,hysets_08082700,4,1,Continuous_FCM_Class_All,60,12783,-0.13247684327817177,-1.1238046206955397,0.014489653931600763,NSE
unified_1981_2015,hysets_08084800,3,1,Continuous_FCM_Class_All,60,12783,-0.5075105244519784,-0.8852629939037451,0.03811434048744604,NSE
unified_1981_2015,hysets_08086212,5,1,Continuous_FCM_Class_All,60,12783,-0.1803658535760273,-1.1314913747090656,0.020639891776788287,NSE
unified_1981_2015,hysets_08150800,3,1,Continuous_FCM_Class_All,133,12783,-0.2935897984650442,-3.8443380083111753,0.017266759933979556,NSE
unified_1981_2015,hysets_08164300,2,1,Continuous_FCM_Class_All,237,12783,-0.08886221240070147,-1.0952842684631787,0.028903499648055598,NSE
unified_1981_2015,hysets_08165300,1,1,Continuous_FCM_Class_All,132,12783,0.0042949663415443595,-0.7376462075192296,0.015496737134607698,NSE
unified_1981_2015,hysets_08165500,3,1,Continuous_FCM_Class_All,133,12761,0.041391801752572066,-0.4947921077674542,0.0160878699050811,NSE
unified_1981_2015,hysets_08171000,5,1,Continuous_FCM_Class_All,60,12783,0.04040156902499592,-0.23787288757459701,0.012535378718407363,NSE
unified_1981_2015,hysets_08175000,5,1,Continuous_FCM_Class_All,238,12783,-0.3029701727827325,-2.828517121225136,0.017683738132928357,NSE
unified_1981_2015,hysets_08176900,1,0,Continuous_FCM_Class_All,237,12568,-0.43905303184167854,-3.175209042647058,0.026738998727351252,NSE
unified_1981_2015,hysets_08178880,4,1,Continuous_FCM_Class_All,133,12145,0.04382472106992219,-0.12025346225135092,0.010670265871805262,NSE
unified_1981_2015,hysets_08189500,2,0,Continuous_FCM_Class_All,237,12783,-0.8899391427043852,-3.7400988859149944,0.034411843063762174,NSE
unified_1981_2015,hysets_08194200,5,1,Continuous_FCM_Class_All,60,12783,-0.36131313921315855,-1.041704034400635,0.02634763714435661,NSE
unified_1981_2015,hysets_08195000,2,1,Continuous_FCM_Class_All,133,12783,0.1036067080622265,-0.06725893691769613,0.020284217903865767,NSE
unified_1981_2015,hysets_08198000,5,1,Continuous_FCM_Class_All,238,12782,-0.36912887714989684,-1.36403672943998,0.02128802545112014,NSE
unified_1981_2015,hysets_08198500,1,1,Continuous_FCM_Class_All,132,12783,0.037394579960524754,-1.4826832086207373,0.016785949249159444,NSE
unified_1981_2015,hysets_08201500,1,0,Continuous_FCM_Class_All,132,12782,0.06899028380635597,-0.11394523922502064,0.017107586535581795,NSE
unified_1981_2015,hysets_08202700,3,0,Continuous_FCM_Class_All,60,12783,0.015769102589966666,-2.17763940360146,0.014108376487794543,NSE
unified_1981_2015,hysets_08247500,2,1,Continuous_FCM_Class_All,237,12783,-3.216596634051464,-3.314447800539374,0.1806225373400941,NSE
unified_1981_2015,hysets_08269000,3,1,Continuous_FCM_Class_All,133,12783,0.15967925026893603,0.09008067218361182,0.07310057088024145,NSE
unified_1981_2015,hysets_08279000,2,1,Continuous_FCM_Class_All,133,12560,-0.08064605949177417,-0.10208744199257391,0.060277576509398356,NSE
unified_1981_2015,hysets_08284100,1,1,Continuous_FCM_Class_All,237,12783,0.24139474265487848,0.16422642212526595,0.07797434381221721,NSE
unified_1981_2015,hysets_08289000,3,1,Continuous_FCM_Class_All,133,12783,-1.0412549699959621,-1.3540468995017796,0.13607929810835256,NSE
unified_1981_2015,hysets_08291000,2,1,Continuous_FCM_Class_All,133,12783,0.11370342299817038,0.12434532989709368,0.06672506152093442,NSE
unified_1981_2015,hysets_08324000,4,1,Continuous_FCM_Class_All,133,12783,-1.9090349897694319,-1.270597834068779,0.13283262402165352,NSE
unified_1981_2015,hysets_08334000,4,1,Continuous_FCM_Class_All,133,12783,-15.79545267757182,-12.695245687171923,0.1817425690338811,NSE
unified_1981_2015,hysets_08378500,5,1,Continuous_FCM_Class_All,133,12783,0.12342644215495213,0.027567302601695043,0.06977722855497201,NSE
unified_1981_2015,hysets_08401200,4,1,Continuous_FCM_Class_All,60,12032,-2.4469560359224056,-18.941754515268027,0.02281463933741864,NSE
unified_1981_2015,hysets_08401900,5,1,Continuous_FCM_Class_All,60,12783,-1.069070516176775,-11.465653859037578,0.022408284504263482,NSE
unified_1981_2015,hysets_08405150,5,1,Continuous_FCM_Class_All,60,12783,-1.7721123125119083,-20.179359725627652,0.024663871017885072,NSE
unified_1981_2015,hysets_08405500,3,1,Continuous_FCM_Class_All,60,12783,-20.472519948741184,-5.217893705358691,0.07635143891884139,NSE
unified_1981_2015,hysets_08AA008,1,1,Continuous_FCM_Class_All,237,12589,-3.769462762831333,-0.9175616802075062,0.2484323486440598,NSE
unified_1981_2015,hysets_08AA009,4,1,Continuous_FCM_Class_All,238,12695,-3.0380809068000074,-1.6790152646068273,0.14165971803717112,NSE
unified_1981_2015,hysets_08AC001,2,1,Continuous_FCM_Class_All,237,11614,0.0556873382687334,0.12951760868609008,0.07812774277976746,NSE
unified_1981_2015,hysets_08EB004,5,1,Continuous_FCM_Class_All,172,12783,-0.10883019793315651,-0.06608630970502438,0.06452342907069127,NSE
unified_1981_2015,hysets_08ED001,4,1,Continuous_FCM_Class_All,171,12699,-0.08082448632466366,-0.2316964541129538,0.1295172837663722,NSE
unified_1981_2015,hysets_08ED002,2,0,Continuous_FCM_Class_All,146,12783,-0.3197391724806524,-0.18615807085416725,0.19380283747819005,NSE
unified_1981_2015,hysets_08EE008,2,1,Continuous_FCM_Class_All,146,12783,-0.6210685226699342,-0.15196094245645608,0.09804340725175584,NSE
unified_1981_2015,hysets_08EE013,4,1,Continuous_FCM_Class_All,238,12715,0.20784610785941227,0.10788194131479056,0.08007501912037962,NSE
unified_1981_2015,hysets_08EE020,3,1,Continuous_FCM_Class_All,146,12783,-0.11169447414732958,-0.15279259062075634,0.07272896709566058,NSE
unified_1981_2015,hysets_08EG012,5,1,Continuous_FCM_Class_All,66,12783,-0.380491563761973,-0.3060029209824293,0.0910938622147732,NSE
unified_1981_2015,hysets_08FE003,2,1,Continuous_FCM_Class_All,65,12783,-0.24453928825128912,-0.12189925692113723,0.06945051394250029,NSE
unified_1981_2015,hysets_08FF001,3,1,Continuous_FCM_Class_All,66,12783,-0.42314378239740824,0.07103367814841444,0.05170995008703667,NSE
unified_1981_2015,hysets_08FF002,3,1,Continuous_FCM_Class_All,66,12783,-0.39275717361638507,0.03911771570763378,0.05323669028116023,NSE
unified_1981_2015,hysets_08FF003,4,1,Continuous_FCM_Class_All,66,12783,-0.11255313009325163,-0.03209007737139902,0.04910673423381638,NSE
unified_1981_2015,hysets_08GA071,2,1,Continuous_FCM_Class_All,65,12709,-0.21216282443947887,-0.02265442379224969,0.09753261051778772,NSE
unified_1981_2015,hysets_08GA072,5,0,Continuous_FCM_Class_All,66,12356,-0.5252964548497014,-0.029863189971375048,0.08470518888888101,NSE
unified_1981_2015,hysets_08HA001,5,1,Continuous_FCM_Class_All,66,12783,0.46072108243809384,0.30438534699981334,0.04252664683690403,NSE
unified_1981_2015,hysets_08HA010,1,1,Continuous_FCM_Class_All,65,11578,0.4248317632986114,0.30624259202321635,0.06696571559255671,NSE
unified_1981_2015,hysets_08HB014,2,1,Continuous_FCM_Class_All,65,12743,0.1826870921167656,0.05298336339480847,0.07325130061121889,NSE
unified_1981_2015,hysets_08HB074,5,1,Continuous_FCM_Class_All,66,12308,0.28461646970231114,0.2827430395491153,0.04501027659950869,NSE
unified_1981_2015,hysets_08HD011,2,1,Continuous_FCM_Class_All,65,12783,0.15797664682652934,0.2708611515474425,0.057241674916696766,NSE
unified_1981_2015,hysets_08HD015,4,1,Continuous_FCM_Class_All,66,12459,0.27397317920168507,0.32113541479369445,0.052167044541517125,NSE
unified_1981_2015,hysets_08HF004,3,1,Continuous_FCM_Class_All,66,12639,0.30841093245657747,0.3333384351223859,0.04560427076026519,NSE
unified_1981_2015,hysets_08JD006,4,1,Continuous_FCM_Class_All,147,11977,0.15236566592381362,0.13263510323039684,0.08368112113175911,NSE
unified_1981_2015,hysets_08KA007,5,1,Continuous_FCM_Class_All,147,12783,-0.09636399719854127,-0.04199931362911857,0.15040594787306627,NSE
unified_1981_2015,hysets_08KH010,1,1,Continuous_FCM_Class_All,146,12686,0.1161570562843579,0.16220257498309532,0.1284413219418117,NSE
unified_1981_2015,hysets_08KH019,5,1,Continuous_FCM_Class_All,238,12518,-0.13093019746227696,-0.003126151154864587,0.08579774226027113,NSE
unified_1981_2015,hysets_08LB038,2,1,Continuous_FCM_Class_All,146,11688,0.03061423742535796,-0.047411510525432465,0.14055702453927055,NSE
unified_1981_2015,hysets_08LB069,3,1,Continuous_FCM_Class_All,238,12783,0.2582005770702439,0.14110764157365596,0.10273160469780286,NSE
unified_1981_2015,hysets_08LB076,3,1,Continuous_FCM_Class_All,238,12644,0.13139833630813447,0.010905422593633585,0.1013160506317399,NSE
unified_1981_2015,hysets_08LE024,5,0,Continuous_FCM_Class_All,147,12783,0.028436658227797063,0.006664927216581296,0.13983159568988493,NSE
unified_1981_2015,hysets_08LE027,3,0,Continuous_FCM_Class_All,146,12783,-0.032647276585860974,-0.07042592011622495,0.11898169496760468,NSE
unified_1981_2015,hysets_08LG048,5,0,Continuous_FCM_Class_All,238,12783,0.13611237633704487,0.025428466392067528,0.08962928106993064,NSE
unified_1981_2015,hysets_08MA003,4,1,Continuous_FCM_Class_All,147,12096,-0.16364230669073243,-0.07414298265671126,0.19404585757204712,NSE
unified_1981_2015,hysets_08ME023,1,0,Continuous_FCM_Class_All,146,12694,-0.3832406135116424,-0.6319654988074674,0.10555405264040252,NSE
unified_1981_2015,hysets_08ME025,4,1,Continuous_FCM_Class_All,238,12053,-0.387594441037028,0.196156566190679,0.11861437572692693,NSE
unified_1981_2015,hysets_08MH016,5,1,Continuous_FCM_Class_All,66,12783,-0.4789213226310489,0.2680741469835509,0.11230820056738855,NSE
unified_1981_2015,hysets_08MH056,3,1,Continuous_FCM_Class_All,66,12620,0.36425329493008174,0.546574604236794,0.035161702395585144,NSE
unified_1981_2015,hysets_08MH103,2,1,Continuous_FCM_Class_All,65,12783,-0.19996854220298999,0.418245021143855,0.07141781947201566,NSE
unified_1981_2015,hysets_08MH147,4,1,Continuous_FCM_Class_All,66,11698,0.12233762459259245,0.1355842944375678,0.05980459296731644,NSE
unified_1981_2015,hysets_08NA006,5,1,Continuous_FCM_Class_All,147,12765,-0.14234613481203517,0.01466462094694243,0.14761681262625478,NSE
unified_1981_2015,hysets_08NB012,3,1,Continuous_FCM_Class_All,146,12179,-0.07908366870931571,-0.043629953443732106,0.1441595103978643,NSE
unified_1981_2015,hysets_08NB014,5,1,Continuous_FCM_Class_All,147,12783,-0.13593067230642886,-0.24091450963602146,0.1343337041990171,NSE
unified_1981_2015,hysets_08ND012,4,1,Continuous_FCM_Class_All,147,12783,0.004067369723273373,-0.029905903960406155,0.1336386873532037,NSE
unified_1981_2015,hysets_08ND013,4,1,Continuous_FCM_Class_All,147,12783,-0.04617805337390135,-0.07625477030742278,0.13560448019978616,NSE
unified_1981_2015,hysets_08NE039,3,1,Continuous_FCM_Class_All,238,12783,0.2943083127726611,0.1852550601432259,0.10459597390674624,NSE
unified_1981_2015,hysets_08NE074,4,1,Continuous_FCM_Class_All,238,12783,0.08250918051498135,-0.01265538619898865,0.1122118532279559,NSE
unified_1981_2015,hysets_08NF001,5,1,Continuous_FCM_Class_All,238,12783,0.2887959745169577,0.26728784126182925,0.12151008453554722,NSE
unified_1981_2015,hysets_08NG076,3,1,Continuous_FCM_Class_All,238,12783,0.43596056107077286,0.39952995722053486,0.06134064463435342,NSE
unified_1981_2015,hysets_08NG077,2,1,Continuous_FCM_Class_All,146,12783,0.08573387986970615,0.000206177407155006,0.09370289005101932,NSE
unified_1981_2015,hysets_08NH005,1,1,Continuous_FCM_Class_All,146,12783,0.11176064983994394,0.09393073281839615,0.10261909693517193,NSE
unified_1981_2015,hysets_08NH006,4,1,Continuous_FCM_Class_All,238,12783,0.38103581075316695,0.3039756099226171,0.09257428218959277,NSE
unified_1981_2015,hysets_08NH120,1,1,Continuous_FCM_Class_All,237,12783,0.2122801372900236,0.07620887442182434,0.07513377125760357,NSE
unified_1981_2015,hysets_08NH130,3,1,Continuous_FCM_Class_All,146,12783,0.04190581070592392,-0.024793323324074024,0.09422070057024026,NSE
unified_1981_2015,hysets_08NJ160,5,1,Continuous_FCM_Class_All,147,12783,0.1468315928140531,0.13587120102130434,0.1256362139735537,NSE
unified_1981_2015,hysets_08NK016,4,1,Continuous_FCM_Class_All,238,12783,0.28991503885125647,0.2498351232786944,0.04315379322478898,NSE
unified_1981_2015,hysets_08NK018,2,1,Continuous_FCM_Class_All,237,12783,0.3384858129541011,0.311494439927715,0.0448829389539703,NSE
unified_1981_2015,hysets_08NK022,4,1,Continuous_FCM_Class_All,238,12783,0.2769348526368912,0.20824070910321435,0.06153143837218125,NSE
unified_1981_2015,hysets_08NL004,1,1,Continuous_FCM_Class_All,237,12783,0.31381838627091474,0.16883740828075333,0.07711117426462477,NSE
unified_1981_2015,hysets_08NL024,5,1,Continuous_FCM_Class_All,238,12783,0.34360474821698184,0.2962335851267597,0.06587469463172027,NSE
unified_1981_2015,hysets_08NL050,5,1,Continuous_FCM_Class_All,238,12783,0.18697935285969303,-0.031188890176793382,0.06391616744625332,NSE
unified_1981_2015,hysets_08NL071,4,1,Continuous_FCM_Class_All,147,12783,0.20214676708010482,0.14136355243363385,0.06937291107296809,NSE
unified_1981_2015,hysets_08NN019,3,1,Continuous_FCM_Class_All,238,12783,0.41571385554214324,0.33688895197399205,0.08836897715299447,NSE
unified_1981_2015,hysets_08OA002,2,1,Continuous_FCM_Class_All,171,12398,-0.20611213284121344,-0.40260661602240866,0.1029330119865112,NSE
unified_1981_2015,hysets_09059500,4,1,Continuous_FCM_Class_All,238,12783,0.37542575958600355,0.2985356902727594,0.08370863013340658,NSE
unified_1981_2015,hysets_09165000,3,1,Continuous_FCM_Class_All,238,12053,0.3319112835591428,0.2514291903323215,0.0982298672164017,NSE
unified_1981_2015,hysets_09196500,1,1,Continuous_FCM_Class_All,237,11731,0.07309696456596315,-0.074307804934856,0.12405262815026992,NSE
unified_1981_2015,hysets_09223000,3,1,Continuous_FCM_Class_All,238,12783,0.4021591588440916,0.2070124072740268,0.0677053151013935,NSE
unified_1981_2015,hysets_09253000,5,1,Continuous_FCM_Class_All,238,12231,0.3512266264845806,0.2631416761401193,0.08886047249685233,NSE
unified_1981_2015,hysets_09255000,2,1,Continuous_FCM_Class_All,237,12783,0.19224947508834322,-0.0741803700543413,0.09005494053602527,NSE
unified_1981_2015,hysets_09266500,2,1,Continuous_FCM_Class_All,237,12783,0.28883195679275764,0.25622351999805837,0.05311100022015436,NSE
unified_1981_2015,hysets_09289500,1,1,Continuous_FCM_Class_All,237,12783,0.22240222289088163,0.12070787227238333,0.06966605508320012,NSE
unified_1981_2015,hysets_09292500,5,1,Continuous_FCM_Class_All,238,12783,0.2552755698588617,0.28620557061282825,0.07914929313708574,NSE
unified_1981_2015,hysets_09299500,1,1,Continuous_FCM_Class_All,237,12783,0.2958261333916061,0.28833010878482956,0.06112284989526042,NSE
unified_1981_2015,hysets_09304200,2,1,Continuous_FCM_Class_All,237,12783,0.381083083162855,0.474738297569798,0.09439099303105059,NSE
unified_1981_2015,hysets_09304500,1,1,Continuous_FCM_Class_All,237,12783,0.3846413532904621,0.5060275341151983,0.08402232729475351,NSE
unified_1981_2015,hysets_09306222,4,1,Continuous_FCM_Class_All,133,12783,-36.34783269796,-7.163776293390322,0.5756943840378242,NSE
unified_1981_2015,hysets_09310500,3,1,Continuous_FCM_Class_All,238,12783,0.3118418251359776,0.18679711369203522,0.0679081251411573,NSE
unified_1981_2015,hysets_09312600,4,1,Continuous_FCM_Class_All,238,12783,-0.7667555699491866,-1.4396912498566063,0.08548943823096686,NSE
unified_1981_2015,hysets_09337000,3,1,Continuous_FCM_Class_All,133,12782,-15.971859848134503,-4.103769416593695,0.1983022357430868,NSE
unified_1981_2015,hysets_09342500,5,1,Continuous_FCM_Class_All,238,12783,0.27798411739192397,0.20467526505934652,0.10523417982095092,NSE
unified_1981_2015,hysets_09352900,3,1,Continuous_FCM_Class_All,238,12783,0.1263788954145616,0.04334621836019481,0.09776511105123067,NSE
unified_1981_2015,hysets_09386900,1,1,Continuous_FCM_Class_All,60,12783,-1.4946477134210703,-1.6324469356764615,0.03929376861922518,NSE
unified_1981_2015,hysets_09403600,3,1,Continuous_FCM_Class_All,133,12783,-40.74016140706593,-7.210792763401031,0.15009394574727497,NSE
unified_1981_2015,hysets_09404450,5,1,Continuous_FCM_Class_All,133,12783,-1.709175841504993,-0.5593085720965916,0.0470391103671748,NSE
unified_1981_2015,hysets_09405500,4,1,Continuous_FCM_Class_All,133,12783,-0.03607453134777949,-0.05699319056868246,0.04394826623994065,NSE
unified_1981_2015,hysets_09430600,5,0,Continuous_FCM_Class_All,133,12783,0.013533513589304547,-0.2595300559347855,0.019074100826640752,NSE
unified_1981_2015,hysets_09442680,3,1,Continuous_FCM_Class_All,133,12783,-3.6736236205569606,-6.007110641681618,0.038075517606804506,NSE
unified_1981_2015,hysets_09447000,5,1,Continuous_FCM_Class_All,133,12783,-0.19963882420227108,-2.293726142974567,0.01900351481078918,NSE
unified_1981_2015,hysets_09447800,5,1,Continuous_FCM_Class_All,133,12571,-1.7935451120986188,-13.640077406905094,0.01820780509790501,NSE
unified_1981_2015,hysets_09473000,3,1,Continuous_FCM_Class_All,133,12052,-0.9036574562399968,-5.745676871410035,0.02296425711800455,NSE
unified_1981_2015,hysets_09494000,5,1,Continuous_FCM_Class_All,133,12783,-0.14391288373760158,-0.1575543637071526,0.041516964659141495,NSE
unified_1981_2015,hysets_09496500,2,1,Continuous_FCM_Class_All,133,12783,-1.2629519948223935,-4.043113462753904,0.03469923225627673,NSE
unified_1981_2015,hysets_09497800,2,1,Continuous_FCM_Class_All,133,12418,-0.8457033331036763,-1.7598358858176848,0.03323557187147372,NSE
unified_1981_2015,hysets_09497980,4,1,Continuous_FCM_Class_All,133,12783,-0.27204954803213366,-1.6058418074571952,0.02760661008670732,NSE
unified_1981_2015,hysets_09499000,2,0,Continuous_FCM_Class_All,133,12783,-0.03594679352721908,-0.704734586414997,0.02278639565342828,NSE
unified_1981_2015,hysets_09504420,2,1,Continuous_FCM_Class_All,133,12510,-0.011494856028675837,-0.2940527611223567,0.029587667287164023,NSE
unified_1981_2015,hysets_09505800,1,1,Continuous_FCM_Class_All,132,12783,-0.06529466788931848,-0.7134712367193701,0.01784538989566917,NSE
unified_1981_2015,hysets_09510200,1,1,Continuous_FCM_Class_All,60,12783,0.09293306208513608,-0.022497577470970587,0.023380962635746953,NSE
unified_1981_2015,hysets_09512280,5,1,Continuous_FCM_Class_All,60,12783,-0.03219346512056798,-1.1460596084803103,0.01711819047091878,NSE
unified_1981_2015,hysets_09513780,3,1,Continuous_FCM_Class_All,60,12783,0.11394626199588076,-0.06954435025768735,0.016806880648749325,NSE
unified_1981_2015,hysets_09AA012,5,1,Continuous_FCM_Class_All,238,12657,-0.12851993496557523,0.10636729843994464,0.11566090523853124,NSE
unified_1981_2015,hysets_09AA013,2,1,Continuous_FCM_Class_All,146,11625,-1.1099436877160915,-0.18404878007655934,0.24829253220390504,NSE
unified_1981_2015,hysets_09AH003,1,1,Continuous_FCM_Class_All,132,12337,0.0006436214236765769,-0.12329383445946474,0.060320286925100344,NSE
unified_1981_2015,hysets_09CA004,1,1,Continuous_FCM_Class_All,237,12567,-0.06424422081341152,-0.1331497727652835,0.04749884148869395,NSE
unified_1981_2015,hysets_09EA004,2,1,Continuous_FCM_Class_All,237,12630,0.0878184146094716,0.1888989590768385,0.08617238073107732,NSE
unified_1981_2015,hysets_10011500,2,1,Continuous_FCM_Class_All,237,12783,0.3506192435893952,0.2784936796114572,0.08781964654713184,NSE
unified_1981_2015,hysets_10032000,3,1,Continuous_FCM_Class_All,238,12783,0.47900257125154666,0.4336414569524252,0.08167546653747418,NSE
unified_1981_2015,hysets_10113500,4,1,Continuous_FCM_Class_All,238,11506,-2.982635588825633,-0.5715657522219062,0.1467493948194581,NSE
unified_1981_2015,hysets_10173450,2,1,Continuous_FCM_Class_All,133,12782,0.10183249755052182,-0.016431044443915743,0.08407913905207284,NSE
unified_1981_2015,hysets_10174500,1,1,Continuous_FCM_Class_All,132,12783,0.016197252723911926,0.08994180308958144,0.08524076376643176,NSE
unified_1981_2015,hysets_10194200,5,1,Continuous_FCM_Class_All,133,12467,-0.32191911631517,-0.2830034637779517,0.10716153166347551,NSE
unified_1981_2015,hysets_10234500,2,1,Continuous_FCM_Class_All,237,12783,-0.1733528883813853,-0.03037437626183781,0.09012615837581671,NSE
unified_1981_2015,hysets_10258500,4,1,Continuous_FCM_Class_All,60,12783,-0.8004062915619738,-2.4356462563315087,0.02874229787543298,NSE
unified_1981_2015,hysets_10296000,3,1,Continuous_FCM_Class_All,238,12783,0.30184563511745144,0.18523777436959965,0.041984737863549094,NSE
unified_1981_2015,hysets_10296500,5,1,Continuous_FCM_Class_All,238,12783,0.3668621620042978,0.2993569181878102,0.0381531323602783,NSE
unified_1981_2015,hysets_10329500,4,1,Continuous_FCM_Class_All,133,12783,-0.2738375939358535,-0.544735937310088,0.045955894219731876,NSE
unified_1981_2015,hysets_10396000,4,1,Continuous_FCM_Class_All,238,12783,0.1853207213827477,0.22412852454375687,0.058199094099039034,NSE
unified_1981_2015,hysets_10AC005,3,1,Continuous_FCM_Class_All,238,12783,0.038018766546957794,-0.03618121183003753,0.10996064619184905,NSE
unified_1981_2015,hysets_10BE007,3,1,Continuous_FCM_Class_All,238,12783,-0.08032776750059001,0.14255227442433016,0.11801395651021476,NSE
unified_1981_2015,hysets_10BE009,3,1,Continuous_FCM_Class_All,238,12715,-7.1747033405293905,-0.8268720860574919,0.2635336709645501,NSE
unified_1981_2015,hysets_10ED003,5,1,Continuous_FCM_Class_All,238,12782,-0.2852900842784374,-0.48096702548822634,0.02652009985697575,NSE
unified_1981_2015,hysets_10GC003,3,1,Continuous_FCM_Class_All,238,12783,-0.38012221032687754,-0.6817413923288638,0.029511169880983804,NSE
unified_1981_2015,hysets_10LC003,3,1,Continuous_FCM_Class_All,133,12112,-0.13709982454772107,-0.5804512299859201,0.05115039622287608,NSE
unified_1981_2015,hysets_10LC007,2,1,Continuous_FCM_Class_All,237,12242,-1.945871080431604,-1.5236714917153251,0.07981354643020137,NSE
unified_1981_2015,hysets_11012500,4,1,Continuous_FCM_Class_All,60,12783,-3.325350939379071,-2.612763676943226,0.0551094972588297,NSE
unified_1981_2015,hysets_11015000,2,1,Continuous_FCM_Class_All,60,12783,0.14867816618115026,0.09831409695832705,0.021196894918482003,NSE
unified_1981_2015,hysets_11042400,1,1,Continuous_FCM_Class_All,60,12419,-0.6997472341040092,-1.7584319558890238,0.019875202782463554,NSE
unified_1981_2015,hysets_11123000,2,1,Continuous_FCM_Class_All,60,12783,0.16152921468432613,-0.016032200313684353,0.030424351413675232,NSE
unified_1981_2015,hysets_11123500,4,1,Continuous_FCM_Class_All,60,12783,0.15443416166346413,-0.014602043622590655,0.03024378066256137,NSE
unified_1981_2015,hysets_11124500,1,1,Continuous_FCM_Class_All,60,12783,0.2660609410576339,0.17785861909358525,0.028242332365357663,NSE
unified_1981_2015,hysets_11132500,4,1,Continuous_FCM_Class_All,60,12783,0.14904826791877634,0.03835963303664969,0.015994102545582183,NSE
unified_1981_2015,hysets_11140000,1,1,Continuous_FCM_Class_All,60,12783,0.2602996165230741,0.09123282399983379,0.024571995792862223,NSE
unified_1981_2015,hysets_11143000,5,1,Continuous_FCM_Class_All,238,12783,-0.0012541071795497682,-0.24952198474341603,0.052337218822825556,NSE
unified_1981_2015,hysets_11143200,3,1,Continuous_FCM_Class_All,60,12783,0.2320279773488253,-0.006882498584625418,0.0288410452737333,NSE
unified_1981_2015,hysets_11143250,5,1,Continuous_FCM_Class_All,238,12783,-0.2930554754625132,-0.9395023476760263,0.04060768979471884,NSE
unified_1981_2015,hysets_11148900,3,1,Continuous_FCM_Class_All,60,12783,0.07409896274500727,-0.25952075835447785,0.027474084399047683,NSE
unified_1981_2015,hysets_11149900,1,1,Continuous_FCM_Class_All,60,12783,0.21347260039348503,0.005321845287301508,0.025259052042465195,NSE
unified_1981_2015,hysets_11151300,2,1,Continuous_FCM_Class_All,60,12682,-0.20774926896105894,-1.4348530967574633,0.017641704883021386,NSE
unified_1981_2015,hysets_11152000,3,1,Continuous_FCM_Class_All,60,12783,0.15946280899799314,-0.12241956115703001,0.029481129557009114,NSE
unified_1981_2015,hysets_11202000,5,1,Continuous_FCM_Class_All,238,12783,0.11553059967025414,-0.05346456864402738,0.026725460495186096,NSE
unified_1981_2015,hysets_11202001,3,1,Continuous_FCM_Class_All,238,12783,0.2308649548124635,0.17183341998783475,0.029083500888548164,NSE
unified_1981_2015,hysets_11224500,5,1,Continuous_FCM_Class_All,60,12783,-0.0885958068850159,-1.556572581107595,0.01634533758748956,NSE
unified_1981_2015,hysets_11230500,4,1,Continuous_FCM_Class_All,238,12783,0.1563532575782458,0.03910522724720222,0.05300595626493749,NSE
unified_1981_2015,hysets_11253310,4,1,Continuous_FCM_Class_All,60,12783,-0.3231145417704011,-1.5299899354006654,0.020043979485184403,NSE
unified_1981_2015,hysets_11264500,2,1,Continuous_FCM_Class_All,237,12783,0.17154338105734224,0.03705124510633173,0.060857993141773196,NSE
unified_1981_2015,hysets_11266500,5,1,Continuous_FCM_Class_All,238,12783,0.15127529514158267,0.018373436035970747,0.046888505057183276,NSE
unified_1981_2015,hysets_11314500,4,1,Continuous_FCM_Class_All,238,12783,0.16682469345405604,0.056504651083378654,0.041767297533603025,NSE
unified_1981_2015,hysets_11317000,3,1,Continuous_FCM_Class_All,238,12783,0.10796272009652697,0.045071736447931166,0.03623507116530285,NSE
unified_1981_2015,hysets_11318500,4,1,Continuous_FCM_Class_All,238,12783,0.07401575499999502,-0.04364936309199963,0.03105849025807513,NSE
unified_1981_2015,hysets_11367500,4,1,Continuous_FCM_Class_All,147,12783,-0.32689715984700785,0.43939036765977946,0.03526354416560837,NSE
unified_1981_2015,hysets_11374000,4,1,Continuous_FCM_Class_All,147,12783,0.0835452541854611,-0.05391799595481661,0.06422274032573658,NSE
unified_1981_2015,hysets_11376550,4,1,Continuous_FCM_Class_All,147,12673,-0.8078847208222226,0.0589479286557415,0.08578388303270736,NSE
unified_1981_2015,hysets_11379500,1,1,Continuous_FCM_Class_All,237,12783,0.04180175412404863,-0.11303792411634239,0.04653050590650077,NSE
unified_1981_2015,hysets_11381500,3,1,Continuous_FCM_Class_All,146,12783,0.30287364335184286,0.27552047634344645,0.023561151848780916,NSE
unified_1981_2015,hysets_11383500,1,1,Continuous_FCM_Class_All,146,12783,0.16386313922020812,0.09138401121406492,0.026208806692882346,NSE
unified_1981_2015,hysets_11402000,1,1,Continuous_FCM_Class_All,146,12783,0.138358707253743,-0.08402726589942122,0.029546967543069923,NSE
unified_1981_2015,hysets_11413000,3,1,Continuous_FCM_Class_All,146,12783,0.2561815415467623,0.17071870148742985,0.03232166814148925,NSE
unified_1981_2015,hysets_11413300,4,1,Continuous_FCM_Class_All,147,12783,0.09738451165916628,-0.0752495953768284,0.0279225073774564,NSE
unified_1981_2015,hysets_11428800,5,1,Continuous_FCM_Class_All,147,12783,-0.9431365210094926,-3.918693408614626,0.020946830355300813,NSE
unified_1981_2015,hysets_11433300,5,1,Continuous_FCM_Class_All,147,12783,0.20921844836302428,0.1806935481126436,0.024071488844978284,NSE
unified_1981_2015,hysets_11451100,4,0,Continuous_FCM_Class_All,238,12783,0.009596593037066725,-0.2711416163216753,0.03805349062082555,NSE
unified_1981_2015,hysets_11461000,1,0,Continuous_FCM_Class_All,146,12783,0.1441664556378388,-0.022281455797362293,0.046103869311438894,NSE
unified_1981_2015,hysets_11468500,5,0,Continuous_FCM_Class_All,147,12783,0.17945781134075833,0.05803539759033094,0.03471530444882482,NSE
unified_1981_2015,hysets_11470500,1,1,Continuous_FCM_Class_All,237,12783,0.0018976715685175005,-0.24901756385536133,0.038971842080605924,NSE
unified_1981_2015,hysets_11473900,3,1,Continuous_FCM_Class_All,146,12783,0.2489118569199864,0.15270034541613808,0.03359629232956358,NSE
unified_1981_2015,hysets_11478500,4,1,Continuous_FCM_Class_All,147,12783,0.08882908391455335,-0.0686116032993822,0.05761956240331614,NSE
unified_1981_2015,hysets_11480390,3,1,Continuous_FCM_Class_All,146,12783,0.20028125223104554,0.1069302941935103,0.04710169465116387,NSE
unified_1981_2015,hysets_11480410,1,1,Continuous_FCM_Class_All,146,12783,0.18491324528429387,0.0922635824341077,0.044275264692757804,NSE
unified_1981_2015,hysets_11481200,4,1,Continuous_FCM_Class_All,147,12783,0.10597335390799756,-0.03205123013868194,0.04145359964585042,NSE
unified_1981_2015,hysets_11482500,4,1,Continuous_FCM_Class_All,147,12783,0.12168662748666259,-0.002868597542442064,0.052035963538144527,NSE
unified_1981_2015,hysets_11521500,5,1,Continuous_FCM_Class_All,147,12600,0.2239774577123399,0.12740075852676758,0.03062667019597937,NSE
unified_1981_2015,hysets_11522500,3,1,Continuous_FCM_Class_All,146,12783,0.38544169798388117,0.3221539920195262,0.029204235068463986,NSE
unified_1981_2015,hysets_11523200,5,1,Continuous_FCM_Class_All,147,12783,0.25022791792553145,0.17901032393678096,0.035498173450415234,NSE
unified_1981_2015,hysets_11528700,2,1,Continuous_FCM_Class_All,146,12783,0.2651313447614638,0.14581838351407983,0.039632970419306565,NSE
unified_1981_2015,hysets_11532500,3,1,Continuous_FCM_Class_All,66,12783,0.18938981787848785,0.18198165130449828,0.060920591305664074,NSE
unified_1981_2015,hysets_12025700,2,1,Continuous_FCM_Class_All,65,12783,0.4952430687101901,0.422406180670467,0.03212653173416899,NSE
unified_1981_2015,hysets_12035000,3,1,Continuous_FCM_Class_All,66,12783,0.5418217600783493,0.41609891136761545,0.03765526930971559,NSE
unified_1981_2015,hysets_12039500,2,1,Continuous_FCM_Class_All,65,12783,0.3278547414502371,0.21954555713861368,0.05911765736860433,NSE
unified_1981_2015,hysets_12040500,5,1,Continuous_FCM_Class_All,66,12783,0.3428459159093662,0.18987740776566198,0.05615907426641601,NSE
unified_1981_2015,hysets_12041200,1,1,Continuous_FCM_Class_All,65,12783,0.43486673502605,0.2885598381684251,0.05092592661574962,NSE
unified_1981_2015,hysets_12043000,3,1,Continuous_FCM_Class_All,66,11628,0.43185978685735604,0.29316160054708906,0.044838119742386794,NSE
unified_1981_2015,hysets_12048000,5,1,Continuous_FCM_Class_All,66,12783,-4.395907649630375,-0.8698056019871905,0.15009451265361914,NSE
unified_1981_2015,hysets_12054000,1,1,Continuous_FCM_Class_All,65,12783,0.634979966887236,0.5742404735350062,0.04021515422531161,NSE
unified_1981_2015,hysets_12056500,5,1,Continuous_FCM_Class_All,66,12783,0.41028216832853104,0.27693471283365667,0.03741172851978103,NSE
unified_1981_2015,hysets_12082500,2,0,Continuous_FCM_Class_All,65,12783,0.6241237462139138,0.6946311821124773,0.026052818551913923,NSE
unified_1981_2015,hysets_12092000,5,0,Continuous_FCM_Class_All,66,12783,0.40991320771283,0.6571824877313016,0.029650217843652335,NSE
unified_1981_2015,hysets_12115000,1,1,Continuous_FCM_Class_All,65,12783,0.5288830598616613,0.5064917972373737,0.03167554707367851,NSE
unified_1981_2015,hysets_12134500,5,1,Continuous_FCM_Class_All,66,12783,0.49935952248028004,0.41833377304221975,0.03583268962012348,NSE
unified_1981_2015,hysets_12141300,5,1,Continuous_FCM_Class_All,66,12417,0.4662192161090818,0.3622884442434302,0.04156011173759765,NSE
unified_1981_2015,hysets_12142000,2,1,Continuous_FCM_Class_All,65,12418,0.4728657777214432,0.35216804591594464,0.03479134446421999,NSE
unified_1981_2015,hysets_12186000,1,1,Continuous_FCM_Class_All,65,12783,0.4997405772605644,0.4882310368353139,0.019953970171456316,NSE
unified_1981_2015,hysets_12189500,1,1,Continuous_FCM_Class_All,65,12783,0.5325635208235848,0.6779347150164378,0.035993864967701045,NSE
unified_1981_2015,hysets_12205000,4,1,Continuous_FCM_Class_All,66,12783,0.3323941705713933,0.47434879120068274,0.05112162352622603,NSE
unified_1981_2015,hysets_12324590,1,1,Continuous_FCM_Class_All,237,12632,-2.2706290329584653,-1.0471153807793736,0.058755426679309095,NSE
unified_1981_2015,hysets_12330000,3,1,Continuous_FCM_Class_All,238,12663,0.1600972526004808,0.10436874637801807,0.05147110218405555,NSE
unified_1981_2015,hysets_12332000,4,1,Continuous_FCM_Class_All,238,12632,0.4141416000377899,0.3638052528998329,0.08443090627674181,NSE
unified_1981_2015,hysets_12370000,5,1,Continuous_FCM_Class_All,238,12783,0.23770578346317006,0.233858956607239,0.11641731608261052,NSE
unified_1981_2015,hysets_12389500,1,1,Continuous_FCM_Class_All,237,12783,-0.007996739113504292,0.23525510033407915,0.08839990812090946,NSE
unified_1981_2015,hysets_12411000,1,1,Continuous_FCM_Class_All,146,12783,0.209527648813714,0.21728475838416772,0.05899405005034728,NSE
unified_1981_2015,hysets_12414900,1,1,Continuous_FCM_Class_All,237,12783,0.12806396679247256,0.10755711195273865,0.0421347973253082,NSE
unified_1981_2015,hysets_12452800,4,1,Continuous_FCM_Class_All,147,12783,0.2139762323185037,0.23558705373409883,0.10335623156969621,NSE
unified_1981_2015,hysets_12488500,1,1,Continuous_FCM_Class_All,146,12783,0.22696039182370686,0.21152172483549592,0.08070341418152371,NSE
unified_1981_2015,hysets_13010065,5,1,Continuous_FCM_Class_All,238,11780,0.1979999347894449,0.08116884331878993,0.10469534673763652,NSE
unified_1981_2015,hysets_13011900,2,1,Continuous_FCM_Class_All,237,12445,0.20207767378953434,0.11200154613519575,0.11831687157182967,NSE
unified_1981_2015,hysets_13023000,1,1,Continuous_FCM_Class_All,237,12783,0.4208823162388762,0.3428684478733913,0.09422190716692118,NSE
unified_1981_2015,hysets_13186000,5,1,Continuous_FCM_Class_All,238,12783,0.4463314868039333,0.37464695074110466,0.0914124973752688,NSE
unified_1981_2015,hysets_13235000,2,1,Continuous_FCM_Class_All,237,12783,0.2651967087609307,0.1842123460977383,0.10536644374559018,NSE
unified_1981_2015,hysets_13297355,3,1,Continuous_FCM_Class_All,238,12783,-0.18615807537809093,-0.40001912572536447,0.10382396424290807,NSE
unified_1981_2015,hysets_13331500,4,1,Continuous_FCM_Class_All,238,12783,0.21907850866695722,0.11578680835951483,0.10559974333589717,NSE
unified_1981_2015,hysets_13339500,3,1,Continuous_FCM_Class_All,238,12783,0.17374391258004274,0.17035539973062608,0.06738225002425954,NSE
unified_1981_2015,hysets_14013000,2,1,Continuous_FCM_Class_All,237,12783,-0.025398104049491055,-0.04641238955530613,0.03583967942044546,NSE
unified_1981_2015,hysets_14020000,3,1,Continuous_FCM_Class_All,146,12783,0.17019350291560853,0.2543722987906214,0.05594050089567685,NSE
unified_1981_2015,hysets_14020300,2,1,Continuous_FCM_Class_All,237,12600,0.058127242505916166,0.02437302491788884,0.06763465917043818,NSE
unified_1981_2015,hysets_14038530,3,1,Continuous_FCM_Class_All,238,12198,-0.9610531006579492,-0.1508547485835754,0.10568742239433605,NSE
unified_1981_2015,hysets_14044000,5,1,Continuous_FCM_Class_All,238,12783,-0.2977158227798722,-0.08864927321717242,0.09520985677048521,NSE
unified_1981_2015,hysets_14091500,2,0,Continuous_FCM_Class_All,237,12783,-17.901200627719835,-0.026601982787536116,0.22342657565039997,NSE
unified_1981_2015,hysets_14096850,2,1,Continuous_FCM_Class_All,133,11780,-0.06836417404068684,-0.2122260744492961,0.03157966965718255,NSE
unified_1981_2015,hysets_14097100,1,1,Continuous_FCM_Class_All,237,12783,-0.5552329891957544,0.16062314534674427,0.031046750543259418,NSE
unified_1981_2015,hysets_14154500,4,1,Continuous_FCM_Class_All,147,12783,0.1626195937247853,0.07906178296666011,0.052292454402077894,NSE
unified_1981_2015,hysets_14158500,1,1,Continuous_FCM_Class_All,171,12783,-0.3282753559223044,0.046199569285549025,0.11950657196437676,NSE
unified_1981_2015,hysets_14166500,5,1,Continuous_FCM_Class_All,147,12783,0.2083354034874071,0.14500899024116198,0.05925285823535814,NSE
unified_1981_2015,hysets_14178000,3,1,Continuous_FCM_Class_All,171,12783,-0.13828860230354656,-0.08421201901212538,0.045755187223418904,NSE
unified_1981_2015,hysets_14182500,5,1,Continuous_FCM_Class_All,66,12783,0.411884473593933,0.3548857408456667,0.02497310850923307,NSE
unified_1981_2015,hysets_14185000,4,0,Continuous_FCM_Class_All,66,12783,0.23097754107972956,0.2957917456385285,0.04258712386370803,NSE
unified_1981_2015,hysets_14185900,2,1,Continuous_FCM_Class_All,65,12783,0.3991179965575128,0.34279316333454213,0.04534548966566425,NSE
unified_1981_2015,hysets_14236200,3,1,Continuous_FCM_Class_All,66,12783,0.5536036915553103,0.4807945414048618,0.03366237037688861,NSE
unified_1981_2015,hysets_14301000,3,1,Continuous_FCM_Class_All,146,12783,0.05239627384505052,-0.0679237185779602,0.06140325393673794,NSE
unified_1981_2015,hysets_14306500,1,1,Continuous_FCM_Class_All,146,12783,0.08775600348785095,-0.024148111333170963,0.06742022472575937,NSE
unified_1981_2015,hysets_14308000,5,1,Continuous_FCM_Class_All,147,12783,0.2620929911632732,0.21038129913507808,0.046969655796442654,NSE
unified_1981_2015,hysets_14309500,2,1,Continuous_FCM_Class_All,146,12783,0.2094628744780439,0.11641159699379511,0.058573714235197805,NSE
unified_1981_2015,hysets_14316700,2,1,Continuous_FCM_Class_All,146,12783,0.19078044703690866,0.09507088610246373,0.06237651733919395,NSE
unified_1981_2015,hysets_14325000,4,0,Continuous_FCM_Class_All,147,12783,0.034873683766214136,-0.1310045393237771,0.0688819269898783,NSE
unified_1981_2015,hysets_14338000,2,1,Continuous_FCM_Class_All,146,12672,0.23825534240631907,0.12063632118562084,0.04530080095492268,NSE
unified_1981_2015,hysets_14377100,4,1,Continuous_FCM_Class_All,147,12783,0.14215575179765028,0.02957712929472578,0.059193828703327206,NSE
unified_1981_2015,hysets_14400000,3,1,Continuous_FCM_Class_All,66,12783,0.20191721248465178,0.12597332254684235,0.05953445024041112,NSE
unified_1981_2015,lamah_12425002,3,1,Continuous_FCM_Class_All,171,12783,-0.054271126441895357,-0.04346504523874195,0.05571745912084978,NSE
unified_1981_2015,lamah_16000708,2,1,Continuous_FCM_Class_All,171,11819,0.029385247191242025,0.15527852982673096,0.05333462492195501,NSE
unified_1981_2015,lamah_16001303,5,1,Continuous_FCM_Class_All,172,12616,-3.513394644279022,-1.7161315110466564,0.056644425443131884,NSE
unified_1981_2015,lamah_16610709,4,1,Continuous_FCM_Class_All,171,12676,0.08642864881756074,0.024215444687675225,0.024608203625435792,NSE
unified_1981_2015,lamah_17404000,1,1,Continuous_FCM_Class_All,171,12699,-0.18572902854043027,0.02865753910208413,0.04985466973704849,NSE
unified_1981_2015,lamah_18481006,5,1,Continuous_FCM_Class_All,172,12782,0.11642618633901358,0.05733323626450193,0.035851296203329004,NSE
unified_1981_2015,lamah_18486000,4,1,Continuous_FCM_Class_All,171,12783,0.052383782644844556,0.017435466988586668,0.04187970133975926,NSE
unified_1981_2015,lamah_200253,4,1,Continuous_FCM_Class_All,171,12783,-0.07238007366465338,-0.10852799904122157,0.05905414841676571,NSE
unified_1981_2015,lamah_200261,5,1,Continuous_FCM_Class_All,172,12783,-0.06205800673109274,-0.103641319987414,0.05747186023495018,NSE
unified_1981_2015,lamah_200303,2,1,Continuous_FCM_Class_All,171,12783,0.08021450459964052,-0.04986303207847298,0.04666766173114658,NSE
unified_1981_2015,lamah_201012,2,0,Continuous_FCM_Class_All,171,12783,-0.08584105944474518,-0.12648649435347936,0.07360616293791052,NSE
unified_1981_2015,lamah_201087,4,1,Continuous_FCM_Class_All,171,12783,-0.00046054155159369614,-0.039238261519920714,0.05032916535271234,NSE
unified_1981_2015,lamah_201095,2,1,Continuous_FCM_Class_All,171,12783,-0.0012077065658957498,0.050375764857246486,0.0504975668490152,NSE
unified_1981_2015,lamah_201160,3,1,Continuous_FCM_Class_All,146,12783,-0.015434617294653341,0.06716442946180656,0.05234752972638252,NSE
unified_1981_2015,lamah_201236,3,1,Continuous_FCM_Class_All,146,12783,-0.15588912033499058,0.09657474631843144,0.04818625787403377,NSE
unified_1981_2015,lamah_201251,1,1,Continuous_FCM_Class_All,146,12783,-0.10933469640630555,-0.08666599385374396,0.04934341116562611,NSE
unified_1981_2015,lamah_201335,5,1,Continuous_FCM_Class_All,147,12783,-0.8012074635181192,-0.0593390456075773,0.10155498255632595,NSE
unified_1981_2015,lamah_201392,2,1,Continuous_FCM_Class_All,146,12783,-0.21375409435246273,-0.27805006536750265,0.12025646702160005,NSE
unified_1981_2015,lamah_201434,2,1,Continuous_FCM_Class_All,146,12783,-0.21156289608894907,-0.21881842225323078,0.11357113623896058,NSE
unified_1981_2015,lamah_201558,1,1,Continuous_FCM_Class_All,171,12783,-0.06901451143886694,-0.04104665931352214,0.12163452276112184,NSE
unified_1981_2015,lamah_201566,3,1,Continuous_FCM_Class_All,171,12783,-0.05515518637371697,-0.11116819171127479,0.0836462217665523,NSE
unified_1981_2015,lamah_201574,1,1,Continuous_FCM_Class_All,171,12783,-0.04027285811879611,-0.011840696197821243,0.1011852009808165,NSE
unified_1981_2015,lamah_201723,5,1,Continuous_FCM_Class_All,172,12783,-0.013326430698871405,0.018375140920939392,0.057409859785370054,NSE
unified_1981_2015,lamah_201848,2,1,Continuous_FCM_Class_All,171,12054,0.04874418403437786,0.0721971418057612,0.06639398615731776,NSE
unified_1981_2015,lamah_202036,1,1,Continuous_FCM_Class_All,171,12783,-0.016372884947130295,-0.012799660730939966,0.05757769264925469,NSE
unified_1981_2015,lamah_203026,3,1,Continuous_FCM_Class_All,146,12783,-0.11665518882954795,-0.12205539638206764,0.050742679576824185,NSE
unified_1981_2015,lamah_203075,5,1,Continuous_FCM_Class_All,172,12783,-0.07897168357018391,-0.19659386616416885,0.08718934648104923,NSE
unified_1981_2015,lamah_203166,2,1,Continuous_FCM_Class_All,171,12783,-0.10680068264353904,0.009745492423528068,0.10517358162740449,NSE
unified_1981_2015,lamah_203224,3,1,Continuous_FCM_Class_All,171,12783,0.13365161929330283,0.07104330595466657,0.07988906214619727,NSE
unified_1981_2015,lamah_203265,2,1,Continuous_FCM_Class_All,171,12783,0.22133608996369902,0.1800725980135517,0.05028983098762047,NSE
unified_1981_2015,lamah_203307,4,1,Continuous_FCM_Class_All,171,12778,0.07566887969186131,0.02258625773756817,0.04559391256502942,NSE
unified_1981_2015,lamah_203463,2,1,Continuous_FCM_Class_All,171,12783,0.21442546861165546,0.16612062778242276,0.03820070988610125,NSE
unified_1981_2015,lamah_203505,1,1,Continuous_FCM_Class_All,171,12783,-0.042173975676744746,0.032518836551821084,0.047295329144844356,NSE
unified_1981_2015,lamah_203711,5,1,Continuous_FCM_Class_All,172,12783,0.20634964325033633,0.19856412176462435,0.06224373658965975,NSE
unified_1981_2015,lamah_203752,1,1,Continuous_FCM_Class_All,171,12783,0.022294961631885712,0.13328400682118546,0.08272329188120911,NSE
unified_1981_2015,lamah_203760,2,1,Continuous_FCM_Class_All,171,12783,0.0951683682380352,0.1054827680487187,0.0871313054054801,NSE
unified_1981_2015,lamah_203786,1,1,Continuous_FCM_Class_All,171,12775,0.1250202223409319,0.13425800530145615,0.11216761173504616,NSE
unified_1981_2015,lamah_203794,3,1,Continuous_FCM_Class_All,171,12783,-0.03927424166104698,0.17594449593457284,0.08504005491145675,NSE
unified_1981_2015,lamah_203828,3,1,Continuous_FCM_Class_All,171,12783,0.05700682313555494,0.16282347230807015,0.0925911603671854,NSE
unified_1981_2015,lamah_204875,2,1,Continuous_FCM_Class_All,146,12419,-0.3476779152070788,0.018265690120592537,0.05325963626405948,NSE
unified_1981_2015,lamah_204925,1,1,Continuous_FCM_Class_All,132,12783,-0.33717928559336063,-0.4064596342988791,0.03802736455196314,NSE
unified_1981_2015,lamah_205104,3,1,Continuous_FCM_Class_All,171,12783,-0.12708611907538647,-0.06981624761677607,0.08287520955436502,NSE
unified_1981_2015,lamah_205179,4,1,Continuous_FCM_Class_All,171,12783,0.07001923950533462,0.002106901541643391,0.11894145550755439,NSE
unified_1981_2015,lamah_205294,2,1,Continuous_FCM_Class_All,171,12783,0.09733119420390557,-0.0026036861118154953,0.04782429966335186,NSE
unified_1981_2015,lamah_205500,4,1,Continuous_FCM_Class_All,171,12783,0.13813866061785518,0.08732950293996222,0.0459802607257555,NSE
unified_1981_2015,lamah_205740,5,1,Continuous_FCM_Class_All,172,12783,0.1221743956626673,0.009890994911128215,0.04275484829758257,NSE
unified_1981_2015,lamah_205799,1,0,Continuous_FCM_Class_All,171,12783,-0.09746673262954242,-0.03343397489549105,0.0816085943355337,NSE
unified_1981_2015,lamah_205823,5,1,Continuous_FCM_Class_All,172,12783,0.22302083235868986,0.17423268675688752,0.0389888243117294,NSE
unified_1981_2015,lamah_205831,5,1,Continuous_FCM_Class_All,172,12783,0.12546663802789904,0.09723754036453525,0.04568075692484329,NSE
unified_1981_2015,lamah_205864,3,1,Continuous_FCM_Class_All,171,12783,0.03324646730778158,0.06404768235807023,0.06187090547583114,NSE
unified_1981_2015,lamah_205898,3,1,Continuous_FCM_Class_All,171,12783,0.2157284652741519,0.1417281488448734,0.04426378247945356,NSE
unified_1981_2015,lamah_206508,4,1,Continuous_FCM_Class_All,171,12783,-0.03175847945052257,-0.01180139432865146,0.06149676015083853,NSE
unified_1981_2015,lamah_207613,5,0,Continuous_FCM_Class_All,133,12783,-0.3375172154968382,-0.377619011867967,0.03831901737454385,NSE
unified_1981_2015,lamah_207654,2,1,Continuous_FCM_Class_All,171,12783,0.12474881891141698,0.03818023421015471,0.050672208138850365,NSE
unified_1981_2015,lamah_207738,2,1,Continuous_FCM_Class_All,171,12783,0.15640768670050287,0.08141565695687036,0.04015435130211398,NSE
unified_1981_2015,lamah_207852,2,1,Continuous_FCM_Class_All,171,12783,0.016440918257912385,-0.006984309740060812,0.03498156008883386,NSE
unified_1981_2015,lamah_208116,1,1,Continuous_FCM_Class_All,132,12783,-0.09177904208053111,-0.34812689866620605,0.038234015132996825,NSE
unified_1981_2015,lamah_208686,2,1,Continuous_FCM_Class_All,171,12783,-0.22510530250070881,-0.05311365311912608,0.03817661503327816,NSE
unified_1981_2015,lamah_209361,1,1,Continuous_FCM_Class_All,171,12783,0.1790582028331047,0.12790057883035755,0.029908402040099667,NSE
unified_1981_2015,lamah_209551,1,1,Continuous_FCM_Class_All,171,11688,0.1531224543746803,0.056303580947003606,0.047142899278328786,NSE
unified_1981_2015,lamah_210526,4,1,Continuous_FCM_Class_All,171,12783,-0.06824846465978296,-0.07252061825378453,0.09905648560791688,NSE
unified_1981_2015,lamah_210641,1,1,Continuous_FCM_Class_All,171,12783,0.21920078204308002,0.2323555017321154,0.0675938936291604,NSE
unified_1981_2015,lamah_210732,2,0,Continuous_FCM_Class_All,171,12783,-1.3253421685389917,-0.494115026329766,0.0667515107916394,NSE
unified_1981_2015,lamah_210773,1,1,Continuous_FCM_Class_All,171,12783,0.2570778237290664,0.2650496230278364,0.0673010171398395,NSE
unified_1981_2015,lamah_210815,5,1,Continuous_FCM_Class_All,172,12783,0.1475354086258921,0.28615373004963573,0.08073311811162953,NSE
unified_1981_2015,lamah_210856,3,1,Continuous_FCM_Class_All,171,12783,0.22495517984417546,0.18116514004229844,0.07651450802973377,NSE
unified_1981_2015,lamah_210864,1,1,Continuous_FCM_Class_All,171,12783,0.18623054696522878,0.17944421311492598,0.04015998411038615,NSE
unified_1981_2015,lamah_210898,1,1,Continuous_FCM_Class_All,171,12783,0.24021129527663043,0.1957304258415179,0.05908973906853524,NSE
unified_1981_2015,lamah_211086,4,1,Continuous_FCM_Class_All,171,12783,-0.390677220044664,0.1488777209597444,0.09697139298146504,NSE
unified_1981_2015,lamah_211169,3,1,Continuous_FCM_Class_All,171,12783,-0.23715459030233887,0.3268640472207025,0.09559377789899194,NSE
unified_1981_2015,lamah_211656,1,1,Continuous_FCM_Class_All,146,12418,-0.8448479020397714,-0.4667405853924016,0.047124710307239914,NSE
unified_1981_2015,lamah_212027,5,1,Continuous_FCM_Class_All,172,12783,-0.5479476555233453,0.03691228990976736,0.12499947427085427,NSE
unified_1981_2015,lamah_212043,5,0,Continuous_FCM_Class_All,147,12783,-0.21598135026754162,-0.3322164935965095,0.10894229768854109,NSE
unified_1981_2015,lamah_212092,2,1,Continuous_FCM_Class_All,146,12783,-0.22083034691151204,-0.22092988865898522,0.088443882542769,NSE
unified_1981_2015,lamah_212100,2,1,Continuous_FCM_Class_All,146,12783,-0.17266788441658454,-0.06277843150032947,0.08121173227213463,NSE
unified_1981_2015,lamah_212167,1,1,Continuous_FCM_Class_All,146,12783,-0.2109415291792407,-0.10323758506314373,0.11913322239540805,NSE
unified_1981_2015,lamah_212183,2,1,Continuous_FCM_Class_All,146,12783,-0.2201838438843129,-0.2155148979807806,0.09360235483803939,NSE
unified_1981_2015,lamah_212316,5,0,Continuous_FCM_Class_All,172,12783,-0.15313255186595764,-0.11712478587299358,0.11226955838643185,NSE
unified_1981_2015,lamah_212373,2,0,Continuous_FCM_Class_All,146,12783,-0.7135254238854714,0.027621895347467618,0.1286546588011428,NSE
unified_1981_2015,lamah_212399,5,1,Continuous_FCM_Class_All,172,12783,-0.4417278224366523,0.018442869244703508,0.09808537937504426,NSE
unified_1981_2015,lamah_212431,3,1,Continuous_FCM_Class_All,171,12783,-1.0220427371408052,-0.04478301932995099,0.13194515053840025,NSE
unified_1981_2015,lamah_212522,1,0,Continuous_FCM_Class_All,132,12783,-1.027593350828114,-0.287000077356216,0.15055464483406894,NSE
unified_1981_2015,lamah_212613,2,1,Continuous_FCM_Class_All,171,12783,0.05727659367723026,0.07459110954996306,0.07643615926551399,NSE
unified_1981_2015,lamah_212647,5,1,Continuous_FCM_Class_All,172,12783,0.042646858633934026,0.04104503613477739,0.057864774181041634,NSE
unified_1981_2015,lamah_212670,3,1,Continuous_FCM_Class_All,171,12783,0.050872056523792675,-0.003691364716426282,0.0522962231109461,NSE
unified_1981_2015,lamah_212860,1,1,Continuous_FCM_Class_All,132,12783,-0.7482136212663459,-0.30226549632916,0.09962087811573538,NSE
unified_1981_2015,lamah_212878,3,1,Continuous_FCM_Class_All,133,12783,-0.654423026238544,-0.315325353654077,0.0812938774406794,NSE
unified_1981_2015,lamah_212886,4,1,Continuous_FCM_Class_All,133,12783,-0.5767121915040911,-0.2524596034502782,0.07378737499722077,NSE
unified_1981_2015,lamah_212894,5,0,Continuous_FCM_Class_All,133,12783,-0.8158476147109739,-0.20783449125792708,0.10430742716811232,NSE
unified_1981_2015,lamah_212928,5,1,Continuous_FCM_Class_All,133,12783,-1.4899298093540736,-0.21681860163536526,0.15361899365619341,NSE
unified_1981_2015,lamah_213124,2,1,Continuous_FCM_Class_All,171,12783,-0.34626578466413105,0.045780002328461133,0.09374285140844385,NSE
unified_1981_2015,lamah_213181,4,1,Continuous_FCM_Class_All,133,12783,-0.8020273076844371,-0.3120031897010329,0.09206106914920911,NSE
unified_1981_2015,lamah_213306,3,1,Continuous_FCM_Class_All,133,12343,-0.8479581468823496,-0.24718391611950707,0.1227317173436444,NSE
unified_1981_2015,lamah_2150,4,1,Continuous_FCM_Class_All,171,12783,0.049884983605969935,0.003485706910882014,0.08045688309383081,NSE
unified_1981_2015,lamah_2262,1,1,Continuous_FCM_Class_All,146,12783,-0.15745651238892866,-0.26396877486051107,0.058568787010981276,NSE
unified_1981_2015,lamah_403,2,1,Continuous_FCM_Class_All,146,12783,-0.2158943937085802,-0.1014166019594196,0.1303376953934976,NSE
unified_1981_2015,camelsbr_57250000,5,1,Knoben_K5,5,12783,-1.1948705091958254,0.15183639566107654,0.11557691973633409,NSE
unified_1981_2015,camelsbr_58060000,3,1,Knoben_K5,5,12725,-0.44536293312901587,0.11561687165590673,0.021489720189031215,NSE
unified_1981_2015,camelsbr_58258000,1,1,Knoben_K5,5,12707,0.07844245836219732,0.10027780164975286,0.034124442020889004,NSE
unified_1981_2015,camelsbr_58530000,3,1,Knoben_K5,5,12749,-0.09428632946867355,0.26624900015065334,0.052179058635676866,NSE
unified_1981_2015,camelsbr_58535000,3,1,Knoben_K5,5,12718,-0.10241612655804633,0.26264851652196075,0.07710987078936087,NSE
unified_1981_2015,camelsbr_58542000,1,1,Knoben_K5,5,12783,-0.3831544183017206,-0.06523400515375322,0.08738229668509474,NSE
unified_1981_2015,camelsbr_59370000,2,1,Knoben_K5,5,12783,-0.1252688379755582,0.030504265078209802,0.040912141599293586,NSE
unified_1981_2015,camelsbr_70100000,4,1,Knoben_K5,5,12639,0.24799579134403582,0.4539540784279259,0.05440657327269346,NSE
unified_1981_2015,camelsbr_71300000,1,1,Knoben_K5,5,12778,-0.6366600386931303,-0.13566756330011542,0.13313248925132357,NSE
unified_1981_2015,camelsbr_73765000,1,1,Knoben_K5,5,12769,0.11008138552093216,0.04214361364284325,0.040829303308182366,NSE
unified_1981_2015,camelscl_1050002,4,1,Knoben_K5,5,12252,-52565.24271313404,-211.2671089042253,4.42518931286151,NSE
unified_1981_2015,camelscl_1201005,3,1,Knoben_K5,5,12506,-2079.072296402397,-43.74860364790745,2.612683067389381,NSE
unified_1981_2015,camelscl_12284002,1,1,Knoben_K5,5,12365,-325.12822824559436,-17.020434336933544,1.0656395892778792,NSE
unified_1981_2015,camelscl_12284003,4,1,Knoben_K5,5,11946,-107.51403557529645,-8.618182218589292,0.7131803043948655,NSE
unified_1981_2015,camelscl_12284006,1,1,Knoben_K5,5,12138,-5.25456503648745,-1.0874749879607908,0.1283233236951489,NSE
unified_1981_2015,camelscl_12582001,4,1,Knoben_K5,5,12031,-0.7316364736005858,0.0641117765815562,0.0903900191955492,NSE
unified_1981_2015,camelscl_12600001,2,1,Knoben_K5,5,11975,-0.981752440619214,-0.003520285976068349,0.14081512226731316,NSE
unified_1981_2015,camelscl_12622001,5,1,Knoben_K5,5,12021,-8.568665853202091,-1.7114614282717824,0.2732564822314026,NSE
unified_1981_2015,camelscl_12802001,3,1,Knoben_K5,5,12305,-66.96598900610856,-8.056995900111875,0.6389597991768073,NSE
unified_1981_2015,camelscl_12805001,2,1,Knoben_K5,5,12227,-32.32085023481249,-3.7800640625544792,0.4571058759451543,NSE
unified_1981_2015,camelscl_12806001,5,1,Knoben_K5,5,12249,-36.71614035819103,-3.5987875083262386,0.4803505360638594,NSE
unified_1981_2015,camelscl_4301002,3,1,Knoben_K5,5,12422,-6.6528983573344735,-1.5929806481057236,0.35865810614063454,NSE
unified_1981_2015,camelscl_4311001,1,1,Knoben_K5,5,11715,-23.66040743759689,-4.603031663553796,0.422117316726012,NSE
unified_1981_2015,camelscl_4313001,1,1,Knoben_K5,5,11742,-203.43822019840707,-15.879394071006928,1.4149117706173728,NSE
unified_1981_2015,camelscl_4314002,4,1,Knoben_K5,5,12623,-101.2343243364861,-10.636495160047131,0.9061389469290275,NSE
unified_1981_2015,camelscl_4501001,4,1,Knoben_K5,5,11935,-65.90053525654311,-8.064618007824548,0.6563521078348113,NSE
unified_1981_2015,camelscl_4503001,1,1,Knoben_K5,5,11799,-910.6218741291447,-39.01612634749976,1.4413463508072146,NSE
unified_1981_2015,camelscl_4511002,1,1,Knoben_K5,5,12069,-18.927666816345702,-4.308807039892768,0.31016166824503233,NSE
unified_1981_2015,camelscl_4512001,1,1,Knoben_K5,5,12071,-7.123152459928974,-2.310565462756363,0.25633387480309944,NSE
unified_1981_2015,camelscl_4513001,3,1,Knoben_K5,5,12338,-1.208294640482158,-0.18047270686536931,0.11319772631541804,NSE
unified_1981_2015,camelscl_4514001,2,1,Knoben_K5,5,12218,-139.74427045907004,-14.462407627543334,1.1019743461640346,NSE
unified_1981_2015,camelscl_4520001,4,1,Knoben_K5,5,12054,-98.03569410540675,-34.42924852143811,0.33628399953111493,NSE
unified_1981_2015,camelscl_4530001,4,1,Knoben_K5,5,11812,-32.28560506133526,-7.065692523292052,0.21091691220427525,NSE
unified_1981_2015,camelscl_4532001,3,0,Knoben_K5,5,11668,-34.77061238817431,-8.56438853735695,0.3043127703675654,NSE
unified_1981_2015,camelscl_4703002,1,1,Knoben_K5,5,12660,-5.939025428460286,-1.1604457992888362,0.27064416910974554,NSE
unified_1981_2015,camelscl_4721001,3,1,Knoben_K5,5,12585,-13.819159211735684,-4.617660093667286,0.25711771489866625,NSE
unified_1981_2015,camelscl_4723001,5,1,Knoben_K5,5,12044,-327.46222147679714,-23.826375862334167,1.0351088637145804,NSE
unified_1981_2015,camelscl_5200001,2,1,Knoben_K5,5,11740,-387.32108889699924,-21.884430108691664,1.0099090799031685,NSE
unified_1981_2015,camelscl_5401003,2,0,Knoben_K5,5,11808,-0.8688888966303656,0.1320146306899872,0.1519286504492709,NSE
unified_1981_2015,camelscl_5402001,5,1,Knoben_K5,5,11878,-0.39651931561987186,-0.05551302150270887,0.1477018265317089,NSE
unified_1981_2015,camelscl_5406001,1,1,Knoben_K5,5,11768,-8.137152509293887,-3.446070734889207,0.2945205416196562,NSE
unified_1981_2015,camelscl_5706001,1,1,Knoben_K5,5,11640,-2.8730135786247972,-1.0713771195481763,0.1875224364055964,NSE
unified_1981_2015,camelscl_5707002,1,1,Knoben_K5,5,12054,-2.9166803961365426,-0.3119564084575095,0.32423721288285673,NSE
unified_1981_2015,camelscl_5722001,4,1,Knoben_K5,5,12272,-14.49613678103578,-2.8318324352190563,0.11740377776742607,NSE
unified_1981_2015,camelscl_5722002,1,1,Knoben_K5,5,12551,-29.971769046152474,-4.886250274727508,0.18681480184804247,NSE
unified_1981_2015,camelscl_6013001,5,1,Knoben_K5,5,11609,-0.260186757104627,-0.09997528451461868,0.048860496766226016,NSE
unified_1981_2015,camelscl_7103001,4,1,Knoben_K5,5,12564,-2.230948992448515,-0.2025999592855603,0.07388259083685772,NSE
unified_1981_2015,camelscl_7104002,4,1,Knoben_K5,5,12375,-0.3477796695251465,0.20964869728939384,0.05717516522389454,NSE
unified_1981_2015,camelscl_7112001,5,1,Knoben_K5,5,11523,-2.5142200212985797,-0.22209845775347925,0.06465768199826745,NSE
unified_1981_2015,camelscl_7115001,2,1,Knoben_K5,5,11993,-3.8593026549333214,-0.4011255419890152,0.06514514400241253,NSE
unified_1981_2015,camelscl_7116001,3,1,Knoben_K5,5,12208,-2.026217859501172,-0.9191755837627629,0.07942114802634058,NSE
unified_1981_2015,camelscl_7355002,1,1,Knoben_K5,5,11800,-0.660396779476131,0.021350271079016214,0.05339447621344868,NSE
unified_1981_2015,camelscl_7374001,5,1,Knoben_K5,5,12076,-1.7533158379025586,-0.2611048289412954,0.07985556515148269,NSE
unified_1981_2015,camelscl_8130002,1,1,Knoben_K5,5,12446,-0.45665597126940227,-0.1385244405416799,0.058992478234934906,NSE
unified_1981_2015,camelscl_8351001,3,0,Knoben_K5,5,11583,-1.2186852495107452,-0.19516211814411588,0.08536239387245897,NSE
unified_1981_2015,hysets_01010070,4,1,Knoben_K5,5,11780,0.5881645355240823,0.6803764489578836,0.051826479955953866,NSE
unified_1981_2015,hysets_01022500,1,1,Knoben_K5,5,12783,0.823460724054428,0.8773791461612725,0.03701580255682049,NSE
unified_1981_2015,hysets_01031500,1,1,Knoben_K5,5,12783,0.8861155785717892,0.889793924787489,0.011286506424469971,NSE
unified_1981_2015,hysets_01038000,3,1,Knoben_K5,5,12783,0.6486814142053562,0.7437918377585558,0.03164161454459928,NSE
unified_1981_2015,hysets_01047000,2,1,Knoben_K5,5,12783,0.9312308727472531,0.9634079526794622,0.00917445211297582,NSE
unified_1981_2015,hysets_01054200,1,1,Knoben_K5,5,12783,0.5467048780044124,0.4396897434205591,0.03165022970488536,NSE
unified_1981_2015,hysets_01055000,3,1,Knoben_K5,5,12783,0.8310871616967235,0.7905827843995877,0.018366132061077303,NSE
unified_1981_2015,hysets_01057000,2,1,Knoben_K5,5,12783,0.6564840175266888,0.6946268292030306,0.02002470060290417,NSE
unified_1981_2015,hysets_01064500,3,1,Knoben_K5,5,12783,0.39518931208815666,0.4372344144321282,0.034417683716241015,NSE
unified_1981_2015,hysets_01076500,1,1,Knoben_K5,5,12783,0.7950372136557807,0.8242454687823766,0.023562564764371904,NSE
unified_1981_2015,hysets_01078000,2,1,Knoben_K5,5,12783,0.463854330297901,0.6485124124690695,0.042270316396664294,NSE
unified_1981_2015,hysets_01096000,1,0,Knoben_K5,5,12783,0.31448759934602255,0.3152960496316133,0.037731859950789495,NSE
unified_1981_2015,hysets_01118000,1,1,Knoben_K5,5,12783,-0.3342506830100396,0.19801043194442336,0.042236281785645584,NSE
unified_1981_2015,hysets_01134500,1,1,Knoben_K5,5,12783,0.7671012714943211,0.8522215357301743,0.027744220149830703,NSE
unified_1981_2015,hysets_01137500,4,1,Knoben_K5,5,12783,0.6270690232201754,0.6340274562037056,0.038230921771317164,NSE
unified_1981_2015,hysets_01169000,5,1,Knoben_K5,5,12783,0.6402308562195963,0.5480963433142425,0.021150682747349533,NSE
unified_1981_2015,hysets_01174500,5,1,Knoben_K5,5,12783,0.28176029991993656,0.46748348362873937,0.051192658820152635,NSE
unified_1981_2015,hysets_01181000,5,1,Knoben_K5,5,12783,0.06627721889595417,0.3389969541863739,0.024452450991784138,NSE
unified_1981_2015,hysets_01439500,5,1,Knoben_K5,5,12783,0.45924701608500085,0.5446414627200132,0.04461278158161722,NSE
unified_1981_2015,hysets_01440000,4,1,Knoben_K5,5,12783,0.4267177433173912,0.5362915812489928,0.027951158267335824,NSE
unified_1981_2015,hysets_01447500,1,1,Knoben_K5,5,12783,0.5518815830656563,0.6628227234842603,0.02515698429082415,NSE
unified_1981_2015,hysets_01543000,4,1,Knoben_K5,5,12783,0.7992040626884639,0.8736171466093272,0.020299691953809783,NSE
unified_1981_2015,hysets_01543500,2,1,Knoben_K5,5,12783,0.942878192093367,0.9506619840011967,0.010704681701191583,NSE
unified_1981_2015,hysets_01544500,3,1,Knoben_K5,5,12783,0.685268834918721,0.6153896037033652,0.02863581717736944,NSE
unified_1981_2015,hysets_01545600,5,0,Knoben_K5,5,12783,0.5686162792028149,0.7221699171107723,0.028474681121844266,NSE
unified_1981_2015,hysets_01550000,5,1,Knoben_K5,5,12783,0.9016293171691443,0.8758639782916406,0.010713069165221016,NSE
unified_1981_2015,hysets_01552000,2,0,Knoben_K5,5,12783,0.4865599361181441,0.6207206229298452,0.019717418563131955,NSE
unified_1981_2015,hysets_01605500,1,1,Knoben_K5,5,12783,0.5674934625192201,0.43292624756855136,0.011202297025913553,NSE
unified_1981_2015,hysets_01606500,3,1,Knoben_K5,5,12782,0.6601590151221256,0.667413692663771,0.01105595760260741,NSE
unified_1981_2015,hysets_01611500,5,1,Knoben_K5,5,12417,-0.2971186007768911,0.17944791429756035,0.04526495832578138,NSE
unified_1981_2015,hysets_01665500,3,0,Knoben_K5,5,11595,-0.005031299707743964,0.21327743464741733,0.01358892042563541,NSE
unified_1981_2015,hysets_01669520,2,1,Knoben_K5,5,12558,-0.16748252296946964,0.4067521296857233,0.031075946198193653,NSE
unified_1981_2015,hysets_01673800,1,1,Knoben_K5,5,12783,0.23458258404658117,0.26326944530162055,0.037747885765349425,NSE
unified_1981_2015,hysets_01AJ010,2,1,Knoben_K5,5,12783,0.18367160952134942,0.6047249315771102,0.04023664677325768,NSE
unified_1981_2015,hysets_01AK001,3,1,Knoben_K5,5,12783,0.6483495434915856,0.8235695321223909,0.05120038516700743,NSE
unified_1981_2015,hysets_01AK007,1,1,Knoben_K5,5,12783,0.6918610884689134,0.7703256863460501,0.028272628610935588,NSE
unified_1981_2015,hysets_01AL002,2,1,Knoben_K5,5,12783,0.21514564873055797,0.6273612145000906,0.04042336075780123,NSE
unified_1981_2015,hysets_01AM001,4,1,Knoben_K5,5,12783,0.7487833921486081,0.7961225506346844,0.026869949447630867,NSE
unified_1981_2015,hysets_01AN002,1,1,Knoben_K5,5,12783,0.8362135603512904,0.8548555584954187,0.02477159543755812,NSE
unified_1981_2015,hysets_01AP002,4,1,Knoben_K5,5,12783,0.7819293170851693,0.7027464915823229,0.024968871319796023,NSE
unified_1981_2015,hysets_01AQ001,4,1,Knoben_K5,5,12783,0.34381105584397553,0.2846556987932396,0.040789421513050525,NSE
unified_1981_2015,hysets_01BJ003,1,1,Knoben_K5,5,12783,0.32550999380904233,0.6177306244861764,0.06313221273243039,NSE
unified_1981_2015,hysets_01BL002,3,1,Knoben_K5,5,12783,-0.31314522643818443,0.09666307245217154,0.06479222764092896,NSE
unified_1981_2015,hysets_01BQ001,2,1,Knoben_K5,5,12783,0.4024139998720456,0.4472448098585995,0.04982745578147753,NSE
unified_1981_2015,hysets_01BS001,3,1,Knoben_K5,5,12783,0.7648154810209062,0.7595748133724929,0.02619814246580991,NSE
unified_1981_2015,hysets_01BU002,1,1,Knoben_K5,5,12783,0.73196962216457,0.6546273335100707,0.028252150151542765,NSE
unified_1981_2015,hysets_01BV006,1,1,Knoben_K5,5,12783,0.34840337061999205,0.30602983870594225,0.04337314536077739,NSE
unified_1981_2015,hysets_01DR001,2,1,Knoben_K5,5,12783,-0.1504042671692356,0.11361575885707131,0.0716128753958295,NSE
unified_1981_2015,hysets_01EC001,5,1,Knoben_K5,5,12783,0.29757960881822854,0.6208482505787947,0.06893826929960722,NSE
unified_1981_2015,hysets_01ED007,2,1,Knoben_K5,5,12783,0.4471514109516169,0.6470497571897449,0.047181436571948454,NSE
unified_1981_2015,hysets_01EF001,3,1,Knoben_K5,5,12783,0.5504271891461003,0.7397766911965338,0.040431269783515286,NSE
unified_1981_2015,hysets_01EO001,5,1,Knoben_K5,5,12783,0.40957113991718175,0.46213540248076235,0.04133503290339245,NSE
unified_1981_2015,hysets_01FB001,5,1,Knoben_K5,5,12783,0.1901309609223708,0.13769801688622207,0.04138886832031845,NSE
unified_1981_2015,hysets_01FB003,4,1,Knoben_K5,5,12783,-0.1670984796863617,0.4711124420623174,0.14544260531025374,NSE
unified_1981_2015,hysets_02011400,5,1,Knoben_K5,5,12783,0.778484446579757,0.6070318235424645,0.01472179906980637,NSE
unified_1981_2015,hysets_02011460,5,1,Knoben_K5,5,12783,0.010474808649646228,0.3876342662038794,0.028853146292442882,NSE
unified_1981_2015,hysets_02013000,3,1,Knoben_K5,5,12783,0.7886933281264141,0.7564932741819983,0.016395546235974813,NSE
unified_1981_2015,hysets_02014000,2,1,Knoben_K5,5,12783,0.6890570757575827,0.8168082922216929,0.023150875075651046,NSE
unified_1981_2015,hysets_02015700,2,1,Knoben_K5,5,12783,0.724412030710939,0.618382757446457,0.016328683457986937,NSE
unified_1981_2015,hysets_02016000,5,1,Knoben_K5,5,12783,0.6213539484525078,0.7383520492918467,0.0189364410140822,NSE
unified_1981_2015,hysets_02017500,5,1,Knoben_K5,5,12783,0.9221525077879286,0.9288457189136103,0.013426078863814955,NSE
unified_1981_2015,hysets_02018000,3,1,Knoben_K5,5,12783,0.8723242249695743,0.9273939824254113,0.01218716600754688,NSE
unified_1981_2015,hysets_02020500,4,1,Knoben_K5,5,12053,0.6579835472836524,0.5685295250251303,0.012145652581932221,NSE
unified_1981_2015,hysets_02021500,3,1,Knoben_K5,5,12783,0.7425088610063417,0.7166578254226654,0.010672748408464662,NSE
unified_1981_2015,hysets_02027000,4,0,Knoben_K5,5,12783,0.47396225687095495,0.3151298961287827,0.025096630232380974,NSE
unified_1981_2015,hysets_02028500,4,0,Knoben_K5,5,12783,-0.270714748959777,0.4168655320191941,0.046071204693595984,NSE
unified_1981_2015,hysets_02030000,4,1,Knoben_K5,5,12427,-0.5342689880819615,0.19351022208304403,0.04201332123272785,NSE
unified_1981_2015,hysets_02041000,4,1,Knoben_K5,5,12783,0.22156120330037077,0.31183146468409906,0.03400246385084332,NSE
unified_1981_2015,hysets_02046000,4,1,Knoben_K5,5,12783,0.3367881653715856,0.43243651845184117,0.021765144414677584,NSE
unified_1981_2015,hysets_02212600,4,1,Knoben_K5,5,12783,-0.1908333326692322,0.22764845504179088,0.03697543830264861,NSE
unified_1981_2015,hysets_02325000,1,1,Knoben_K5,5,12228,-9.051635787268177,-1.2466924373001471,0.36099227463613437,NSE
unified_1981_2015,hysets_02326000,3,1,Knoben_K5,5,12783,-8.436054827165378,-1.2108419252969616,0.3600397448087439,NSE
unified_1981_2015,hysets_02327100,1,1,Knoben_K5,5,12783,0.20102129281972436,0.06119360181746869,0.02923897354384634,NSE
unified_1981_2015,hysets_02331600,1,1,Knoben_K5,5,12783,0.3307513068835364,0.5919333988016974,0.03780539496780274,NSE
unified_1981_2015,hysets_02373000,5,1,Knoben_K5,5,12783,0.4000720458614492,0.38210686971365515,0.0347284723364348,NSE
unified_1981_2015,hysets_02374500,3,1,Knoben_K5,5,12783,0.6356766929105819,0.6505785709539131,0.02114236092110652,NSE
unified_1981_2015,hysets_02380500,2,1,Knoben_K5,5,12783,0.1219855889206013,0.5787382004808794,0.040836348192005795,NSE
unified_1981_2015,hysets_02401390,4,1,Knoben_K5,5,12783,-0.0766808945383608,-0.11923591999573002,0.051198575005812486,NSE
unified_1981_2015,hysets_02450250,3,1,Knoben_K5,5,12783,0.4607369913033865,0.28555343041560155,0.03633217292014547,NSE
unified_1981_2015,hysets_02469800,5,1,Knoben_K5,5,12783,0.5690078214539492,0.4379097353106517,0.026268206378458565,NSE
unified_1981_2015,hysets_02479155,1,1,Knoben_K5,5,12783,0.46491935710553534,0.418303594711258,0.019131466713093306,NSE
unified_1981_2015,hysets_02479300,1,0,Knoben_K5,5,12783,0.531969494691297,0.37123868872169286,0.035514044487309035,NSE
unified_1981_2015,hysets_02479560,3,1,Knoben_K5,5,12783,0.6933142690573969,0.6676120241478465,0.03248796931387334,NSE
unified_1981_2015,hysets_02AB017,5,1,Knoben_K5,5,12765,0.33861253223842525,0.35109768675719744,0.048748393751648245,NSE
unified_1981_2015,hysets_02AC001,3,1,Knoben_K5,5,11997,0.11084972849991037,0.3579529599051897,0.049586189476523955,NSE
unified_1981_2015,hysets_02AD010,2,1,Knoben_K5,5,12672,-0.10282789437096618,0.23899508672627146,0.07183409211577814,NSE
unified_1981_2015,hysets_02BA003,2,1,Knoben_K5,5,12782,-2.646771075013522,-0.3139038088435744,0.14334796612800274,NSE
unified_1981_2015,hysets_02BF001,4,1,Knoben_K5,5,12783,0.4123249109882713,0.5238089110711972,0.05659662976088073,NSE
unified_1981_2015,hysets_02BF002,1,1,Knoben_K5,5,12783,0.35444992824480925,0.2351724242849783,0.062300826100476416,NSE
unified_1981_2015,hysets_02CB003,2,1,Knoben_K5,5,12783,0.6667958852459439,0.5168923657949978,0.0513341443153332,NSE
unified_1981_2015,hysets_02CD006,2,1,Knoben_K5,5,12783,-0.43133976134307517,0.3047434832507607,0.13731242498615462,NSE
unified_1981_2015,hysets_02DD015,1,1,Knoben_K5,5,12783,-0.17252425910923463,0.4384770711820457,0.08324336867688213,NSE
unified_1981_2015,hysets_02HL003,5,1,Knoben_K5,5,12783,-0.2928482248158082,0.37489939627339974,0.11138779397639262,NSE
unified_1981_2015,hysets_02HL004,5,1,Knoben_K5,5,12783,0.12915453819644318,0.5102091129214577,0.07740771438720281,NSE
unified_1981_2015,hysets_02JC008,1,1,Knoben_K5,5,12781,0.22005512253014303,0.5159748555174624,0.09418515297063726,NSE
unified_1981_2015,hysets_02YC001,1,1,Knoben_K5,5,12783,0.3563649145484048,0.3035347395995366,0.06195011144661633,NSE
unified_1981_2015,hysets_02YD002,1,1,Knoben_K5,5,12783,0.06864176883534445,0.21689845156332277,0.10216630275573156,NSE
unified_1981_2015,hysets_02YJ001,4,1,Knoben_K5,5,12783,0.37908827080790597,0.32969962245250906,0.06570986795387133,NSE
unified_1981_2015,hysets_02YK002,3,1,Knoben_K5,5,12663,0.10413617089278082,0.2754424506972307,0.09496210347125297,NSE
unified_1981_2015,hysets_02YK005,1,1,Knoben_K5,5,12783,0.5682062088367237,0.5844431162030828,0.06526837025327185,NSE
unified_1981_2015,hysets_02YN002,5,1,Knoben_K5,5,12783,-0.381370670438957,-0.003750920801976143,0.08893785449102143,NSE
unified_1981_2015,hysets_02YO006,5,1,Knoben_K5,5,12783,0.5496870352294594,0.5706609803763274,0.031212361718738386,NSE
unified_1981_2015,hysets_02YO008,2,1,Knoben_K5,5,11688,0.5096223930998055,0.5070684232143898,0.057967425416593645,NSE
unified_1981_2015,hysets_02YR001,1,1,Knoben_K5,5,12783,0.3154068932953763,0.6609982007552873,0.08547274929467073,NSE
unified_1981_2015,hysets_02YR003,4,1,Knoben_K5,5,12783,0.2989984118097322,0.6454984332450776,0.0878368640334147,NSE
unified_1981_2015,hysets_02ZB001,1,1,Knoben_K5,5,12783,-0.07660819131331009,-0.26057853386437824,0.05139132082335012,NSE
unified_1981_2015,hysets_02ZC002,3,1,Knoben_K5,5,12418,-0.20453778160797098,-0.3759899804927631,0.06675654440740192,NSE
unified_1981_2015,hysets_02ZF001,3,1,Knoben_K5,5,12783,-0.8375387725069703,0.2626886437171382,0.08057368825894527,NSE
unified_1981_2015,hysets_02ZG001,5,1,Knoben_K5,5,12783,-0.07926503338465785,0.03787065926786848,0.05186449595181446,NSE
unified_1981_2015,hysets_02ZG003,3,1,Knoben_K5,5,12783,-0.3644564332789624,-0.363745093751741,0.06893834228520347,NSE
unified_1981_2015,hysets_02ZH001,3,1,Knoben_K5,5,12783,-0.39129265178301065,-0.35696986117212504,0.06447602346882098,NSE
unified_1981_2015,hysets_02ZK001,2,1,Knoben_K5,5,12783,0.006851428236487878,0.011938719135839104,0.05728137057515998,NSE
unified_1981_2015,hysets_02ZK004,2,1,Knoben_K5,5,12053,0.08519314584595872,0.08530559097437374,0.05517732698724857,NSE
unified_1981_2015,hysets_03010500,2,0,Knoben_K5,5,12783,0.6347381245044229,0.8053712408310761,0.04361025079893599,NSE
unified_1981_2015,hysets_03010655,1,1,Knoben_K5,5,12783,0.8396201152152672,0.7811806608870179,0.027166240906737093,NSE
unified_1981_2015,hysets_03021350,3,0,Knoben_K5,5,12783,0.5355188281067822,0.5525802372500768,0.0518708003185613,NSE
unified_1981_2015,hysets_03028000,1,1,Knoben_K5,5,12783,0.31309955622219954,0.639864930321564,0.03566453364032853,NSE
unified_1981_2015,hysets_03065000,1,1,Knoben_K5,5,12053,0.7768123195826706,0.7337740518033093,0.016684043943281702,NSE
unified_1981_2015,hysets_03070500,1,1,Knoben_K5,5,12783,0.5254062173866881,0.7411394166164433,0.039931832298247205,NSE
unified_1981_2015,hysets_03072000,1,1,Knoben_K5,5,12783,0.16588116534378783,0.49847620123819414,0.05452620709949594,NSE
unified_1981_2015,hysets_03110000,4,1,Knoben_K5,5,12783,0.011330241517574557,0.41369345384776246,0.03429483406258813,NSE
unified_1981_2015,hysets_03151400,5,1,Knoben_K5,5,12052,0.2368259211740369,0.08680022001884669,0.03533388384062255,NSE
unified_1981_2015,hysets_03159540,3,1,Knoben_K5,5,12782,0.348595186159972,0.5088133029083886,0.031458349328645115,NSE
unified_1981_2015,hysets_03180500,4,1,Knoben_K5,5,12783,0.8968185242445936,0.8506907242014528,0.010921107534730386,NSE
unified_1981_2015,hysets_03182500,3,1,Knoben_K5,5,12783,0.8003556373246223,0.7429653462158163,0.01614898607556453,NSE
unified_1981_2015,hysets_03186500,3,1,Knoben_K5,5,12783,0.8012852059612143,0.5966445583931796,0.025901043885099725,NSE
unified_1981_2015,hysets_03187500,2,1,Knoben_K5,5,12265,0.7943299961260712,0.6191982703237491,0.02230609322471974,NSE
unified_1981_2015,hysets_03189100,2,1,Knoben_K5,5,11661,0.9033180581370462,0.8904245310113331,0.020654907530869435,NSE
unified_1981_2015,hysets_03194700,3,1,Knoben_K5,5,12052,0.8095665669079901,0.678226249006366,0.026911886331787784,NSE
unified_1981_2015,hysets_03198500,5,0,Knoben_K5,5,12783,0.6020441289553038,0.7272149147547832,0.03182085257149421,NSE
unified_1981_2015,hysets_03202400,5,1,Knoben_K5,5,12783,0.5500702295265554,0.7476859502318494,0.02330471892359907,NSE
unified_1981_2015,hysets_03202750,2,1,Knoben_K5,5,12783,0.6767567204800623,0.6284862703989385,0.03319170451239128,NSE
unified_1981_2015,hysets_03207800,1,1,Knoben_K5,5,12783,0.5949077346880256,0.5762232902280686,0.02219869055165517,NSE
unified_1981_2015,hysets_03208500,2,1,Knoben_K5,5,12783,0.4983429381732991,0.5164368947809683,0.02723845043112066,NSE
unified_1981_2015,hysets_03210000,2,1,Knoben_K5,5,12418,-0.065857937392519,0.06143167362949542,0.0325608411045661,NSE
unified_1981_2015,hysets_03217000,3,1,Knoben_K5,5,12783,-0.04930734879920551,0.06454267393896718,0.028308284487614053,NSE
unified_1981_2015,hysets_03280700,2,1,Knoben_K5,5,12783,0.46845199513963975,0.2703314671612499,0.029766749364384327,NSE
unified_1981_2015,hysets_03460000,4,1,Knoben_K5,5,12783,-0.21025487913701335,-0.007405732327768977,0.055643427131942994,NSE
unified_1981_2015,hysets_03497300,4,1,Knoben_K5,5,12783,0.45788846139035333,0.3873322471634,0.028424014137129035,NSE
unified_1981_2015,hysets_03512000,3,1,Knoben_K5,5,12783,0.5548053580737606,0.5232832597211583,0.040237615072762536,NSE
unified_1981_2015,hysets_03574500,4,1,Knoben_K5,5,12783,0.3334133520961008,0.3055824724895081,0.023421199203991196,NSE
unified_1981_2015,hysets_04015330,4,1,Knoben_K5,5,12783,-0.2836982915941948,-0.05766319707839718,0.022185357297196222,NSE
unified_1981_2015,hysets_04024430,2,1,Knoben_K5,5,12783,-1.5737206672622608,-0.3860231278221895,0.06313196803673898,NSE
unified_1981_2015,hysets_04025500,2,1,Knoben_K5,5,11961,-2.8160007094759365,-0.16834680833459448,0.09000121500573723,NSE
unified_1981_2015,hysets_04057510,2,1,Knoben_K5,5,12783,-0.45370596203103863,0.3434511222214083,0.10276087484873994,NSE
unified_1981_2015,hysets_04063700,5,1,Knoben_K5,5,12783,0.7489195020638744,0.681983670396739,0.03759683339886473,NSE
unified_1981_2015,hysets_04256000,4,1,Knoben_K5,5,12783,0.6232745584112236,0.7738410987508964,0.028860773596389055,NSE
unified_1981_2015,hysets_04262500,1,1,Knoben_K5,5,12783,-0.3737443949472641,0.418041938526603,0.08866785831957008,NSE
unified_1981_2015,hysets_04269000,4,1,Knoben_K5,5,12417,0.021382729796831756,0.47170072277072905,0.07950012796580964,NSE
unified_1981_2015,hysets_04287000,4,0,Knoben_K5,5,12783,0.35184254991282304,0.6109524785309591,0.027783134509404634,NSE
unified_1981_2015,hysets_04296000,5,1,Knoben_K5,5,12783,0.7477503378950873,0.7591207272379125,0.04261033228582995,NSE
unified_1981_2015,hysets_05AA008,2,1,Knoben_K5,5,12783,0.25675215167653,0.17497301779602603,0.05362106583927849,NSE
unified_1981_2015,hysets_05BG006,2,0,Knoben_K5,5,12783,-2.4043030530649476,-0.9438994997957013,0.04141538756049305,NSE
unified_1981_2015,hysets_05DA009,1,0,Knoben_K5,5,12783,-0.5185605520230094,0.10452980858548377,0.2511976707055518,NSE
unified_1981_2015,hysets_05DC006,1,1,Knoben_K5,5,12783,-3.6941878798188164,-1.0469806801747108,0.0631517384150146,NSE
unified_1981_2015,hysets_05QE008,5,1,Knoben_K5,5,12783,-1.7387578804995916,0.03213284263443417,0.2786337795142756,NSE
unified_1981_2015,hysets_05QE009,3,1,Knoben_K5,5,12667,0.41384606975773863,0.670945698402308,0.0771331780364869,NSE
unified_1981_2015,hysets_05QE012,4,1,Knoben_K5,5,12783,-0.9857372047136226,0.09210796355089046,0.22956780218534317,NSE
unified_1981_2015,hysets_05TG002,4,1,Knoben_K5,5,12000,-2.889861260527712,-0.9350508056425488,0.19867743924892303,NSE
unified_1981_2015,hysets_05UF004,2,1,Knoben_K5,5,12584,0.0723697040409017,0.1762828036916606,0.09125910474676377,NSE
unified_1981_2015,hysets_06019500,5,1,Knoben_K5,5,12663,-19.77796096119915,-3.120950479773783,0.28306251682018596,NSE
unified_1981_2015,hysets_06191000,2,1,Knoben_K5,5,11597,0.7889396752069826,0.7183503316941877,0.058409954570106455,NSE
unified_1981_2015,hysets_06200000,1,1,Knoben_K5,5,12782,0.673442550522177,0.5686140938497823,0.05701931922080426,NSE
unified_1981_2015,hysets_06224000,3,1,Knoben_K5,5,12783,0.5771461679105635,0.7023763686840043,0.06950448693946255,NSE
unified_1981_2015,hysets_06289000,1,1,Knoben_K5,5,12783,0.3661706665261857,0.684752412847849,0.0747490948508329,NSE
unified_1981_2015,hysets_06309200,4,1,Knoben_K5,5,12783,0.23852372392435917,0.18432335197734495,0.056282449188958604,NSE
unified_1981_2015,hysets_06332515,2,1,Knoben_K5,5,12783,-0.25683705609144525,-2.539072288434664,0.04441824186544452,NSE
unified_1981_2015,hysets_06339100,1,0,Knoben_K5,5,12783,-1.9738674169117831,-3.402347674066595,0.041760595968166815,NSE
unified_1981_2015,hysets_06344600,1,0,Knoben_K5,5,12783,-1.09048301248973,-2.71031392358488,0.036931611494762255,NSE
unified_1981_2015,hysets_06400875,3,1,Knoben_K5,5,11902,-19.861081724653825,-25.451504232247945,0.08193566183403796,NSE
unified_1981_2015,hysets_06404000,3,1,Knoben_K5,5,12783,-1.799265748883239,-0.12025593302603266,0.045908214762755556,NSE
unified_1981_2015,hysets_06406000,4,1,Knoben_K5,5,12783,-35.15113539062962,-6.538896073364903,0.22295815957951423,NSE
unified_1981_2015,hysets_06409000,1,1,Knoben_K5,5,12783,-2.547840944110223,-0.17509703014995281,0.1141262626453028,NSE
unified_1981_2015,hysets_06422500,2,1,Knoben_K5,5,12783,-0.15658636962369754,0.11370255009253705,0.04592370686937851,NSE
unified_1981_2015,hysets_06623800,5,1,Knoben_K5,5,12783,0.6239782478909455,0.3639481859542326,0.07212129697761391,NSE
unified_1981_2015,hysets_06712000,1,1,Knoben_K5,5,12783,-19.271446704323996,-4.691528152671061,0.1373975002706159,NSE
unified_1981_2015,hysets_06719505,3,1,Knoben_K5,5,12782,-2.6956099813739156,-0.9657694070710587,0.22578068490649256,NSE
unified_1981_2015,hysets_06876700,2,1,Knoben_K5,5,12783,-1.161938489054466,-1.260075478412626,0.0492945799877378,NSE
unified_1981_2015,hysets_06FD002,4,1,Knoben_K5,5,11818,-2.319487968284446,-0.9440453912807134,0.15711507966564478,NSE
unified_1981_2015,hysets_07060710,1,1,Knoben_K5,5,12783,-0.18155488793907715,-0.09587058989797526,0.020500505112141153,NSE
unified_1981_2015,hysets_07124200,2,1,Knoben_K5,5,12783,0.06538201312735092,0.4411113443109823,0.02868689904586213,NSE
unified_1981_2015,hysets_07203000,3,1,Knoben_K5,5,12783,-32.996885145487774,-7.519354785876931,0.11215585990439295,NSE
unified_1981_2015,hysets_07207500,3,1,Knoben_K5,5,12783,-8.39745939810341,-4.598647575518896,0.12788855691735718,NSE
unified_1981_2015,hysets_07208500,5,1,Knoben_K5,5,12783,0.35313207478411845,0.38744210464388096,0.024458330056959875,NSE
unified_1981_2015,hysets_07291000,1,1,Knoben_K5,5,12053,0.28368942487537896,0.2373924697967893,0.026324464855591225,NSE
unified_1981_2015,hysets_07299670,1,1,Knoben_K5,5,12783,-3.323951841636215,-5.176407258611729,0.0427617871939202,NSE
unified_1981_2015,hysets_07315200,3,1,Knoben_K5,5,12783,-0.8260947694436782,-5.479057592740081,0.024453370766802623,NSE
unified_1981_2015,hysets_07335700,1,1,Knoben_K5,5,12783,0.2587573264077423,0.06487834853407437,0.02585190576167628,NSE
unified_1981_2015,hysets_07337900,3,1,Knoben_K5,5,12783,0.4219095198678695,0.33595495307939305,0.0323050768222178,NSE
unified_1981_2015,hysets_07340300,4,1,Knoben_K5,5,12783,0.33669570595245313,0.16454376524627368,0.03911407125791659,NSE
unified_1981_2015,hysets_07352000,5,1,Knoben_K5,5,12783,-0.670228106318828,0.22827620184822517,0.05736792675510437,NSE
unified_1981_2015,hysets_07361500,3,1,Knoben_K5,5,12783,0.2907088193371855,0.38250001120458155,0.0373417524218055,NSE
unified_1981_2015,hysets_07362100,3,1,Knoben_K5,5,12783,0.2587315476985297,0.372958566405157,0.02892741823303333,NSE
unified_1981_2015,hysets_07373000,1,1,Knoben_K5,5,12783,0.2885965718825083,0.3191365050250654,0.02028023909650824,NSE
unified_1981_2015,hysets_07376000,1,1,Knoben_K5,5,12418,0.5121134239732901,0.5942552088135489,0.02762952847169464,NSE
unified_1981_2015,hysets_07377000,3,0,Knoben_K5,5,12783,0.23354459207342182,0.4729883472347477,0.026772004369733204,NSE
unified_1981_2015,hysets_07BJ001,5,1,Knoben_K5,5,12783,0.23633620613198003,0.22984519898651323,0.03944192378295167,NSE
unified_1981_2015,hysets_07MA003,4,1,Knoben_K5,5,12728,-21.023319221253082,-2.3370059305551494,0.5448004236145065,NSE
unified_1981_2015,hysets_07SB013,5,0,Knoben_K5,5,11791,-153.11796808759328,-21.14521002149575,0.8999031188457153,NSE
unified_1981_2015,hysets_08013000,3,1,Knoben_K5,5,12768,0.5183188540513047,0.5338072135253886,0.028113118005457002,NSE
unified_1981_2015,hysets_08013500,4,1,Knoben_K5,5,12417,0.488055354992347,0.4816560232769759,0.03295801183891462,NSE
unified_1981_2015,hysets_08014500,1,1,Knoben_K5,5,12783,0.1505308068030542,0.3237534077923123,0.03269056586121065,NSE
unified_1981_2015,hysets_08025500,4,1,Knoben_K5,5,12052,0.048651281499454746,0.42537055189479844,0.03182053199662329,NSE
unified_1981_2015,hysets_08029500,5,1,Knoben_K5,5,12783,0.3152068041727578,0.636464026845314,0.013404920987441197,NSE
unified_1981_2015,hysets_08065800,1,1,Knoben_K5,5,12783,0.09166305976737343,0.11852362702357555,0.03132618161251023,NSE
unified_1981_2015,hysets_08066200,2,1,Knoben_K5,5,12783,0.327249301110179,0.23109113305022466,0.01625178743549323,NSE
unified_1981_2015,hysets_08068720,1,1,Knoben_K5,5,12596,-0.0900557448131114,-0.3452165329073942,0.08646815275997016,NSE
unified_1981_2015,hysets_08070000,4,1,Knoben_K5,5,12695,0.2513680443051507,0.33971568792445606,0.017091579426890678,NSE
unified_1981_2015,hysets_08082700,4,1,Knoben_K5,5,12783,-0.8928057273150569,-6.63607351082218,0.01873252705366435,NSE
unified_1981_2015,hysets_08084800,3,1,Knoben_K5,5,12783,-5.476676351029795,-7.127650575609103,0.07900131686950565,NSE
unified_1981_2015,hysets_08086212,5,1,Knoben_K5,5,12783,0.09074992059827969,0.3049909292860965,0.018115101463708448,NSE
unified_1981_2015,hysets_08150800,3,1,Knoben_K5,5,12783,-4.804867174722871,-6.070840644481262,0.03657705230147809,NSE
unified_1981_2015,hysets_08164300,2,1,Knoben_K5,5,12783,0.44060523513504746,-0.11159052896199362,0.020716823504946035,NSE
unified_1981_2015,hysets_08165300,1,1,Knoben_K5,5,12783,-2.376709724508034,-4.86728113241372,0.02853788471986807,NSE
unified_1981_2015,hysets_08165500,3,1,Knoben_K5,5,12761,-0.8965855374970635,-1.1963698769610516,0.022628939091994586,NSE
unified_1981_2015,hysets_08171000,5,1,Knoben_K5,5,12783,-0.37388422762406526,-0.4167595881861992,0.014999188520717936,NSE
unified_1981_2015,hysets_08175000,5,1,Knoben_K5,5,12783,0.3996123492614183,0.4491650970277947,0.012003909524772748,NSE
unified_1981_2015,hysets_08176900,1,0,Knoben_K5,5,12568,0.044479445332444634,0.12436702491864327,0.02178847116329146,NSE
unified_1981_2015,hysets_08178880,4,1,Knoben_K5,5,12145,0.14182249827265814,-0.9099675070682618,0.010108693940543366,NSE
unified_1981_2015,hysets_08189500,2,0,Knoben_K5,5,12783,-0.2714367568003637,-1.7333846518711336,0.028224834560733113,NSE
unified_1981_2015,hysets_08194200,5,1,Knoben_K5,5,12783,-16.354537949108007,-17.745911346789935,0.09407390747099387,NSE
unified_1981_2015,hysets_08195000,2,1,Knoben_K5,5,12783,-0.48235936635516197,-0.12560208970542308,0.02608469237376221,NSE
unified_1981_2015,hysets_08198000,5,1,Knoben_K5,5,12782,-1.2743427966026353,-1.7330632033259312,0.027437287708021715,NSE
unified_1981_2015,hysets_08198500,1,1,Knoben_K5,5,12783,-1.5743523577878458,-6.483703721191373,0.027450846997120252,NSE
unified_1981_2015,hysets_08201500,1,0,Knoben_K5,5,12782,-1.2565422980144474,-1.5077423293271472,0.026633814957239325,NSE
unified_1981_2015,hysets_08202700,3,0,Knoben_K5,5,12783,-1.7020040549440458,-22.166197934770334,0.023376072280269167,NSE
unified_1981_2015,hysets_08247500,2,1,Knoben_K5,5,12783,0.4063578286371533,0.282849121149385,0.06777246507527722,NSE
unified_1981_2015,hysets_08269000,3,1,Knoben_K5,5,12783,0.7366804616963833,0.4809642616117582,0.04092039029278983,NSE
unified_1981_2015,hysets_08279000,2,1,Knoben_K5,5,12560,0.4653712372680634,0.6997080571854637,0.04239749579725922,NSE
unified_1981_2015,hysets_08284100,1,1,Knoben_K5,5,12783,0.4304717889687214,0.48777019845606917,0.06756183322864087,NSE
unified_1981_2015,hysets_08289000,3,1,Knoben_K5,5,12783,-0.7084350248329538,-0.6175606135453244,0.12449235031429655,NSE
unified_1981_2015,hysets_08291000,2,1,Knoben_K5,5,12783,0.4605741289696911,0.722590291286988,0.052055345419608046,NSE
unified_1981_2015,hysets_08324000,4,1,Knoben_K5,5,12783,0.4296090113649681,0.7145255077007066,0.05881886058639301,NSE
unified_1981_2015,hysets_08334000,4,1,Knoben_K5,5,12783,-150.03356342229992,-32.59318287968165,0.5450013028667612,NSE
unified_1981_2015,hysets_08378500,5,1,Knoben_K5,5,12783,0.7600590262742037,0.6109702964463237,0.036506629771676624,NSE
unified_1981_2015,hysets_08401200,4,1,Knoben_K5,5,12032,-73.54254043520102,-147.9839253704409,0.10609571167435629,NSE
unified_1981_2015,hysets_08401900,5,1,Knoben_K5,5,12783,-62.15096470176667,-101.01211562560789,0.12379723885448873,NSE
unified_1981_2015,hysets_08405150,5,1,Knoben_K5,5,12783,-94.75564838473682,-155.4983050128824,0.14495661213659958,NSE
unified_1981_2015,hysets_08405500,3,1,Knoben_K5,5,12783,-781.274549025813,-33.058214912646235,0.46084546612023297,NSE
unified_1981_2015,hysets_08AA008,1,1,Knoben_K5,5,12589,-43.087554026644156,-6.024157687606427,0.7553207511616351,NSE
unified_1981_2015,hysets_08AA009,4,1,Knoben_K5,5,12695,-51.60734183884966,-8.554959104262153,0.5113073597768314,NSE
unified_1981_2015,hysets_08AC001,2,1,Knoben_K5,5,11614,-8.956370924077653,-2.5328992509955395,0.2536868200175342,NSE
unified_1981_2015,hysets_08EB004,5,1,Knoben_K5,5,12783,-0.49094462330207067,0.25257531698750346,0.0748196502638092,NSE
unified_1981_2015,hysets_08ED001,4,1,Knoben_K5,5,12699,0.73370064467425,0.7551811661768465,0.06428878199714719,NSE
unified_1981_2015,hysets_08ED002,2,0,Knoben_K5,5,12783,0.18833238813455766,0.6061665226995008,0.15198656010524011,NSE
unified_1981_2015,hysets_08EE008,2,1,Knoben_K5,5,12783,-2.8635650617212485,-0.8932039425907667,0.15136024577268464,NSE
unified_1981_2015,hysets_08EE013,4,1,Knoben_K5,5,12715,0.06595321666573939,0.013109025148291042,0.08695140129538899,NSE
unified_1981_2015,hysets_08EE020,3,1,Knoben_K5,5,12783,-0.49257294340469593,0.2315278851193332,0.08427184041536746,NSE
unified_1981_2015,hysets_08EG012,5,1,Knoben_K5,5,12783,-0.05810284668719867,0.0639089106772911,0.07975100757950881,NSE
unified_1981_2015,hysets_08FE003,2,1,Knoben_K5,5,12783,0.5242767752406647,0.5200514609334888,0.04293864499635818,NSE
unified_1981_2015,hysets_08FF001,3,1,Knoben_K5,5,12783,-0.21819522787208534,-0.021873780329415782,0.047841873196163176,NSE
unified_1981_2015,hysets_08FF002,3,1,Knoben_K5,5,12783,0.43152835320649563,0.42582917208667714,0.0340116538066158,NSE
unified_1981_2015,hysets_08FF003,4,1,Knoben_K5,5,12783,-0.2457284201221137,-0.15963677610433447,0.051962777803567554,NSE
unified_1981_2015,hysets_08GA071,2,1,Knoben_K5,5,12709,0.1732035026960591,0.23943658880393703,0.08055058192604886,NSE
unified_1981_2015,hysets_08GA072,5,0,Knoben_K5,5,12356,0.34949605454929766,0.37873960989733535,0.05531690234186225,NSE
unified_1981_2015,hysets_08HA001,5,1,Knoben_K5,5,12783,0.4578878801046976,0.60041118667667,0.04263821133142715,NSE
unified_1981_2015,hysets_08HA010,1,1,Knoben_K5,5,11578,0.6172488804362105,0.510685519402636,0.05462774855018126,NSE
unified_1981_2015,hysets_08HB014,2,1,Knoben_K5,5,12743,0.6121279477137614,0.5339659777999047,0.050462109927901615,NSE
unified_1981_2015,hysets_08HB074,5,1,Knoben_K5,5,12308,-0.4226676710495765,-0.4361240918033358,0.06347371892301501,NSE
unified_1981_2015,hysets_08HD011,2,1,Knoben_K5,5,12783,0.29409971420604375,0.5820823007032907,0.052410939340688294,NSE
unified_1981_2015,hysets_08HD015,4,1,Knoben_K5,5,12459,0.5350986334155539,0.6878572922529036,0.041744600780267926,NSE
unified_1981_2015,hysets_08HF004,3,1,Knoben_K5,5,12639,0.24003676545578578,0.10797115256965673,0.04780548702913038,NSE
unified_1981_2015,hysets_08JD006,4,1,Knoben_K5,5,11977,-0.3894553880464302,-0.3250743387946049,0.10713849064637826,NSE
unified_1981_2015,hysets_08KA007,5,1,Knoben_K5,5,12783,0.7489913723684558,0.691380068082289,0.07196676032384476,NSE
unified_1981_2015,hysets_08KH010,1,1,Knoben_K5,5,12686,0.18809480397131983,0.37400542468325704,0.12310335174165608,NSE
unified_1981_2015,hysets_08KH019,5,1,Knoben_K5,5,12518,-3.2612672935864415,-1.0688471269438176,0.16654336978972947,NSE
unified_1981_2015,hysets_08LB038,2,1,Knoben_K5,5,11688,0.5246336035490942,0.295986347763713,0.0984279580894365,NSE
unified_1981_2015,hysets_08LB069,3,1,Knoben_K5,5,12783,0.8937754318945478,0.8855259776870785,0.03887526060549163,NSE
unified_1981_2015,hysets_08LB076,3,1,Knoben_K5,5,12644,0.8122905545903851,0.665442948287789,0.047098924179625135,NSE
unified_1981_2015,hysets_08LE024,5,0,Knoben_K5,5,12783,0.45132448404267145,0.25310538741456623,0.10508180981468176,NSE
unified_1981_2015,hysets_08LE027,3,0,Knoben_K5,5,12783,0.6059760172836806,0.378552556025206,0.07349630026400081,NSE
unified_1981_2015,hysets_08LG048,5,0,Knoben_K5,5,12783,0.6980208033961202,0.4909550060384196,0.05299193761303999,NSE
unified_1981_2015,hysets_08MA003,4,1,Knoben_K5,5,12096,-0.32017086959966745,0.2638544086482053,0.20668535136146762,NSE
unified_1981_2015,hysets_08ME023,1,0,Knoben_K5,5,12694,0.11753823535089958,0.07532580648992138,0.08430901104599202,NSE
unified_1981_2015,hysets_08ME025,4,1,Knoben_K5,5,12053,-4.21165696828742,-0.5777611805887992,0.22987617555162942,NSE
unified_1981_2015,hysets_08MH016,5,1,Knoben_K5,5,12783,0.40740615385213585,0.5610696363286272,0.07109147127255293,NSE
unified_1981_2015,hysets_08MH056,3,1,Knoben_K5,5,12620,0.7743926628251374,0.6928164025667843,0.020946161349137734,NSE
unified_1981_2015,hysets_08MH103,2,1,Knoben_K5,5,12783,0.7244568705447161,0.8171253672823873,0.03422287168916891,NSE
unified_1981_2015,hysets_08MH147,4,1,Knoben_K5,5,11698,-0.07300059207239551,-0.01034276173108295,0.06612577563776229,NSE
unified_1981_2015,hysets_08NA006,5,1,Knoben_K5,5,12765,0.5862161512837551,0.7008255303181219,0.08884310590192214,NSE
unified_1981_2015,hysets_08NB012,3,1,Knoben_K5,5,12179,0.1791196115621978,0.3977199265919238,0.12573485312635807,NSE
unified_1981_2015,hysets_08NB014,5,1,Knoben_K5,5,12783,0.5601834113795995,0.6281341035628629,0.08358818206873211,NSE
unified_1981_2015,hysets_08ND012,4,1,Knoben_K5,5,12783,0.6563306691970652,0.7309793242662799,0.07850324498956254,NSE
unified_1981_2015,hysets_08ND013,4,1,Knoben_K5,5,12783,-0.3539720924254175,0.29487794774219034,0.15426808631715414,NSE
unified_1981_2015,hysets_08NE039,3,1,Knoben_K5,5,12783,0.7207944946960989,0.7369716754908282,0.06579144967224933,NSE
unified_1981_2015,hysets_08NE074,4,1,Knoben_K5,5,12783,0.8095239635096464,0.6110281428358771,0.05112791047219227,NSE
unified_1981_2015,hysets_08NF001,5,1,Knoben_K5,5,12783,-0.08053663668004973,-0.1661881816569981,0.14977349638129472,NSE
unified_1981_2015,hysets_08NG076,3,1,Knoben_K5,5,12783,-1.086249525233863,-0.16386218596584867,0.1179713977834477,NSE
unified_1981_2015,hysets_08NG077,2,1,Knoben_K5,5,12783,0.4895346503049136,0.26664150358773464,0.07001640473761829,NSE
unified_1981_2015,hysets_08NH005,1,1,Knoben_K5,5,12783,0.8152944287932365,0.5751336567194092,0.04679540189387434,NSE
unified_1981_2015,hysets_08NH006,4,1,Knoben_K5,5,12783,0.9092486911657476,0.8602080842734134,0.035447371780680775,NSE
unified_1981_2015,hysets_08NH120,1,1,Knoben_K5,5,12783,0.45832683371501104,0.2967605601584812,0.06230428994981739,NSE
unified_1981_2015,hysets_08NH130,3,1,Knoben_K5,5,12783,0.5291681182547292,0.4602049466523639,0.06605035518514887,NSE
unified_1981_2015,hysets_08NJ160,5,1,Knoben_K5,5,12783,0.7422471156771309,0.5858394003220089,0.0690556511726689,NSE
unified_1981_2015,hysets_08NK016,4,1,Knoben_K5,5,12783,0.29811919773294626,0.4249691050803561,0.042903774444004214,NSE
unified_1981_2015,hysets_08NK018,2,1,Knoben_K5,5,12783,-0.43597849279251877,0.3212885713213418,0.0661280434545722,NSE
unified_1981_2015,hysets_08NK022,4,1,Knoben_K5,5,12783,-0.46964364268956915,0.2710425683358165,0.08772318134306828,NSE
unified_1981_2015,hysets_08NL004,1,1,Knoben_K5,5,12783,-0.6401456441081865,-0.3960235681001607,0.11921721870551938,NSE
unified_1981_2015,hysets_08NL024,5,1,Knoben_K5,5,12783,0.6915785955040146,0.6106114669277822,0.045155239998314584,NSE
unified_1981_2015,hysets_08NL050,5,1,Knoben_K5,5,12783,0.5919584110530698,0.4789516530274891,0.04528059796643882,NSE
unified_1981_2015,hysets_08NL071,4,1,Knoben_K5,5,12783,0.6409938583576666,0.4697692396909213,0.04653496092746544,NSE
unified_1981_2015,hysets_08NN019,3,1,Knoben_K5,5,12783,0.3269721628038146,-0.1534255823142323,0.09484262116532832,NSE
unified_1981_2015,hysets_08OA002,2,1,Knoben_K5,5,12398,-0.4635316087998953,-0.28280539550780603,0.11338664138602635,NSE
unified_1981_2015,hysets_09059500,4,1,Knoben_K5,5,12783,0.7659728225592476,0.7674858836483738,0.05124026274432708,NSE
unified_1981_2015,hysets_09165000,3,1,Knoben_K5,5,12053,0.5627066137488606,0.3141269726711887,0.07947178048299461,NSE
unified_1981_2015,hysets_09196500,1,1,Knoben_K5,5,11731,0.44080421389833113,0.3959194622563438,0.09635422495092921,NSE
unified_1981_2015,hysets_09223000,3,1,Knoben_K5,5,12783,0.18303440264477822,0.10326038634210666,0.07914652614802195,NSE
unified_1981_2015,hysets_09253000,5,1,Knoben_K5,5,12231,0.6892814618403329,0.5044536512895585,0.0614958334556121,NSE
unified_1981_2015,hysets_09255000,2,1,Knoben_K5,5,12783,0.5420796660990186,0.40754153286512473,0.06780533776708207,NSE
unified_1981_2015,hysets_09266500,2,1,Knoben_K5,5,12783,0.6465765622649013,0.4367570238488253,0.037440879103315665,NSE
unified_1981_2015,hysets_09289500,1,1,Knoben_K5,5,12783,0.7989049749745392,0.8158447641985587,0.03542781571073248,NSE
unified_1981_2015,hysets_09292500,5,1,Knoben_K5,5,12783,0.28917206083049185,0.4296408525718364,0.07732705759612339,NSE
unified_1981_2015,hysets_09299500,1,1,Knoben_K5,5,12783,0.6493176496881714,0.44944631322443884,0.043134085802039875,NSE
unified_1981_2015,hysets_09304200,2,1,Knoben_K5,5,12783,-0.3043383133767066,0.0040963906436377595,0.13702805838029838,NSE
unified_1981_2015,hysets_09304500,1,1,Knoben_K5,5,12783,-0.5773064856712176,-0.14719490224298415,0.1345205385999611,NSE
unified_1981_2015,hysets_09306222,4,1,Knoben_K5,5,12783,-318.81674667910823,-20.374770704238628,1.6846507944364135,NSE
unified_1981_2015,hysets_09310500,3,1,Knoben_K5,5,12783,0.5426873065020605,0.38707326406056,0.05535848951781253,NSE
unified_1981_2015,hysets_09312600,4,1,Knoben_K5,5,12783,-1.1999007901076602,-1.0562799349783498,0.09539503606153969,NSE
unified_1981_2015,hysets_09337000,3,1,Knoben_K5,5,12782,-10.371207594131157,-2.5241748743159174,0.1623178144115677,NSE
unified_1981_2015,hysets_09342500,5,1,Knoben_K5,5,12783,0.37479998129955083,0.2057756800353796,0.09792485478622413,NSE
unified_1981_2015,hysets_09352900,3,1,Knoben_K5,5,12783,0.7372365277709345,0.6522305023189701,0.05361728703734485,NSE
unified_1981_2015,hysets_09386900,1,1,Knoben_K5,5,12783,-0.4228565593193403,-2.072975083292907,0.02967560839145864,NSE
unified_1981_2015,hysets_09403600,3,1,Knoben_K5,5,12783,-470.66202926921676,-24.644597946635887,0.5045469326123347,NSE
unified_1981_2015,hysets_09404450,5,1,Knoben_K5,5,12783,-5.746657489621423,-1.2862827840177506,0.07423091839567804,NSE
unified_1981_2015,hysets_09405500,4,1,Knoben_K5,5,12783,-3.3350251580100077,-1.2221046503375361,0.0898963500348984,NSE
unified_1981_2015,hysets_09430600,5,0,Knoben_K5,5,12783,0.37780537388826363,0.05744304229263719,0.015148374532882083,NSE
unified_1981_2015,hysets_09442680,3,1,Knoben_K5,5,12783,-8.244103330609631,-2.7347367732837413,0.05354899745139459,NSE
unified_1981_2015,hysets_09447000,5,1,Knoben_K5,5,12783,-0.38807153375841197,-0.8204957563493052,0.02044158661351093,NSE
unified_1981_2015,hysets_09447800,5,1,Knoben_K5,5,12571,-45.48371443623278,-19.665460345945537,0.07427286276785193,NSE
unified_1981_2015,hysets_09473000,3,1,Knoben_K5,5,12052,-28.6243427887378,-13.527295321824372,0.09059043829252969,NSE
unified_1981_2015,hysets_09494000,5,1,Knoben_K5,5,12783,0.33028045312495236,0.6143041893652917,0.031766956330762056,NSE
unified_1981_2015,hysets_09496500,2,1,Knoben_K5,5,12783,-14.231995222530964,-2.48747155477988,0.09002447403197342,NSE
unified_1981_2015,hysets_09497800,2,1,Knoben_K5,5,12418,0.5108349561354526,0.3337587165664446,0.01710999627045548,NSE
unified_1981_2015,hysets_09497980,4,1,Knoben_K5,5,12783,0.5298734788082545,0.5991345622435936,0.016782955506155862,NSE
unified_1981_2015,hysets_09499000,2,0,Knoben_K5,5,12783,0.38401617511959263,0.1606516942616817,0.017570801110059805,NSE
unified_1981_2015,hysets_09504420,2,1,Knoben_K5,5,12510,0.16486123644418849,-0.18456161328461218,0.026884886557952032,NSE
unified_1981_2015,hysets_09505800,1,1,Knoben_K5,5,12783,0.5153817208511398,0.4594954706527773,0.012036246128546885,NSE
unified_1981_2015,hysets_09510200,1,1,Knoben_K5,5,12783,0.041693968108546975,0.2670480714093728,0.024032271959974122,NSE
unified_1981_2015,hysets_09512280,5,1,Knoben_K5,5,12783,-9.164100773934546,-15.874020898777552,0.05371700406187956,NSE
unified_1981_2015,hysets_09513780,3,1,Knoben_K5,5,12783,-0.17293820505961,-1.857934747924061,0.019337247291389834,NSE
unified_1981_2015,hysets_09AA012,5,1,Knoben_K5,5,12657,-18.67177670833121,-3.877148902654321,0.4828961718409998,NSE
unified_1981_2015,hysets_09AA013,2,1,Knoben_K5,5,11625,-7.469664183634471,-1.7252899970515347,0.4974636143844931,NSE
unified_1981_2015,hysets_09AH003,1,1,Knoben_K5,5,12337,-10.972934968916057,-3.9024460699147525,0.20878702981685748,NSE
unified_1981_2015,hysets_09CA004,1,1,Knoben_K5,5,12567,-3.9603576775155487,-1.7716702737411825,0.10254603283483978,NSE
unified_1981_2015,hysets_09EA004,2,1,Knoben_K5,5,12630,-2.9564985233049446,-0.5695721384773313,0.1794663148943525,NSE
unified_1981_2015,hysets_10011500,2,1,Knoben_K5,5,12783,0.9093460552457151,0.8972121977828951,0.03281219855756149,NSE
unified_1981_2015,hysets_10032000,3,1,Knoben_K5,5,12783,0.770189995818889,0.662881666812651,0.05424482334818232,NSE
unified_1981_2015,hysets_10113500,4,1,Knoben_K5,5,11506,-2.7005995301670023,-0.2888353512339874,0.1414578582928096,NSE
unified_1981_2015,hysets_10173450,2,1,Knoben_K5,5,12782,0.7647382016943505,0.5615056011921397,0.04303138193575531,NSE
unified_1981_2015,hysets_10174500,1,1,Knoben_K5,5,12783,-3.7145124821998037,-1.1248570505652333,0.18660003112294957,NSE
unified_1981_2015,hysets_10194200,5,1,Knoben_K5,5,12467,-5.12217123546749,-1.626143885506246,0.23061587895462984,NSE
unified_1981_2015,hysets_10234500,2,1,Knoben_K5,5,12783,0.6001498996798563,0.5433923056348344,0.052612039918503384,NSE
unified_1981_2015,hysets_10258500,4,1,Knoben_K5,5,12783,-1.7588986453077928,-2.03809037729933,0.035579848782256174,NSE
unified_1981_2015,hysets_10296000,3,1,Knoben_K5,5,12783,0.8918988873310525,0.9436812503128116,0.016520789559326798,NSE
unified_1981_2015,hysets_10296500,5,1,Knoben_K5,5,12783,0.6757688503317756,0.42719260832494166,0.027302878275203557,NSE
unified_1981_2015,hysets_10329500,4,1,Knoben_K5,5,12783,0.10899860082155355,-0.3340046727487682,0.03843469005999203,NSE
unified_1981_2015,hysets_10396000,4,1,Knoben_K5,5,12783,0.32573209919733725,0.6277011287084995,0.05294672865873324,NSE
unified_1981_2015,hysets_10AC005,3,1,Knoben_K5,5,12783,-0.9201164839956717,-0.338555298447627,0.15535233006528534,NSE
unified_1981_2015,hysets_10BE007,3,1,Knoben_K5,5,12783,-0.531893222595992,0.27003045359778943,0.14053025963393292,NSE
unified_1981_2015,hysets_10BE009,3,1,Knoben_K5,5,12715,-102.82217425470206,-6.5345962254205965,0.9391720750868705,NSE
unified_1981_2015,hysets_10ED003,5,1,Knoben_K5,5,12782,-0.2151341621482037,-0.21133792902026305,0.025786161113533455,NSE
unified_1981_2015,hysets_10GC003,3,1,Knoben_K5,5,12783,0.05627203944820047,0.13263845161953391,0.024403440808778817,NSE
unified_1981_2015,hysets_10LC003,3,1,Knoben_K5,5,12112,-37.875576865562515,-13.076562404538691,0.29908052145865743,NSE
unified_1981_2015,hysets_10LC007,2,1,Knoben_K5,5,12242,-56.89384344413506,-11.110723962144942,0.35382289479547885,NSE
unified_1981_2015,hysets_11012500,4,1,Knoben_K5,5,12783,-9.921642729811301,-3.146422319579111,0.08757088869212455,NSE
unified_1981_2015,hysets_11015000,2,1,Knoben_K5,5,12783,0.3648936093638131,0.28533695101803924,0.0183083245404318,NSE
unified_1981_2015,hysets_11042400,1,1,Knoben_K5,5,12419,-3.487308198921732,-1.5670397545563834,0.032293293986081,NSE
unified_1981_2015,hysets_11123000,2,1,Knoben_K5,5,12783,0.4331293580493718,0.06013559783234612,0.02501608500236526,NSE
unified_1981_2015,hysets_11123500,4,1,Knoben_K5,5,12783,0.5120463111061537,0.28221934030210083,0.0229747962293175,NSE
unified_1981_2015,hysets_11124500,1,1,Knoben_K5,5,12783,0.8793536720179432,0.8187382292876539,0.011450583376467574,NSE
unified_1981_2015,hysets_11132500,4,1,Knoben_K5,5,12783,-0.044959504302895636,-0.29368268263921893,0.017723812339181234,NSE
unified_1981_2015,hysets_11140000,1,1,Knoben_K5,5,12783,-8.459333390397141,-3.39037803154784,0.0878704350265598,NSE
unified_1981_2015,hysets_11143000,5,1,Knoben_K5,5,12783,-0.2759923621441087,-0.18266475258849257,0.059082997802534745,NSE
unified_1981_2015,hysets_11143200,3,1,Knoben_K5,5,12783,0.59302876228517,0.7674014607682362,0.02099520673163834,NSE
unified_1981_2015,hysets_11143250,5,1,Knoben_K5,5,12783,-0.24795726963403752,-0.11009845961948894,0.03989326313731169,NSE
unified_1981_2015,hysets_11148900,3,1,Knoben_K5,5,12783,0.4953254317423399,0.20620467964763756,0.020283675442252836,NSE
unified_1981_2015,hysets_11149900,1,1,Knoben_K5,5,12783,0.45447215754313675,0.5469858437078644,0.02103626242471488,NSE
unified_1981_2015,hysets_11151300,2,1,Knoben_K5,5,12682,-13.77279501527475,-15.25533206201932,0.06169976315997557,NSE
unified_1981_2015,hysets_11152000,3,1,Knoben_K5,5,12783,0.6885879209587735,0.6387163188563724,0.017944583354687068,NSE
unified_1981_2015,hysets_11202000,5,1,Knoben_K5,5,12783,0.45774458682542896,0.31440974993644033,0.020925976774911086,NSE
unified_1981_2015,hysets_11202001,3,1,Knoben_K5,5,12783,0.10475708825440522,-0.047780157689051084,0.03137731866711019,NSE
unified_1981_2015,hysets_11224500,5,1,Knoben_K5,5,12783,-3.993796511542026,-9.41347331617023,0.03500870022539624,NSE
unified_1981_2015,hysets_11230500,4,1,Knoben_K5,5,12783,0.813512690704896,0.8100728903194205,0.024921202744220817,NSE
unified_1981_2015,hysets_11253310,4,1,Knoben_K5,5,12783,-17.928989898501005,-11.534331953553671,0.07581391918886352,NSE
unified_1981_2015,hysets_11264500,2,1,Knoben_K5,5,12783,0.9423846278321661,0.7814872640079433,0.0160491459555492,NSE
unified_1981_2015,hysets_11266500,5,1,Knoben_K5,5,12783,0.7241115423157665,0.6550143471465754,0.026733125062098333,NSE
unified_1981_2015,hysets_11314500,4,1,Knoben_K5,5,12783,0.6139335668585931,0.5836682177712009,0.028431462664522275,NSE
unified_1981_2015,hysets_11317000,3,1,Knoben_K5,5,12783,0.27906744465302724,0.044811299534258886,0.03257503829950403,NSE
unified_1981_2015,hysets_11318500,4,1,Knoben_K5,5,12783,-0.5400572943324908,0.024617341747244614,0.040054100325968775,NSE
unified_1981_2015,hysets_11367500,4,1,Knoben_K5,5,12783,-2.949010514679745,0.1501915068963936,0.06083471415349919,NSE
unified_1981_2015,hysets_11374000,4,1,Knoben_K5,5,12783,0.47980553450224406,0.649468260671384,0.048385605918230004,NSE
unified_1981_2015,hysets_11376550,4,1,Knoben_K5,5,12673,-3.433557504310258,-0.9137723635270782,0.13433726634119084,NSE
unified_1981_2015,hysets_11379500,1,1,Knoben_K5,5,12783,0.6067364773143153,0.5073496373046207,0.029809309849024804,NSE
unified_1981_2015,hysets_11381500,3,1,Knoben_K5,5,12783,0.8234075542253156,0.799430228179458,0.011858419989435392,NSE
unified_1981_2015,hysets_11383500,1,1,Knoben_K5,5,12783,0.8758135135296854,0.6883907054436331,0.010100566513534704,NSE
unified_1981_2015,hysets_11402000,1,1,Knoben_K5,5,12783,0.36529213363271806,0.35972593151518384,0.025359261595039106,NSE
unified_1981_2015,hysets_11413000,3,1,Knoben_K5,5,12783,0.15939430649184916,-0.013106010110236266,0.03436026105246696,NSE
unified_1981_2015,hysets_11413300,4,1,Knoben_K5,5,12783,0.015554563924161213,-0.22945445092556382,0.029160760672295127,NSE
unified_1981_2015,hysets_11428800,5,1,Knoben_K5,5,12783,-0.2780789586983692,-1.9687627800753185,0.016988127068174187,NSE
unified_1981_2015,hysets_11433300,5,1,Knoben_K5,5,12783,0.004710695326757941,0.5072769596366973,0.027005321798109636,NSE
unified_1981_2015,hysets_11451100,4,0,Knoben_K5,5,12783,0.5375325302002346,0.14869958355127644,0.026003333889880766,NSE
unified_1981_2015,hysets_11461000,1,0,Knoben_K5,5,12783,0.3804185518518566,0.40253841882470276,0.03922761695282055,NSE
unified_1981_2015,hysets_11468500,5,0,Knoben_K5,5,12783,0.6676488402829299,0.6578155180301833,0.022093733943670407,NSE
unified_1981_2015,hysets_11470500,1,1,Knoben_K5,5,12735,-0.16923104966045788,-0.16733496621685418,0.04222173089528823,NSE
unified_1981_2015,hysets_11473900,3,1,Knoben_K5,5,12783,0.5039212392973341,0.4770236821222873,0.02730368187267913,NSE
unified_1981_2015,hysets_11478500,4,1,Knoben_K5,5,12783,0.7003901274039037,0.5191623306650798,0.033040612620422204,NSE
unified_1981_2015,hysets_11480390,3,1,Knoben_K5,5,12783,0.8201201085645087,0.6115127298568981,0.022338767212018575,NSE
unified_1981_2015,hysets_11480410,1,1,Knoben_K5,5,12783,0.8217232989008386,0.6491654507131839,0.020706492665351156,NSE
unified_1981_2015,hysets_11481200,4,1,Knoben_K5,5,12783,0.5164360102426593,0.41297664517684285,0.030486951041004278,NSE
unified_1981_2015,hysets_11482500,4,1,Knoben_K5,5,12783,0.7548010033309009,0.6619420424229352,0.02749401704461928,NSE
unified_1981_2015,hysets_11521500,5,1,Knoben_K5,5,12600,-0.2053641007428333,0.12224818458353248,0.0381699630655874,NSE
unified_1981_2015,hysets_11522500,3,1,Knoben_K5,5,12783,0.3951931502693645,0.663179191598152,0.028971610717115077,NSE
unified_1981_2015,hysets_11523200,5,1,Knoben_K5,5,12783,0.27676407219628263,0.09305336297120237,0.03486433376697835,NSE
unified_1981_2015,hysets_11528700,2,1,Knoben_K5,5,12783,0.7771038057384838,0.584179806100979,0.021827454321654904,NSE
unified_1981_2015,hysets_11532500,3,1,Knoben_K5,5,12783,0.8786921926046953,0.6866290081659421,0.023566900012177483,NSE
unified_1981_2015,hysets_12025700,2,1,Knoben_K5,5,12783,0.7430545779351063,0.5830529185670723,0.022921505537721435,NSE
unified_1981_2015,hysets_12035000,3,1,Knoben_K5,5,12783,0.6922423583625279,0.5535925384121579,0.03086121007714999,NSE
unified_1981_2015,hysets_12039500,2,1,Knoben_K5,5,12783,0.597235608073672,0.4628423803896634,0.04576265157964412,NSE
unified_1981_2015,hysets_12040500,5,1,Knoben_K5,5,12783,0.8293816840748848,0.6012840683278138,0.028615356445911715,NSE
unified_1981_2015,hysets_12041200,1,1,Knoben_K5,5,12783,0.7864171839261704,0.6565462043903705,0.031307375217702466,NSE
unified_1981_2015,hysets_12043000,3,1,Knoben_K5,5,11628,0.8708729581005921,0.7992408861086939,0.02137608799486936,NSE
unified_1981_2015,hysets_12048000,5,1,Knoben_K5,5,12783,-0.35198704419606375,0.3944702496754571,0.07513094058029753,NSE
unified_1981_2015,hysets_12054000,1,1,Knoben_K5,5,12783,0.5303653194350142,0.6986482578731901,0.04561539801314081,NSE
unified_1981_2015,hysets_12056500,5,1,Knoben_K5,5,12783,0.28620361716748377,0.21196259525963024,0.041159758280874224,NSE
unified_1981_2015,hysets_12082500,2,0,Knoben_K5,5,12783,0.7026851764682122,0.5662730062798779,0.023170774535923026,NSE
unified_1981_2015,hysets_12092000,5,0,Knoben_K5,5,12783,0.6712427091668454,0.6778188151743014,0.022131336317073116,NSE
unified_1981_2015,hysets_12115000,1,1,Knoben_K5,5,12783,0.7867771222774773,0.7605235079814887,0.021309667055201528,NSE
unified_1981_2015,hysets_12134500,5,1,Knoben_K5,5,12783,-0.5650075006637498,-0.5288012627301304,0.06335408740238255,NSE
unified_1981_2015,hysets_12141300,5,1,Knoben_K5,5,12417,0.8523896040459185,0.7276724417683043,0.021855145973933805,NSE
unified_1981_2015,hysets_12142000,2,1,Knoben_K5,5,12418,0.7549123690056163,0.5484919905204724,0.023723092526049087,NSE
unified_1981_2015,hysets_12186000,1,1,Knoben_K5,5,12783,0.5538395986788104,0.4330061600444446,0.018844177697951343,NSE
unified_1981_2015,hysets_12189500,1,1,Knoben_K5,5,12783,0.6562746556982673,0.6211101842703513,0.030865474641149325,NSE
unified_1981_2015,hysets_12205000,4,1,Knoben_K5,5,12783,0.4538508186350497,0.47731677163315034,0.04623812568439831,NSE
unified_1981_2015,hysets_12324590,1,1,Knoben_K5,5,12632,-27.9295893937953,-4.412068633277626,0.17474448391748013,NSE
unified_1981_2015,hysets_12330000,3,1,Knoben_K5,5,12663,0.4500144715368313,0.725193576147587,0.04165091996752304,NSE
unified_1981_2015,hysets_12332000,4,1,Knoben_K5,5,12632,0.6672118347270783,0.5786193960869703,0.06363397560020016,NSE
unified_1981_2015,hysets_12370000,5,1,Knoben_K5,5,12783,0.2638655674253174,0.33779055493632004,0.11440232123766476,NSE
unified_1981_2015,hysets_12389500,1,1,Knoben_K5,5,12783,-6.169963669246793,-1.298171237009491,0.23576575693167928,NSE
unified_1981_2015,hysets_12411000,1,1,Knoben_K5,5,12783,0.39280825567954003,0.2933792865242818,0.051704435311080106,NSE
unified_1981_2015,hysets_12414900,1,1,Knoben_K5,5,12783,0.00041300307911473766,0.18171636351848008,0.04511374656634143,NSE
unified_1981_2015,hysets_12452800,4,1,Knoben_K5,5,12783,0.8362447046589437,0.790928203022715,0.04717549908790156,NSE
unified_1981_2015,hysets_12488500,1,1,Knoben_K5,5,12783,0.7268930494273773,0.6229688280063637,0.047968640642385714,NSE
unified_1981_2015,hysets_13010065,5,1,Knoben_K5,5,11780,0.7754793732993073,0.6176890665759555,0.055394710963050584,NSE
unified_1981_2015,hysets_13011900,2,1,Knoben_K5,5,12445,0.32468737987310403,0.6599423880098578,0.1088475861360872,NSE
unified_1981_2015,hysets_13023000,1,1,Knoben_K5,5,12783,0.24721224305136313,0.5979963634620699,0.10742484877133651,NSE
unified_1981_2015,hysets_13186000,5,1,Knoben_K5,5,12783,0.2569797213160191,0.21015306487162932,0.10589635074075304,NSE
unified_1981_2015,hysets_13235000,2,1,Knoben_K5,5,12783,0.9156318071242531,0.8622994463558354,0.03570311832904066,NSE
unified_1981_2015,hysets_13297355,3,1,Knoben_K5,5,12783,0.3275329298767552,0.1620645201616654,0.07817390981978017,NSE
unified_1981_2015,hysets_13331500,4,1,Knoben_K5,5,12783,0.8998296936825378,0.7775691713343816,0.03782062278866681,NSE
unified_1981_2015,hysets_13339500,3,1,Knoben_K5,5,12783,-0.29748465614299624,0.4261154787990995,0.08443826247879621,NSE
unified_1981_2015,hysets_14013000,2,1,Knoben_K5,5,12783,-0.2560588144203051,-0.16440919377391272,0.039666405662851394,NSE
unified_1981_2015,hysets_14020000,3,1,Knoben_K5,5,12783,0.4725346046253548,0.32696496403163766,0.04460000647100929,NSE
unified_1981_2015,hysets_14020300,2,1,Knoben_K5,5,12600,0.7483561104904659,0.5609461422335849,0.03495959418192149,NSE
unified_1981_2015,hysets_14038530,3,1,Knoben_K5,5,12198,-4.025007559468909,-1.0063548000796496,0.16917920858536903,NSE
unified_1981_2015,hysets_14044000,5,1,Knoben_K5,5,12783,-5.246660116476863,-1.5038300814660643,0.2088892305096117,NSE
unified_1981_2015,hysets_14091500,2,0,Knoben_K5,5,12783,-18.325700158091824,-0.449131220304972,0.22592159834128162,NSE
unified_1981_2015,hysets_14096850,2,1,Knoben_K5,5,11780,0.1902161824200468,0.3264840046207239,0.027493654543824575,NSE
unified_1981_2015,hysets_14097100,1,1,Knoben_K5,5,12783,-0.024484157229570647,0.1902990494400134,0.025198288599789558,NSE
unified_1981_2015,hysets_14154500,4,1,Knoben_K5,5,12783,0.7885000754193209,0.7281586751205734,0.026280446374457388,NSE
unified_1981_2015,hysets_14158500,1,1,Knoben_K5,5,12783,0.17340166801054624,0.488275727512839,0.09427466408715492,NSE
unified_1981_2015,hysets_14166500,5,1,Knoben_K5,5,12783,-2.900622185202826,-1.1378171185750707,0.13152419008359045,NSE
unified_1981_2015,hysets_14178000,3,1,Knoben_K5,5,12783,0.04321868122908912,0.23140672779219484,0.04194889126707175,NSE
unified_1981_2015,hysets_14182500,5,1,Knoben_K5,5,12783,0.8191958002988863,0.7478537661345804,0.01384667626992193,NSE
unified_1981_2015,hysets_14185000,4,0,Knoben_K5,5,12783,-0.09076566784738493,0.3221544291739411,0.050719449265598356,NSE
unified_1981_2015,hysets_14185900,2,1,Knoben_K5,5,12783,0.8123356129041122,0.6384616718209286,0.025341389837864603,NSE
unified_1981_2015,hysets_14236200,3,1,Knoben_K5,5,12783,0.7592053621982944,0.8145448667773124,0.024723377640868724,NSE
unified_1981_2015,hysets_14301000,3,1,Knoben_K5,5,12783,0.8717395991801593,0.8742700036032953,0.02259041986453815,NSE
unified_1981_2015,hysets_14306500,1,1,Knoben_K5,5,12783,0.7145984113416175,0.8246337932677087,0.037710551336103286,NSE
unified_1981_2015,hysets_14308000,5,1,Knoben_K5,5,12783,-3.045799464349569,-1.1517081430294374,0.10998127147220153,NSE
unified_1981_2015,hysets_14309500,2,1,Knoben_K5,5,12783,0.7293937031895964,0.35847812615847796,0.0342697217315944,NSE
unified_1981_2015,hysets_14316700,2,1,Knoben_K5,5,12783,0.8608417471001215,0.8861267386218948,0.025866783195375196,NSE
unified_1981_2015,hysets_14325000,4,0,Knoben_K5,5,12783,0.9391041006231874,0.7985264382836966,0.01730243529211152,NSE
unified_1981_2015,hysets_14338000,2,1,Knoben_K5,5,12672,-2.455758293067241,-1.0543540252766657,0.09648789941000577,NSE
unified_1981_2015,hysets_14377100,4,1,Knoben_K5,5,12783,0.8804734138205834,0.7226256089624663,0.022095532241841527,NSE
unified_1981_2015,hysets_14400000,3,1,Knoben_K5,5,12783,0.6207864479783305,0.2850047502862457,0.041038010673604394,NSE
unified_1981_2015,lamah_12425002,3,1,Knoben_K5,5,12783,-0.24869416290553947,0.39997910191049946,0.06063776528195639,NSE
unified_1981_2015,lamah_16000708,2,1,Knoben_K5,5,11819,0.5054477498158704,0.7491072100989571,0.038070790302055436,NSE
unified_1981_2015,lamah_16001303,5,1,Knoben_K5,5,12616,-7.063270391484785,-2.563590821711849,0.07571137494183493,NSE
unified_1981_2015,lamah_16610709,4,1,Knoben_K5,5,12676,0.153182745713217,0.48428651567477543,0.023692098250406978,NSE
unified_1981_2015,lamah_17404000,1,1,Knoben_K5,5,12699,-1.226916364856422,-0.0883130045367615,0.06832270790788245,NSE
unified_1981_2015,lamah_18481006,5,1,Knoben_K5,5,12782,0.623384712429744,0.685941592167965,0.023406281105285292,NSE
unified_1981_2015,lamah_18486000,4,1,Knoben_K5,5,12783,0.5314650973541618,0.4988481184817445,0.029448169745735005,NSE
unified_1981_2015,lamah_200253,4,1,Knoben_K5,5,12783,0.7178685271435934,0.668468771390196,0.030290177022415217,NSE
unified_1981_2015,lamah_200261,5,1,Knoben_K5,5,12783,0.6266144503743821,0.5356300646101009,0.03407688502579963,NSE
unified_1981_2015,lamah_200303,2,1,Knoben_K5,5,12783,0.2423324917369637,0.3285795849606902,0.04235572253067951,NSE
unified_1981_2015,lamah_201012,2,0,Knoben_K5,5,12783,0.5566347332962757,0.41771716367523526,0.04703399649972489,NSE
unified_1981_2015,lamah_201087,4,1,Knoben_K5,5,12783,0.611990596344425,0.5763688029451861,0.031343022285339694,NSE
unified_1981_2015,lamah_201095,2,1,Knoben_K5,5,12783,0.4553419716324746,0.6957174511102133,0.03724520042609008,NSE
unified_1981_2015,lamah_201160,3,1,Knoben_K5,5,12783,0.6199381750922435,0.4952795241370408,0.03202560438057359,NSE
unified_1981_2015,lamah_201236,3,1,Knoben_K5,5,12783,0.2040267454595357,0.18739176766045973,0.03998658819651916,NSE
unified_1981_2015,lamah_201251,1,1,Knoben_K5,5,12783,0.8902310403054731,0.8283973663033931,0.015521641390715851,NSE
unified_1981_2015,lamah_201335,5,1,Knoben_K5,5,12783,-1.0018402009502694,-0.20372542683284944,0.10706168400033042,NSE
unified_1981_2015,lamah_201392,2,1,Knoben_K5,5,12783,0.3969532729044164,0.538367959999156,0.08476539089661339,NSE
unified_1981_2015,lamah_201434,2,1,Knoben_K5,5,12783,0.5966403436545653,0.5679020166202027,0.06553015837852284,NSE
unified_1981_2015,lamah_201558,1,1,Knoben_K5,5,12783,0.7416010193104028,0.7901314550280849,0.05980127634369621,NSE
unified_1981_2015,lamah_201566,3,1,Knoben_K5,5,12783,0.5344327670616345,0.6157725665836927,0.05556219103759934,NSE
unified_1981_2015,lamah_201574,1,1,Knoben_K5,5,12783,0.5157200218127825,0.7013943107003047,0.06903854373850575,NSE
unified_1981_2015,lamah_201723,5,1,Knoben_K5,5,12783,0.785902218680161,0.8655811932221873,0.026388693218924893,NSE
unified_1981_2015,lamah_201848,2,1,Knoben_K5,5,12054,0.5133721384032335,0.5381504255104603,0.04748741906053851,NSE
unified_1981_2015,lamah_202036,1,1,Knoben_K5,5,12783,0.6610548143576905,0.5362557647545227,0.03325006179306179,NSE
unified_1981_2015,lamah_203026,3,1,Knoben_K5,5,12783,0.4983629827227706,0.6055532617139909,0.034010157381145885,NSE
unified_1981_2015,lamah_203075,5,1,Knoben_K5,5,12783,0.7479411711469008,0.7222946464298388,0.04214143846889502,NSE
unified_1981_2015,lamah_203166,2,1,Knoben_K5,5,12783,0.016293804822368863,0.3294795838144299,0.09915272581066736,NSE
unified_1981_2015,lamah_203224,3,1,Knoben_K5,5,12783,0.6773187322316795,0.521606806981141,0.04875598290397155,NSE
unified_1981_2015,lamah_203265,2,1,Knoben_K5,5,12783,-0.4528144014463362,0.16047934001898712,0.06869264214302614,NSE
unified_1981_2015,lamah_203307,4,1,Knoben_K5,5,12778,0.7838082681746357,0.8025967941540301,0.022050204153169137,NSE
unified_1981_2015,lamah_203463,2,1,Knoben_K5,5,12783,0.7206189935943352,0.6618942636052206,0.0227811778592565,NSE
unified_1981_2015,lamah_203505,1,1,Knoben_K5,5,12783,0.6741679614174787,0.8280126456483283,0.026445089000435462,NSE
unified_1981_2015,lamah_203711,5,1,Knoben_K5,5,12783,0.8725332015739955,0.8161597395687175,0.024944774779275165,NSE
unified_1981_2015,lamah_203752,1,1,Knoben_K5,5,12783,0.9128788440989032,0.9517751675011104,0.02469367319256416,NSE
unified_1981_2015,lamah_203760,2,1,Knoben_K5,5,12783,0.7883521187161616,0.7463670234110349,0.04214026827173415,NSE
unified_1981_2015,lamah_203786,1,1,Knoben_K5,5,12775,0.8555810325123481,0.8332002931604168,0.04557016309844652,NSE
unified_1981_2015,lamah_203794,3,1,Knoben_K5,5,12783,0.8070861431781283,0.8284471763198018,0.03663870896591967,NSE
unified_1981_2015,lamah_203828,3,1,Knoben_K5,5,12783,0.8067590686833961,0.7894169857109079,0.04191455044994515,NSE
unified_1981_2015,lamah_204875,2,1,Knoben_K5,5,12419,-0.028383378414561955,0.39352644648641677,0.046524601791108657,NSE
unified_1981_2015,lamah_204925,1,1,Knoben_K5,5,12783,-2.5814440909325858,-0.6501007768740918,0.06223439842916344,NSE
unified_1981_2015,lamah_205104,3,1,Knoben_K5,5,12783,0.5243264107842951,0.4292410747073693,0.053839449218391226,NSE
unified_1981_2015,lamah_205179,4,1,Knoben_K5,5,12783,0.3852803878703529,0.41017699906122906,0.0967018541656576,NSE
unified_1981_2015,lamah_205294,2,1,Knoben_K5,5,12783,0.6568837924054913,0.6344320718135755,0.029485263838132464,NSE
unified_1981_2015,lamah_205500,4,1,Knoben_K5,5,12783,0.4744402961817794,0.4721897215107864,0.035905729866778945,NSE
unified_1981_2015,lamah_205740,5,1,Knoben_K5,5,12783,0.6286022606565307,0.4767818305654564,0.02780999275289219,NSE
unified_1981_2015,lamah_205799,1,0,Knoben_K5,5,12783,0.6214829353740303,0.7360813345274384,0.047927298170674267,NSE
unified_1981_2015,lamah_205823,5,1,Knoben_K5,5,12783,0.8296624550532443,0.8657873277631696,0.01825537017776648,NSE
unified_1981_2015,lamah_205831,5,1,Knoben_K5,5,12783,0.7920137491894638,0.784174173804826,0.022277292841084022,NSE
unified_1981_2015,lamah_205864,3,1,Knoben_K5,5,12783,0.384700629948715,0.33996055883947096,0.04935962178567754,NSE
unified_1981_2015,lamah_205898,3,1,Knoben_K5,5,12783,0.8325812318478494,0.8609030079747897,0.02045113275213785,NSE
unified_1981_2015,lamah_206508,4,1,Knoben_K5,5,12783,-0.13656559191067075,0.026732895653466926,0.0645446819377139,NSE
unified_1981_2015,lamah_207613,5,0,Knoben_K5,5,12783,-2.593045773073057,-0.5737346709359241,0.06280526442452951,NSE
unified_1981_2015,lamah_207654,2,1,Knoben_K5,5,12783,0.6293795116063595,0.5131017702631874,0.03297373848236402,NSE
unified_1981_2015,lamah_207738,2,1,Knoben_K5,5,12783,0.6347673955853839,0.6392876475852263,0.02642111110770648,NSE
unified_1981_2015,lamah_207852,2,1,Knoben_K5,5,12783,0.3428792425891727,0.38011537407813945,0.028593119586293705,NSE
unified_1981_2015,lamah_208116,1,1,Knoben_K5,5,12783,-1.9501060107026773,-0.9269436558555688,0.062849429853964,NSE
unified_1981_2015,lamah_208686,2,1,Knoben_K5,5,12783,-0.32826153740281905,0.09555803063664725,0.039751407199980354,NSE
unified_1981_2015,lamah_209361,1,1,Knoben_K5,5,12783,0.5767979174921884,0.47431988893838417,0.021473899891176266,NSE
unified_1981_2015,lamah_209551,1,1,Knoben_K5,5,11688,0.6929046403353323,0.5926059697473238,0.028388510480974394,NSE
unified_1981_2015,lamah_210526,4,1,Knoben_K5,5,12783,0.4258073394982518,0.3467842872168272,0.0726232358186319,NSE
unified_1981_2015,lamah_210641,1,1,Knoben_K5,5,12783,0.8668749121634832,0.8038532059794408,0.027910507460661052,NSE
unified_1981_2015,lamah_210732,2,0,Knoben_K5,5,12783,-0.9997178009293697,-0.3533190799696697,0.06190162104068062,NSE
unified_1981_2015,lamah_210773,1,1,Knoben_K5,5,12783,0.849386140057643,0.9041291436425962,0.030302777441030687,NSE
unified_1981_2015,lamah_210815,5,1,Knoben_K5,5,12783,0.6912980392121746,0.7708822014563793,0.048582878840733215,NSE
unified_1981_2015,lamah_210856,3,1,Knoben_K5,5,12783,0.22647891390196329,0.29547840236714673,0.07643925746493006,NSE
unified_1981_2015,lamah_210864,1,1,Knoben_K5,5,12783,-0.10848047585151499,0.4188313208748178,0.04687128549071777,NSE
unified_1981_2015,lamah_210898,1,1,Knoben_K5,5,12783,0.4839952310999175,0.7407834476930345,0.048695913068429644,NSE
unified_1981_2015,lamah_211086,4,1,Knoben_K5,5,12783,0.518849114323095,0.6276119708603363,0.0570388956813776,NSE
unified_1981_2015,lamah_211169,3,1,Knoben_K5,5,12783,-0.37618844548074293,0.38640188531164443,0.10082229838605698,NSE
unified_1981_2015,lamah_211656,1,1,Knoben_K5,5,12418,-2.0119683768477454,-0.6906804647365556,0.06021346423821518,NSE
unified_1981_2015,lamah_212027,5,1,Knoben_K5,5,12783,0.07608416415171493,0.42534945070874686,0.09657089503398654,NSE
unified_1981_2015,lamah_212043,5,0,Knoben_K5,5,12783,0.7322027617314174,0.4742751514837137,0.05112532956470647,NSE
unified_1981_2015,lamah_212092,2,1,Knoben_K5,5,12783,0.7218498741890269,0.6769829211037856,0.042216261504574366,NSE
unified_1981_2015,lamah_212100,2,1,Knoben_K5,5,12783,0.8235074932515741,0.7737819185886364,0.03150608165780735,NSE
unified_1981_2015,lamah_212167,1,1,Knoben_K5,5,12783,0.949087524453659,0.8383633024140914,0.024427746784865933,NSE
unified_1981_2015,lamah_212183,2,1,Knoben_K5,5,12783,0.8304294612568203,0.790072910682735,0.03489388614133769,NSE
unified_1981_2015,lamah_212316,5,0,Knoben_K5,5,12783,-0.13016599114370964,0.3325957383075515,0.11114591756874828,NSE
unified_1981_2015,lamah_212373,2,0,Knoben_K5,5,12783,-1.3090375578490496,-0.3002210807028092,0.1493467374301858,NSE
unified_1981_2015,lamah_212399,5,1,Knoben_K5,5,12783,-0.7881304139586198,0.02362564192493677,0.10923510524653876,NSE
unified_1981_2015,lamah_212431,3,1,Knoben_K5,5,12783,0.32103841387007304,0.5267381684854977,0.07645763665115074,NSE
unified_1981_2015,lamah_212522,1,0,Knoben_K5,5,12783,-2.2321851470792398,-0.0916462225106498,0.19008674964865704,NSE
unified_1981_2015,lamah_212613,2,1,Knoben_K5,5,12783,0.6133809219695352,0.6945175847018343,0.048949510374459576,NSE
unified_1981_2015,lamah_212647,5,1,Knoben_K5,5,12783,0.4840944265451368,0.6084634105192033,0.0424779245441088,NSE
unified_1981_2015,lamah_212670,3,1,Knoben_K5,5,12783,0.19284379095963866,0.3629913972997715,0.048226610644969664,NSE
unified_1981_2015,lamah_212860,1,1,Knoben_K5,5,12783,0.3207408341616016,0.5771710248961026,0.06209703576455349,NSE
unified_1981_2015,lamah_212878,3,1,Knoben_K5,5,12783,-0.4018791315912891,0.354723396599812,0.07483242875359862,NSE
unified_1981_2015,lamah_212886,4,1,Knoben_K5,5,12783,-0.4670345684552395,0.30573519576891384,0.0711747616362339,NSE
unified_1981_2015,lamah_212894,5,0,Knoben_K5,5,12783,-3.035151212694223,-0.4499905373394637,0.15549106579158814,NSE
unified_1981_2015,lamah_212928,5,1,Knoben_K5,5,12783,-3.301174927477464,-0.27596314468731653,0.2019039968511004,NSE
unified_1981_2015,lamah_213124,2,1,Knoben_K5,5,12783,0.08738916470817926,0.4089199192139996,0.07718191781099658,NSE
unified_1981_2015,lamah_213181,4,1,Knoben_K5,5,12783,-1.909965506384038,-0.05671753857050543,0.11698744357519475,NSE
unified_1981_2015,lamah_213306,3,1,Knoben_K5,5,12343,-15.289184640471266,-1.8318381695900001,0.3643849395490673,NSE
unified_1981_2015,lamah_2150,4,1,Knoben_K5,5,12783,0.8588947918961708,0.8761439771043388,0.031006063683991884,NSE
unified_1981_2015,lamah_2262,1,1,Knoben_K5,5,12783,0.4289657818993149,0.5025306126563454,0.04113816870795108,NSE
unified_1981_2015,lamah_403,2,1,Knoben_K5,5,12783,0.3794984800059773,0.3878399085414982,0.09310940137408515,NSE
unified_1981_2015,camelsbr_57250000,5,1,RF_Signature_K5,5,12783,-1.589981927418111,0.08172725486016041,0.12554951258340577,NSE
unified_1981_2015,camelsbr_58060000,3,1,RF_Signature_K5,5,12725,-0.39220150713904856,-0.004642927177844758,0.021090814602288926,NSE
unified_1981_2015,camelsbr_58258000,1,1,RF_Signature_K5,5,12707,-0.685959836347461,-0.09923837611697617,0.046155976363906476,NSE
unified_1981_2015,camelsbr_58530000,3,1,RF_Signature_K5,5,12783,-0.32824476692348936,0.16910196812079015,0.057455584844730796,NSE
unified_1981_2015,camelsbr_58535000,3,1,RF_Signature_K5,5,12752,-0.9486939765488858,-0.010902578095757898,0.10247191928857069,NSE
unified_1981_2015,camelsbr_58542000,1,1,RF_Signature_K5,5,12783,0.32451689619211943,0.540209719011028,0.06106542248140603,NSE
unified_1981_2015,camelsbr_59370000,2,1,RF_Signature_K5,5,12783,0.011721701721521316,0.22417160755846066,0.03834102306506309,NSE
unified_1981_2015,camelsbr_70100000,4,1,RF_Signature_K5,5,12639,-0.26152648374611287,-0.1633450524182014,0.07046759081447791,NSE
unified_1981_2015,camelsbr_71300000,1,1,RF_Signature_K5,5,12778,-0.6560962899967722,-0.10346808732230173,0.13392066744610942,NSE
unified_1981_2015,camelsbr_73765000,1,1,RF_Signature_K5,5,12783,-0.18207067500737195,-0.18501242414006702,0.04703184818631528,NSE
unified_1981_2015,camelscl_1050002,4,1,RF_Signature_K5,5,12252,-1927.501930607474,-40.45559981106983,0.8475950775581137,NSE
unified_1981_2015,camelscl_1201005,3,1,RF_Signature_K5,5,12506,-151.5764651796659,-10.470362463455148,0.7076056472962672,NSE
unified_1981_2015,camelscl_12284002,1,1,RF_Signature_K5,5,12365,-21.765355088123115,-3.3227449166137486,0.2815485955525141,NSE
unified_1981_2015,camelscl_12284003,4,1,RF_Signature_K5,5,11946,-55.60876579323116,-5.746200741350361,0.5151079190949774,NSE
unified_1981_2015,camelscl_12284006,1,1,RF_Signature_K5,5,12138,-23.245558841319205,-3.967078630534248,0.2526522339911509,NSE
unified_1981_2015,camelscl_12582001,4,1,RF_Signature_K5,5,12031,-1.8796811544632024,-0.1561708872502796,0.11656396674696,NSE
unified_1981_2015,camelscl_12600001,2,1,RF_Signature_K5,5,11975,-2.9559281648428404,-0.35059037896033973,0.19895222207317784,NSE
unified_1981_2015,camelscl_12622001,5,1,RF_Signature_K5,5,12021,-8.17585204241533,-1.3300177857357527,0.2675888294435524,NSE
unified_1981_2015,camelscl_12802001,3,1,RF_Signature_K5,5,12305,-79.5679778816463,-8.578599816608149,0.6956790841641574,NSE
unified_1981_2015,camelscl_12805001,2,1,RF_Signature_K5,5,12227,-6.994540426564929,-1.1930059394681045,0.2239007344799015,NSE
unified_1981_2015,camelscl_12806001,5,1,RF_Signature_K5,5,12249,-20.348351792878656,-2.3805237094529663,0.3613905844993708,NSE
unified_1981_2015,camelscl_4301002,3,1,RF_Signature_K5,5,12422,-0.6247038483895553,-0.35602317846694276,0.1652550663535945,NSE
unified_1981_2015,camelscl_4311001,1,1,RF_Signature_K5,5,11715,0.49594606468474,0.5056147212044693,0.06034920450858356,NSE
unified_1981_2015,camelscl_4313001,1,1,RF_Signature_K5,5,11742,0.4789089948817784,0.5323949828657375,0.0714340218157538,NSE
unified_1981_2015,camelscl_4314002,4,1,RF_Signature_K5,5,12623,0.6772205179432573,0.6764754717086883,0.050915427190805995,NSE
unified_1981_2015,camelscl_4501001,4,1,RF_Signature_K5,5,11935,0.15295501408711465,0.24446656188043325,0.07385422174862068,NSE
unified_1981_2015,camelscl_4503001,1,1,RF_Signature_K5,5,11799,-7.286962750531366,-1.7758603769248804,0.1374227634425985,NSE
unified_1981_2015,camelscl_4511002,1,1,RF_Signature_K5,5,12069,0.05341336282547615,-0.020442345586832333,0.06759897050058403,NSE
unified_1981_2015,camelscl_4512001,1,1,RF_Signature_K5,5,12071,-0.20013951909155026,-0.5576549013855765,0.09852797763668705,NSE
unified_1981_2015,camelscl_4513001,3,1,RF_Signature_K5,5,12338,-0.1605181872237733,-0.3341944864865747,0.0820606910604088,NSE
unified_1981_2015,camelscl_4514001,2,1,RF_Signature_K5,5,12218,0.08803796556794485,0.12998942438971972,0.08870426497180676,NSE
unified_1981_2015,camelscl_4520001,4,1,RF_Signature_K5,5,12054,-40.480171961520085,-19.348115241215478,0.2176359338042294,NSE
unified_1981_2015,camelscl_4530001,4,1,RF_Signature_K5,5,11812,-0.4553668837064613,-0.2173009855811292,0.044103130867148545,NSE
unified_1981_2015,camelscl_4532001,3,0,RF_Signature_K5,5,11668,-0.2613392699145083,0.2951159398961941,0.05714430414699448,NSE
unified_1981_2015,camelscl_4703002,1,1,RF_Signature_K5,5,12660,-0.06627930067080112,-0.1432027186165239,0.1060925589273768,NSE
unified_1981_2015,camelscl_4721001,3,1,RF_Signature_K5,5,12585,-0.05769455609821561,0.487516003641829,0.0686910812016278,NSE
unified_1981_2015,camelscl_4723001,5,1,RF_Signature_K5,5,12044,0.3055376479361618,0.13664400555871492,0.04759569447443768,NSE
unified_1981_2015,camelscl_5200001,2,1,RF_Signature_K5,5,11740,-7.578207422171067,-1.147049874471913,0.15010150963172514,NSE
unified_1981_2015,camelscl_5401003,2,0,RF_Signature_K5,5,11808,-0.22725831668352625,0.027116081662350133,0.12311640627863461,NSE
unified_1981_2015,camelscl_5402001,5,1,RF_Signature_K5,5,11878,-0.42537340230163,-0.5963719498701501,0.14921989078374878,NSE
unified_1981_2015,camelscl_5406001,1,1,RF_Signature_K5,5,11768,-0.09387997867284592,-0.07680767943899514,0.10190488196869468,NSE
unified_1981_2015,camelscl_5706001,1,1,RF_Signature_K5,5,11640,-1.6062109058062246,-0.46871022839420107,0.15382733144281477,NSE
unified_1981_2015,camelscl_5707002,1,1,RF_Signature_K5,5,12054,-2.5919902546890428,-0.3396655583100101,0.31050697859555576,NSE
unified_1981_2015,camelscl_5722001,4,1,RF_Signature_K5,5,12272,-0.5289540601988927,-0.12459444032670475,0.0368780177807401,NSE
unified_1981_2015,camelscl_5722002,1,1,RF_Signature_K5,5,12551,-2.4817848468140213,-0.45744217471341875,0.06263675394335934,NSE
unified_1981_2015,camelscl_6013001,5,1,RF_Signature_K5,5,11609,-0.547535132194884,-0.28215130980139813,0.05414528961234773,NSE
unified_1981_2015,camelscl_7103001,4,1,RF_Signature_K5,5,12564,0.023297571029588182,-0.03880068016608207,0.04062170981445165,NSE
unified_1981_2015,camelscl_7104002,4,1,RF_Signature_K5,5,12375,-0.05998693219844231,0.021027217977529267,0.05070470185487967,NSE
unified_1981_2015,camelscl_7112001,5,1,RF_Signature_K5,5,11523,0.17021721365691433,0.3581885545175807,0.03141867509779517,NSE
unified_1981_2015,camelscl_7115001,2,1,RF_Signature_K5,5,11993,0.37948541872997343,0.3784679364511515,0.02327936176653432,NSE
unified_1981_2015,camelscl_7116001,3,1,RF_Signature_K5,5,12208,-0.24509295680234677,-0.2341211454801111,0.05094328586169527,NSE
unified_1981_2015,camelscl_7355002,1,1,RF_Signature_K5,5,11800,-0.03268035995770413,-0.09646543432692645,0.042108846818074114,NSE
unified_1981_2015,camelscl_7374001,5,1,RF_Signature_K5,5,12076,-0.45915385983058843,-0.2861425005701066,0.05813366655685466,NSE
unified_1981_2015,camelscl_8130002,1,1,RF_Signature_K5,5,12446,0.10188026936162098,0.0058036759467582355,0.04632178248975035,NSE
unified_1981_2015,camelscl_8351001,3,0,RF_Signature_K5,5,11583,-0.5535105768784143,-0.3401241547638618,0.07142920968408624,NSE
unified_1981_2015,hysets_01010070,4,1,RF_Signature_K5,5,11780,0.19637795224070376,0.24796204661009147,0.07239619866252647,NSE
unified_1981_2015,hysets_01022500,1,1,RF_Signature_K5,5,12783,0.3252715533936227,0.5136988661632726,0.0723654071046603,NSE
unified_1981_2015,hysets_01031500,1,1,RF_Signature_K5,5,12783,0.8985570801605692,0.857018395385543,0.01065217380057644,NSE
unified_1981_2015,hysets_01038000,3,1,RF_Signature_K5,5,12783,0.2895419089961999,0.38408658022948416,0.04499635194794353,NSE
unified_1981_2015,hysets_01047000,2,1,RF_Signature_K5,5,12783,0.584126178379143,0.6057413362782365,0.022561302754040363,NSE
unified_1981_2015,hysets_01054200,1,1,RF_Signature_K5,5,12783,0.20114558264164462,0.27751572323289075,0.042016528197271905,NSE
unified_1981_2015,hysets_01055000,3,1,RF_Signature_K5,5,12783,0.6871522174877618,0.6263377571279218,0.024994986900645937,NSE
unified_1981_2015,hysets_01057000,2,1,RF_Signature_K5,5,12783,0.44808780601860165,0.5613563601347584,0.025382100087021787,NSE
unified_1981_2015,hysets_01064500,3,1,RF_Signature_K5,5,12783,0.27037328485703593,0.4299860454536545,0.037802652520853394,NSE
unified_1981_2015,hysets_01076500,1,1,RF_Signature_K5,5,12783,0.3508708078814521,0.487931637080117,0.04193248721258587,NSE
unified_1981_2015,hysets_01078000,2,1,RF_Signature_K5,5,12783,0.13811944715364843,0.4802923834919841,0.053594180924141976,NSE
unified_1981_2015,hysets_01096000,1,0,RF_Signature_K5,5,12783,0.17770645125240303,0.3626358831721551,0.04132510803553979,NSE
unified_1981_2015,hysets_01118000,1,1,RF_Signature_K5,5,12783,-0.3292290337463424,0.27605849700096663,0.042156725621307914,NSE
unified_1981_2015,hysets_01134500,1,1,RF_Signature_K5,5,12783,0.5018513920882636,0.594639849657359,0.04057592448986289,NSE
unified_1981_2015,hysets_01137500,4,1,RF_Signature_K5,5,12783,0.42321137540385023,0.5970684996425355,0.04754544135728384,NSE
unified_1981_2015,hysets_01169000,5,1,RF_Signature_K5,5,12783,0.5400293381456571,0.6136747182486819,0.023915391832227125,NSE
unified_1981_2015,hysets_01174500,5,1,RF_Signature_K5,5,12783,0.46292371652586284,0.6246086865350324,0.0442681089821275,NSE
unified_1981_2015,hysets_01181000,5,1,RF_Signature_K5,5,12783,0.5631562370348209,0.6157507132680907,0.01672539909092549,NSE
unified_1981_2015,hysets_01439500,5,1,RF_Signature_K5,5,12783,0.5281026043140444,0.558278446809346,0.04167576976041098,NSE
unified_1981_2015,hysets_01440000,4,1,RF_Signature_K5,5,12783,0.14760465751083152,0.34211967151018596,0.03408286490514266,NSE
unified_1981_2015,hysets_01447500,1,1,RF_Signature_K5,5,12783,0.39726741797475584,0.4985345528218328,0.029175917109712204,NSE
unified_1981_2015,hysets_01543000,4,1,RF_Signature_K5,5,12783,0.7270460853702507,0.7424522150037074,0.02366773240888115,NSE
unified_1981_2015,hysets_01543500,2,1,RF_Signature_K5,5,12783,0.9560733717107207,0.9722116268482689,0.009387214043708255,NSE
unified_1981_2015,hysets_01544500,3,1,RF_Signature_K5,5,12783,0.8401442206843692,0.7857300888550516,0.02040816126304934,NSE
unified_1981_2015,hysets_01545600,5,0,RF_Signature_K5,5,12783,0.5308397864170371,0.682584970530432,0.029695290685045634,NSE
unified_1981_2015,hysets_01550000,5,1,RF_Signature_K5,5,12783,0.6531093147683639,0.6645078865640653,0.02011765633413174,NSE
unified_1981_2015,hysets_01552000,2,0,RF_Signature_K5,5,12783,0.7131652907014927,0.6951317890662845,0.014737405405833527,NSE
unified_1981_2015,hysets_01605500,1,1,RF_Signature_K5,5,12783,0.6892754521649487,0.7225437041771902,0.009495077806301672,NSE
unified_1981_2015,hysets_01606500,3,1,RF_Signature_K5,5,12782,0.38061164361472266,0.4872898528859557,0.014925882081482733,NSE
unified_1981_2015,hysets_01611500,5,1,RF_Signature_K5,5,12417,-0.39955157561267174,0.16583492139119538,0.04701827968543565,NSE
unified_1981_2015,hysets_01665500,3,0,RF_Signature_K5,5,11595,0.1324155792918308,0.18888120873594827,0.012625571167680557,NSE
unified_1981_2015,hysets_01669520,2,1,RF_Signature_K5,5,12558,-1.0594082807382432,0.18138947057302435,0.04127341404510604,NSE
unified_1981_2015,hysets_01673800,1,1,RF_Signature_K5,5,12783,0.23773618774937832,0.37472120240433826,0.03767004278746571,NSE
unified_1981_2015,hysets_01AJ010,2,1,RF_Signature_K5,5,12783,0.5117838809286509,0.6933842197191127,0.031116832862428945,NSE
unified_1981_2015,hysets_01AK001,3,1,RF_Signature_K5,5,12783,0.6236018642562351,0.7312279561355337,0.052971389749862915,NSE
unified_1981_2015,hysets_01AK007,1,1,RF_Signature_K5,5,12783,0.7826829566064686,0.7429362957634744,0.02374323058178883,NSE
unified_1981_2015,hysets_01AL002,2,1,RF_Signature_K5,5,12783,0.19951208803167364,0.3319615571612755,0.04082397330678837,NSE
unified_1981_2015,hysets_01AM001,4,1,RF_Signature_K5,5,12783,0.48232280078309486,0.504869573110313,0.03857200322512909,NSE
unified_1981_2015,hysets_01AN002,1,1,RF_Signature_K5,5,12783,0.455894208710377,0.593536122323689,0.04514988844679419,NSE
unified_1981_2015,hysets_01AP002,4,1,RF_Signature_K5,5,12783,0.4857105873151014,0.4893565754727852,0.0383445867219347,NSE
unified_1981_2015,hysets_01AQ001,4,1,RF_Signature_K5,5,12783,0.08024326800500559,0.379372460435327,0.0482913758925674,NSE
unified_1981_2015,hysets_01BJ003,1,1,RF_Signature_K5,5,12783,0.10191948194311984,0.3608379630780205,0.07284854622693486,NSE
unified_1981_2015,hysets_01BL002,3,1,RF_Signature_K5,5,12783,-0.3058905430240273,0.2279429185715678,0.06461300218203099,NSE
unified_1981_2015,hysets_01BQ001,2,1,RF_Signature_K5,5,12783,0.35655837611584085,0.5041750895085009,0.05170387357748901,NSE
unified_1981_2015,hysets_01BS001,3,1,RF_Signature_K5,5,12783,0.5293128981877634,0.5492764625758051,0.03706229280615562,NSE
unified_1981_2015,hysets_01BU002,1,1,RF_Signature_K5,5,12783,0.32554891492767823,0.4912897008042628,0.04481616859800188,NSE
unified_1981_2015,hysets_01BV006,1,1,RF_Signature_K5,5,12783,0.17696601167907722,0.2702175264308503,0.04874615761157822,NSE
unified_1981_2015,hysets_01DR001,2,1,RF_Signature_K5,5,12783,-0.0703051432829751,0.2599533725660801,0.06907480635182367,NSE
unified_1981_2015,hysets_01EC001,5,1,RF_Signature_K5,5,12783,0.03324186061244949,0.21090790424396444,0.08087620036266788,NSE
unified_1981_2015,hysets_01ED007,2,1,RF_Signature_K5,5,12783,-0.25753569006806254,0.04801324694998932,0.07115873469483555,NSE
unified_1981_2015,hysets_01EF001,3,1,RF_Signature_K5,5,12783,0.33589660794530707,0.3845921474632431,0.049140006674883656,NSE
unified_1981_2015,hysets_01EO001,5,1,RF_Signature_K5,5,12783,0.15492610633332327,0.20857847684002218,0.04945177010978573,NSE
unified_1981_2015,hysets_01FB001,5,1,RF_Signature_K5,5,12783,-0.0015671446664409228,0.1221245256374982,0.0460273730026078,NSE
unified_1981_2015,hysets_01FB003,4,1,RF_Signature_K5,5,12783,-0.15055804398046946,0.4917333356505429,0.14440830163126187,NSE
unified_1981_2015,hysets_02011400,5,1,RF_Signature_K5,5,12783,0.8127570793941923,0.817091670408065,0.013535100249023335,NSE
unified_1981_2015,hysets_02011460,5,1,RF_Signature_K5,5,12783,-0.016293157882035558,0.23099796257261818,0.029240800053447168,NSE
unified_1981_2015,hysets_02013000,3,1,RF_Signature_K5,5,12783,0.7683074078198529,0.7257073888344089,0.017168223546054028,NSE
unified_1981_2015,hysets_02014000,2,1,RF_Signature_K5,5,12783,0.8813179488961338,0.8814798258590825,0.014302751523951714,NSE
unified_1981_2015,hysets_02015700,2,1,RF_Signature_K5,5,12783,0.42144618017159463,0.5041913365450648,0.023658811571010144,NSE
unified_1981_2015,hysets_02016000,5,1,RF_Signature_K5,5,12783,0.7182099840067527,0.7560029559001155,0.016335951826070737,NSE
unified_1981_2015,hysets_02017500,5,1,RF_Signature_K5,5,12783,0.8505069847461252,0.8733202848305391,0.01860532802457125,NSE
unified_1981_2015,hysets_02018000,3,1,RF_Signature_K5,5,12783,0.6979304985578992,0.7636087390778253,0.018745710896728777,NSE
unified_1981_2015,hysets_02020500,4,1,RF_Signature_K5,5,12053,0.4261028309458105,0.40722726563380296,0.015733103379061267,NSE
unified_1981_2015,hysets_02021500,3,1,RF_Signature_K5,5,12783,0.29331419719751317,0.40093888725041427,0.017681060528602435,NSE
unified_1981_2015,hysets_02027000,4,0,RF_Signature_K5,5,12783,0.7224304065374227,0.6614725703656275,0.018230261723828734,NSE
unified_1981_2015,hysets_02028500,4,0,RF_Signature_K5,5,12783,0.5418049185422433,0.6051082672838684,0.027665004464910443,NSE
unified_1981_2015,hysets_02030000,4,1,RF_Signature_K5,5,12427,-0.13225465964751693,0.350881559092985,0.03609178151107509,NSE
unified_1981_2015,hysets_02041000,4,1,RF_Signature_K5,5,12783,0.16500192172161954,0.4245822247872225,0.03521607006183217,NSE
unified_1981_2015,hysets_02046000,4,1,RF_Signature_K5,5,12783,0.3997190407422071,0.5735343287695651,0.020706786390319327,NSE
unified_1981_2015,hysets_02212600,4,1,RF_Signature_K5,5,12783,0.2965876118833005,0.3530463349487014,0.02841795654534084,NSE
unified_1981_2015,hysets_02325000,1,1,RF_Signature_K5,5,12228,-3.6818857687605107,-0.3718267412201457,0.2463712021725245,NSE
unified_1981_2015,hysets_02326000,3,1,RF_Signature_K5,5,12783,-2.3778004514990174,-0.2544901894969773,0.21541315029959143,NSE
unified_1981_2015,hysets_02327100,1,1,RF_Signature_K5,5,12783,0.14109585052939122,0.24783558280340068,0.030315648994635618,NSE
unified_1981_2015,hysets_02331600,1,1,RF_Signature_K5,5,12783,-0.4600850247770154,0.3086609285559436,0.055840472841768074,NSE
unified_1981_2015,hysets_02373000,5,1,RF_Signature_K5,5,12783,-0.12172225653986968,0.14704523751537824,0.04748744447554876,NSE
unified_1981_2015,hysets_02374500,3,1,RF_Signature_K5,5,12783,-0.4625076177393519,0.2022308508660704,0.042360304476377855,NSE
unified_1981_2015,hysets_02380500,2,1,RF_Signature_K5,5,12783,-0.2294443217876938,0.3958019985290874,0.04832262396390718,NSE
unified_1981_2015,hysets_02401390,4,1,RF_Signature_K5,5,12783,0.18424066976907616,0.2675427435970521,0.04456515230407586,NSE
unified_1981_2015,hysets_02450250,3,1,RF_Signature_K5,5,12783,0.12206406299241335,0.3850116236568162,0.04635776297142515,NSE
unified_1981_2015,hysets_02469800,5,1,RF_Signature_K5,5,12783,0.20144775586438812,0.3990396022462198,0.035755873532861665,NSE
unified_1981_2015,hysets_02479155,1,1,RF_Signature_K5,5,12783,0.2920628368363808,0.3466597030467844,0.022005741244467063,NSE
unified_1981_2015,hysets_02479300,1,0,RF_Signature_K5,5,12783,-0.3788473055049675,0.07530139511093992,0.06095665703358902,NSE
unified_1981_2015,hysets_02479560,3,1,RF_Signature_K5,5,12783,-0.3983280487191878,0.10598638270081506,0.06937137708935955,NSE
unified_1981_2015,hysets_02AB017,5,1,RF_Signature_K5,5,12765,-0.2730976818385027,-0.1492156546274057,0.06763370724430695,NSE
unified_1981_2015,hysets_02AC001,3,1,RF_Signature_K5,5,11997,-0.3795192631066888,-0.04003121000646881,0.06176423084061609,NSE
unified_1981_2015,hysets_02AD010,2,1,RF_Signature_K5,5,12672,0.07767913117805048,0.04956534219582631,0.06569279707343809,NSE
unified_1981_2015,hysets_02BA003,2,1,RF_Signature_K5,5,12782,-0.03425070977309397,-0.044756802534893225,0.07633965597653296,NSE
unified_1981_2015,hysets_02BF001,4,1,RF_Signature_K5,5,12783,0.47261034297497106,0.4145275824318174,0.05361517571842772,NSE
unified_1981_2015,hysets_02BF002,1,1,RF_Signature_K5,5,12783,0.48877549514629104,0.5281308499370373,0.05544146146782593,NSE
unified_1981_2015,hysets_02CB003,2,1,RF_Signature_K5,5,12783,0.46242499034419837,0.54217167132954,0.06520346644272838,NSE
unified_1981_2015,hysets_02CD006,2,1,RF_Signature_K5,5,12783,0.21142195703968736,0.6217369628909353,0.10192032723247077,NSE
unified_1981_2015,hysets_02DD015,1,1,RF_Signature_K5,5,12783,-0.40526931716124004,0.2390307875641151,0.09113149824995763,NSE
unified_1981_2015,hysets_02HL003,5,1,RF_Signature_K5,5,12783,-0.5280578457896012,0.1737863407265986,0.12109709603969876,NSE
unified_1981_2015,hysets_02HL004,5,1,RF_Signature_K5,5,12783,-0.29722334045361576,0.2659820530334679,0.09447590806217002,NSE
unified_1981_2015,hysets_02JC008,1,1,RF_Signature_K5,5,12781,0.32706136345741166,0.4435150424484604,0.08748593232386406,NSE
unified_1981_2015,hysets_02YC001,1,1,RF_Signature_K5,5,12783,0.2488594363985367,0.40713818455076767,0.06692414704993373,NSE
unified_1981_2015,hysets_02YD002,1,1,RF_Signature_K5,5,12783,0.09225003937750398,0.21503126651351578,0.10086312463209522,NSE
unified_1981_2015,hysets_02YJ001,4,1,RF_Signature_K5,5,12783,-0.18453479422121322,0.03359923764042072,0.09075897314201171,NSE
unified_1981_2015,hysets_02YK002,3,1,RF_Signature_K5,5,12663,0.46638945586429026,0.49974341669922295,0.07328946074491899,NSE
unified_1981_2015,hysets_02YK005,1,1,RF_Signature_K5,5,12783,0.24930464724290113,0.36366411435791657,0.08605902779576721,NSE
unified_1981_2015,hysets_02YN002,5,1,RF_Signature_K5,5,12783,-0.012773886314175753,0.0902866408226527,0.07615313391984505,NSE
unified_1981_2015,hysets_02YO006,5,1,RF_Signature_K5,5,12783,-0.13451732993855003,0.39238228399080566,0.04954216404455379,NSE
unified_1981_2015,hysets_02YO008,2,1,RF_Signature_K5,5,11688,0.1422704835951627,0.29682986668765887,0.0766644235757292,NSE
unified_1981_2015,hysets_02YR001,1,1,RF_Signature_K5,5,12783,0.03972226926758371,0.3707146287334261,0.10123014092070708,NSE
unified_1981_2015,hysets_02YR003,4,1,RF_Signature_K5,5,12783,-0.10508882369950356,0.3385495501528344,0.110284864650089,NSE
unified_1981_2015,hysets_02ZB001,1,1,RF_Signature_K5,5,12783,0.028538626183204907,0.029421305104675333,0.04881729470066324,NSE
unified_1981_2015,hysets_02ZC002,3,1,RF_Signature_K5,5,12418,0.06652209588218072,0.09926217726568554,0.058767288854686205,NSE
unified_1981_2015,hysets_02ZF001,3,1,RF_Signature_K5,5,12783,0.2381170241142042,0.4631801607987175,0.05188228832494294,NSE
unified_1981_2015,hysets_02ZG001,5,1,RF_Signature_K5,5,12783,0.1282687884494237,0.3405059053164369,0.04661196439465018,NSE
unified_1981_2015,hysets_02ZG003,3,1,RF_Signature_K5,5,12783,-0.39183665066386797,-0.009608189252506394,0.0696265912278429,NSE
unified_1981_2015,hysets_02ZH001,3,1,RF_Signature_K5,5,12783,0.30635281595227815,0.3382542807865606,0.045525876169942296,NSE
unified_1981_2015,hysets_02ZK001,2,1,RF_Signature_K5,5,12783,-0.13457271520572323,-0.10568564928546409,0.06122410670453569,NSE
unified_1981_2015,hysets_02ZK004,2,1,RF_Signature_K5,5,12053,-0.14726359139887601,-0.11177625590951235,0.06179133218205009,NSE
unified_1981_2015,hysets_03010500,2,0,RF_Signature_K5,5,12783,0.490386813811304,0.7337365467176713,0.051511801708990015,NSE
unified_1981_2015,hysets_03010655,1,1,RF_Signature_K5,5,12783,0.8334326138642779,0.8769336042539503,0.027685322340573446,NSE
unified_1981_2015,hysets_03021350,3,0,RF_Signature_K5,5,12783,0.14964211262594396,0.32444900837303636,0.070184266243886,NSE
unified_1981_2015,hysets_03028000,1,1,RF_Signature_K5,5,12783,0.6797383667990111,0.7631716670500274,0.02435241902738939,NSE
unified_1981_2015,hysets_03065000,1,1,RF_Signature_K5,5,12053,0.6060743362027913,0.6176831113975294,0.022165286719370486,NSE
unified_1981_2015,hysets_03070500,1,1,RF_Signature_K5,5,12783,0.5315617759759168,0.6606736447354391,0.039672025934634626,NSE
unified_1981_2015,hysets_03072000,1,1,RF_Signature_K5,5,12783,0.07924246928543432,0.3154436059138278,0.057288040089366804,NSE
unified_1981_2015,hysets_03110000,4,1,RF_Signature_K5,5,12783,-0.17052686576741638,0.3601659995916704,0.0373158873877692,NSE
unified_1981_2015,hysets_03151400,5,1,RF_Signature_K5,5,12052,0.526721835084607,0.5823064391390997,0.027825168668646424,NSE
unified_1981_2015,hysets_03159540,3,1,RF_Signature_K5,5,12782,0.3304870681782497,0.46976169473056295,0.03189260058339392,NSE
unified_1981_2015,hysets_03180500,4,1,RF_Signature_K5,5,12783,0.4969247383516533,0.5640561728027385,0.024114724059702865,NSE
unified_1981_2015,hysets_03182500,3,1,RF_Signature_K5,5,12783,0.23731377987708802,0.49195492458395385,0.03156382916634146,NSE
unified_1981_2015,hysets_03186500,3,1,RF_Signature_K5,5,12783,0.35894973335924507,0.477164104201554,0.04652091090270945,NSE
unified_1981_2015,hysets_03187500,2,1,RF_Signature_K5,5,12265,0.35139987354533153,0.4435941257611239,0.03961197983677003,NSE
unified_1981_2015,hysets_03189100,2,1,RF_Signature_K5,5,11661,0.428279017044338,0.5630656346687544,0.050227624471217654,NSE
unified_1981_2015,hysets_03194700,3,1,RF_Signature_K5,5,12052,0.4624249551024485,0.5388924771454712,0.04521599491130572,NSE
unified_1981_2015,hysets_03198500,5,0,RF_Signature_K5,5,12783,0.2676873471137863,0.5252860126176826,0.043166081096236035,NSE
unified_1981_2015,hysets_03202400,5,1,RF_Signature_K5,5,12783,0.14107046478660823,0.4168530922489959,0.03219958486925665,NSE
unified_1981_2015,hysets_03202750,2,1,RF_Signature_K5,5,12783,0.14991516962970186,0.5309430074910262,0.05382647462564391,NSE
unified_1981_2015,hysets_03207800,1,1,RF_Signature_K5,5,12783,0.41214252405414964,0.6462799471719853,0.02674153941978836,NSE
unified_1981_2015,hysets_03208500,2,1,RF_Signature_K5,5,12783,0.16012819940633216,0.4261792708019335,0.035244019439158426,NSE
unified_1981_2015,hysets_03210000,2,1,RF_Signature_K5,5,12418,0.06345059584743495,0.3547628534791778,0.030521881300653135,NSE
unified_1981_2015,hysets_03217000,3,1,RF_Signature_K5,5,12783,0.3141435722193421,0.4399201297899349,0.022886469387434622,NSE
unified_1981_2015,hysets_03280700,2,1,RF_Signature_K5,5,12783,0.24401353454021624,0.4208586789779428,0.035499086272891826,NSE
unified_1981_2015,hysets_03460000,4,1,RF_Signature_K5,5,12783,-0.20418988147067707,0.3465726603281608,0.05550382797497667,NSE
unified_1981_2015,hysets_03497300,4,1,RF_Signature_K5,5,12783,-0.10054480461462356,0.18167772828472661,0.04049906053206131,NSE
unified_1981_2015,hysets_03512000,3,1,RF_Signature_K5,5,12783,0.008481419022630998,0.4629875306223792,0.060049264986442016,NSE
unified_1981_2015,hysets_03574500,4,1,RF_Signature_K5,5,12783,0.049198069111011655,0.13762151278562818,0.02797215011683668,NSE
unified_1981_2015,hysets_04015330,4,1,RF_Signature_K5,5,12783,-0.06600188245406846,-0.25888033923284404,0.02021687061386061,NSE
unified_1981_2015,hysets_04024430,2,1,RF_Signature_K5,5,12783,-0.7944476196837988,0.017035940968149754,0.052714976326655415,NSE
unified_1981_2015,hysets_04025500,2,1,RF_Signature_K5,5,11961,-3.0659892309856556,-0.20538108285445733,0.09290247006309885,NSE
unified_1981_2015,hysets_04057510,2,1,RF_Signature_K5,5,12783,-0.753202861322577,-0.21399122701484918,0.11285104695995352,NSE
unified_1981_2015,hysets_04063700,5,1,RF_Signature_K5,5,12783,-0.14122089321198317,0.21145128315077344,0.08015481836253084,NSE
unified_1981_2015,hysets_04256000,4,1,RF_Signature_K5,5,12783,0.2412254377049683,0.5250085932349597,0.04095923852411607,NSE
unified_1981_2015,hysets_04262500,1,1,RF_Signature_K5,5,12783,0.0020818903588412097,0.5512513592877224,0.07557196311678911,NSE
unified_1981_2015,hysets_04269000,4,1,RF_Signature_K5,5,12417,0.07059715747948969,0.47219774506194434,0.07747532166765728,NSE
unified_1981_2015,hysets_04287000,4,0,RF_Signature_K5,5,12783,0.4823766476037503,0.6323994348352187,0.024828353117869212,NSE
unified_1981_2015,hysets_04296000,5,1,RF_Signature_K5,5,12783,-0.08124138786680812,0.5057068240540592,0.08821876121239797,NSE
unified_1981_2015,hysets_05AA008,2,1,RF_Signature_K5,5,12783,0.2785552469479825,0.24564396777613984,0.05282872771504234,NSE
unified_1981_2015,hysets_05BG006,2,0,RF_Signature_K5,5,12783,0.18070044422981635,0.19437237775051242,0.020317439833531816,NSE
unified_1981_2015,hysets_05DA009,1,0,RF_Signature_K5,5,12783,0.06156731860917575,0.3795413248892916,0.19746999399449955,NSE
unified_1981_2015,hysets_05DC006,1,1,RF_Signature_K5,5,12783,-0.20409943792700624,0.04163650643270311,0.03198425601651891,NSE
unified_1981_2015,hysets_05QE008,5,1,RF_Signature_K5,5,12783,-0.9248476782005961,0.2277760058402296,0.23359047490571738,NSE
unified_1981_2015,hysets_05QE009,3,1,RF_Signature_K5,5,12667,-0.0938722585247409,0.3568481819575746,0.1053704146430871,NSE
unified_1981_2015,hysets_05QE012,4,1,RF_Signature_K5,5,12783,-0.5883059587454005,0.0483863553529027,0.2053133421568068,NSE
unified_1981_2015,hysets_05TG002,4,1,RF_Signature_K5,5,12000,-0.3159247877653695,0.2653093425667924,0.11555720575072208,NSE
unified_1981_2015,hysets_05UF004,2,1,RF_Signature_K5,5,12584,0.051180091920745685,-0.0508661269073265,0.09229552323611159,NSE
unified_1981_2015,hysets_06019500,5,1,RF_Signature_K5,5,12663,-0.9933564844755629,-0.18093964332539336,0.08767451810196383,NSE
unified_1981_2015,hysets_06191000,2,1,RF_Signature_K5,5,11597,0.546327928306703,0.7315449750871337,0.08563564827141712,NSE
unified_1981_2015,hysets_06200000,1,1,RF_Signature_K5,5,12782,-0.28819826717158215,-0.11785519105775677,0.11324879387617891,NSE
unified_1981_2015,hysets_06224000,3,1,RF_Signature_K5,5,12783,0.5968241669185044,0.588600664782337,0.06786798458125137,NSE
unified_1981_2015,hysets_06289000,1,1,RF_Signature_K5,5,12783,0.4778218900354403,0.442422502641751,0.06784675827955697,NSE
unified_1981_2015,hysets_06309200,4,1,RF_Signature_K5,5,12783,0.16933480172492943,0.12041293226756411,0.058783820304954056,NSE
unified_1981_2015,hysets_06332515,2,1,RF_Signature_K5,5,12783,-3.7560624982344253,-1.7069800801048167,0.08640634855172971,NSE
unified_1981_2015,hysets_06339100,1,0,RF_Signature_K5,5,12783,-0.21867985585609273,0.03318784758462001,0.026733184940516668,NSE
unified_1981_2015,hysets_06344600,1,0,RF_Signature_K5,5,12783,0.21460941365712483,0.22632917313734646,0.022636943281552368,NSE
unified_1981_2015,hysets_06400875,3,1,RF_Signature_K5,5,11902,-0.6794291349657817,-0.26329576414178435,0.023247989210532394,NSE
unified_1981_2015,hysets_06404000,3,1,RF_Signature_K5,5,12783,-0.5331964360279324,0.07846215546501878,0.033975608217458556,NSE
unified_1981_2015,hysets_06406000,4,1,RF_Signature_K5,5,12783,-12.396672191962185,-2.7304198821597137,0.13572531719499972,NSE
unified_1981_2015,hysets_06409000,1,1,RF_Signature_K5,5,12783,-8.694518400647341,-1.0907299243898203,0.18865427212418331,NSE
unified_1981_2015,hysets_06422500,2,1,RF_Signature_K5,5,12783,-2.5548542530038283,-0.5252317853594,0.08051166370631892,NSE
unified_1981_2015,hysets_06623800,5,1,RF_Signature_K5,5,12783,0.4280638274791305,0.3020572656613294,0.08894690196614097,NSE
unified_1981_2015,hysets_06712000,1,1,RF_Signature_K5,5,12783,-13.525549482510279,-2.594904110577592,0.1163061673525865,NSE
unified_1981_2015,hysets_06719505,3,1,RF_Signature_K5,5,12782,-3.021180558924102,-1.0624202690988298,0.23551604927966563,NSE
unified_1981_2015,hysets_06876700,2,1,RF_Signature_K5,5,12783,-3.850878675690738,-0.8124770634587775,0.07383932369317235,NSE
unified_1981_2015,hysets_06FD002,4,1,RF_Signature_K5,5,11818,-0.06462065129769279,-0.16522160863417312,0.08897741076676675,NSE
unified_1981_2015,hysets_07060710,1,1,RF_Signature_K5,5,12783,-0.1942392176116745,-0.18836380673797826,0.020610250753686204,NSE
unified_1981_2015,hysets_07124200,2,1,RF_Signature_K5,5,12783,-0.839166349523409,-0.10024469796979751,0.040241767147168594,NSE
unified_1981_2015,hysets_07203000,3,1,RF_Signature_K5,5,12783,-20.671692663350754,-6.5838317365886185,0.0895465425293852,NSE
unified_1981_2015,hysets_07207500,3,1,RF_Signature_K5,5,12783,-11.336039639885128,-5.433205239660139,0.1465258792036677,NSE
unified_1981_2015,hysets_07208500,5,1,RF_Signature_K5,5,12783,-1.6084912211494684,-0.2682880712094129,0.04911494730554355,NSE
unified_1981_2015,hysets_07291000,1,1,RF_Signature_K5,5,12053,-0.00939480117636915,0.043333420743770446,0.0312492358366435,NSE
unified_1981_2015,hysets_07299670,1,1,RF_Signature_K5,5,12783,-0.9720791226233834,-0.21155212101654675,0.028878696827014334,NSE
unified_1981_2015,hysets_07315200,3,1,RF_Signature_K5,5,12783,0.21480449338964125,0.26570456393367614,0.016034889790551416,NSE
unified_1981_2015,hysets_07335700,1,1,RF_Signature_K5,5,12783,-0.13385289828387892,-0.046556402986679846,0.03197353940569226,NSE
unified_1981_2015,hysets_07337900,3,1,RF_Signature_K5,5,12783,-0.08810923524409997,-0.06738786898434501,0.04432095579699802,NSE
unified_1981_2015,hysets_07340300,4,1,RF_Signature_K5,5,12783,-0.07159516638460994,-0.10551735988763089,0.04971552056372681,NSE
unified_1981_2015,hysets_07352000,5,1,RF_Signature_K5,5,12783,0.021684163425657266,0.3192958575752859,0.04390568963254169,NSE
unified_1981_2015,hysets_07361500,3,1,RF_Signature_K5,5,12783,-0.11278178721431131,0.0927906331976186,0.0467721592594449,NSE
unified_1981_2015,hysets_07362100,3,1,RF_Signature_K5,5,12783,0.12073749788402233,0.237219730194844,0.03150512391465652,NSE
unified_1981_2015,hysets_07373000,1,1,RF_Signature_K5,5,12783,-0.13087568363852697,0.001245079204254318,0.025569517150526366,NSE
unified_1981_2015,hysets_07376000,1,1,RF_Signature_K5,5,12418,0.4609534499284704,0.48430840501644434,0.02904204367963399,NSE
unified_1981_2015,hysets_07377000,3,0,RF_Signature_K5,5,12783,-0.010973366010766705,0.18527250988453725,0.03074732213730189,NSE
unified_1981_2015,hysets_07BJ001,5,1,RF_Signature_K5,5,12783,0.04788659736766343,0.1198705534186637,0.044040407470468765,NSE
unified_1981_2015,hysets_07MA003,4,1,RF_Signature_K5,5,12728,-3.1363380679518764,-0.25226841826879354,0.23610439053005727,NSE
unified_1981_2015,hysets_07SB013,5,0,RF_Signature_K5,5,11791,-2.3507387766973165,-0.29209214255753224,0.13269037011822726,NSE
unified_1981_2015,hysets_08013000,3,1,RF_Signature_K5,5,12768,0.1751323692331298,0.1666124216634285,0.03678928289881452,NSE
unified_1981_2015,hysets_08013500,4,1,RF_Signature_K5,5,12417,0.2346116414992928,0.2802007190900241,0.040298643663928026,NSE
unified_1981_2015,hysets_08014500,1,1,RF_Signature_K5,5,12783,0.257574604422817,0.25891073472596837,0.030561525667824337,NSE
unified_1981_2015,hysets_08025500,4,1,RF_Signature_K5,5,12052,0.19989302063222392,0.3156725867541337,0.029181767759151614,NSE
unified_1981_2015,hysets_08029500,5,1,RF_Signature_K5,5,12783,-0.22905905199280774,0.026409248253184248,0.017958535399453062,NSE
unified_1981_2015,hysets_08065800,1,1,RF_Signature_K5,5,12783,-0.015191799238833958,0.15594082927903163,0.033117536498822576,NSE
unified_1981_2015,hysets_08066200,2,1,RF_Signature_K5,5,12783,-0.01987712841755629,0.07257885142183995,0.020010041106059345,NSE
unified_1981_2015,hysets_08068720,1,1,RF_Signature_K5,5,12596,-0.1777546259686673,0.3227952749270673,0.08987920792305892,NSE
unified_1981_2015,hysets_08070000,4,1,RF_Signature_K5,5,12695,-0.07324324813036309,0.2617227134910063,0.020464309690435584,NSE
unified_1981_2015,hysets_08082700,4,1,RF_Signature_K5,5,12783,-0.13821240627115872,-0.18959593644386685,0.014526299874312544,NSE
unified_1981_2015,hysets_08084800,3,1,RF_Signature_K5,5,12783,-0.428135520413913,-0.09431645080467055,0.03709735478218937,NSE
unified_1981_2015,hysets_08086212,5,1,RF_Signature_K5,5,12783,0.31014561611144953,0.1945945035036909,0.015778939511436774,NSE
unified_1981_2015,hysets_08150800,3,1,RF_Signature_K5,5,12783,0.06630568542791959,-0.33694792627293824,0.014669486678394069,NSE
unified_1981_2015,hysets_08164300,2,1,RF_Signature_K5,5,12783,0.5100925989466556,0.3374196214656482,0.01938746235283506,NSE
unified_1981_2015,hysets_08165300,1,1,RF_Signature_K5,5,12783,-0.02431388095604814,-0.40585401640262364,0.01571778862557792,NSE
unified_1981_2015,hysets_08165500,3,1,RF_Signature_K5,5,12761,0.02819024615607757,0.16757966194832818,0.016198268857535943,NSE
unified_1981_2015,hysets_08171000,5,1,RF_Signature_K5,5,12783,0.10461717256297842,-0.07521481514329964,0.01210868761367207,NSE
unified_1981_2015,hysets_08175000,5,1,RF_Signature_K5,5,12783,0.35581812553539327,0.38362676038992505,0.012434006453655918,NSE
unified_1981_2015,hysets_08176900,1,0,RF_Signature_K5,5,12568,0.025734597781878477,0.28947331092673545,0.022001149966305946,NSE
unified_1981_2015,hysets_08178880,4,1,RF_Signature_K5,5,12145,0.5447339656911006,0.35740694420641594,0.007362733998358164,NSE
unified_1981_2015,hysets_08189500,2,0,RF_Signature_K5,5,12783,-0.037757960151620695,0.31460620140490814,0.025499523227556133,NSE
unified_1981_2015,hysets_08194200,5,1,RF_Signature_K5,5,12783,0.1830978081664062,0.22770478594379595,0.020410220015184125,NSE
unified_1981_2015,hysets_08195000,2,1,RF_Signature_K5,5,12783,0.26375002234246503,0.45746572304726485,0.018383221315193817,NSE
unified_1981_2015,hysets_08198000,5,1,RF_Signature_K5,5,12782,-0.11153513340792554,-0.043676198502465846,0.019181157557386024,NSE
unified_1981_2015,hysets_08198500,1,1,RF_Signature_K5,5,12783,-0.1274060636181562,-0.17561584700700728,0.018166109912900092,NSE
unified_1981_2015,hysets_08201500,1,0,RF_Signature_K5,5,12782,-0.07504306309249253,-0.19775328209880705,0.018383346341508434,NSE
unified_1981_2015,hysets_08202700,3,0,RF_Signature_K5,5,12783,-1.1868748291946698,-4.3662065411150595,0.02103005973054337,NSE
unified_1981_2015,hysets_08247500,2,1,RF_Signature_K5,5,12783,-1.3323018247677743,-1.292419549174543,0.13433317700202077,NSE
unified_1981_2015,hysets_08269000,3,1,RF_Signature_K5,5,12783,0.26055792555204427,0.4635429162625938,0.0685725506638644,NSE
unified_1981_2015,hysets_08279000,2,1,RF_Signature_K5,5,12560,-1.1511457176265263,-0.15410109899611202,0.0850450343747597,NSE
unified_1981_2015,hysets_08284100,1,1,RF_Signature_K5,5,12783,0.5159283217533164,0.35670078249284576,0.06228717606615482,NSE
unified_1981_2015,hysets_08289000,3,1,RF_Signature_K5,5,12783,-3.7436722600345016,-1.5716080207000234,0.20744394885461295,NSE
unified_1981_2015,hysets_08291000,2,1,RF_Signature_K5,5,12783,0.10237338239614402,0.40390819986328863,0.06715019962256864,NSE
unified_1981_2015,hysets_08324000,4,1,RF_Signature_K5,5,12783,0.1725791893731401,0.34122875749297477,0.07084243809104177,NSE
unified_1981_2015,hysets_08334000,4,1,RF_Signature_K5,5,12783,-13.40563151593144,-9.469040965615461,0.16831660271182372,NSE
unified_1981_2015,hysets_08378500,5,1,RF_Signature_K5,5,12783,0.5724529318640146,0.6066073838707188,0.04873169297230722,NSE
unified_1981_2015,hysets_08401200,4,1,RF_Signature_K5,5,12032,-2.401301158029862,-6.372165599634792,0.022663045933493123,NSE
unified_1981_2015,hysets_08401900,5,1,RF_Signature_K5,5,12783,-2.3133192865166774,-4.5406412320429785,0.028356498856501856,NSE
unified_1981_2015,hysets_08405150,5,1,RF_Signature_K5,5,12783,-3.1043043964277564,-7.226638065875315,0.030010664452721596,NSE
unified_1981_2015,hysets_08405500,3,1,RF_Signature_K5,5,12783,-35.84435435862411,-4.3160033219058205,0.10001409143747443,NSE
unified_1981_2015,hysets_08AA008,1,1,RF_Signature_K5,5,12589,-1.123183104492326,-0.025630829176902292,0.1657551911953216,NSE
unified_1981_2015,hysets_08AA009,4,1,RF_Signature_K5,5,12695,-0.6640574312477183,-0.07106919005761303,0.09093750203728133,NSE
unified_1981_2015,hysets_08AC001,2,1,RF_Signature_K5,5,11614,-0.905897010649602,0.038809444734904885,0.11099338210626761,NSE
unified_1981_2015,hysets_08EB004,5,1,RF_Signature_K5,5,12783,0.09278796396460143,0.44934341366760144,0.05836322997868102,NSE
unified_1981_2015,hysets_08ED001,4,1,RF_Signature_K5,5,12699,0.7141965153961225,0.7208395300670126,0.06660148306121556,NSE
unified_1981_2015,hysets_08ED002,2,0,RF_Signature_K5,5,12783,0.6239164973897419,0.8120480199411024,0.10345660412517409,NSE
unified_1981_2015,hysets_08EE008,2,1,RF_Signature_K5,5,12783,0.02161976701619417,0.3357403009615534,0.07616782319870544,NSE
unified_1981_2015,hysets_08EE013,4,1,RF_Signature_K5,5,12715,-0.2807146300700336,-0.06604371911770213,0.10181656853383844,NSE
unified_1981_2015,hysets_08EE020,3,1,RF_Signature_K5,5,12783,0.6197668937899814,0.599591061562776,0.042534336244727675,NSE
unified_1981_2015,hysets_08EG012,5,1,RF_Signature_K5,5,12783,0.07030292556562279,0.17404661690866607,0.0747554688154763,NSE
unified_1981_2015,hysets_08FE003,2,1,RF_Signature_K5,5,12783,-0.2702281003624145,0.25187314775566916,0.07016362461786955,NSE
unified_1981_2015,hysets_08FF001,3,1,RF_Signature_K5,5,12783,-1.5704654295410596,-0.04784419599821588,0.06949532853842544,NSE
unified_1981_2015,hysets_08FF002,3,1,RF_Signature_K5,5,12783,-1.5325477309057982,-0.07064667493188903,0.07178805141949852,NSE
unified_1981_2015,hysets_08FF003,4,1,RF_Signature_K5,5,12783,-0.6212982572254704,-0.08857321842861565,0.059280537258154214,NSE
unified_1981_2015,hysets_08GA071,2,1,RF_Signature_K5,5,12709,0.09414081026320487,0.2463272049550017,0.08431400427368031,NSE
unified_1981_2015,hysets_08GA072,5,0,RF_Signature_K5,5,12356,-0.2779867890795058,0.15196720457244162,0.07753469217891958,NSE
unified_1981_2015,hysets_08HA001,5,1,RF_Signature_K5,5,12783,0.47565201409899205,0.5581795804722236,0.04193380018604217,NSE
unified_1981_2015,hysets_08HA010,1,1,RF_Signature_K5,5,11578,0.22842045875996042,0.3114386734805875,0.07756136054380962,NSE
unified_1981_2015,hysets_08HB014,2,1,RF_Signature_K5,5,12743,0.09249659538421595,-0.0065161783925398176,0.07718720103245531,NSE
unified_1981_2015,hysets_08HB074,5,1,RF_Signature_K5,5,12308,0.2807880070256905,0.35739125075537514,0.045130554900212644,NSE
unified_1981_2015,hysets_08HD011,2,1,RF_Signature_K5,5,12783,0.27129736799455806,0.39414757577676063,0.05325071380260638,NSE
unified_1981_2015,hysets_08HD015,4,1,RF_Signature_K5,5,12459,0.09041301302577576,0.32959192496560863,0.05839047657592653,NSE
unified_1981_2015,hysets_08HF004,3,1,RF_Signature_K5,5,12639,0.3153710775313281,0.4251781651669323,0.04537421001457435,NSE
unified_1981_2015,hysets_08JD006,4,1,RF_Signature_K5,5,11977,0.5587552129399476,0.49520246224819364,0.06037581607541758,NSE
unified_1981_2015,hysets_08KA007,5,1,RF_Signature_K5,5,12783,0.3751444846092742,0.6441322996083625,0.11354746215492328,NSE
unified_1981_2015,hysets_08KH010,1,1,RF_Signature_K5,5,12686,0.41511637814042324,0.6038965467609011,0.10448451890670381,NSE
unified_1981_2015,hysets_08KH019,5,1,RF_Signature_K5,5,12518,-0.5496583194823985,0.07764648082605785,0.10043288436174767,NSE
unified_1981_2015,hysets_08LB038,2,1,RF_Signature_K5,5,11688,0.7189435649344933,0.6121767544887711,0.07568346432483983,NSE
unified_1981_2015,hysets_08LB069,3,1,RF_Signature_K5,5,12783,0.17694469956949876,0.16240355673242557,0.108211977725471,NSE
unified_1981_2015,hysets_08LB076,3,1,RF_Signature_K5,5,12644,0.10247886650710136,0.023745072453539073,0.10298886350330852,NSE
unified_1981_2015,hysets_08LE024,5,0,RF_Signature_K5,5,12783,0.7426432912409471,0.7589969852500783,0.07196767965025991,NSE
unified_1981_2015,hysets_08LE027,3,0,RF_Signature_K5,5,12783,0.7239918757582404,0.6376216167576051,0.06151274137828509,NSE
unified_1981_2015,hysets_08LG048,5,0,RF_Signature_K5,5,12783,0.7275666421076432,0.7405734427022626,0.05033283913960214,NSE
unified_1981_2015,hysets_08MA003,4,1,RF_Signature_K5,5,12096,-0.13710770120430937,0.4151529548867021,0.19182067952409249,NSE
unified_1981_2015,hysets_08ME023,1,0,RF_Signature_K5,5,12694,0.10314677818217544,0.06752107629872217,0.08499369941610987,NSE
unified_1981_2015,hysets_08ME025,4,1,RF_Signature_K5,5,12053,-2.057483953478485,-0.18391043683336394,0.17607112738571626,NSE
unified_1981_2015,hysets_08MH016,5,1,RF_Signature_K5,5,12783,0.44446154448912467,0.7173873610121051,0.06883288890385973,NSE
unified_1981_2015,hysets_08MH056,3,1,RF_Signature_K5,5,12620,0.49985837955660095,0.6712894447882161,0.031187052633961793,NSE
unified_1981_2015,hysets_08MH103,2,1,RF_Signature_K5,5,12783,-0.031635572010606516,0.4197164258639581,0.06621933423508408,NSE
unified_1981_2015,hysets_08MH147,4,1,RF_Signature_K5,5,11698,0.13137560487649502,0.17641441473095443,0.0594958686333283,NSE
unified_1981_2015,hysets_08NA006,5,1,RF_Signature_K5,5,12765,0.24975620233512363,0.640373667881655,0.11962946824853664,NSE
unified_1981_2015,hysets_08NB012,3,1,RF_Signature_K5,5,12179,0.7813659649524258,0.8733387153584382,0.06488952929148763,NSE
unified_1981_2015,hysets_08NB014,5,1,RF_Signature_K5,5,12783,0.7652854383448671,0.6714268965064539,0.06106313455333015,NSE
unified_1981_2015,hysets_08ND012,4,1,RF_Signature_K5,5,12783,0.8809620643457701,0.8472478599573052,0.04620190829560533,NSE
unified_1981_2015,hysets_08ND013,4,1,RF_Signature_K5,5,12783,0.7124718855354282,0.6236942632281033,0.07109047137553834,NSE
unified_1981_2015,hysets_08NE039,3,1,RF_Signature_K5,5,12783,0.5075752959852963,0.5355321440512721,0.08737302731887858,NSE
unified_1981_2015,hysets_08NE074,4,1,RF_Signature_K5,5,12783,0.4973457530090031,0.3535322292558215,0.08305629412186034,NSE
unified_1981_2015,hysets_08NF001,5,1,RF_Signature_K5,5,12783,0.2507594862189948,0.3763397087539013,0.12471705481005353,NSE
unified_1981_2015,hysets_08NG076,3,1,RF_Signature_K5,5,12783,0.02999003526311017,0.2556114665928919,0.0804417847416863,NSE
unified_1981_2015,hysets_08NG077,2,1,RF_Signature_K5,5,12783,0.6099797783954529,0.40083429582513086,0.06120124191099368,NSE
unified_1981_2015,hysets_08NH005,1,1,RF_Signature_K5,5,12783,0.6664069370566175,0.6242022267883134,0.06288856562940508,NSE
unified_1981_2015,hysets_08NH006,4,1,RF_Signature_K5,5,12783,0.4735619343153671,0.4774109628694728,0.08537510169501474,NSE
unified_1981_2015,hysets_08NH120,1,1,RF_Signature_K5,5,12783,0.5431753723631154,0.3401415908339397,0.0572168631613283,NSE
unified_1981_2015,hysets_08NH130,3,1,RF_Signature_K5,5,12783,0.6356853191277303,0.5653667794747774,0.05810059262179147,NSE
unified_1981_2015,hysets_08NJ160,5,1,RF_Signature_K5,5,12783,0.8180647303431141,0.7625549672839949,0.05801708539459032,NSE
unified_1981_2015,hysets_08NK016,4,1,RF_Signature_K5,5,12783,0.28072066736338863,0.3837162476772321,0.0434322781234155,NSE
unified_1981_2015,hysets_08NK018,2,1,RF_Signature_K5,5,12783,0.6901674832514383,0.6953466222667075,0.0307167457544404,NSE
unified_1981_2015,hysets_08NK022,4,1,RF_Signature_K5,5,12783,0.47868396286329273,0.5325201588440636,0.052246703722794316,NSE
unified_1981_2015,hysets_08NL004,1,1,RF_Signature_K5,5,12783,-0.9658886720949176,-0.6607606698436763,0.13052005205423464,NSE
unified_1981_2015,hysets_08NL024,5,1,RF_Signature_K5,5,12783,0.45916480630543344,0.490837679636023,0.05979548212786691,NSE
unified_1981_2015,hysets_08NL050,5,1,RF_Signature_K5,5,12783,-0.03543106209283953,0.12681625146268827,0.07213076413968203,NSE
unified_1981_2015,hysets_08NL071,4,1,RF_Signature_K5,5,12783,0.5804914011321797,0.5642384550332153,0.050303574681465554,NSE
unified_1981_2015,hysets_08NN019,3,1,RF_Signature_K5,5,12783,0.0888017976483998,0.20434199869718062,0.11035536752181191,NSE
unified_1981_2015,hysets_08OA002,2,1,RF_Signature_K5,5,12398,-0.014554030426896736,0.10048339798559491,0.09440574596276265,NSE
unified_1981_2015,hysets_09059500,4,1,RF_Signature_K5,5,12783,0.2663167940952138,0.29681141898201135,0.09072615165284667,NSE
unified_1981_2015,hysets_09165000,3,1,RF_Signature_K5,5,12053,0.3197073134948363,0.40333380636776717,0.09912298902555164,NSE
unified_1981_2015,hysets_09196500,1,1,RF_Signature_K5,5,11731,0.03613207788094508,-0.1106419415000035,0.1265020550851066,NSE
unified_1981_2015,hysets_09223000,3,1,RF_Signature_K5,5,12783,0.6113764425390964,0.5541034111574512,0.05458766717849925,NSE
unified_1981_2015,hysets_09253000,5,1,RF_Signature_K5,5,12231,0.5351183590096403,0.5155381699838983,0.07521999619575485,NSE
unified_1981_2015,hysets_09255000,2,1,RF_Signature_K5,5,12783,0.3899144615429342,0.3668065196677961,0.07826440440754476,NSE
unified_1981_2015,hysets_09266500,2,1,RF_Signature_K5,5,12783,0.39655887852796523,0.23532357839429052,0.04892330801618764,NSE
unified_1981_2015,hysets_09289500,1,1,RF_Signature_K5,5,12783,0.4626542835565104,0.41896889856509223,0.0579122727734499,NSE
unified_1981_2015,hysets_09292500,5,1,RF_Signature_K5,5,12783,0.12250263380495452,0.35413268517928653,0.08591562446475397,NSE
unified_1981_2015,hysets_09299500,1,1,RF_Signature_K5,5,12783,0.16910999626168,0.1944438309612404,0.06639500541343779,NSE
unified_1981_2015,hysets_09304200,2,1,RF_Signature_K5,5,12783,0.06346836931078126,0.39617669553367196,0.11611159832100117,NSE
unified_1981_2015,hysets_09304500,1,1,RF_Signature_K5,5,12783,-0.3818180938835365,0.29866293076538286,0.1259087726644988,NSE
unified_1981_2015,hysets_09306222,4,1,RF_Signature_K5,5,12783,-102.03585815743259,-10.323018419780782,0.9562104527010408,NSE
unified_1981_2015,hysets_09310500,3,1,RF_Signature_K5,5,12783,0.3977302106177768,0.2659249841000002,0.06352916440009641,NSE
unified_1981_2015,hysets_09312600,4,1,RF_Signature_K5,5,12783,0.3822030818516686,0.1428013080688305,0.05055301910273907,NSE
unified_1981_2015,hysets_09337000,3,1,RF_Signature_K5,5,12782,-34.38168552024163,-5.473126655073758,0.2863203071797391,NSE
unified_1981_2015,hysets_09342500,5,1,RF_Signature_K5,5,12783,0.3060372029630216,0.13523878783262488,0.10316955075223294,NSE
unified_1981_2015,hysets_09352900,3,1,RF_Signature_K5,5,12783,0.4990496565345822,0.447846257707753,0.07403203351726516,NSE
unified_1981_2015,hysets_09386900,1,1,RF_Signature_K5,5,12783,-0.2696714165048826,-0.006975217431725911,0.028032687943280944,NSE
unified_1981_2015,hysets_09403600,3,1,RF_Signature_K5,5,12783,-70.71871501135479,-6.745996677593932,0.19674439218326784,NSE
unified_1981_2015,hysets_09404450,5,1,RF_Signature_K5,5,12783,-0.2440846748791301,-0.1507530368076928,0.03187612142768026,NSE
unified_1981_2015,hysets_09405500,4,1,RF_Signature_K5,5,12783,-0.1915188843933242,-0.025678211293986175,0.04712992110185196,NSE
unified_1981_2015,hysets_09430600,5,0,RF_Signature_K5,5,12783,0.3910677033899026,0.2650966515994073,0.014986058055895988,NSE
unified_1981_2015,hysets_09442680,3,1,RF_Signature_K5,5,12783,-5.00328517795881,-4.289626748750391,0.04315324270389777,NSE
unified_1981_2015,hysets_09447000,5,1,RF_Signature_K5,5,12783,-0.7691349097749935,-0.6907955046224181,0.023077520935268384,NSE
unified_1981_2015,hysets_09447800,5,1,RF_Signature_K5,5,12571,-2.9860389463023735,-4.6591148389797485,0.021749562243010022,NSE
unified_1981_2015,hysets_09473000,3,1,RF_Signature_K5,5,12052,-1.0421878861288754,-0.2771113721361784,0.02378514736582436,NSE
unified_1981_2015,hysets_09494000,5,1,RF_Signature_K5,5,12783,0.2920496213059205,0.35567850015922586,0.03266107898089969,NSE
unified_1981_2015,hysets_09496500,2,1,RF_Signature_K5,5,12783,-3.6923797027935263,-1.2470176427426796,0.049966481538291294,NSE
unified_1981_2015,hysets_09497800,2,1,RF_Signature_K5,5,12418,-7.808041962783216,-1.311939956991731,0.07260422519647355,NSE
unified_1981_2015,hysets_09497980,4,1,RF_Signature_K5,5,12783,-0.06506413710033487,-0.19139848959387917,0.025260907469240052,NSE
unified_1981_2015,hysets_09499000,2,0,RF_Signature_K5,5,12783,-0.1997175445092445,-0.18122243065973853,0.024521465045997892,NSE
unified_1981_2015,hysets_09504420,2,1,RF_Signature_K5,5,12510,-2.7014551027973077,-0.21899828539323485,0.05659983043891404,NSE
unified_1981_2015,hysets_09505800,1,1,RF_Signature_K5,5,12783,0.09955279072554857,0.28908766855163415,0.016406664325547396,NSE
unified_1981_2015,hysets_09510200,1,1,RF_Signature_K5,5,12783,-0.20856563366321024,-0.03883251119348241,0.026988443573749247,NSE
unified_1981_2015,hysets_09512280,5,1,RF_Signature_K5,5,12783,-1.8934609865885497,-1.8965357125191384,0.028660655390014545,NSE
unified_1981_2015,hysets_09513780,3,1,RF_Signature_K5,5,12783,-0.15554194239970442,-0.41665074330412266,0.01919331282440068,NSE
unified_1981_2015,hysets_09AA012,5,1,RF_Signature_K5,5,12657,-2.3463106442495043,-0.4789105519185235,0.19916595217452704,NSE
unified_1981_2015,hysets_09AA013,2,1,RF_Signature_K5,5,11625,-1.3878463829460053,-0.053803027894333555,0.26413832368836254,NSE
unified_1981_2015,hysets_09AH003,1,1,RF_Signature_K5,5,12337,-0.4343019498001157,0.09458303165883031,0.07226424983428659,NSE
unified_1981_2015,hysets_09CA004,1,1,RF_Signature_K5,5,12567,-0.03227429115188496,-0.15458987653062306,0.04677996823812892,NSE
unified_1981_2015,hysets_09EA004,2,1,RF_Signature_K5,5,12630,0.03477577415414301,0.06526022630510853,0.08864240856089882,NSE
unified_1981_2015,hysets_10011500,2,1,RF_Signature_K5,5,12783,0.8522158522348603,0.7656946937601027,0.041894393080118844,NSE
unified_1981_2015,hysets_10032000,3,1,RF_Signature_K5,5,12783,0.6137195259627527,0.5709371150896867,0.07032750523904671,NSE
unified_1981_2015,hysets_10113500,4,1,RF_Signature_K5,5,11506,-0.4530021754159561,0.3248725070946621,0.08863886085129757,NSE
unified_1981_2015,hysets_10173450,2,1,RF_Signature_K5,5,12782,0.5453274782244006,0.5567890833918285,0.059821726297985274,NSE
unified_1981_2015,hysets_10174500,1,1,RF_Signature_K5,5,12783,-0.24679308187869875,0.22809380514414657,0.09596005954884179,NSE
unified_1981_2015,hysets_10194200,5,1,RF_Signature_K5,5,12467,-0.7901064612283089,-0.3480517360682611,0.12470271269997571,NSE
unified_1981_2015,hysets_10234500,2,1,RF_Signature_K5,5,12783,0.6935651405589688,0.7037478963034733,0.0460580577975941,NSE
unified_1981_2015,hysets_10258500,4,1,RF_Signature_K5,5,12783,-3.585254928675698,-2.653865825485053,0.04586886228434482,NSE
unified_1981_2015,hysets_10296000,3,1,RF_Signature_K5,5,12783,0.05546493186350676,-0.043119169174819394,0.048834276804987586,NSE
unified_1981_2015,hysets_10296500,5,1,RF_Signature_K5,5,12783,0.25942633028796647,0.13766639709176764,0.041263417903528665,NSE
unified_1981_2015,hysets_10329500,4,1,RF_Signature_K5,5,12783,-0.7487557408769494,-0.23662765277880315,0.05384541974956045,NSE
unified_1981_2015,hysets_10396000,4,1,RF_Signature_K5,5,12783,0.5189304088214857,0.5708751079946615,0.044722579258915686,NSE
unified_1981_2015,hysets_10AC005,3,1,RF_Signature_K5,5,12783,0.5184472643556459,0.5981014040692342,0.0777993396240443,NSE
unified_1981_2015,hysets_10BE007,3,1,RF_Signature_K5,5,12783,-0.28827884886707666,0.33559237855196933,0.12887258487857695,NSE
unified_1981_2015,hysets_10BE009,3,1,RF_Signature_K5,5,12715,-8.69441755608964,-1.1898456817304979,0.28698617236655727,NSE
unified_1981_2015,hysets_10ED003,5,1,RF_Signature_K5,5,12782,-0.5658134804119204,0.012868336701317484,0.029271473858447552,NSE
unified_1981_2015,hysets_10GC003,3,1,RF_Signature_K5,5,12783,-0.5864344141254387,0.008003208904369008,0.031640163189736024,NSE
unified_1981_2015,hysets_10LC003,3,1,RF_Signature_K5,5,12112,-0.8251510227968499,0.0018395637631833939,0.0648035964700573,NSE
unified_1981_2015,hysets_10LC007,2,1,RF_Signature_K5,5,12242,-0.17523951680754868,0.21476747868221802,0.05041188456656421,NSE
unified_1981_2015,hysets_11012500,4,1,RF_Signature_K5,5,12783,-27.335995556997442,-4.541150598960207,0.1410538719392825,NSE
unified_1981_2015,hysets_11015000,2,1,RF_Signature_K5,5,12783,-0.3657723241974318,-0.10081443268589485,0.026848159233498904,NSE
unified_1981_2015,hysets_11042400,1,1,RF_Signature_K5,5,12419,-6.517351584611114,-3.6892280482169326,0.04179764644505014,NSE
unified_1981_2015,hysets_11123000,2,1,RF_Signature_K5,5,12783,0.047298508416742435,0.2551296897323292,0.03243065974413753,NSE
unified_1981_2015,hysets_11123500,4,1,RF_Signature_K5,5,12783,0.1987205342184929,0.23243600238582773,0.029441123024874127,NSE
unified_1981_2015,hysets_11124500,1,1,RF_Signature_K5,5,12783,-1.2494048835044147,0.08761225660120131,0.049442950138262234,NSE
unified_1981_2015,hysets_11132500,4,1,RF_Signature_K5,5,12783,-0.4097330861660162,0.010343489763385838,0.02058618442597039,NSE
unified_1981_2015,hysets_11140000,1,1,RF_Signature_K5,5,12783,-3.4723357923655414,-1.1416170455002517,0.060419859674445235,NSE
unified_1981_2015,hysets_11143000,5,1,RF_Signature_K5,5,12783,-0.023610071904140773,-0.16574733251039064,0.052918284967264806,NSE
unified_1981_2015,hysets_11143200,3,1,RF_Signature_K5,5,12783,0.36246845136943817,0.3765028880767519,0.02627780813278218,NSE
unified_1981_2015,hysets_11143250,5,1,RF_Signature_K5,5,12783,0.2709441224831297,0.541972046535935,0.03049159282812802,NSE
unified_1981_2015,hysets_11148900,3,1,RF_Signature_K5,5,12783,0.07922945632195011,-0.06951754597891657,0.02739786058441904,NSE
unified_1981_2015,hysets_11149900,1,1,RF_Signature_K5,5,12783,-0.8236096900930547,0.03608175791697121,0.038461486485721334,NSE
unified_1981_2015,hysets_11151300,2,1,RF_Signature_K5,5,12682,-8.896264548230612,-3.0737220040116746,0.05049958501957817,NSE
unified_1981_2015,hysets_11152000,3,1,RF_Signature_K5,5,12783,-0.0327332512439964,-0.0006671107050282288,0.032678320834671974,NSE
unified_1981_2015,hysets_11202000,5,1,RF_Signature_K5,5,12783,0.33237331654543956,0.22839490002880836,0.023219380793506116,NSE
unified_1981_2015,hysets_11202001,3,1,RF_Signature_K5,5,12783,0.08776721830321599,0.01990095968449901,0.031673657798442,NSE
unified_1981_2015,hysets_11224500,5,1,RF_Signature_K5,5,12783,-2.5894679278723585,-2.7380823273707597,0.02968080015251845,NSE
unified_1981_2015,hysets_11230500,4,1,RF_Signature_K5,5,12783,-0.07365392164765217,-0.23142744655759429,0.05979660321634615,NSE
unified_1981_2015,hysets_11253310,4,1,RF_Signature_K5,5,12783,-8.45568616581086,-3.2386015908803136,0.0535835833228735,NSE
unified_1981_2015,hysets_11264500,2,1,RF_Signature_K5,5,12783,0.9595552115660417,0.8497934399276782,0.013446647647106888,NSE
unified_1981_2015,hysets_11266500,5,1,RF_Signature_K5,5,12783,0.914497668364256,0.8496453731132881,0.01488236471739974,NSE
unified_1981_2015,hysets_11314500,4,1,RF_Signature_K5,5,12783,0.24838047435314947,0.1967979681994102,0.03967045740197565,NSE
unified_1981_2015,hysets_11317000,3,1,RF_Signature_K5,5,12783,-0.3790473645899681,0.13228832625260667,0.04505336229561697,NSE
unified_1981_2015,hysets_11318500,4,1,RF_Signature_K5,5,12783,0.3143007330896491,0.4031754779293374,0.02672670282992948,NSE
unified_1981_2015,hysets_11367500,4,1,RF_Signature_K5,5,12783,-2.319271030605515,-0.0996968610636435,0.05577360087906833,NSE
unified_1981_2015,hysets_11374000,4,1,RF_Signature_K5,5,12783,0.028332725222582233,0.0649918666640743,0.06612902330097757,NSE
unified_1981_2015,hysets_11376550,4,1,RF_Signature_K5,5,12673,-1.7419991538281625,-0.010019769000402023,0.10564622708951536,NSE
unified_1981_2015,hysets_11379500,1,1,RF_Signature_K5,5,12783,0.17945872015401854,0.23407441932633044,0.043058639738285505,NSE
unified_1981_2015,hysets_11381500,3,1,RF_Signature_K5,5,12783,-0.20992766217457537,0.0076501951160615755,0.031039911183612587,NSE
unified_1981_2015,hysets_11383500,1,1,RF_Signature_K5,5,12783,-0.3501558239498199,0.10427609023999973,0.03330431533355036,NSE
unified_1981_2015,hysets_11402000,1,1,RF_Signature_K5,5,12783,-0.25824224411794217,-0.10239284814887717,0.035705226656091514,NSE
unified_1981_2015,hysets_11413000,3,1,RF_Signature_K5,5,12783,0.2707547334571544,0.1700415078550621,0.032003472282563304,NSE
unified_1981_2015,hysets_11413300,4,1,RF_Signature_K5,5,12783,0.12655249052253792,-0.08868719735823927,0.027467645203854717,NSE
unified_1981_2015,hysets_11428800,5,1,RF_Signature_K5,5,12783,-1.2948560375087599,-2.819898154950569,0.022763780087685634,NSE
unified_1981_2015,hysets_11433300,5,1,RF_Signature_K5,5,12783,-0.46701281644681125,0.053972288857962236,0.03278624215282108,NSE
unified_1981_2015,hysets_11451100,4,0,RF_Signature_K5,5,12783,0.6645590360571144,0.5860959868931286,0.02214606072145831,NSE
unified_1981_2015,hysets_11461000,1,0,RF_Signature_K5,5,12783,0.6280498063353469,0.5491749337975864,0.030393808146741093,NSE
unified_1981_2015,hysets_11468500,5,0,RF_Signature_K5,5,12783,0.8694771920662219,0.8675462437220469,0.013845661976279297,NSE
unified_1981_2015,hysets_11470500,1,1,RF_Signature_K5,5,12783,0.6079569518099934,0.4932607655188942,0.02442475849927158,NSE
unified_1981_2015,hysets_11473900,3,1,RF_Signature_K5,5,12783,0.7692414496831925,0.6014092165223689,0.01862193470042268,NSE
unified_1981_2015,hysets_11478500,4,1,RF_Signature_K5,5,12783,0.680327448772194,0.6009566490622049,0.03412893252363127,NSE
unified_1981_2015,hysets_11480390,3,1,RF_Signature_K5,5,12783,0.8576257230493661,0.743709487035588,0.019873925607236335,NSE
unified_1981_2015,hysets_11480410,1,1,RF_Signature_K5,5,12783,0.789891475816922,0.6831945281016787,0.022479212067177987,NSE
unified_1981_2015,hysets_11481200,4,1,RF_Signature_K5,5,12783,0.8270258779772863,0.7800844759731347,0.01823381670262167,NSE
unified_1981_2015,hysets_11482500,4,1,RF_Signature_K5,5,12783,0.8673634184783671,0.829871833692274,0.02022136709085485,NSE
unified_1981_2015,hysets_11521500,5,1,RF_Signature_K5,5,12600,0.6292644598614732,0.7757551754495968,0.021168726112327688,NSE
unified_1981_2015,hysets_11522500,3,1,RF_Signature_K5,5,12783,0.1763744067492884,0.3108769248161447,0.033808757253727936,NSE
unified_1981_2015,hysets_11523200,5,1,RF_Signature_K5,5,12783,0.48618978988947636,0.4552947332263141,0.029386153272865003,NSE
unified_1981_2015,hysets_11528700,2,1,RF_Signature_K5,5,12783,0.457618359698156,0.4233087895016391,0.03404899137512272,NSE
unified_1981_2015,hysets_11532500,3,1,RF_Signature_K5,5,12783,0.8132363980684889,0.7136717006777364,0.029241806791482663,NSE
unified_1981_2015,hysets_12025700,2,1,RF_Signature_K5,5,12783,0.7569796811958497,0.7007991642656902,0.022291741110293084,NSE
unified_1981_2015,hysets_12035000,3,1,RF_Signature_K5,5,12783,0.5553001116504349,0.6295021003969713,0.03709727747551188,NSE
unified_1981_2015,hysets_12039500,2,1,RF_Signature_K5,5,12783,0.5973092616335294,0.5727109776559466,0.045758467078266044,NSE
unified_1981_2015,hysets_12040500,5,1,RF_Signature_K5,5,12783,0.7825582654071488,0.5968221481735019,0.03230411045163067,NSE
unified_1981_2015,hysets_12041200,1,1,RF_Signature_K5,5,12783,0.6786423865352754,0.6460515835589297,0.038402349944822604,NSE
unified_1981_2015,hysets_12043000,3,1,RF_Signature_K5,5,11628,0.3682765365693541,0.4043555139275882,0.04728061656848125,NSE
unified_1981_2015,hysets_12048000,5,1,RF_Signature_K5,5,12783,-2.4575038280072317,-0.3475781350838072,0.12014726684796548,NSE
unified_1981_2015,hysets_12054000,1,1,RF_Signature_K5,5,12783,0.6025598848256772,0.7746137741547853,0.04196306855172586,NSE
unified_1981_2015,hysets_12056500,5,1,RF_Signature_K5,5,12783,0.3516432114269552,0.34456284209191157,0.03922768465542669,NSE
unified_1981_2015,hysets_12082500,2,0,RF_Signature_K5,5,12783,0.8738201974435886,0.8820095256422154,0.015094794038661501,NSE
unified_1981_2015,hysets_12092000,5,0,RF_Signature_K5,5,12783,0.8270517552102946,0.8926818984120876,0.016051958227857203,NSE
unified_1981_2015,hysets_12115000,1,1,RF_Signature_K5,5,12783,0.7829099466186034,0.6681723147889604,0.021502043038113688,NSE
unified_1981_2015,hysets_12134500,5,1,RF_Signature_K5,5,12783,0.4872222624011945,0.4633816902797657,0.03626444277756281,NSE
unified_1981_2015,hysets_12141300,5,1,RF_Signature_K5,5,12417,0.7278525507271988,0.6470254045835113,0.0296754540806535,NSE
unified_1981_2015,hysets_12142000,2,1,RF_Signature_K5,5,12418,0.6384549784481928,0.6107551766710285,0.028813220221163036,NSE
unified_1981_2015,hysets_12186000,1,1,RF_Signature_K5,5,12783,0.8278693877703636,0.8361683091502258,0.011704712119533786,NSE
unified_1981_2015,hysets_12189500,1,1,RF_Signature_K5,5,12783,0.6377313000587509,0.6622295426816194,0.031687106847276374,NSE
unified_1981_2015,hysets_12205000,4,1,RF_Signature_K5,5,12783,0.525694537426614,0.5913016506489297,0.04308971690806348,NSE
unified_1981_2015,hysets_12324590,1,1,RF_Signature_K5,5,12632,-0.6372524259977101,-0.12252822989820178,0.0415709703516696,NSE
unified_1981_2015,hysets_12330000,3,1,RF_Signature_K5,5,12663,0.2540686337147966,0.19486836042129385,0.04850632832034474,NSE
unified_1981_2015,hysets_12332000,4,1,RF_Signature_K5,5,12632,0.3863440917519301,0.5508339670749467,0.08641071135655867,NSE
unified_1981_2015,hysets_12370000,5,1,RF_Signature_K5,5,12783,0.6665482990654019,0.7605339607939757,0.07699681110832168,NSE
unified_1981_2015,hysets_12389500,1,1,RF_Signature_K5,5,12783,-1.2288512007193049,-0.11681539755089787,0.13145066511827688,NSE
unified_1981_2015,hysets_12411000,1,1,RF_Signature_K5,5,12783,0.48550174821690206,0.5610269992063257,0.04759450584087848,NSE
unified_1981_2015,hysets_12414900,1,1,RF_Signature_K5,5,12783,-0.7095806555537683,0.1619513332578354,0.0589988292837029,NSE
unified_1981_2015,hysets_12452800,4,1,RF_Signature_K5,5,12783,0.24396563112455916,0.49093203725316314,0.1013653668520033,NSE
unified_1981_2015,hysets_12488500,1,1,RF_Signature_K5,5,12783,0.6012698798267113,0.5519733535124969,0.05796029092174959,NSE
unified_1981_2015,hysets_13010065,5,1,RF_Signature_K5,5,11780,0.7990512172220756,0.7008847574917318,0.05240622386395926,NSE
unified_1981_2015,hysets_13011900,2,1,RF_Signature_K5,5,12445,0.562739410963047,0.5334496159285119,0.08758637195613342,NSE
unified_1981_2015,hysets_13023000,1,1,RF_Signature_K5,5,12783,0.7198085745663205,0.6536113819785248,0.06553840950482968,NSE
unified_1981_2015,hysets_13186000,5,1,RF_Signature_K5,5,12783,0.15434732755805247,0.11082125063626314,0.11297352341390537,NSE
unified_1981_2015,hysets_13235000,2,1,RF_Signature_K5,5,12783,0.6945996972574711,0.7136433000093763,0.06792841911790531,NSE
unified_1981_2015,hysets_13297355,3,1,RF_Signature_K5,5,12783,0.31055411052340753,0.35595776225770814,0.07915464685067733,NSE
unified_1981_2015,hysets_13331500,4,1,RF_Signature_K5,5,12783,0.47675908792425903,0.4439920841121281,0.08643905736060381,NSE
unified_1981_2015,hysets_13339500,3,1,RF_Signature_K5,5,12783,-0.7714768996660881,-0.18104608881593465,0.09866336411253213,NSE
unified_1981_2015,hysets_14013000,2,1,RF_Signature_K5,5,12783,-0.17406494721637467,-0.15461331080042107,0.03834987231058484,NSE
unified_1981_2015,hysets_14020000,3,1,RF_Signature_K5,5,12783,0.4076755830269122,0.5538132315075416,0.047262615656548074,NSE
unified_1981_2015,hysets_14020300,2,1,RF_Signature_K5,5,12600,-0.00814162699298926,0.15004850877178944,0.06997355870497934,NSE
unified_1981_2015,hysets_14038530,3,1,RF_Signature_K5,5,12198,0.15156859142878165,0.5416462365437327,0.0695163559120581,NSE
unified_1981_2015,hysets_14044000,5,1,RF_Signature_K5,5,12783,0.13011734697607935,0.4809207066775494,0.07795113571005365,NSE
unified_1981_2015,hysets_14091500,2,0,RF_Signature_K5,5,12783,-14.780316170986717,-0.03737585707585622,0.20414934157076628,NSE
unified_1981_2015,hysets_14096850,2,1,RF_Signature_K5,5,11780,-0.7608212952833191,-0.14651449226359836,0.04054203699140498,NSE
unified_1981_2015,hysets_14097100,1,1,RF_Signature_K5,5,12783,-1.733643422129258,-0.056362047282089156,0.041161325758044875,NSE
unified_1981_2015,hysets_14154500,4,1,RF_Signature_K5,5,12783,0.736333696143473,0.7588940435185281,0.029343029120548748,NSE
unified_1981_2015,hysets_14158500,1,1,RF_Signature_K5,5,12783,-0.8266686030687038,0.11950562927767039,0.1401450017802362,NSE
unified_1981_2015,hysets_14166500,5,1,RF_Signature_K5,5,12783,0.5438877827291593,0.6954205253980945,0.04497534935429895,NSE
unified_1981_2015,hysets_14178000,3,1,RF_Signature_K5,5,12783,-0.5596106181880811,-0.02809488169259411,0.05355773903373572,NSE
unified_1981_2015,hysets_14182500,5,1,RF_Signature_K5,5,12783,0.8398988282808062,0.883916345094703,0.013029823619909757,NSE
unified_1981_2015,hysets_14185000,4,0,RF_Signature_K5,5,12783,0.5360053679821486,0.5374871990917771,0.033079982967382786,NSE
unified_1981_2015,hysets_14185900,2,1,RF_Signature_K5,5,12783,0.8916553280888159,0.8636036747895361,0.019254989091226703,NSE
unified_1981_2015,hysets_14236200,3,1,RF_Signature_K5,5,12783,0.8452036164622263,0.7114235133883313,0.01982279099544147,NSE
unified_1981_2015,hysets_14301000,3,1,RF_Signature_K5,5,12783,0.7870292808764104,0.8518911624144467,0.029109715105964922,NSE
unified_1981_2015,hysets_14306500,1,1,RF_Signature_K5,5,12783,0.8940394750483337,0.7945507224618134,0.02297770976083915,NSE
unified_1981_2015,hysets_14308000,5,1,RF_Signature_K5,5,12783,0.6700503561114218,0.6188373534060319,0.031408007927470095,NSE
unified_1981_2015,hysets_14309500,2,1,RF_Signature_K5,5,12783,0.8470204635992769,0.8210318031818862,0.02576667022564605,NSE
unified_1981_2015,hysets_14316700,2,1,RF_Signature_K5,5,12783,0.9049915858572734,0.8712982160840759,0.02137317165363649,NSE
unified_1981_2015,hysets_14325000,4,0,RF_Signature_K5,5,12783,0.8386718065537645,0.6670785739224273,0.028162314527160785,NSE
unified_1981_2015,hysets_14338000,2,1,RF_Signature_K5,5,12672,-0.38020464930318854,0.08707042446622038,0.06097796339463691,NSE
unified_1981_2015,hysets_14377100,4,1,RF_Signature_K5,5,12783,0.696344010089092,0.7345055543745798,0.03521787403405417,NSE
unified_1981_2015,hysets_14400000,3,1,RF_Signature_K5,5,12783,0.6753403523554729,0.4951089859731648,0.03797156805169445,NSE
unified_1981_2015,lamah_12425002,3,1,RF_Signature_K5,5,12783,-1.0957995029563432,-0.0748055403227641,0.07855792675443073,NSE
unified_1981_2015,lamah_16000708,2,1,RF_Signature_K5,5,11819,0.5683955803122707,0.7688670746780254,0.03556548560398908,NSE
unified_1981_2015,lamah_16001303,5,1,RF_Signature_K5,5,12616,-5.391246777389269,-2.0298128536543145,0.06740596255327741,NSE
unified_1981_2015,lamah_16610709,4,1,RF_Signature_K5,5,12676,0.12422331812166898,0.31232904201065015,0.024093803529249974,NSE
unified_1981_2015,lamah_17404000,1,1,RF_Signature_K5,5,12699,-0.6745073844185137,0.11580729582601346,0.05924567488817705,NSE
unified_1981_2015,lamah_18481006,5,1,RF_Signature_K5,5,12782,0.5863272654407439,0.6116731070272218,0.02453081022315293,NSE
unified_1981_2015,lamah_18486000,4,1,RF_Signature_K5,5,12783,0.5742890743709888,0.5165494813213726,0.02807014989224515,NSE
unified_1981_2015,lamah_200253,4,1,RF_Signature_K5,5,12783,0.275692228872626,0.3057120481515938,0.048533053456088035,NSE
unified_1981_2015,lamah_200261,5,1,RF_Signature_K5,5,12783,0.3101568897465755,0.2931978058176432,0.04631869355752752,NSE
unified_1981_2015,lamah_200303,2,1,RF_Signature_K5,5,12783,0.12073633015425655,0.32824340255299056,0.04562809398082011,NSE
unified_1981_2015,lamah_201012,2,0,RF_Signature_K5,5,12783,0.6057513989866691,0.4984584053043516,0.04435229827136548,NSE
unified_1981_2015,lamah_201087,4,1,RF_Signature_K5,5,12783,0.5285388925174793,0.5130531363292401,0.03454957281361521,NSE
unified_1981_2015,lamah_201095,2,1,RF_Signature_K5,5,12783,0.47291062057765887,0.6788725698786657,0.036639580583215245,NSE
unified_1981_2015,lamah_201160,3,1,RF_Signature_K5,5,12783,0.7033107399296005,0.6950758811268662,0.028295744315496217,NSE
unified_1981_2015,lamah_201236,3,1,RF_Signature_K5,5,12783,0.5395733927975521,0.5904236045322657,0.030412023601028945,NSE
unified_1981_2015,lamah_201251,1,1,RF_Signature_K5,5,12783,0.7384798829265531,0.7137543946137966,0.02395799236572351,NSE
unified_1981_2015,lamah_201335,5,1,RF_Signature_K5,5,12783,-1.5843813658753718,-0.45408244147362287,0.12164595366388552,NSE
unified_1981_2015,lamah_201392,2,1,RF_Signature_K5,5,12783,0.5275739039392044,0.6986032245947258,0.07502569486139177,NSE
unified_1981_2015,lamah_201434,2,1,RF_Signature_K5,5,12783,0.7263355475265568,0.7524494549430223,0.05397643320421639,NSE
unified_1981_2015,lamah_201558,1,1,RF_Signature_K5,5,12783,0.7507286222915396,0.7868940068458571,0.0587355800722922,NSE
unified_1981_2015,lamah_201566,3,1,RF_Signature_K5,5,12783,0.7485410541849031,0.6643908655665607,0.04083397939482619,NSE
unified_1981_2015,lamah_201574,1,1,RF_Signature_K5,5,12783,0.8998142090498851,0.9478120447467238,0.031401213416264506,NSE
unified_1981_2015,lamah_201723,5,1,RF_Signature_K5,5,12783,0.7771756305631807,0.8023143150827733,0.026921121246460757,NSE
unified_1981_2015,lamah_201848,2,1,RF_Signature_K5,5,12054,0.6944195695050641,0.8383345166981189,0.03763074793063965,NSE
unified_1981_2015,lamah_202036,1,1,RF_Signature_K5,5,12783,0.7371590370182439,0.7883236804423337,0.029280214017574333,NSE
unified_1981_2015,lamah_203026,3,1,RF_Signature_K5,5,12783,0.7742900667826884,0.6601596437649064,0.02281335661283988,NSE
unified_1981_2015,lamah_203075,5,1,RF_Signature_K5,5,12783,0.7093118210826567,0.6219671805862927,0.04525557470640021,NSE
unified_1981_2015,lamah_203166,2,1,RF_Signature_K5,5,12783,0.817204822581627,0.8327227440014447,0.04274194897926519,NSE
unified_1981_2015,lamah_203224,3,1,RF_Signature_K5,5,12783,0.7647463251001285,0.6970985077245532,0.04163027185619917,NSE
unified_1981_2015,lamah_203265,2,1,RF_Signature_K5,5,12783,0.5009440359461834,0.5847727334825363,0.040260556904679404,NSE
unified_1981_2015,lamah_203307,4,1,RF_Signature_K5,5,12778,0.6022510813442633,0.513987223133397,0.029908702875899883,NSE
unified_1981_2015,lamah_203463,2,1,RF_Signature_K5,5,12783,0.6234395992159626,0.651231213633223,0.026448135410847697,NSE
unified_1981_2015,lamah_203505,1,1,RF_Signature_K5,5,12783,0.650437428105287,0.7801484430261842,0.0273911712513949,NSE
unified_1981_2015,lamah_203711,5,1,RF_Signature_K5,5,12783,0.8639165743372983,0.8345737282405365,0.025774109242059237,NSE
unified_1981_2015,lamah_203752,1,1,RF_Signature_K5,5,12783,0.7802498578699465,0.8897351247688192,0.039218272885309005,NSE
unified_1981_2015,lamah_203760,2,1,RF_Signature_K5,5,12783,0.581834219222746,0.568988054282271,0.059233115897403744,NSE
unified_1981_2015,lamah_203786,1,1,RF_Signature_K5,5,12775,0.8773505804568128,0.8040340669998083,0.04199535082714432,NSE
unified_1981_2015,lamah_203794,3,1,RF_Signature_K5,5,12783,0.7484699448976255,0.7783309137572998,0.04183631200414856,NSE
unified_1981_2015,lamah_203828,3,1,RF_Signature_K5,5,12783,0.7758766303574955,0.7921857962507485,0.04513971609622408,NSE
unified_1981_2015,lamah_204875,2,1,RF_Signature_K5,5,12419,-0.45689969836190136,-0.04511015392768747,0.05537579408646473,NSE
unified_1981_2015,lamah_204925,1,1,RF_Signature_K5,5,12783,-0.4701960253943993,-0.004823018037066307,0.0398739289009553,NSE
unified_1981_2015,lamah_205104,3,1,RF_Signature_K5,5,12783,0.3952478705925623,0.30984821974937626,0.06070644373964853,NSE
unified_1981_2015,lamah_205179,4,1,RF_Signature_K5,5,12783,0.38907174466485694,0.49938482745087054,0.09640318279976283,NSE
unified_1981_2015,lamah_205294,2,1,RF_Signature_K5,5,12783,-0.13097798582857334,0.13531937551747897,0.05353175449031219,NSE
unified_1981_2015,lamah_205500,4,1,RF_Signature_K5,5,12783,0.7976823805810913,0.823168550297986,0.022277660574571784,NSE
unified_1981_2015,lamah_205740,5,1,RF_Signature_K5,5,12783,0.7048615518877593,0.548646311228065,0.024791005540496073,NSE
unified_1981_2015,lamah_205799,1,0,RF_Signature_K5,5,12783,0.6314351728833765,0.5795243923661471,0.047293032101609254,NSE
unified_1981_2015,lamah_205823,5,1,RF_Signature_K5,5,12783,0.7909816487421641,0.8539465033643245,0.020222165527935234,NSE
unified_1981_2015,lamah_205831,5,1,RF_Signature_K5,5,12783,0.7675053724712018,0.738580593035749,0.023553289030388225,NSE
unified_1981_2015,lamah_205864,3,1,RF_Signature_K5,5,12783,0.5352319746647146,0.5237770599854086,0.04289895461402252,NSE
unified_1981_2015,lamah_205898,3,1,RF_Signature_K5,5,12783,0.5877158244516805,0.6932117935748203,0.03209324486346909,NSE
unified_1981_2015,lamah_206508,4,1,RF_Signature_K5,5,12783,0.5356814311480553,0.4830136554803569,0.04125449155842176,NSE
unified_1981_2015,lamah_207613,5,0,RF_Signature_K5,5,12783,-1.2634032564822824,0.02178722789844212,0.049847759359642675,NSE
unified_1981_2015,lamah_207654,2,1,RF_Signature_K5,5,12783,0.10095900580883022,0.12695479021609435,0.05135624058278804,NSE
unified_1981_2015,lamah_207738,2,1,RF_Signature_K5,5,12783,0.10452359127693478,0.18229643487432023,0.04137074881415832,NSE
unified_1981_2015,lamah_207852,2,1,RF_Signature_K5,5,12783,-0.3464871596430181,0.07293102450846911,0.04092984082813037,NSE
unified_1981_2015,lamah_208116,1,1,RF_Signature_K5,5,12783,-1.3207630774305454,-0.1498625333174517,0.05574397500452439,NSE
unified_1981_2015,lamah_208686,2,1,RF_Signature_K5,5,12783,-0.6714325264196872,0.023079451220646252,0.04459181334905406,NSE
unified_1981_2015,lamah_209361,1,1,RF_Signature_K5,5,12783,0.19738725387611278,0.46356564729235117,0.029572636991363938,NSE
unified_1981_2015,lamah_209551,1,1,RF_Signature_K5,5,11688,0.6067185593362754,0.5051892030780435,0.032126077676071625,NSE
unified_1981_2015,lamah_210526,4,1,RF_Signature_K5,5,12783,0.5490803616656244,0.5263230764981836,0.06435708310470846,NSE
unified_1981_2015,lamah_210641,1,1,RF_Signature_K5,5,12783,0.7678240406412302,0.8323842739702896,0.036859242309805786,NSE
unified_1981_2015,lamah_210732,2,0,RF_Signature_K5,5,12783,-1.715655829876645,-0.6244933781594146,0.0721364938997317,NSE
unified_1981_2015,lamah_210773,1,1,RF_Signature_K5,5,12783,0.7316868328498685,0.8481951372390708,0.04044556993387336,NSE
unified_1981_2015,lamah_210815,5,1,RF_Signature_K5,5,12783,0.6375684884293715,0.7015797697479639,0.05264129045351219,NSE
unified_1981_2015,lamah_210856,3,1,RF_Signature_K5,5,12783,0.32639522887904615,0.3529698979576915,0.0713317630782413,NSE
unified_1981_2015,lamah_210864,1,1,RF_Signature_K5,5,12783,-0.18988473899934633,0.2841352172348639,0.0485618572302827,NSE
unified_1981_2015,lamah_210898,1,1,RF_Signature_K5,5,12783,-0.2284434780169129,0.17082924865277038,0.07513516512871637,NSE
unified_1981_2015,lamah_211086,4,1,RF_Signature_K5,5,12783,0.6298753215754123,0.7397496856395047,0.050027002918276935,NSE
unified_1981_2015,lamah_211169,3,1,RF_Signature_K5,5,12783,0.30072473726569016,0.6690245585413629,0.07186901993939536,NSE
unified_1981_2015,lamah_211656,1,1,RF_Signature_K5,5,12418,-1.1546112507558863,-0.10345990571402819,0.05092756030972905,NSE
unified_1981_2015,lamah_212027,5,1,RF_Signature_K5,5,12783,0.2624171099541476,0.6356951433344029,0.08628503267552218,NSE
unified_1981_2015,lamah_212043,5,0,RF_Signature_K5,5,12783,0.7571693859876679,0.5817661529632574,0.04868383620853578,NSE
unified_1981_2015,lamah_212092,2,1,RF_Signature_K5,5,12783,0.8721356897728905,0.8189479013812927,0.028622977625884883,NSE
unified_1981_2015,lamah_212100,2,1,RF_Signature_K5,5,12783,0.6073715616698874,0.6184962035417916,0.04699180584832184,NSE
unified_1981_2015,lamah_212167,1,1,RF_Signature_K5,5,12783,0.6759125344789194,0.6881084199209022,0.061631454827942994,NSE
unified_1981_2015,lamah_212183,2,1,RF_Signature_K5,5,12783,0.8600853832378212,0.8630019288219606,0.03169608940943136,NSE
unified_1981_2015,lamah_212316,5,0,RF_Signature_K5,5,12783,0.5470536797243928,0.7346011561900823,0.07036322981337047,NSE
unified_1981_2015,lamah_212373,2,0,RF_Signature_K5,5,12783,0.280177433110428,0.3731932747907868,0.08338596711051971,NSE
unified_1981_2015,lamah_212399,5,1,RF_Signature_K5,5,12783,0.33966253102340216,0.6128741987126889,0.06638127760793823,NSE
unified_1981_2015,lamah_212431,3,1,RF_Signature_K5,5,12783,0.12839658065639725,0.47400975592734773,0.08662788880530692,NSE
unified_1981_2015,lamah_212522,1,0,RF_Signature_K5,5,12783,-0.7001727349049871,0.18541369201510205,0.13786380259290665,NSE
unified_1981_2015,lamah_212613,2,1,RF_Signature_K5,5,12783,0.601689201355103,0.6336336183197533,0.04968413715829846,NSE
unified_1981_2015,lamah_212647,5,1,RF_Signature_K5,5,12783,0.7697169915981517,0.7339530607839158,0.028379786665387364,NSE
unified_1981_2015,lamah_212670,3,1,RF_Signature_K5,5,12783,0.41282284847592043,0.42310874304860513,0.0411332020459433,NSE
unified_1981_2015,lamah_212860,1,1,RF_Signature_K5,5,12783,0.6085664860933281,0.5396427481130299,0.04713919034934871,NSE
unified_1981_2015,lamah_212878,3,1,RF_Signature_K5,5,12783,0.021335848785032918,0.11740211430387393,0.06252466817518662,NSE
unified_1981_2015,lamah_212886,4,1,RF_Signature_K5,5,12783,0.23803723188381665,0.4028720141870591,0.051294727037364804,NSE
unified_1981_2015,lamah_212894,5,0,RF_Signature_K5,5,12783,-2.294984852519695,-0.10770414674362438,0.14050838581748454,NSE
unified_1981_2015,lamah_212928,5,1,RF_Signature_K5,5,12783,-1.5382616871935224,0.15241380128414805,0.1551027724029624,NSE
unified_1981_2015,lamah_213124,2,1,RF_Signature_K5,5,12783,0.2915748360326992,0.5135954550489772,0.06800169609307169,NSE
unified_1981_2015,lamah_213181,4,1,RF_Signature_K5,5,12783,0.7761041845418603,0.731750511375191,0.0324502703017376,NSE
unified_1981_2015,lamah_213306,3,1,RF_Signature_K5,5,12343,-0.808595194073465,0.1354225009043316,0.12141754067632536,NSE
unified_1981_2015,lamah_2150,4,1,RF_Signature_K5,5,12783,0.6958881373611387,0.6491500223024667,0.045518903675840446,NSE
unified_1981_2015,lamah_2262,1,1,RF_Signature_K5,5,12783,0.47993023206197727,0.4220647276127871,0.03925949352283095,NSE
unified_1981_2015,lamah_403,2,1,RF_Signature_K5,5,12783,0.8127002216043349,0.9064290699846776,0.051155312421399625,NSE
unified_1981_2015,camelsbr_57250000,5,1,Koppen_Class_All,302,12783,-0.3875703398331394,0.22755224207327385,0.09189548372405568,KGE
unified_1981_2015,camelsbr_58060000,3,1,Koppen_Class_All,288,12725,-0.11089632405075989,-0.008119224578923223,0.018839920642295633,KGE
unified_1981_2015,camelsbr_58258000,1,1,Koppen_Class_All,287,12707,-0.026319222153516897,-0.0934559043156995,0.03601186069885478,KGE
unified_1981_2015,camelsbr_58530000,3,1,Koppen_Class_All,288,12783,-0.24284809535737284,0.006574898873903279,0.055577910940266,KGE
unified_1981_2015,camelsbr_58535000,3,1,Koppen_Class_All,288,12752,-0.23772392308885237,0.002291259212774732,0.08166668775648635,KGE
unified_1981_2015,camelsbr_58542000,1,1,Koppen_Class_All,287,12783,-0.12414441110218033,0.11200779773835479,0.07877695209333727,KGE
unified_1981_2015,camelsbr_59370000,2,1,Koppen_Class_All,293,12783,-0.1782044293238425,0.019371168450401433,0.041863389970304046,KGE
unified_1981_2015,camelsbr_70100000,4,1,Koppen_Class_All,290,12639,-0.07980400846710256,-0.2789650592559718,0.06519491228892722,KGE
unified_1981_2015,camelsbr_71300000,1,1,Koppen_Class_All,287,12778,-0.36438965115765387,-0.16150416684787716,0.12155533409511092,KGE
unified_1981_2015,camelsbr_73765000,1,1,Koppen_Class_All,287,12783,-0.05281658235844322,-0.35980918032018394,0.04438606879581186,KGE
unified_1981_2015,camelscl_1050002,4,1,Koppen_Class_All,46,12252,-18993.51615843611,-104.18585510452003,2.6600665656033775,KGE
unified_1981_2015,camelscl_1201005,3,1,Koppen_Class_All,45,12506,-949.2271293108194,-29.034192500870546,1.7658801651767375,KGE
unified_1981_2015,camelscl_12284002,1,1,Koppen_Class_All,35,12365,-14.174358357846252,-2.363401821177202,0.22986419010012296,KGE
unified_1981_2015,camelscl_12284003,4,1,Koppen_Class_All,46,11946,-76.39743517131512,-6.967031760602724,0.6023094373438157,KGE
unified_1981_2015,camelscl_12284006,1,1,Koppen_Class_All,35,12138,-3.3134273012387405,-0.6852335621239867,0.1065659067768879,KGE
unified_1981_2015,camelscl_12582001,4,1,Koppen_Class_All,46,12031,-0.31074523352806493,0.20342745827048492,0.07864140423977128,KGE
unified_1981_2015,camelscl_12600001,2,1,Koppen_Class_All,41,11975,-0.358752915501126,0.06631207635857628,0.11659900388498605,KGE
unified_1981_2015,camelscl_12622001,5,1,Koppen_Class_All,45,12021,-2.8359925560334553,-0.48993600941605675,0.17301495995494762,KGE
unified_1981_2015,camelscl_12802001,3,1,Koppen_Class_All,45,12305,-117.21677864404991,-11.025737625001401,0.8426889029318162,KGE
unified_1981_2015,camelscl_12805001,2,1,Koppen_Class_All,41,12227,-38.28244909693255,-4.51134021899619,0.49631573594475,KGE
unified_1981_2015,camelscl_12806001,5,1,Koppen_Class_All,45,12249,-27.08232626201342,-3.2598393437996194,0.4144872715844555,KGE
unified_1981_2015,camelscl_4301002,3,1,Koppen_Class_All,45,12422,-32.07206219259715,-4.55195572988878,0.7455869814356214,KGE
unified_1981_2015,camelscl_4311001,1,1,Koppen_Class_All,35,11715,-15.459465137777688,-3.862853973532121,0.3448584756094683,KGE
unified_1981_2015,camelscl_4313001,1,1,Koppen_Class_All,35,11742,-17.961922945422838,-3.5321387181697528,0.4309129069229882,KGE
unified_1981_2015,camelscl_4314002,4,1,Koppen_Class_All,452,12623,-30.416062155995906,-6.543890657935081,0.5023105566931498,KGE
unified_1981_2015,camelscl_4501001,4,1,Koppen_Class_All,46,11935,-23.654731771082826,-3.9622990764017647,0.3984485301362886,KGE
unified_1981_2015,camelscl_4503001,1,1,Koppen_Class_All,287,11799,-61.5124366830857,-11.47205672967635,0.37743676221264333,KGE
unified_1981_2015,camelscl_4511002,1,1,Koppen_Class_All,35,12069,-3.762156050467743,-1.129614571222488,0.15162182110223266,KGE
unified_1981_2015,camelscl_4512001,1,1,Koppen_Class_All,463,12071,-3.559909372613463,-2.22249099160932,0.19205331413064547,KGE
unified_1981_2015,camelscl_4513001,3,1,Koppen_Class_All,456,12338,-5.194874708115619,-2.0378906975732543,0.1895943792799756,KGE
unified_1981_2015,camelscl_4514001,2,1,Koppen_Class_All,452,12218,-10.977712958477715,-3.5424748010253664,0.32147194124513967,KGE
unified_1981_2015,camelscl_4520001,4,1,Koppen_Class_All,46,12054,-46.10697829048048,-22.53242420539517,0.23192787700495285,KGE
unified_1981_2015,camelscl_4530001,4,1,Koppen_Class_All,452,11812,-4.7289140616825724,-2.7261469204855637,0.0875022721737189,KGE
unified_1981_2015,camelscl_4532001,3,0,Koppen_Class_All,456,11668,-6.496353576810183,-4.755128000326545,0.13930991311415125,KGE
unified_1981_2015,camelscl_4703002,1,1,Koppen_Class_All,463,12660,-3.0253653575083757,-1.1168445258548343,0.2061351661845907,KGE
unified_1981_2015,camelscl_4721001,3,1,Koppen_Class_All,456,12585,-6.488240151027784,-3.1257566354548603,0.1827721832903736,KGE
unified_1981_2015,camelscl_4723001,5,1,Koppen_Class_All,449,12044,-19.908358497099297,-6.051841569650548,0.26115796965610943,KGE
unified_1981_2015,camelscl_5200001,2,1,Koppen_Class_All,293,11740,-18.26487471228981,-4.303739692627789,0.22494165335937907,KGE
unified_1981_2015,camelscl_5401003,2,0,Koppen_Class_All,41,11808,-2.5055904351216216,-0.5471473061468155,0.20807913118160434,KGE
unified_1981_2015,camelscl_5402001,5,1,Koppen_Class_All,45,11878,-1.0938134123408045,-0.36792430059625114,0.18085535866373503,KGE
unified_1981_2015,camelscl_5406001,1,1,Koppen_Class_All,35,11768,-4.672816217375713,-2.1437692413614706,0.23206492803974,KGE
unified_1981_2015,camelscl_5706001,1,1,Koppen_Class_All,35,11640,-2.006044535667765,-0.6298172674375662,0.1652062344603892,KGE
unified_1981_2015,camelscl_5707002,1,1,Koppen_Class_All,35,12054,-2.6366734420627265,-0.47274774087897464,0.31243231224766915,KGE
unified_1981_2015,camelscl_5722001,4,1,Koppen_Class_All,452,12272,-3.934807174246745,-1.3285878697664413,0.06625298420937831,KGE
unified_1981_2015,camelscl_5722002,1,1,Koppen_Class_All,463,12551,-2.256248211811623,-0.7749167788240641,0.0605741081506204,KGE
unified_1981_2015,camelscl_6013001,5,1,Koppen_Class_All,449,11609,-0.20625446570654793,-0.33706694670193516,0.04780352138198609,KGE
unified_1981_2015,camelscl_7103001,4,1,Koppen_Class_All,452,12564,-0.3017778128414199,-0.4201705501012585,0.046897047120078174,KGE
unified_1981_2015,camelscl_7104002,4,1,Koppen_Class_All,452,12375,-0.44450214247040787,-0.4386926101965598,0.05919119023054676,KGE
unified_1981_2015,camelscl_7112001,5,1,Koppen_Class_All,449,11523,-0.5048098332468443,-0.45432952110814884,0.04231033527988564,KGE
unified_1981_2015,camelscl_7115001,2,1,Koppen_Class_All,452,11993,-0.777098021530775,-0.4354367159346968,0.03939587632804604,KGE
unified_1981_2015,camelscl_7116001,3,1,Koppen_Class_All,288,12208,-0.21978385304937498,-0.3675765444345449,0.05042286350139418,KGE
unified_1981_2015,camelscl_7355002,1,1,Koppen_Class_All,287,11800,-0.40679987658771766,-0.5479988901055397,0.049148079279076475,KGE
unified_1981_2015,camelscl_7374001,5,1,Koppen_Class_All,302,12076,-0.19711263637012433,-0.4771502557094216,0.05265561368204757,KGE
unified_1981_2015,camelscl_8130002,1,1,Koppen_Class_All,287,12446,-0.23662121535978176,-0.6635189301692355,0.05435462335706009,KGE
unified_1981_2015,camelscl_8351001,3,0,Koppen_Class_All,288,11583,-0.27793240785144446,-0.655354170554943,0.06478473395938422,KGE
unified_1981_2015,hysets_01010070,4,1,Koppen_Class_All,452,11780,0.16313559196471827,0.09252370099164597,0.07387838452210432,KGE
unified_1981_2015,hysets_01022500,1,1,Koppen_Class_All,463,12783,0.09961787807051292,0.08101087778475846,0.08359492855666056,KGE
unified_1981_2015,hysets_01031500,1,1,Koppen_Class_All,463,12783,0.13183871156981497,0.047069444642419245,0.031162162041361574,KGE
unified_1981_2015,hysets_01038000,3,1,Koppen_Class_All,456,12783,0.11513031820940745,0.12173862359919607,0.050216649213240566,KGE
unified_1981_2015,hysets_01047000,2,1,Koppen_Class_All,452,12783,0.16467204745710273,0.08609495715837046,0.0319750983522462,KGE
unified_1981_2015,hysets_01054200,1,1,Koppen_Class_All,463,12783,0.0739566498564398,-0.08053008997750077,0.04523785479528356,KGE
unified_1981_2015,hysets_01055000,3,1,Koppen_Class_All,456,12783,0.14400390758817017,0.043424998197250764,0.0413449302927908,KGE
unified_1981_2015,hysets_01057000,2,1,Koppen_Class_All,452,12783,0.14807612752275867,0.08988699467704597,0.031535008443821,KGE
unified_1981_2015,hysets_01064500,3,1,Koppen_Class_All,456,12783,0.14824432916945507,0.06261904788059458,0.040844109096440234,KGE
unified_1981_2015,hysets_01076500,1,1,Koppen_Class_All,463,12783,0.1515445655284261,0.08621011830247327,0.04794017012929982,KGE
unified_1981_2015,hysets_01078000,2,1,Koppen_Class_All,452,12783,0.14578847881679868,0.1281323187819785,0.05335520705139998,KGE
unified_1981_2015,hysets_01096000,1,0,Koppen_Class_All,463,12783,0.06309037161746978,0.05828408732710022,0.044111254306408734,KGE
unified_1981_2015,hysets_01118000,1,1,Koppen_Class_All,463,12783,0.023342638313477715,0.08511204216247004,0.03613583343909928,KGE
unified_1981_2015,hysets_01134500,1,1,Koppen_Class_All,463,12783,0.13059138033964368,0.0680183745797126,0.05360446106142448,KGE
unified_1981_2015,hysets_01137500,4,1,Koppen_Class_All,452,12783,0.1685305564876206,0.09330904495441017,0.05708522099470702,KGE
unified_1981_2015,hysets_01169000,5,1,Koppen_Class_All,449,12783,0.10925777672649939,0.007891893196217858,0.03328039363600498,KGE
unified_1981_2015,hysets_01174500,5,1,Koppen_Class_All,449,12783,0.09514110189179636,0.14510849832697748,0.05745970787365931,KGE
unified_1981_2015,hysets_01181000,5,1,Koppen_Class_All,449,12783,0.0937832722003702,-0.01520594838740652,0.024089592690630195,KGE
unified_1981_2015,hysets_01439500,5,1,Koppen_Class_All,449,12783,0.0817429962723647,0.07482509490787737,0.05813557396375937,KGE
unified_1981_2015,hysets_01440000,4,1,Koppen_Class_All,452,12783,0.058966502095356255,0.04329374051027535,0.03581113623366934,KGE
unified_1981_2015,hysets_01447500,1,1,Koppen_Class_All,463,12783,0.06322756586656375,0.023674652925464668,0.036373009270549435,KGE
unified_1981_2015,hysets_01543000,4,1,Koppen_Class_All,452,12783,0.03301264220763067,-0.003404596303365981,0.044547402393806654,KGE
unified_1981_2015,hysets_01543500,2,1,Koppen_Class_All,452,12783,0.021957568434566643,0.02939304125239972,0.04429468671919993,KGE
unified_1981_2015,hysets_01544500,3,1,Koppen_Class_All,456,12783,0.014174556561885376,-0.0019690801031537752,0.050680363098756065,KGE
unified_1981_2015,hysets_01545600,5,0,Koppen_Class_All,449,12783,0.02544416754991774,0.03730781792508864,0.0427986781328087,KGE
unified_1981_2015,hysets_01550000,5,1,Koppen_Class_All,449,12783,0.06259423874827252,-0.0009966297554520054,0.03307081325798382,KGE
unified_1981_2015,hysets_01552000,2,0,Koppen_Class_All,452,12783,0.03782883181921093,-0.029086032730555322,0.0269917689919865,KGE
unified_1981_2015,hysets_01605500,1,1,Koppen_Class_All,463,12783,-0.18169261095508582,-0.38784294538940545,0.01851667506231262,KGE
unified_1981_2015,hysets_01606500,3,1,Koppen_Class_All,456,12782,-0.15127244263414696,-0.18560607538402651,0.020349209474209096,KGE
unified_1981_2015,hysets_01611500,5,1,Koppen_Class_All,449,12417,-0.5629182453681953,-0.5313241460993638,0.04968672955120956,KGE
unified_1981_2015,hysets_01665500,3,0,Koppen_Class_All,288,11595,-0.058413126327644616,-0.17341459187447938,0.013945136528314694,KGE
unified_1981_2015,hysets_01669520,2,1,Koppen_Class_All,293,12558,-0.6033260184835318,-0.14510601768850062,0.036417496489886333,KGE
unified_1981_2015,hysets_01673800,1,1,Koppen_Class_All,287,12783,-0.2786678406660239,-0.4435529418082964,0.04878904681998186,KGE
unified_1981_2015,hysets_01AJ010,2,1,Koppen_Class_All,452,12783,0.15148209379311905,0.0968903402775656,0.04102228390295598,KGE
unified_1981_2015,hysets_01AK001,3,1,Koppen_Class_All,456,12783,0.1850471796915094,0.17578794741950188,0.07794421164961045,KGE
unified_1981_2015,hysets_01AK007,1,1,Koppen_Class_All,463,12783,0.11750601021719786,0.04960941436212418,0.04784634796988495,KGE
unified_1981_2015,hysets_01AL002,2,1,Koppen_Class_All,452,12783,0.17040957101991938,0.10432501447077325,0.04155944591658496,KGE
unified_1981_2015,hysets_01AM001,4,1,Koppen_Class_All,452,12783,0.14389638284720807,0.07757974149781288,0.04960275995663182,KGE
unified_1981_2015,hysets_01AN002,1,1,Koppen_Class_All,463,12783,0.13718097552823094,0.10894350008489506,0.05685581163500021,KGE
unified_1981_2015,hysets_01AP002,4,1,Koppen_Class_All,452,12783,0.11582563762807507,0.06281122478239032,0.05027698525370022,KGE
unified_1981_2015,hysets_01AQ001,4,1,Koppen_Class_All,452,12783,0.054608287922977006,-0.024101486062624966,0.048959726939477255,KGE
unified_1981_2015,hysets_01BJ003,1,1,Koppen_Class_All,463,12783,0.19310533276674446,0.12402107256323558,0.06905127058686596,KGE
unified_1981_2015,hysets_01BL002,3,1,Koppen_Class_All,456,12783,0.2126649592830967,0.206047507387909,0.05017025661010784,KGE
unified_1981_2015,hysets_01BQ001,2,1,Koppen_Class_All,452,12783,0.21891455057619302,0.17587290243880338,0.05696626934120222,KGE
unified_1981_2015,hysets_01BS001,3,1,Koppen_Class_All,456,12783,0.1202585005248008,0.05598002569068483,0.05066915639105186,KGE
unified_1981_2015,hysets_01BU002,1,1,Koppen_Class_All,463,12783,0.07602825630532906,0.030310278915608002,0.05245523554134112,KGE
unified_1981_2015,hysets_01BV006,1,1,Koppen_Class_All,463,12783,0.0029705138715878654,-0.14725595712728445,0.05365194915453744,KGE
unified_1981_2015,hysets_01DR001,2,1,Koppen_Class_All,452,12783,-0.004243110222933,-0.09604610043184714,0.06690911727169173,KGE
unified_1981_2015,hysets_01EC001,5,1,Koppen_Class_All,449,12783,-0.19036511594609817,-0.1076373334220313,0.08974327548480265,KGE
unified_1981_2015,hysets_01ED007,2,1,Koppen_Class_All,452,12783,-0.02811192825877562,-0.0383267913881673,0.06434106663031422,KGE
unified_1981_2015,hysets_01EF001,3,1,Koppen_Class_All,456,12783,-0.0022726810029252142,-0.03862296070544091,0.06036848935952441,KGE
unified_1981_2015,hysets_01EO001,5,1,Koppen_Class_All,449,12783,-0.023832706780116286,-0.11577092359738694,0.05443133654979248,KGE
unified_1981_2015,hysets_01FB001,5,1,Koppen_Class_All,449,12783,-0.08217689188915189,-0.17795335498849774,0.04784375763030709,KGE
unified_1981_2015,hysets_01FB003,4,1,Koppen_Class_All,452,12783,-0.1857536468673917,0.11375448872007976,0.14660039089383,KGE
unified_1981_2015,hysets_02011400,5,1,Koppen_Class_All,449,12783,-0.2849754495667305,-0.24660373741750186,0.035457342999040145,KGE
unified_1981_2015,hysets_02011460,5,1,Koppen_Class_All,449,12783,0.037321478955637755,-0.05491819841214585,0.028459049516494108,KGE
unified_1981_2015,hysets_02013000,3,1,Koppen_Class_All,456,12783,-0.23328391712724983,-0.39136996699239956,0.03960963307759331,KGE
unified_1981_2015,hysets_02014000,2,1,Koppen_Class_All,452,12783,-0.20728175940813598,-0.2026241464683447,0.04561749065087252,KGE
unified_1981_2015,hysets_02015700,2,1,Koppen_Class_All,452,12783,-0.014690030080940275,-0.03315435711541115,0.03133197268923845,KGE
unified_1981_2015,hysets_02016000,5,1,Koppen_Class_All,449,12783,-0.08120551441889745,-0.13865799826304848,0.03199895305050626,KGE
unified_1981_2015,hysets_02017500,5,1,Koppen_Class_All,449,12783,-0.12236924403696947,-0.09982139038745275,0.050979404628225,KGE
unified_1981_2015,hysets_02018000,3,1,Koppen_Class_All,456,12783,-0.20127536194071682,-0.2290481916621514,0.03738262209318915,KGE
unified_1981_2015,hysets_02020500,4,1,Koppen_Class_All,452,12053,-0.01197482097498348,-0.21830657033501666,0.020892105419279418,KGE
unified_1981_2015,hysets_02021500,3,1,Koppen_Class_All,456,12783,-0.0975184997499865,-0.23042052442917393,0.02203439103301097,KGE
unified_1981_2015,hysets_02027000,4,0,Koppen_Class_All,290,12783,0.03338980835708327,0.05792716121545727,0.0340198695494406,KGE
unified_1981_2015,hysets_02028500,4,0,Koppen_Class_All,290,12783,-0.023789006864390005,0.03585663342423995,0.04135335638039982,KGE
unified_1981_2015,hysets_02030000,4,1,Koppen_Class_All,290,12427,-0.3179768255226094,-0.19757560683198272,0.0389394800578287,KGE
unified_1981_2015,hysets_02041000,4,1,Koppen_Class_All,290,12783,-0.39047042099341356,-0.5823664426434199,0.04544425923557896,KGE
unified_1981_2015,hysets_02046000,4,1,Koppen_Class_All,290,12783,-0.40291000830410373,-0.5507776159413096,0.0316555837179495,KGE
unified_1981_2015,hysets_02212600,4,1,Koppen_Class_All,290,12783,-0.27559121376136186,-0.8518499004952478,0.03826869028600062,KGE
unified_1981_2015,hysets_02325000,1,1,Koppen_Class_All,287,12228,-3.7241993752327582,-0.37452293279332083,0.24748201587053179,KGE
unified_1981_2015,hysets_02326000,3,1,Koppen_Class_All,288,12783,-2.889669975750182,-1.0354575901268293,0.23115941923965455,KGE
unified_1981_2015,hysets_02327100,1,1,Koppen_Class_All,287,12783,-0.058553794437033124,-0.12327998959080633,0.03365510781667227,KGE
unified_1981_2015,hysets_02331600,1,1,Koppen_Class_All,287,12783,0.04110141930267219,0.2564743149879539,0.04525289330973354,KGE
unified_1981_2015,hysets_02373000,5,1,Koppen_Class_All,302,12783,-0.010611995264514507,-0.05469111460746601,0.04507423396473061,KGE
unified_1981_2015,hysets_02374500,3,1,Koppen_Class_All,288,12783,-0.1322709862494782,0.14872547782174772,0.037272214268000814,KGE
unified_1981_2015,hysets_02380500,2,1,Koppen_Class_All,293,12783,0.0635227051063959,0.31903326380181185,0.04217399111825109,KGE
unified_1981_2015,hysets_02401390,4,1,Koppen_Class_All,290,12783,0.10181023001016565,0.016530376546218584,0.04676257549955344,KGE
unified_1981_2015,hysets_02450250,3,1,Koppen_Class_All,288,12783,0.0924126520141807,-0.013294405885043936,0.047134105964039004,KGE
unified_1981_2015,hysets_02469800,5,1,Koppen_Class_All,302,12783,0.042533073792084486,-0.02181995945043269,0.039152330295847186,KGE
unified_1981_2015,hysets_02479155,1,1,Koppen_Class_All,287,12783,0.047812311613977365,-0.056288180370039465,0.025521131618276485,KGE
unified_1981_2015,hysets_02479300,1,0,Koppen_Class_All,287,12783,0.0458486796816564,0.08333174826854528,0.05070743959189489,KGE
unified_1981_2015,hysets_02479560,3,1,Koppen_Class_All,288,12783,0.07738727792191269,0.11138742196119655,0.0563489075408977,KGE
unified_1981_2015,hysets_02AB017,5,1,Koppen_Class_All,449,12765,-0.46112072813202487,-0.6050406603496206,0.0724561711487757,KGE
unified_1981_2015,hysets_02AC001,3,1,Koppen_Class_All,456,11997,-0.9980961193533464,-0.6246239187793354,0.07433294526555831,KGE
unified_1981_2015,hysets_02AD010,2,1,Koppen_Class_All,452,12672,-0.39276818197477126,-0.19307945568935825,0.08072650574219697,KGE
unified_1981_2015,hysets_02BA003,2,1,Koppen_Class_All,452,12782,-0.3833882779877549,-0.09196399829508284,0.08828955550706508,KGE
unified_1981_2015,hysets_02BF001,4,1,Koppen_Class_All,452,12783,0.05670146782314167,0.06665272326644123,0.07170451602601938,KGE
unified_1981_2015,hysets_02BF002,1,1,Koppen_Class_All,463,12783,-0.016295907699246603,0.05156798864482226,0.07816978670255027,KGE
unified_1981_2015,hysets_02CB003,2,1,Koppen_Class_All,452,12783,-0.3167007787504832,-0.09399679022785024,0.10204569678591559,KGE
unified_1981_2015,hysets_02CD006,2,1,Koppen_Class_All,452,12783,-0.180651376493979,0.20019058539339796,0.12470943395960202,KGE
unified_1981_2015,hysets_02DD015,1,1,Koppen_Class_All,463,12783,-0.034922970980289625,0.04988096576275203,0.07820648045951008,KGE
unified_1981_2015,hysets_02HL003,5,1,Koppen_Class_All,449,12783,-0.4458538377005685,-0.07053829286713875,0.1177947750603417,KGE
unified_1981_2015,hysets_02HL004,5,1,Koppen_Class_All,449,12783,-0.4238235672730264,-0.08705598856410846,0.09897870932664433,KGE
unified_1981_2015,hysets_02JC008,1,1,Koppen_Class_All,463,12781,-0.20903663192490485,0.014951687093799682,0.11726548988604615,KGE
unified_1981_2015,hysets_02YC001,1,1,Koppen_Class_All,463,12783,0.06245712020632388,0.011673152589162017,0.07476835176268536,KGE
unified_1981_2015,hysets_02YD002,1,1,Koppen_Class_All,463,12783,0.220841706325273,0.14860195542734933,0.09344630803901893,KGE
unified_1981_2015,hysets_02YJ001,4,1,Koppen_Class_All,452,12783,-0.0469163318320438,-0.03449877150065528,0.08532408701618155,KGE
unified_1981_2015,hysets_02YK002,3,1,Koppen_Class_All,456,12663,-0.006314938688819494,-0.025787268512099226,0.10064594565862049,KGE
unified_1981_2015,hysets_02YK005,1,1,Koppen_Class_All,463,12783,0.1948599009413583,0.1692159026211688,0.08912515543175449,KGE
unified_1981_2015,hysets_02YN002,5,1,Koppen_Class_All,449,12783,-0.044145665644420795,-0.10544335531444182,0.07732360223782221,KGE
unified_1981_2015,hysets_02YO006,5,1,Koppen_Class_All,449,12783,0.0642303873661687,-0.008821837881772598,0.04499392447753674,KGE
unified_1981_2015,hysets_02YO008,2,1,Koppen_Class_All,452,11688,0.0546807464870992,-0.009687768592287593,0.0804837027905116,KGE
unified_1981_2015,hysets_02YR001,1,1,Koppen_Class_All,463,12783,0.08566722691737172,0.18645662792721052,0.09877875682310497,KGE
unified_1981_2015,hysets_02YR003,4,1,Koppen_Class_All,452,12783,0.11284525226672892,0.2096063478864948,0.09881366594027448,KGE
unified_1981_2015,hysets_02ZB001,1,1,Koppen_Class_All,463,12783,-0.12580816252091043,-0.31173284459810646,0.05255247041856802,KGE
unified_1981_2015,hysets_02ZC002,3,1,Koppen_Class_All,456,12418,-0.08459241184700406,-0.30033245246679474,0.06334566726257426,KGE
unified_1981_2015,hysets_02ZF001,3,1,Koppen_Class_All,456,12783,-0.14126225132038783,-0.01383083111376937,0.06349912113878657,KGE
unified_1981_2015,hysets_02ZG001,5,1,Koppen_Class_All,449,12783,-0.2739000847128015,-0.25533084379341076,0.056347388310539356,KGE
unified_1981_2015,hysets_02ZG003,3,1,Koppen_Class_All,456,12783,-0.14077698923482362,-0.30957491781415447,0.06303494460827495,KGE
unified_1981_2015,hysets_02ZH001,3,1,Koppen_Class_All,456,12783,-0.08181906360604074,-0.15117179082594956,0.05685469238727094,KGE
unified_1981_2015,hysets_02ZK001,2,1,Koppen_Class_All,452,12783,-0.18641590381994133,-0.2812222587769393,0.0626072704008353,KGE
unified_1981_2015,hysets_02ZK004,2,1,Koppen_Class_All,452,12053,-0.15837008327087254,-0.3796696220517961,0.06208970823488653,KGE
unified_1981_2015,hysets_03010500,2,0,Koppen_Class_All,452,12783,-0.007826665777744823,0.059933719683144315,0.0724401489150573,KGE
unified_1981_2015,hysets_03010655,1,1,Koppen_Class_All,463,12783,-0.035386292815455356,0.005024634030076247,0.06902490294541823,KGE
unified_1981_2015,hysets_03021350,3,0,Koppen_Class_All,456,12783,-0.014695917735249475,-0.17060930203852087,0.07666671379617916,KGE
unified_1981_2015,hysets_03028000,1,1,Koppen_Class_All,463,12783,0.024443348627456563,-0.005682466992112056,0.04250263917225266,KGE
unified_1981_2015,hysets_03065000,1,1,Koppen_Class_All,463,12053,0.04071626118009308,-0.056173852361638854,0.03458913943484485,KGE
unified_1981_2015,hysets_03070500,1,1,Koppen_Class_All,463,12783,0.012611512126695423,-0.05768535158971,0.057597315995786116,KGE
unified_1981_2015,hysets_03072000,1,1,Koppen_Class_All,463,12783,-0.16056137388264147,-0.21850032492573424,0.06431694104881676,KGE
unified_1981_2015,hysets_03110000,4,1,Koppen_Class_All,452,12783,-0.3321082317565025,-0.2470724552552177,0.03980822714854177,KGE
unified_1981_2015,hysets_03151400,5,1,Koppen_Class_All,449,12052,0.02774164772423038,-0.06770407627391761,0.03988140159045436,KGE
unified_1981_2015,hysets_03159540,3,1,Koppen_Class_All,456,12782,-0.20167493469820563,-0.39643280319647745,0.042727152441679406,KGE
unified_1981_2015,hysets_03180500,4,1,Koppen_Class_All,452,12783,0.07062288943787931,-0.016177067806943723,0.032776441573788936,KGE
unified_1981_2015,hysets_03182500,3,1,Koppen_Class_All,456,12783,0.01784365865585935,-0.04327707830036975,0.03581847131404485,KGE
unified_1981_2015,hysets_03186500,3,1,Koppen_Class_All,456,12783,0.012262914437013328,-0.11442397011497873,0.05774612509183405,KGE
unified_1981_2015,hysets_03187500,2,1,Koppen_Class_All,452,12265,0.010809770550277875,-0.11904080273757756,0.04891904203785481,KGE
unified_1981_2015,hysets_03189100,2,1,Koppen_Class_All,452,11661,0.02818744424872166,-0.07197582043656947,0.06548499906095862,KGE
unified_1981_2015,hysets_03194700,3,1,Koppen_Class_All,456,12052,0.020642438399375296,-0.07938576676466802,0.06102997355718825,KGE
unified_1981_2015,hysets_03198500,5,0,Koppen_Class_All,449,12783,-0.09906160168849887,-0.061357312591388435,0.05288169546891639,KGE
unified_1981_2015,hysets_03202400,5,1,Koppen_Class_All,449,12783,-0.13182997758548587,-0.07401578757287264,0.0369625649362635,KGE
unified_1981_2015,hysets_03202750,2,1,Koppen_Class_All,452,12783,-0.05929791519044603,-0.08701891024240749,0.060086078683194453,KGE
unified_1981_2015,hysets_03207800,1,1,Koppen_Class_All,287,12783,-0.22990252419211066,0.01302544849021292,0.038679934333867835,KGE
unified_1981_2015,hysets_03208500,2,1,Koppen_Class_All,293,12783,-0.1005039941211261,-0.05468539344795076,0.04034360878731596,KGE
unified_1981_2015,hysets_03210000,2,1,Koppen_Class_All,293,12418,-0.17760772376804446,-0.15239400966461547,0.03422522215781084,KGE
unified_1981_2015,hysets_03217000,3,1,Koppen_Class_All,288,12783,-0.039656567746117144,-0.09622000931426022,0.02817780406675777,KGE
unified_1981_2015,hysets_03280700,2,1,Koppen_Class_All,293,12783,0.012971472336375633,-0.05382659514389254,0.040562528292829796,KGE
unified_1981_2015,hysets_03460000,4,1,Koppen_Class_All,290,12783,0.09265677409970463,0.1739882269902524,0.04817938480575236,KGE
unified_1981_2015,hysets_03497300,4,1,Koppen_Class_All,290,12783,0.08283417947113547,0.049092323421521145,0.03697132503754154,KGE
unified_1981_2015,hysets_03512000,3,1,Koppen_Class_All,288,12783,0.04424488749595901,0.14420256588536973,0.05895634915662372,KGE
unified_1981_2015,hysets_03574500,4,1,Koppen_Class_All,290,12783,0.10887848114049292,0.00556305892102249,0.027080039179596872,KGE
unified_1981_2015,hysets_04015330,4,1,Koppen_Class_All,452,12783,-0.10248776259333514,-0.365755161244369,0.02055993960770908,KGE
unified_1981_2015,hysets_04024430,2,1,Koppen_Class_All,452,12783,-0.47258570438015646,-0.48522951281381,0.04775390740843915,KGE
unified_1981_2015,hysets_04025500,2,1,Koppen_Class_All,452,11961,-2.4042627698562082,0.014750356299805922,0.08500719514159898,KGE
unified_1981_2015,hysets_04057510,2,1,Koppen_Class_All,452,12783,-1.9058601144054395,-0.3607514550866404,0.14528703442325283,KGE
unified_1981_2015,hysets_04063700,5,1,Koppen_Class_All,449,12783,-3.1395084525035637,-0.9165442081381932,0.15265785793522785,KGE
unified_1981_2015,hysets_04256000,4,1,Koppen_Class_All,452,12783,0.07040399992911273,0.02922476698331644,0.04533593905210779,KGE
unified_1981_2015,hysets_04262500,1,1,Koppen_Class_All,463,12783,0.03257343211319286,0.06001100229041423,0.07440844984069658,KGE
unified_1981_2015,hysets_04269000,4,1,Koppen_Class_All,452,12417,0.07328650630600109,0.22774324742002772,0.07736314796737866,KGE
unified_1981_2015,hysets_04287000,4,0,Koppen_Class_All,452,12783,0.12458122110549452,0.09026828334362058,0.03228857749460894,KGE
unified_1981_2015,hysets_04296000,5,1,Koppen_Class_All,449,12783,0.15542071376199962,0.17612108082697286,0.07796861816888172,KGE
unified_1981_2015,hysets_05AA008,2,1,Koppen_Class_All,452,12783,-0.26482534489419196,-0.056499503820285346,0.06994938359354289,KGE
unified_1981_2015,hysets_05BG006,2,0,Koppen_Class_All,452,12783,-1.6163334936076792,-1.3715705259606445,0.036307318343750596,KGE
unified_1981_2015,hysets_05DA009,1,0,Koppen_Class_All,35,12783,0.4937706618842287,0.37114683604932,0.1450351292731427,KGE
unified_1981_2015,hysets_05DC006,1,1,Koppen_Class_All,463,12783,-1.5819565749247082,-0.9649075556250439,0.0468359725844464,KGE
unified_1981_2015,hysets_05QE008,5,1,Koppen_Class_All,449,12783,-12.55634757763965,-1.545888931612402,0.6199095023687915,KGE
unified_1981_2015,hysets_05QE009,3,1,Koppen_Class_All,456,12667,-8.102696560892783,-1.7528159858254284,0.3039627868957297,KGE
unified_1981_2015,hysets_05QE012,4,1,Koppen_Class_All,452,12783,-9.55934513764643,-1.6571602973495096,0.5293812836020235,KGE
unified_1981_2015,hysets_05TG002,4,1,Koppen_Class_All,452,12000,-6.319839096326146,-2.4084159444437194,0.2725412636429273,KGE
unified_1981_2015,hysets_05UF004,2,1,Koppen_Class_All,452,12584,-0.32760890708435,-0.14804670644356843,0.1091751558950713,KGE
unified_1981_2015,hysets_06019500,5,1,Koppen_Class_All,449,12663,-29.97751561380428,-4.372346082678769,0.3456242395697434,KGE
unified_1981_2015,hysets_06191000,2,1,Koppen_Class_All,452,11597,-0.5103946455840789,-0.04979813678117506,0.15625315171651716,KGE
unified_1981_2015,hysets_06200000,1,1,Koppen_Class_All,463,12782,-0.16146923310936678,-0.29481745757178857,0.10753407038765075,KGE
unified_1981_2015,hysets_06224000,3,1,Koppen_Class_All,456,12783,0.10497490877114668,0.10303028054354568,0.1011195927297647,KGE
unified_1981_2015,hysets_06289000,1,1,Koppen_Class_All,463,12783,-1.866784137295936,-0.7378993271711076,0.15897076614005282,KGE
unified_1981_2015,hysets_06309200,4,1,Koppen_Class_All,452,12783,-0.8073710467375592,-1.538452199849703,0.08670985493766184,KGE
unified_1981_2015,hysets_06332515,2,1,Koppen_Class_All,452,12783,-40.02688218017621,-32.970954862183525,0.25377926386343186,KGE
unified_1981_2015,hysets_06339100,1,0,Koppen_Class_All,463,12783,-29.21909770675768,-27.328736472212167,0.13312101889993389,KGE
unified_1981_2015,hysets_06344600,1,0,Koppen_Class_All,463,12783,-19.43880740440175,-23.592794790011148,0.11547891974220674,KGE
unified_1981_2015,hysets_06400875,3,1,Koppen_Class_All,456,11902,-34.11717479834969,-54.41437021077242,0.10630760608984526,KGE
unified_1981_2015,hysets_06404000,3,1,Koppen_Class_All,456,12783,-17.61648269978501,-11.217638946943861,0.11839058187060075,KGE
unified_1981_2015,hysets_06406000,4,1,Koppen_Class_All,452,12783,-77.18431518077738,-17.757715952253935,0.3278855051773965,KGE
unified_1981_2015,hysets_06409000,1,1,Koppen_Class_All,463,12783,-371.807970689562,-11.96192787179107,1.1698929376203964,KGE
unified_1981_2015,hysets_06422500,2,1,Koppen_Class_All,452,12783,-19.63075005909767,-6.872238413354104,0.1939569785486582,KGE
unified_1981_2015,hysets_06623800,5,1,Koppen_Class_All,449,12783,0.24220839993986987,0.15410047594503795,0.10238396332484252,KGE
unified_1981_2015,hysets_06712000,1,1,Koppen_Class_All,463,12783,-278.32115511556043,-34.43975269671974,0.5100213708389927,KGE
unified_1981_2015,hysets_06719505,3,1,Koppen_Class_All,456,12782,-6.470282873970257,-2.3343599575338128,0.32100533043555934,KGE
unified_1981_2015,hysets_06876700,2,1,Koppen_Class_All,452,12783,-8.530828192850963,-10.410802897293262,0.10350058972352669,KGE
unified_1981_2015,hysets_06FD002,4,1,Koppen_Class_All,452,11818,-1.114917596555859,-0.9942323841430629,0.12540909847454276,KGE
unified_1981_2015,hysets_07060710,1,1,Koppen_Class_All,287,12783,-0.11985708228393088,-0.7759523861291497,0.01995808701046215,KGE
unified_1981_2015,hysets_07124200,2,1,Koppen_Class_All,452,12783,-86.45324338273753,-12.221148711910649,0.2774945755963943,KGE
unified_1981_2015,hysets_07203000,3,1,Koppen_Class_All,456,12783,-237.49885089897032,-30.21684107441961,0.2970609399623453,KGE
unified_1981_2015,hysets_07207500,3,1,Koppen_Class_All,456,12783,-130.30000791480774,-26.213491768775267,0.47803405198784665,KGE
unified_1981_2015,hysets_07208500,5,1,Koppen_Class_All,449,12783,-26.41078335002143,-7.856382860928955,0.15921343645559322,KGE
unified_1981_2015,hysets_07291000,1,1,Koppen_Class_All,287,12053,0.01889839400483273,-0.16306347444132796,0.030808167240217163,KGE
unified_1981_2015,hysets_07299670,1,1,Koppen_Class_All,287,12783,-12.652969528819556,-19.005291242645285,0.07598519532977072,KGE
unified_1981_2015,hysets_07315200,3,1,Koppen_Class_All,288,12783,-1.5392124373335307,-7.832002732215681,0.028835440805556677,KGE
unified_1981_2015,hysets_07335700,1,1,Koppen_Class_All,287,12783,0.03141962483573313,-0.16109158244091315,0.029551544896734946,KGE
unified_1981_2015,hysets_07337900,3,1,Koppen_Class_All,288,12783,0.023596296325451904,-0.12157874695579429,0.0419843639754018,KGE
unified_1981_2015,hysets_07340300,4,1,Koppen_Class_All,290,12783,0.035713621071225554,-0.13520426753644754,0.04716063393834135,KGE
unified_1981_2015,hysets_07352000,5,1,Koppen_Class_All,302,12783,-0.007422641442125677,-0.1448318246722029,0.04455404250130584,KGE
unified_1981_2015,hysets_07361500,3,1,Koppen_Class_All,288,12783,0.032079856130380446,-0.10339540214742571,0.04362165909768068,KGE
unified_1981_2015,hysets_07362100,3,1,Koppen_Class_All,288,12783,-0.06059419551067102,-0.25604122020549713,0.0346016284964029,KGE
unified_1981_2015,hysets_07373000,1,1,Koppen_Class_All,287,12783,-0.025328059220280696,-0.23169866565171682,0.024347059398763256,KGE
unified_1981_2015,hysets_07376000,1,1,Koppen_Class_All,287,12418,0.02775376896724524,0.026889138838667392,0.03900337359765646,KGE
unified_1981_2015,hysets_07377000,3,0,Koppen_Class_All,288,12783,0.04648734815100353,-0.016058019827335235,0.02986074719761681,KGE
unified_1981_2015,hysets_07BJ001,5,1,Koppen_Class_All,449,12783,-1.132475860312168,-1.5678330963040503,0.06590965691788121,KGE
unified_1981_2015,hysets_07MA003,4,1,Koppen_Class_All,452,12728,-42.46586047183939,-3.023255453025371,0.765367806206687,KGE
unified_1981_2015,hysets_07SB013,5,0,Koppen_Class_All,449,11791,-25.961349518366426,-10.835199875436691,0.37639160893050655,KGE
unified_1981_2015,hysets_08013000,3,1,Koppen_Class_All,288,12768,0.06566563336082898,-0.0219626730712148,0.03915438019069273,KGE
unified_1981_2015,hysets_08013500,4,1,Koppen_Class_All,290,12417,0.04076646316798904,-0.043846660468120024,0.04511403583894602,KGE
unified_1981_2015,hysets_08014500,1,1,Koppen_Class_All,287,12783,0.009581855581729415,-0.014316156081755071,0.03529863531709444,KGE
unified_1981_2015,hysets_08025500,4,1,Koppen_Class_All,290,12052,0.02666346463615643,-0.24701392376651765,0.032186153648564864,KGE
unified_1981_2015,hysets_08029500,5,1,Koppen_Class_All,302,12783,-0.08949466455706578,-0.2617826376940955,0.016908189014386094,KGE
unified_1981_2015,hysets_08065800,1,1,Koppen_Class_All,287,12783,-0.3216827810797953,-1.2733137379137514,0.03778745032025497,KGE
unified_1981_2015,hysets_08066200,2,1,Koppen_Class_All,293,12783,-0.07599911654620084,-0.7812314591051845,0.020553226673527453,KGE
unified_1981_2015,hysets_08068720,1,1,Koppen_Class_All,287,12596,-1.2584057880408395,-2.278933510612758,0.12446086534354904,KGE
unified_1981_2015,hysets_08070000,4,1,Koppen_Class_All,290,12695,-0.23959640345963118,-0.9142925298637614,0.021993187194000837,KGE
unified_1981_2015,hysets_08082700,4,1,Koppen_Class_All,290,12783,-4.264662959077807,-23.048708735239984,0.031241266699504958,KGE
unified_1981_2015,hysets_08084800,3,1,Koppen_Class_All,288,12783,-22.602539233619602,-23.53930692799541,0.15081258952632143,KGE
unified_1981_2015,hysets_08086212,5,1,Koppen_Class_All,302,12783,-7.24784075717106,-24.102103413333776,0.05455935541132776,KGE
unified_1981_2015,hysets_08150800,3,1,Koppen_Class_All,288,12783,-10.520141178351464,-20.783950848875087,0.05152778340268556,KGE
unified_1981_2015,hysets_08164300,2,1,Koppen_Class_All,293,12783,-0.5759176640828121,-3.1541822085488445,0.03477208471445398,KGE
unified_1981_2015,hysets_08165300,1,1,Koppen_Class_All,287,12783,-2.554372290536793,-7.320435573688055,0.029279008939258513,KGE
unified_1981_2015,hysets_08165500,3,1,Koppen_Class_All,288,12761,-2.7679883295456906,-6.173823385505878,0.03189574501224831,KGE
unified_1981_2015,hysets_08171000,5,1,Koppen_Class_All,302,12783,-0.5631954703911852,-2.2744283135286447,0.015999239468733148,KGE
unified_1981_2015,hysets_08175000,5,1,Koppen_Class_All,302,12783,-1.4992788479149257,-6.814348345552367,0.024491432905816228,KGE
unified_1981_2015,hysets_08176900,1,0,Koppen_Class_All,287,12568,-1.9681910548955859,-7.378849638874275,0.0384018960006865,KGE
unified_1981_2015,hysets_08178880,4,1,Koppen_Class_All,290,12145,-0.278801592030262,-2.6012095834076217,0.01233979853979699,KGE
unified_1981_2015,hysets_08189500,2,0,Koppen_Class_All,293,12783,-3.5066039084828464,-8.296922681874245,0.053138429925037894,KGE
unified_1981_2015,hysets_08194200,5,1,Koppen_Class_All,13,12783,-0.02408363647148004,-0.01526021841519265,0.02285232379686238,KGE
unified_1981_2015,hysets_08195000,2,1,Koppen_Class_All,293,12783,-2.234317083409814,-3.648070310412896,0.038530111493561905,KGE
unified_1981_2015,hysets_08198000,5,1,Koppen_Class_All,302,12782,-1.8639160782006114,-3.8997588956177456,0.03078884230948478,KGE
unified_1981_2015,hysets_08198500,1,1,Koppen_Class_All,287,12783,-1.8815724823974826,-11.039035621887733,0.02904266921916971,KGE
unified_1981_2015,hysets_08201500,1,0,Koppen_Class_All,287,12782,-1.0654516914794274,-3.1466963621259003,0.02548115793545372,KGE
unified_1981_2015,hysets_08202700,3,0,Koppen_Class_All,288,12783,-2.7566250854706356,-36.02972209251818,0.02756306253102283,KGE
unified_1981_2015,hysets_08247500,2,1,Koppen_Class_All,452,12783,-13.012987365479175,-8.003786208236825,0.3292731172582967,KGE
unified_1981_2015,hysets_08269000,3,1,Koppen_Class_All,456,12783,-6.7587063561840335,-3.1557275780740808,0.22212266863166807,KGE
unified_1981_2015,hysets_08279000,2,1,Koppen_Class_All,452,12560,-19.913054374569054,-5.728802748902888,0.265169017324662,KGE
unified_1981_2015,hysets_08284100,1,1,Koppen_Class_All,463,12783,-0.5792993411134904,-0.9493603652432914,0.11250609001615296,KGE
unified_1981_2015,hysets_08289000,3,1,Koppen_Class_All,456,12783,-41.82179893784157,-11.879943000947726,0.6232695171607885,KGE
unified_1981_2015,hysets_08291000,2,1,Koppen_Class_All,452,12783,-13.498619842033879,-3.4737526142244572,0.2698750763584186,KGE
unified_1981_2015,hysets_08324000,4,1,Koppen_Class_All,452,12783,-76.40441259373497,-12.056127566739526,0.6851933495316073,KGE
unified_1981_2015,hysets_08334000,4,1,Koppen_Class_All,452,12783,-341.6857833401996,-61.38884282641222,0.8209351472115438,KGE
unified_1981_2015,hysets_08378500,5,1,Koppen_Class_All,449,12783,-3.959271579071183,-1.766103946875302,0.16596957384566538,KGE
unified_1981_2015,hysets_08401200,4,1,Koppen_Class_All,18,12032,-0.9326924521480897,-4.775836912733774,0.017083510181332584,KGE
unified_1981_2015,hysets_08401900,5,1,Koppen_Class_All,13,12783,-0.3310320948175143,-2.234361456191909,0.017972778729579645,KGE
unified_1981_2015,hysets_08405150,5,1,Koppen_Class_All,13,12783,-0.605117837613153,-4.811795976000826,0.018767623835362176,KGE
unified_1981_2015,hysets_08405500,3,1,Koppen_Class_All,16,12783,-8.71623127359941,-1.3499498377220176,0.051359955713551696,KGE
unified_1981_2015,hysets_08AA008,1,1,Koppen_Class_All,35,12589,-13.912720000584011,-3.0224916896443927,0.43929053475248087,KGE
unified_1981_2015,hysets_08AA009,4,1,Koppen_Class_All,452,12695,-15.154643359259712,-5.122193314600081,0.28333977994556603,KGE
unified_1981_2015,hysets_08AC001,2,1,Koppen_Class_All,41,11614,0.10203163331379927,0.2459224584612132,0.07618647665885751,KGE
unified_1981_2015,hysets_08EB004,5,1,Koppen_Class_All,449,12783,0.2877530646932108,0.26872141181640896,0.05171305701411902,KGE
unified_1981_2015,hysets_08ED001,4,1,Koppen_Class_All,452,12699,-0.021153009754895313,-0.022669666054342397,0.12589125154869973,KGE
unified_1981_2015,hysets_08ED002,2,0,Koppen_Class_All,452,12783,-0.1675589709297194,-0.07270267294341659,0.18228691289027174,KGE
unified_1981_2015,hysets_08EE008,2,1,Koppen_Class_All,452,12783,0.12021641415644335,0.15591898887157818,0.07222800787796362,KGE
unified_1981_2015,hysets_08EE013,4,1,Koppen_Class_All,452,12715,-0.5733990475094357,-1.0071613764112417,0.11285263718588896,KGE
unified_1981_2015,hysets_08EE020,3,1,Koppen_Class_All,45,12783,0.2626852106928427,0.19523294682145753,0.05922992311023879,KGE
unified_1981_2015,hysets_08EG012,5,1,Koppen_Class_All,449,12783,-0.6940931793317893,-0.4442868790836534,0.10091155168452502,KGE
unified_1981_2015,hysets_08FE003,2,1,Koppen_Class_All,452,12783,-0.41042948529642365,-0.34012185517613247,0.0739344501744739,KGE
unified_1981_2015,hysets_08FF001,3,1,Koppen_Class_All,456,12783,-0.3990451369642751,-0.24054037411714346,0.051270268498652266,KGE
unified_1981_2015,hysets_08FF002,3,1,Koppen_Class_All,456,12783,-0.26957842657194653,-0.24037830589351583,0.050828010690630476,KGE
unified_1981_2015,hysets_08FF003,4,1,Koppen_Class_All,452,12783,-0.4424332072129724,-0.3300803705823079,0.0559150257275831,KGE
unified_1981_2015,hysets_08GA071,2,1,Koppen_Class_All,452,12709,-0.5541488420320906,-0.31105708240610963,0.1104372726527333,KGE
unified_1981_2015,hysets_08GA072,5,0,Koppen_Class_All,449,12356,-0.4643528457932007,-0.2729101837024941,0.08299573065233395,KGE
unified_1981_2015,hysets_08HA001,5,1,Koppen_Class_All,302,12783,0.055430845216230096,-0.09210643050278455,0.05628223032303635,KGE
unified_1981_2015,hysets_08HA010,1,1,Koppen_Class_All,287,11578,-0.08913130314238349,-0.22675318976992465,0.09214996764514898,KGE
unified_1981_2015,hysets_08HB014,2,1,Koppen_Class_All,293,12743,-0.15857964705100414,-0.34657215520401174,0.08721357893247746,KGE
unified_1981_2015,hysets_08HB074,5,1,Koppen_Class_All,449,12308,-0.3516720823489672,-0.30995486686701335,0.06186968216594252,KGE
unified_1981_2015,hysets_08HD011,2,1,Koppen_Class_All,452,12783,-0.04138154662113225,-0.11423548570270281,0.06365832445845004,KGE
unified_1981_2015,hysets_08HD015,4,1,Koppen_Class_All,452,12459,-0.07284564042726815,-0.19165439621497127,0.06341449248215086,KGE
unified_1981_2015,hysets_08HF004,3,1,Koppen_Class_All,456,12639,-0.15726500488554285,-0.3183980653596994,0.058992644636987834,KGE
unified_1981_2015,hysets_08JD006,4,1,Koppen_Class_All,452,11977,0.27581523893144244,0.20863090664683104,0.07734779028920054,KGE
unified_1981_2015,hysets_08KA007,5,1,Koppen_Class_All,45,12783,0.5980725275354273,0.46594268142268647,0.09106709315344266,KGE
unified_1981_2015,hysets_08KH010,1,1,Koppen_Class_All,463,12686,0.3599927895289148,0.2794408685365626,0.10929735463488402,KGE
unified_1981_2015,hysets_08KH019,5,1,Koppen_Class_All,449,12518,-2.7578477682492486,-1.564252183734665,0.1563966876296003,KGE
unified_1981_2015,hysets_08LB038,2,1,Koppen_Class_All,452,11688,0.1212968966521949,0.0382833296037739,0.13382132222515522,KGE
unified_1981_2015,hysets_08LB069,3,1,Koppen_Class_All,456,12783,0.40329960917519236,0.30915515158035944,0.0921380438265366,KGE
unified_1981_2015,hysets_08LB076,3,1,Koppen_Class_All,456,12644,0.34079382077454967,0.24807254126576062,0.08826297439689508,KGE
unified_1981_2015,hysets_08LE024,5,0,Koppen_Class_All,449,12783,0.10323713734042217,0.06345528079867602,0.1343409951183793,KGE
unified_1981_2015,hysets_08LE027,3,0,Koppen_Class_All,456,12783,0.04707897689784868,0.014662928577560908,0.11429641368082817,KGE
unified_1981_2015,hysets_08LG048,5,0,Koppen_Class_All,449,12783,0.3852758702369695,0.2873948163812028,0.07560689747902509,KGE
unified_1981_2015,hysets_08MA003,4,1,Koppen_Class_All,46,12096,0.6753705298177992,0.5949087410606725,0.1024916762798388,KGE
unified_1981_2015,hysets_08ME023,1,0,Koppen_Class_All,35,12694,-0.19093744924053824,-0.1839154734418338,0.0979423504898807,KGE
unified_1981_2015,hysets_08ME025,4,1,Koppen_Class_All,452,12053,-5.256058647598136,-1.165744244608137,0.25185841012454735,KGE
unified_1981_2015,hysets_08MH016,5,1,Koppen_Class_All,449,12783,-0.4390733722718454,-0.056198832342347904,0.11078485722489989,KGE
unified_1981_2015,hysets_08MH056,3,1,Koppen_Class_All,456,12620,-0.31554260914554066,-0.10105643041354062,0.05058017112149302,KGE
unified_1981_2015,hysets_08MH103,2,1,Koppen_Class_All,452,12783,-0.29136777593826024,0.012884740250854176,0.07408778796121218,KGE
unified_1981_2015,hysets_08MH147,4,1,Koppen_Class_All,452,11698,-0.5354909119285651,-0.3177622660911117,0.07910326757841346,KGE
unified_1981_2015,hysets_08NA006,5,1,Koppen_Class_All,449,12765,0.14762960188057195,0.14182341033872703,0.12751202559483388,KGE
unified_1981_2015,hysets_08NB012,3,1,Koppen_Class_All,456,12179,0.11427361220188792,0.07564845712701385,0.13060672228501544,KGE
unified_1981_2015,hysets_08NB014,5,1,Koppen_Class_All,449,12783,-0.08238283475251174,-0.1745591226090919,0.1311292343171873,KGE
unified_1981_2015,hysets_08ND012,4,1,Koppen_Class_All,452,12783,0.01208957179475767,-0.01793583300395918,0.13309937166787505,KGE
unified_1981_2015,hysets_08ND013,4,1,Koppen_Class_All,452,12783,-0.04492220877518949,-0.059158725424206526,0.13552306514278334,KGE
unified_1981_2015,hysets_08NE039,3,1,Koppen_Class_All,456,12783,0.3893829203136576,0.23154595268849787,0.09729531784503315,KGE
unified_1981_2015,hysets_08NE074,4,1,Koppen_Class_All,452,12783,0.38761533561678085,0.27104474425944036,0.09167481125789317,KGE
unified_1981_2015,hysets_08NF001,5,1,Koppen_Class_All,449,12783,-0.11265939218947119,-0.11966785905853405,0.15198346412862843,KGE
unified_1981_2015,hysets_08NG076,3,1,Koppen_Class_All,456,12783,-0.39897075507619095,-0.3986296849853861,0.09660462470418149,KGE
unified_1981_2015,hysets_08NG077,2,1,Koppen_Class_All,452,12783,0.19165266192916208,0.08671137380989025,0.08810806812785489,KGE
unified_1981_2015,hysets_08NH005,1,1,Koppen_Class_All,463,12783,0.26584865746001873,0.18066366774869147,0.09329448734748677,KGE
unified_1981_2015,hysets_08NH006,4,1,Koppen_Class_All,452,12783,0.19279591993170242,-0.04273983264248171,0.10571807969902591,KGE
unified_1981_2015,hysets_08NH120,1,1,Koppen_Class_All,463,12783,0.3608672287709658,0.24212579425593583,0.06767758192211142,KGE
unified_1981_2015,hysets_08NH130,3,1,Koppen_Class_All,456,12783,0.1638066788214435,0.07775839540806317,0.08802287982526798,KGE
unified_1981_2015,hysets_08NJ160,5,1,Koppen_Class_All,449,12783,0.3077937079874723,0.2166183639698489,0.11316580816831288,KGE
unified_1981_2015,hysets_08NK016,4,1,Koppen_Class_All,452,12783,0.0006883833156090535,0.10285802499945695,0.05119343686601816,KGE
unified_1981_2015,hysets_08NK018,2,1,Koppen_Class_All,452,12783,0.03207544954386343,0.06354939241554403,0.05429157720504057,KGE
unified_1981_2015,hysets_08NK022,4,1,Koppen_Class_All,452,12783,0.18943194990442724,0.199186392342532,0.06514830092729632,KGE
unified_1981_2015,hysets_08NL004,1,1,Koppen_Class_All,463,12783,-1.3623904743414,-1.2971401188952392,0.14307825000204175,KGE
unified_1981_2015,hysets_08NL024,5,1,Koppen_Class_All,449,12783,0.17751929254235033,-0.051747896765317325,0.07373925736330703,KGE
unified_1981_2015,hysets_08NL050,5,1,Koppen_Class_All,449,12783,-1.2245890496494152,-1.5548722824297987,0.10572673869870389,KGE
unified_1981_2015,hysets_08NL071,4,1,Koppen_Class_All,452,12783,0.30887279489793207,0.20630127581713031,0.064566524354791,KGE
unified_1981_2015,hysets_08NN019,3,1,Koppen_Class_All,456,12783,-0.056706585162910716,-0.41512069976052324,0.11884043730676072,KGE
unified_1981_2015,hysets_08OA002,2,1,Koppen_Class_All,293,12398,-0.25972858882895,-0.27841230581215126,0.10519602527772803,KGE
unified_1981_2015,hysets_09059500,4,1,Koppen_Class_All,452,12783,-0.0972635783290201,-0.31584603211997675,0.11095162889960582,KGE
unified_1981_2015,hysets_09165000,3,1,Koppen_Class_All,456,12053,0.15779949524777404,0.048240369135154504,0.11028951762034708,KGE
unified_1981_2015,hysets_09196500,1,1,Koppen_Class_All,463,11731,0.17996736463435958,0.09189683909076496,0.11668214000405304,KGE
unified_1981_2015,hysets_09223000,3,1,Koppen_Class_All,456,12783,-0.6204833686241635,-1.065408108573418,0.11146852709620113,KGE
unified_1981_2015,hysets_09253000,5,1,Koppen_Class_All,449,12231,0.07861757955956661,-0.33227424638482894,0.10589661311657937,KGE
unified_1981_2015,hysets_09255000,2,1,Koppen_Class_All,452,12783,-1.5429559175311924,-1.7103812115938553,0.15978585658358782,KGE
unified_1981_2015,hysets_09266500,2,1,Koppen_Class_All,452,12783,-0.29234940747664173,-0.44527670965513755,0.07159593051483924,KGE
unified_1981_2015,hysets_09289500,1,1,Koppen_Class_All,463,12783,0.17812232601098987,0.10152139033270402,0.07162214198401409,KGE
unified_1981_2015,hysets_09292500,5,1,Koppen_Class_All,449,12783,-0.45306846409978774,-0.16306885477307476,0.11055853593295067,KGE
unified_1981_2015,hysets_09299500,1,1,Koppen_Class_All,463,12783,-0.31621784909213946,-0.23902660638640638,0.08356559919346537,KGE
unified_1981_2015,hysets_09304200,2,1,Koppen_Class_All,452,12783,-1.2421556111777101,-0.4382205399570911,0.17965828662879257,KGE
unified_1981_2015,hysets_09304500,1,1,Koppen_Class_All,463,12783,-1.9673743438498401,-0.6200004351115536,0.18450864592854885,KGE
unified_1981_2015,hysets_09306222,4,1,Koppen_Class_All,452,12783,-845.007282670186,-38.365736852583055,2.739973366416388,KGE
unified_1981_2015,hysets_09310500,3,1,Koppen_Class_All,456,12783,-0.19630451284111516,-0.7930483996580342,0.08953616197449896,KGE
unified_1981_2015,hysets_09312600,4,1,Koppen_Class_All,452,12783,-5.342074167125905,-4.613150806875144,0.16197197841976765,KGE
unified_1981_2015,hysets_09337000,3,1,Koppen_Class_All,456,12782,-393.7974825177277,-24.53069368678605,0.9564231500924605,KGE
unified_1981_2015,hysets_09342500,5,1,Koppen_Class_All,449,12783,0.255250751215254,0.19986610565361662,0.10687804027494532,KGE
unified_1981_2015,hysets_09352900,3,1,Koppen_Class_All,456,12783,0.27229556359783813,0.23645081874976848,0.08922773128729607,KGE
unified_1981_2015,hysets_09386900,1,1,Koppen_Class_All,463,12783,-39.36437253138157,-30.97719800555563,0.15805861572350208,KGE
unified_1981_2015,hysets_09403600,3,1,Koppen_Class_All,456,12783,-888.5933511889465,-37.839331768672814,0.6929180536494445,KGE
unified_1981_2015,hysets_09404450,5,1,Koppen_Class_All,449,12783,-73.13604450556285,-8.253838839533662,0.2460680387305211,KGE
unified_1981_2015,hysets_09405500,4,1,Koppen_Class_All,452,12783,-17.717414769918502,-5.141139748496721,0.18679669153005451,KGE
unified_1981_2015,hysets_09430600,5,0,Koppen_Class_All,449,12783,-1.0150170402087952,-2.8033568083735805,0.02726103045097148,KGE
unified_1981_2015,hysets_09442680,3,1,Koppen_Class_All,456,12783,-85.22027118695853,-31.75629201109639,0.163539867257769,KGE
unified_1981_2015,hysets_09447000,5,1,Koppen_Class_All,302,12783,-7.620127431380169,-14.592540025892898,0.05094077177808106,KGE
unified_1981_2015,hysets_09447800,5,1,Koppen_Class_All,13,12571,-0.26388039947666164,-0.29342783600512323,0.012247085246361675,KGE
unified_1981_2015,hysets_09473000,3,1,Koppen_Class_All,16,12052,-0.06398536216127582,0.11527059911389848,0.017168241955109374,KGE
unified_1981_2015,hysets_09494000,5,1,Koppen_Class_All,449,12783,-20.49704622157224,-5.547713489380972,0.17997762385747604,KGE
unified_1981_2015,hysets_09496500,2,1,Koppen_Class_All,293,12783,-35.488051264079,-22.98084840367272,0.13933413633826963,KGE
unified_1981_2015,hysets_09497800,2,1,Koppen_Class_All,293,12418,-29.29388499275198,-13.050013107910372,0.13464793391309404,KGE
unified_1981_2015,hysets_09497980,4,1,Koppen_Class_All,290,12783,-10.658333855381528,-11.664783760327872,0.08357556308523384,KGE
unified_1981_2015,hysets_09499000,2,0,Koppen_Class_All,293,12783,-2.917674195366473,-7.233926935632745,0.044311970883613175,KGE
unified_1981_2015,hysets_09504420,2,1,Koppen_Class_All,293,12510,-2.7724300066486034,-4.037874315833285,0.05713990085635821,KGE
unified_1981_2015,hysets_09505800,1,1,Koppen_Class_All,287,12783,-5.131022582157676,-7.223681523642121,0.04281122178948227,KGE
unified_1981_2015,hysets_09510200,1,1,Koppen_Class_All,287,12783,-5.2339552813246675,-12.405496019968636,0.06129493099254592,KGE
unified_1981_2015,hysets_09512280,5,1,Koppen_Class_All,13,12783,0.4733377819456147,0.34982030551797016,0.012227660827644888,KGE
unified_1981_2015,hysets_09513780,3,1,Koppen_Class_All,16,12783,0.25302415009220325,-0.05357886550125435,0.015431578965197198,KGE
unified_1981_2015,hysets_09AA012,5,1,Koppen_Class_All,45,12657,-0.8311624257396799,-0.3440184508034858,0.147331429829049,KGE
unified_1981_2015,hysets_09AA013,2,1,Koppen_Class_All,41,11625,0.6578983308426403,0.7278358246173157,0.09997831705326794,KGE
unified_1981_2015,hysets_09AH003,1,1,Koppen_Class_All,463,12337,-5.676556881379685,-3.16785297124454,0.15591197787234468,KGE
unified_1981_2015,hysets_09CA004,1,1,Koppen_Class_All,35,12567,0.20427695995002315,0.24917200439627973,0.04107176188712332,KGE
unified_1981_2015,hysets_09EA004,2,1,Koppen_Class_All,452,12630,-0.5971379398547993,-0.14059438561401194,0.1140246254831314,KGE
unified_1981_2015,hysets_10011500,2,1,Koppen_Class_All,452,12783,0.12996786712012465,-0.01181328176741725,0.10165052449374193,KGE
unified_1981_2015,hysets_10032000,3,1,Koppen_Class_All,456,12783,-0.16404729613860036,-0.027546267705666816,0.12208411156987817,KGE
unified_1981_2015,hysets_10113500,4,1,Koppen_Class_All,452,11506,-18.544651713906493,-2.9671064839172914,0.3250910413437704,KGE
unified_1981_2015,hysets_10173450,2,1,Koppen_Class_All,452,12782,-3.211172117797566,-2.449295871012839,0.1820585516346509,KGE
unified_1981_2015,hysets_10174500,1,1,Koppen_Class_All,463,12783,-19.530025660693877,-4.427622829699752,0.38939293088343613,KGE
unified_1981_2015,hysets_10194200,5,1,Koppen_Class_All,449,12467,-29.094301945980497,-6.7189294713285665,0.511303314366872,KGE
unified_1981_2015,hysets_10234500,2,1,Koppen_Class_All,452,12783,-3.7626176209221702,-1.7083807978059515,0.1815763967220174,KGE
unified_1981_2015,hysets_10258500,4,1,Koppen_Class_All,18,12783,-0.11606539490768886,0.2968974606845727,0.022629817221695374,KGE
unified_1981_2015,hysets_10296000,3,1,Koppen_Class_All,456,12783,0.2912788654919155,0.20077163052254232,0.04230127027598389,KGE
unified_1981_2015,hysets_10296500,5,1,Koppen_Class_All,449,12783,0.09652255213743155,-0.00447990480403293,0.04557636903254309,KGE
unified_1981_2015,hysets_10329500,4,1,Koppen_Class_All,452,12783,-21.291120796737125,-7.987381413003858,0.19224282637781842,KGE
unified_1981_2015,hysets_10396000,4,1,Koppen_Class_All,452,12783,-2.6188401590029833,-1.221806365019852,0.12266130762477351,KGE
unified_1981_2015,hysets_10AC005,3,1,Koppen_Class_All,45,12783,0.41432533993761655,0.46300436697725667,0.08579899494273155,KGE
unified_1981_2015,hysets_10BE007,3,1,Koppen_Class_All,456,12783,-0.9658953898018681,-0.029629651926546874,0.15919733869733668,KGE
unified_1981_2015,hysets_10BE009,3,1,Koppen_Class_All,456,12715,-35.275830886976664,-3.00517188787272,0.5551480203261555,KGE
unified_1981_2015,hysets_10ED003,5,1,Koppen_Class_All,449,12782,-1.9447442619467972,-2.2699226733824367,0.04014194102607344,KGE
unified_1981_2015,hysets_10GC003,3,1,Koppen_Class_All,456,12783,-2.7999284083374683,-2.91942736864322,0.04896833762368197,KGE
unified_1981_2015,hysets_10LC003,3,1,Koppen_Class_All,456,12112,-9.517576087754186,-7.357735130292841,0.15556343964440378,KGE
unified_1981_2015,hysets_10LC007,2,1,Koppen_Class_All,452,12242,-9.124291740139363,-4.618470246179507,0.14796263803606663,KGE
unified_1981_2015,hysets_11012500,4,1,Koppen_Class_All,18,12783,-1.0859487331601736,0.13946628738371158,0.03827080429711146,KGE
unified_1981_2015,hysets_11015000,2,1,Koppen_Class_All,293,12783,-2.7313121407680816,-7.8481257257729915,0.04437681730562054,KGE
unified_1981_2015,hysets_11042400,1,1,Koppen_Class_All,287,12419,-30.72684764828881,-31.428661246658223,0.08586829870088872,KGE
unified_1981_2015,hysets_11123000,2,1,Koppen_Class_All,293,12783,-0.6239683205667941,-4.004700679301666,0.04234149008146021,KGE
unified_1981_2015,hysets_11123500,4,1,Koppen_Class_All,290,12783,-0.5048054538795923,-3.693634482088756,0.04034619132662748,KGE
unified_1981_2015,hysets_11124500,1,1,Koppen_Class_All,287,12783,-2.2138038287233406,-4.766442832900082,0.059099014812080616,KGE
unified_1981_2015,hysets_11132500,4,1,Koppen_Class_All,290,12783,-0.8403555587549612,-5.517005983322949,0.023521135375508016,KGE
unified_1981_2015,hysets_11140000,1,1,Koppen_Class_All,287,12783,-6.4965207460609715,-12.729447698708848,0.07822442580745656,KGE
unified_1981_2015,hysets_11143000,5,1,Koppen_Class_All,302,12783,0.187603383540629,0.10553885623815407,0.04714357776190035,KGE
unified_1981_2015,hysets_11143200,3,1,Koppen_Class_All,288,12783,-0.8938668716476492,-2.0521452886442044,0.04529111582959431,KGE
unified_1981_2015,hysets_11143250,5,1,Koppen_Class_All,302,12783,-1.672311565836007,-3.1183550732955165,0.058377198517474166,KGE
unified_1981_2015,hysets_11148900,3,1,Koppen_Class_All,288,12783,0.07467739513476679,-0.40765241090190885,0.027465501201468553,KGE
unified_1981_2015,hysets_11149900,1,1,Koppen_Class_All,287,12783,-0.6769744470902879,-2.5612245286989066,0.03688275400970699,KGE
unified_1981_2015,hysets_11151300,2,1,Koppen_Class_All,293,12682,-30.649568325830803,-30.883380864105607,0.0903100445692091,KGE
unified_1981_2015,hysets_11152000,3,1,Koppen_Class_All,288,12783,-0.2304897409423361,-1.0628630251243827,0.035670126601568236,KGE
unified_1981_2015,hysets_11202000,5,1,Koppen_Class_All,449,12783,-0.6820996743466088,-1.2794615633804716,0.03685612347984046,KGE
unified_1981_2015,hysets_11202001,3,1,Koppen_Class_All,456,12783,0.014864127473957711,0.05817246611628113,0.03291496894755046,KGE
unified_1981_2015,hysets_11224500,5,1,Koppen_Class_All,302,12783,-21.904852880637,-29.46388422239481,0.07497635434260551,KGE
unified_1981_2015,hysets_11230500,4,1,Koppen_Class_All,452,12783,0.2496672952176101,0.18927264219086515,0.04998863697964301,KGE
unified_1981_2015,hysets_11253310,4,1,Koppen_Class_All,290,12783,-29.12409297236698,-28.72282348720132,0.09564058368814798,KGE
unified_1981_2015,hysets_11264500,2,1,Koppen_Class_All,452,12783,0.30225372385677396,0.22097676685696854,0.05585107087112391,KGE
unified_1981_2015,hysets_11266500,5,1,Koppen_Class_All,449,12783,0.2941280722508788,0.21081329808482652,0.042760809647358816,KGE
unified_1981_2015,hysets_11314500,4,1,Koppen_Class_All,452,12783,0.11723239544550124,-0.06638972086365458,0.04299236880861318,KGE
unified_1981_2015,hysets_11317000,3,1,Koppen_Class_All,288,12783,-0.030039766067911478,-0.20855108838007674,0.03893719050653269,KGE
unified_1981_2015,hysets_11318500,4,1,Koppen_Class_All,290,12783,0.05451201662185834,-0.1733348304253719,0.03138387382078584,KGE
unified_1981_2015,hysets_11367500,4,1,Koppen_Class_All,452,12783,-0.5909674843965651,0.29194878081920383,0.03861339418989631,KGE
unified_1981_2015,hysets_11374000,4,1,Koppen_Class_All,290,12783,0.2448895527526317,0.15165646651067533,0.05829597359183024,KGE
unified_1981_2015,hysets_11376550,4,1,Koppen_Class_All,290,12673,-0.23553989144578935,0.30411694379987886,0.07091673288631896,KGE
unified_1981_2015,hysets_11379500,1,1,Koppen_Class_All,287,12783,0.15350867797349932,-0.13802681502750214,0.04373421582463036,KGE
unified_1981_2015,hysets_11381500,3,1,Koppen_Class_All,288,12783,0.25801360628763126,0.22908970012416452,0.024307412866526802,KGE
unified_1981_2015,hysets_11383500,1,1,Koppen_Class_All,287,12783,0.27835815958925525,0.2524048873414956,0.02434834324942628,KGE
unified_1981_2015,hysets_11402000,1,1,Koppen_Class_All,463,12783,-0.055436705461120006,-0.21035206706627196,0.032701355895514365,KGE
unified_1981_2015,hysets_11413000,3,1,Koppen_Class_All,456,12783,0.09699675947465736,-0.014424860309299792,0.03561270363286227,KGE
unified_1981_2015,hysets_11413300,4,1,Koppen_Class_All,452,12783,0.01935478282524894,-0.22314626605240706,0.02910442213757096,KGE
unified_1981_2015,hysets_11428800,5,1,Koppen_Class_All,449,12783,-0.5650824087245254,-3.0869650120626018,0.018799022310770377,KGE
unified_1981_2015,hysets_11433300,5,1,Koppen_Class_All,302,12783,0.1822348860591535,0.15880385956681264,0.02447873540048629,KGE
unified_1981_2015,hysets_11451100,4,0,Koppen_Class_All,290,12783,0.18708424979893212,0.08750046525324795,0.03447555026485946,KGE
unified_1981_2015,hysets_11461000,1,0,Koppen_Class_All,287,12783,0.2381144141621866,0.13429940978652732,0.043499834214418824,KGE
unified_1981_2015,hysets_11468500,5,0,Koppen_Class_All,302,12783,0.2596005516594121,0.1680003658189656,0.03297642440572988,KGE
unified_1981_2015,hysets_11470500,1,1,Koppen_Class_All,287,12783,0.24407063097454773,0.16625507880876111,0.0339159517718815,KGE
unified_1981_2015,hysets_11473900,3,1,Koppen_Class_All,288,12783,0.31188266848133095,0.22308462030262854,0.03215712002999789,KGE
unified_1981_2015,hysets_11478500,4,1,Koppen_Class_All,290,12783,0.13103685575858304,-0.022447998623002174,0.05626919598108736,KGE
unified_1981_2015,hysets_11480390,3,1,Koppen_Class_All,288,12783,0.2502910029452776,0.14494980537231916,0.0456051885301021,KGE
unified_1981_2015,hysets_11480410,1,1,Koppen_Class_All,287,12783,0.23773926228606268,0.13342379034807017,0.04281648623422343,KGE
unified_1981_2015,hysets_11481200,4,1,Koppen_Class_All,290,12783,0.15855976136453043,0.021147716357964086,0.040215979937307446,KGE
unified_1981_2015,hysets_11482500,4,1,Koppen_Class_All,290,12783,0.17667388636619308,0.04187884467380709,0.05038076971182585,KGE
unified_1981_2015,hysets_11521500,5,1,Koppen_Class_All,302,12600,0.2289239687298108,0.11071894499237966,0.030528904125853216,KGE
unified_1981_2015,hysets_11522500,3,1,Koppen_Class_All,456,12783,0.09543712242529045,0.030937451451763964,0.035431021285958965,KGE
unified_1981_2015,hysets_11523200,5,1,Koppen_Class_All,449,12783,0.13067489962808876,0.027298703361237298,0.038223678901976144,KGE
unified_1981_2015,hysets_11528700,2,1,Koppen_Class_All,293,12783,0.3762689445338332,0.2767334147292865,0.03651324618963445,KGE
unified_1981_2015,hysets_11532500,3,1,Koppen_Class_All,288,12783,0.023708266589297033,-0.12370555925615512,0.06685715450253138,KGE
unified_1981_2015,hysets_12025700,2,1,Koppen_Class_All,293,12783,0.0176501204171432,-0.07184784373261599,0.0448183429640205,KGE
unified_1981_2015,hysets_12035000,3,1,Koppen_Class_All,288,12783,-0.10960330939985452,-0.1643892759567458,0.05859929618662507,KGE
unified_1981_2015,hysets_12039500,2,1,Koppen_Class_All,452,12783,-0.5668241914453371,-0.41239729912750556,0.0902600938185879,KGE
unified_1981_2015,hysets_12040500,5,1,Koppen_Class_All,302,12783,-0.2288149019442236,-0.27053703123856576,0.07679440313235873,KGE
unified_1981_2015,hysets_12041200,1,1,Koppen_Class_All,287,12783,-0.42082610172702384,-0.2701380318120741,0.08074840777713868,KGE
unified_1981_2015,hysets_12043000,3,1,Koppen_Class_All,288,11628,-0.1306195161300916,-0.23407223771425167,0.06325252491759771,KGE
unified_1981_2015,hysets_12048000,5,1,Koppen_Class_All,449,12783,0.18911536178874933,0.22795285375376295,0.05818514185558494,KGE
unified_1981_2015,hysets_12054000,1,1,Koppen_Class_All,463,12783,-0.28021406553593087,-0.23806693681167146,0.07531347483927807,KGE
unified_1981_2015,hysets_12056500,5,1,Koppen_Class_All,449,12783,-0.37978736628666665,-0.3898580607732438,0.05722578070294088,KGE
unified_1981_2015,hysets_12082500,2,0,Koppen_Class_All,452,12783,-0.431550495884375,-0.15713383883377752,0.05084351950462356,KGE
unified_1981_2015,hysets_12092000,5,0,Koppen_Class_All,449,12783,-0.6119305649328355,-0.17721465362068733,0.04900530614398668,KGE
unified_1981_2015,hysets_12115000,1,1,Koppen_Class_All,463,12783,-0.19352886522798984,-0.20608828794119094,0.05041691032245238,KGE
unified_1981_2015,hysets_12134500,5,1,Koppen_Class_All,449,12783,-0.32362540276062046,-0.24482102454412802,0.05826382257951706,KGE
unified_1981_2015,hysets_12141300,5,1,Koppen_Class_All,449,12417,-0.3108366464382759,-0.29322951474795467,0.06512826758564526,KGE
unified_1981_2015,hysets_12142000,2,1,Koppen_Class_All,452,12418,-0.2984916743866186,-0.30775388961049766,0.054604720745987725,KGE
unified_1981_2015,hysets_12186000,1,1,Koppen_Class_All,463,12783,-0.35606602232169005,-0.1948681711322089,0.03285277785405045,KGE
unified_1981_2015,hysets_12189500,1,1,Koppen_Class_All,463,12783,-0.42161668556977805,-0.11514485017451936,0.06277091192762502,KGE
unified_1981_2015,hysets_12205000,4,1,Koppen_Class_All,452,12783,-0.6837288923638547,-0.20122925695295146,0.08118590940632592,KGE
unified_1981_2015,hysets_12324590,1,1,Koppen_Class_All,463,12632,-13.951832789764023,-3.9353194872212782,0.12562600711682884,KGE
unified_1981_2015,hysets_12330000,3,1,Koppen_Class_All,456,12663,-2.8492099417105035,-1.5472788567157831,0.11018811830875712,KGE
unified_1981_2015,hysets_12332000,4,1,Koppen_Class_All,452,12632,-0.4201923996034054,-0.37986842027126566,0.13145548519593073,KGE
unified_1981_2015,hysets_12370000,5,1,Koppen_Class_All,449,12783,0.4547341387890774,0.47715516828663807,0.09846013436584727,KGE
unified_1981_2015,hysets_12389500,1,1,Koppen_Class_All,463,12783,-4.15996655118408,-1.3608391944791025,0.2000072291290357,KGE
unified_1981_2015,hysets_12411000,1,1,Koppen_Class_All,463,12783,0.2539037345507881,0.19884147940592256,0.057314209048641256,KGE
unified_1981_2015,hysets_12414900,1,1,Koppen_Class_All,463,12783,-0.024089695573379588,0.05323791088703611,0.045663331618068834,KGE
unified_1981_2015,hysets_12452800,4,1,Koppen_Class_All,452,12783,0.40793710088566937,0.32648271689939456,0.08970212901252386,KGE
unified_1981_2015,hysets_12488500,1,1,Koppen_Class_All,463,12783,0.326527415956552,0.22502816354665423,0.0753270561894261,KGE
unified_1981_2015,hysets_13010065,5,1,Koppen_Class_All,449,11780,0.34896644694739853,0.27400095817934156,0.0943282687496786,KGE
unified_1981_2015,hysets_13011900,2,1,Koppen_Class_All,452,12445,0.2412339826383051,0.21515632144526176,0.11537728242102668,KGE
unified_1981_2015,hysets_13023000,1,1,Koppen_Class_All,463,12783,0.29853944308178226,0.32103192942479775,0.10369793430254197,KGE
unified_1981_2015,hysets_13186000,5,1,Koppen_Class_All,449,12783,0.13571349181425785,0.013803954337630264,0.11421141907619366,KGE
unified_1981_2015,hysets_13235000,2,1,Koppen_Class_All,452,12783,0.47060974889739016,0.4147661246764095,0.08943443043844282,KGE
unified_1981_2015,hysets_13297355,3,1,Koppen_Class_All,456,12783,-4.793614995584969,-2.6482686725935958,0.22945690854983752,KGE
unified_1981_2015,hysets_13331500,4,1,Koppen_Class_All,452,12783,0.46192280842881417,0.3633148633785924,0.08765596328838128,KGE
unified_1981_2015,hysets_13339500,3,1,Koppen_Class_All,456,12783,0.058027814820954315,0.1546735437616027,0.07194609258629966,KGE
unified_1981_2015,hysets_14013000,2,1,Koppen_Class_All,452,12783,-0.04028054290723082,0.09318296280442662,0.03609882774669654,KGE
unified_1981_2015,hysets_14020000,3,1,Koppen_Class_All,456,12783,0.15669096806830018,0.18552127527565998,0.05639379368951261,KGE
unified_1981_2015,hysets_14020300,2,1,Koppen_Class_All,452,12600,-0.15146845905261253,-0.08914457870577652,0.07478236767257236,KGE
unified_1981_2015,hysets_14038530,3,1,Koppen_Class_All,456,12198,-9.391506683566053,-2.176468681097977,0.2432864324374274,KGE
unified_1981_2015,hysets_14044000,5,1,Koppen_Class_All,449,12783,-4.1581338736932185,-1.833052248993936,0.18981844733088735,KGE
unified_1981_2015,hysets_14091500,2,0,Koppen_Class_All,452,12783,-10.181924829310287,0.16534392748970606,0.1718495572454949,KGE
unified_1981_2015,hysets_14096850,2,1,Koppen_Class_All,452,11780,-5.243878515631314,-1.8172928443448675,0.07634404150227386,KGE
unified_1981_2015,hysets_14097100,1,1,Koppen_Class_All,463,12783,-4.131475255330221,-0.7657880558145438,0.05639486245649162,KGE
unified_1981_2015,hysets_14154500,4,1,Koppen_Class_All,290,12783,0.25387629706937953,0.14546446348527897,0.04936089748636053,KGE
unified_1981_2015,hysets_14158500,1,1,Koppen_Class_All,463,12783,-0.8357098882761649,0.014105958601126067,0.14049140476166314,KGE
unified_1981_2015,hysets_14166500,5,1,Koppen_Class_All,302,12783,0.358822239192357,0.24444999525884892,0.05332463827293088,KGE
unified_1981_2015,hysets_14178000,3,1,Koppen_Class_All,456,12783,-0.34553874168019294,-0.10128379241637187,0.04974646745618408,KGE
unified_1981_2015,hysets_14182500,5,1,Koppen_Class_All,302,12783,-0.057577324989953826,-0.15112770435099,0.03348862736871076,KGE
unified_1981_2015,hysets_14185000,4,0,Koppen_Class_All,452,12783,-0.10950393518773116,-0.2697888662581407,0.0511532489383423,KGE
unified_1981_2015,hysets_14185900,2,1,Koppen_Class_All,293,12783,-0.05222316994431386,-0.14608749469101534,0.06000582731958026,KGE
unified_1981_2015,hysets_14236200,3,1,Koppen_Class_All,288,12783,-0.06648192119796481,-0.11712204318729591,0.05203087695073444,KGE
unified_1981_2015,hysets_14301000,3,1,Koppen_Class_All,288,12783,0.16263899039183238,0.03641541171719054,0.05772107007758158,KGE
unified_1981_2015,hysets_14306500,1,1,Koppen_Class_All,287,12783,0.17913788041726253,0.03707786206652275,0.06395430682488275,KGE
unified_1981_2015,hysets_14308000,5,1,Koppen_Class_All,302,12783,0.37248528094059385,0.28004382620487844,0.04331402256580269,KGE
unified_1981_2015,hysets_14309500,2,1,Koppen_Class_All,293,12783,0.289767421451551,0.15835708452446073,0.05551903690520193,KGE
unified_1981_2015,hysets_14316700,2,1,Koppen_Class_All,293,12783,0.25056504825387294,0.12007578275485165,0.06002814335385576,KGE
unified_1981_2015,hysets_14325000,4,0,Koppen_Class_All,290,12783,0.09084665631737665,-0.059129245940790165,0.06685467461270493,KGE
unified_1981_2015,hysets_14338000,2,1,Koppen_Class_All,293,12672,0.43380252042329426,0.30970395770232817,0.039055764030223226,KGE
unified_1981_2015,hysets_14377100,4,1,Koppen_Class_All,290,12783,0.213803514694617,0.08031844223594764,0.0566679834674319,KGE
unified_1981_2015,hysets_14400000,3,1,Koppen_Class_All,288,12783,-0.06854543924786616,-0.20541442428824497,0.068887571198291,KGE
unified_1981_2015,lamah_12425002,3,1,Koppen_Class_All,456,12783,-0.11555186419919594,-0.09556833596931757,0.0573139090222631,KGE
unified_1981_2015,lamah_16000708,2,1,Koppen_Class_All,452,11819,0.04241312292071575,0.2845979300329664,0.05297547922608222,KGE
unified_1981_2015,lamah_16001303,5,1,Koppen_Class_All,449,12616,-1.5256399652994976,-0.7516928472799356,0.04237319795673503,KGE
unified_1981_2015,lamah_16610709,4,1,Koppen_Class_All,452,12676,-0.005516532270941177,-0.0017265469816178936,0.02581685190696296,KGE
unified_1981_2015,lamah_17404000,1,1,Koppen_Class_All,463,12699,-0.19308159303681394,-0.013256547901486337,0.05000900229224331,KGE
unified_1981_2015,lamah_18481006,5,1,Koppen_Class_All,449,12782,-0.1555888020148306,-0.13020353576277865,0.04100011798148814,KGE
unified_1981_2015,lamah_18486000,4,1,Koppen_Class_All,452,12783,-0.2063171613427799,-0.1372796529308422,0.04725177058597482,KGE
unified_1981_2015,lamah_200253,4,1,Koppen_Class_All,452,12783,-0.18106150631143048,-0.139893400699034,0.06197439572529772,KGE
unified_1981_2015,lamah_200261,5,1,Koppen_Class_All,449,12783,-0.19448188324217108,-0.16697845950858392,0.060949608366766994,KGE
unified_1981_2015,lamah_200303,2,1,Koppen_Class_All,452,12783,-0.011343476825769194,-0.1523878145334463,0.04893528271347492,KGE
unified_1981_2015,lamah_201012,2,0,Koppen_Class_All,452,12783,-0.15416963836875786,-0.08129368002514692,0.07588673564930322,KGE
unified_1981_2015,lamah_201087,4,1,Koppen_Class_All,452,12783,-0.09220880430760503,-0.00029705181674488657,0.0525862960945867,KGE
unified_1981_2015,lamah_201095,2,1,Koppen_Class_All,452,12783,-0.0925400578657305,0.15485965351343112,0.052750556483591365,KGE
unified_1981_2015,lamah_201160,3,1,Koppen_Class_All,45,12783,0.5198725361104741,0.47062478449017553,0.03599552267769334,KGE
unified_1981_2015,lamah_201236,3,1,Koppen_Class_All,45,12783,0.6125136212023534,0.6434020327005987,0.027899301660308285,KGE
unified_1981_2015,lamah_201251,1,1,Koppen_Class_All,35,12783,0.3525691166026941,0.2530150422741295,0.037695939974104926,KGE
unified_1981_2015,lamah_201335,5,1,Koppen_Class_All,45,12783,0.7845118586038908,0.7657500522264773,0.03512619068914308,KGE
unified_1981_2015,lamah_201392,2,1,Koppen_Class_All,41,12783,0.3064935259098339,0.1635176056400902,0.09090093420741885,KGE
unified_1981_2015,lamah_201434,2,1,Koppen_Class_All,41,12783,0.4153113199829245,0.24869717098256583,0.07889642620180601,KGE
unified_1981_2015,lamah_201558,1,1,Koppen_Class_All,35,12783,0.54702878564163,0.5112342856480343,0.07917723971383461,KGE
unified_1981_2015,lamah_201566,3,1,Koppen_Class_All,456,12783,-0.08600151383732424,0.01733445682158985,0.08486006798194147,KGE
unified_1981_2015,lamah_201574,1,1,Koppen_Class_All,463,12783,0.041972825949421644,0.17655079891832703,0.09710291754229904,KGE
unified_1981_2015,lamah_201723,5,1,Koppen_Class_All,45,12783,0.5307306784269264,0.5434523112906386,0.039068153237932016,KGE
unified_1981_2015,lamah_201848,2,1,Koppen_Class_All,452,12054,-0.09485689421557209,0.11270370393300921,0.07122931367573433,KGE
unified_1981_2015,lamah_202036,1,1,Koppen_Class_All,35,12783,0.5937965866473833,0.5134592164178291,0.03639984264311627,KGE
unified_1981_2015,lamah_203026,3,1,Koppen_Class_All,45,12783,0.44549165481967934,0.3140343399656027,0.03575756168025032,KGE
unified_1981_2015,lamah_203075,5,1,Koppen_Class_All,449,12783,-0.12236146473017961,-0.09291953777926332,0.08892518398818702,KGE
unified_1981_2015,lamah_203166,2,1,Koppen_Class_All,452,12783,-0.25260864411017847,0.1353456544936139,0.11188700708215665,KGE
unified_1981_2015,lamah_203224,3,1,Koppen_Class_All,456,12783,0.10080076850228992,0.11413395557235251,0.08138961653904503,KGE
unified_1981_2015,lamah_203265,2,1,Koppen_Class_All,452,12783,-0.01780060552508478,0.05618158482804192,0.05749585087060192,KGE
unified_1981_2015,lamah_203307,4,1,Koppen_Class_All,452,12778,-0.10074671463966389,-0.0812713829426166,0.049755004914234076,KGE
unified_1981_2015,lamah_203463,2,1,Koppen_Class_All,452,12783,0.13214351145441516,0.15976483184921275,0.04015149250195099,KGE
unified_1981_2015,lamah_203505,1,1,Koppen_Class_All,463,12783,-0.32706063133869545,-0.03472078932045353,0.05336954778764724,KGE
unified_1981_2015,lamah_203711,5,1,Koppen_Class_All,449,12783,0.2248260943724717,0.24388308590256846,0.06151494225249393,KGE
unified_1981_2015,lamah_203752,1,1,Koppen_Class_All,463,12783,0.21052446140085435,0.30623671292584387,0.07433497862002861,KGE
unified_1981_2015,lamah_203760,2,1,Koppen_Class_All,452,12783,0.04153522314169189,0.18891082874226273,0.08967645092861659,KGE
unified_1981_2015,lamah_203786,1,1,Koppen_Class_All,463,12775,0.24216610865095145,0.2705367648199294,0.10438917778324305,KGE
unified_1981_2015,lamah_203794,3,1,Koppen_Class_All,456,12783,0.2133586964825991,0.364911235943322,0.07398553576997666,KGE
unified_1981_2015,lamah_203828,3,1,Koppen_Class_All,456,12783,0.3155413751165058,0.3588668324167088,0.07888398681084206,KGE
unified_1981_2015,lamah_204875,2,1,Koppen_Class_All,452,12419,-0.15953895643002025,-0.023168651843253674,0.04940237322273786,KGE
unified_1981_2015,lamah_204925,1,1,Koppen_Class_All,463,12783,-0.6175350246145526,-0.09480205743916259,0.04182425893249467,KGE
unified_1981_2015,lamah_205104,3,1,Koppen_Class_All,456,12783,-0.27127877055564054,-0.12266353078961867,0.08801698468929998,KGE
unified_1981_2015,lamah_205179,4,1,Koppen_Class_All,452,12783,-0.15668460781238158,-0.1567072385636401,0.13264892811459572,KGE
unified_1981_2015,lamah_205294,2,1,Koppen_Class_All,452,12783,-0.10342300293878948,-0.1858154245122592,0.052875613380805514,KGE
unified_1981_2015,lamah_205500,4,1,Koppen_Class_All,452,12783,-0.10911497318102614,-0.0524289371270199,0.052160412079015776,KGE
unified_1981_2015,lamah_205740,5,1,Koppen_Class_All,449,12783,-0.04257711398095454,-0.19283663173239507,0.046594573563653464,KGE
unified_1981_2015,lamah_205799,1,0,Koppen_Class_All,463,12783,-0.3053248708988421,-0.0692500499772013,0.08900194993662447,KGE
unified_1981_2015,lamah_205823,5,1,Koppen_Class_All,449,12783,-0.05481282157749212,0.025115051222218132,0.04542795136888066,KGE
unified_1981_2015,lamah_205831,5,1,Koppen_Class_All,449,12783,-0.1191813525431018,-0.025134142821915617,0.051676766744188085,KGE
unified_1981_2015,lamah_205864,3,1,Koppen_Class_All,456,12783,-0.22859798423253297,-0.04370019967435779,0.0697482775830434,KGE
unified_1981_2015,lamah_205898,3,1,Koppen_Class_All,456,12783,0.01691482565940905,-0.03107276592816799,0.04955766893472069,KGE
unified_1981_2015,lamah_206508,4,1,Koppen_Class_All,452,12783,-0.27908892245890327,-0.13082964554210008,0.06847208962239192,KGE
unified_1981_2015,lamah_207613,5,0,Koppen_Class_All,449,12783,-0.6521696932855086,-0.0360167828321285,0.04258846617111532,KGE
unified_1981_2015,lamah_207654,2,1,Koppen_Class_All,452,12783,-0.07096046869536221,-0.1258368398533476,0.05605188178523367,KGE
unified_1981_2015,lamah_207738,2,1,Koppen_Class_All,452,12783,-0.05883651649623367,-0.07923438428359719,0.04498635049548747,KGE
unified_1981_2015,lamah_207852,2,1,Koppen_Class_All,452,12783,-0.016213324871591883,-0.02287714609007918,0.03555751404031906,KGE
unified_1981_2015,lamah_208116,1,1,Koppen_Class_All,463,12783,-0.7584018875890708,-0.4776778378153239,0.04852232492462479,KGE
unified_1981_2015,lamah_208686,2,1,Koppen_Class_All,452,12783,-0.09314775389957908,0.05831182440659144,0.03606202766512702,KGE
unified_1981_2015,lamah_209361,1,1,Koppen_Class_All,463,12783,-0.020429925813580274,-0.029255439265871708,0.033344838578706,KGE
unified_1981_2015,lamah_209551,1,1,Koppen_Class_All,463,11688,-0.01171879945610077,-0.1103238001974245,0.05152712235689895,KGE
unified_1981_2015,lamah_210526,4,1,Koppen_Class_All,452,12783,-0.17450019906545888,-0.07615140559286715,0.1038659803128609,KGE
unified_1981_2015,lamah_210641,1,1,Koppen_Class_All,463,12783,0.10197289511155994,0.26009003426222,0.0724907347410049,KGE
unified_1981_2015,lamah_210732,2,0,Koppen_Class_All,452,12783,-0.2847347635386426,0.07364910057072838,0.049616303312630526,KGE
unified_1981_2015,lamah_210773,1,1,Koppen_Class_All,463,12783,0.20033309775381913,0.2961726777393575,0.0698239682927986,KGE
unified_1981_2015,lamah_210815,5,1,Koppen_Class_All,449,12783,0.2654067069274313,0.37585961631042963,0.07494402800391681,KGE
unified_1981_2015,lamah_210856,3,1,Koppen_Class_All,456,12783,0.02682107190292149,0.11112232172126069,0.08573866746551313,KGE
unified_1981_2015,lamah_210864,1,1,Koppen_Class_All,463,12783,0.07902270818150658,0.10396508534745819,0.0427235470059327,KGE
unified_1981_2015,lamah_210898,1,1,Koppen_Class_All,463,12783,0.006802712472399053,0.10139315821760186,0.06755903198077462,KGE
unified_1981_2015,lamah_211086,4,1,Koppen_Class_All,452,12783,0.16827461276276423,0.423182968490188,0.07499295086701496,KGE
unified_1981_2015,lamah_211169,3,1,Koppen_Class_All,456,12783,0.18324038250782815,0.5066143062250353,0.07767205015526077,KGE
unified_1981_2015,lamah_211656,1,1,Koppen_Class_All,463,12418,-0.4453387126802899,-0.32255477261609955,0.04171125218610579,KGE
unified_1981_2015,lamah_212027,5,1,Koppen_Class_All,449,12783,0.05965068656289385,0.33334439522039094,0.09742595172161474,KGE
unified_1981_2015,lamah_212043,5,0,Koppen_Class_All,45,12783,0.1957994110968444,0.06830821210411475,0.08859623511941687,KGE
unified_1981_2015,lamah_212092,2,1,Koppen_Class_All,41,12783,0.31164029090452405,0.1879897211443986,0.06641219925019907,KGE
unified_1981_2015,lamah_212100,2,1,Koppen_Class_All,41,12783,0.45594516916848304,0.35013247086515487,0.05531623258072729,KGE
unified_1981_2015,lamah_212167,1,1,Koppen_Class_All,35,12783,0.563316182999898,0.3856295942200393,0.07154097441955802,KGE
unified_1981_2015,lamah_212183,2,1,Koppen_Class_All,41,12783,0.36127134953579465,0.21975792774219827,0.06772239962629069,KGE
unified_1981_2015,lamah_212316,5,0,Koppen_Class_All,449,12783,0.012830085304769479,0.10137912656075965,0.10387675013341512,KGE
unified_1981_2015,lamah_212373,2,0,Koppen_Class_All,41,12783,0.6549249303398756,0.7872309568164076,0.05773471592401491,KGE
unified_1981_2015,lamah_212399,5,1,Koppen_Class_All,449,12783,0.005589133097778642,0.27456393320658357,0.08146021785677282,KGE
unified_1981_2015,lamah_212431,3,1,Koppen_Class_All,456,12783,-0.1479891331733385,0.3097554030288968,0.09941848853959386,KGE
unified_1981_2015,lamah_212522,1,0,Koppen_Class_All,463,12783,-1.1023349502038826,0.11696485052685368,0.1533044229094738,KGE
unified_1981_2015,lamah_212613,2,1,Koppen_Class_All,452,12783,0.14027532443950885,0.18388937309897335,0.07299387299926037,KGE
unified_1981_2015,lamah_212647,5,1,Koppen_Class_All,449,12783,0.07081433998999564,0.10436688090333679,0.05700716301070232,KGE
unified_1981_2015,lamah_212670,3,1,Koppen_Class_All,456,12783,0.01636796674707819,0.01840350850331751,0.05323831196091059,KGE
unified_1981_2015,lamah_212860,1,1,Koppen_Class_All,463,12783,-0.2390938474208204,0.23591522327966497,0.08386972440630902,KGE
unified_1981_2015,lamah_212878,3,1,Koppen_Class_All,456,12783,-0.43535375741801996,0.17741368112635247,0.07572059722686643,KGE
unified_1981_2015,lamah_212886,4,1,Koppen_Class_All,452,12783,-1.6053350788318586,-0.06448279465002882,0.09485006680791047,KGE
unified_1981_2015,lamah_212894,5,0,Koppen_Class_All,449,12783,-5.607137307804646,-0.5174326941176823,0.19896752582744792,KGE
unified_1981_2015,lamah_212928,5,1,Koppen_Class_All,449,12783,-5.0638154668795305,-0.36606276990305475,0.23973108539786542,KGE
unified_1981_2015,lamah_213124,2,1,Koppen_Class_All,452,12783,-0.021672581953184666,0.2890713454056396,0.08166361945668808,KGE
unified_1981_2015,lamah_213181,4,1,Koppen_Class_All,452,12783,-0.47221532033852176,0.177726119331985,0.08321104894722829,KGE
unified_1981_2015,lamah_213306,3,1,Koppen_Class_All,456,12343,-2.7591746446149497,-0.17456809505774817,0.17504793710599828,KGE
unified_1981_2015,lamah_2150,4,1,Koppen_Class_All,452,12783,0.005202664144973501,0.07904212597459104,0.08232702458423041,KGE
unified_1981_2015,lamah_2262,1,1,Koppen_Class_All,35,12783,0.2573944231590489,0.11113318334563693,0.046912976805608436,KGE
unified_1981_2015,lamah_403,2,1,Koppen_Class_All,41,12783,0.4954063583257915,0.35536230970566496,0.08396397612578912,KGE
unified_1981_2015,camelsbr_57250000,5,1,Knoben_Class_All,75,12783,-7.506185998572729,-0.9649036224471239,0.2275276082761558,KGE
unified_1981_2015,camelsbr_58060000,3,1,Knoben_Class_All,92,12725,-0.4857611198007685,-0.26786650925518685,0.02178797152061924,KGE
unified_1981_2015,camelsbr_58258000,1,1,Knoben_Class_All,90,12707,-0.2120882689321395,-0.3379446008868727,0.039135551116202476,KGE
unified_1981_2015,camelsbr_58530000,3,1,Knoben_Class_All,92,12783,-0.5206841231872232,-0.41747972490633534,0.06147700459725689,KGE
unified_1981_2015,camelsbr_58535000,3,1,Knoben_Class_All,92,12752,-0.5212898179642012,-0.4195479955492778,0.0905396952728316,KGE
unified_1981_2015,camelsbr_58542000,1,1,Knoben_Class_All,80,12783,-1.1740566488742372,0.16318662009252838,0.10955281693819939,KGE
unified_1981_2015,camelsbr_59370000,2,1,Knoben_Class_All,80,12783,-0.9890981122798039,0.14545961300315446,0.05439414696737928,KGE
unified_1981_2015,camelsbr_70100000,4,1,Knoben_Class_All,93,12639,-0.035681831457389235,-0.1840072391915044,0.06384904657374298,KGE
unified_1981_2015,camelsbr_71300000,1,1,Knoben_Class_All,217,12778,-0.6159055564309759,-0.4010081062679607,0.13228566965856814,KGE
unified_1981_2015,camelsbr_73765000,1,1,Knoben_Class_All,90,12783,0.003382402898986947,-0.2229076371643519,0.043185166583896525,KGE
unified_1981_2015,camelscl_1050002,4,1,Knoben_Class_All,71,12252,-6785.979056675648,-61.87342766530129,1.5900714557865647,KGE
unified_1981_2015,camelscl_1201005,3,1,Knoben_Class_All,70,12506,-523.5290594569009,-21.222161438439525,1.3119953400129076,KGE
unified_1981_2015,camelscl_12284002,1,1,Knoben_Class_All,169,12365,-22.55828271165286,-3.5232269777726426,0.28640986036928107,KGE
unified_1981_2015,camelscl_12284003,4,1,Knoben_Class_All,166,11946,-99.55526052485166,-8.276853429905003,0.6865288324898924,KGE
unified_1981_2015,camelscl_12284006,1,1,Knoben_Class_All,90,12138,-8.471382564105069,-2.319546754453411,0.15791149048058725,KGE
unified_1981_2015,camelscl_12582001,4,1,Knoben_Class_All,93,12031,-0.6109152600062528,-0.07826628820242032,0.087182328468724,KGE
unified_1981_2015,camelscl_12600001,2,1,Knoben_Class_All,80,11975,-0.8058437099498885,-0.14812986920695237,0.13442024299059904,KGE
unified_1981_2015,camelscl_12622001,5,1,Knoben_Class_All,93,12021,-8.292860751753663,-1.9725228058205366,0.2692895455903573,KGE
unified_1981_2015,camelscl_12802001,3,1,Knoben_Class_All,80,12305,-657.815060280707,-27.4322111527468,1.9893421003723704,KGE
unified_1981_2015,camelscl_12805001,2,1,Knoben_Class_All,80,12227,-267.13802537000436,-13.654989145805132,1.2966953998464779,KGE
unified_1981_2015,camelscl_12806001,5,1,Knoben_Class_All,75,12249,-208.76248028904183,-10.949322121889281,1.1328138831814696,KGE
unified_1981_2015,camelscl_4301002,3,1,Knoben_Class_All,174,12422,-42.46982277922732,-5.7702284616371395,0.8547942913173093,KGE
unified_1981_2015,camelscl_4311001,1,1,Knoben_Class_All,169,11715,-24.280010957979236,-5.61022731037202,0.42738736013310924,KGE
unified_1981_2015,camelscl_4313001,1,1,Knoben_Class_All,169,11742,-27.823466290939336,-5.075047573613878,0.5312774926243135,KGE
unified_1981_2015,camelscl_4314002,4,1,Knoben_Class_All,166,12623,-52.060840722132866,-8.534615845713448,0.6528050346616759,KGE
unified_1981_2015,camelscl_4501001,4,1,Knoben_Class_All,166,11935,-29.963641164296543,-4.925710482400876,0.4465273872029158,KGE
unified_1981_2015,camelscl_4503001,1,1,Knoben_Class_All,80,11799,-356.73599277542985,-27.940076865046045,0.9029055095925724,KGE
unified_1981_2015,camelscl_4511002,1,1,Knoben_Class_All,169,12069,-6.08533425507159,-1.9855480915428947,0.184943924389764,KGE
unified_1981_2015,camelscl_4512001,1,1,Knoben_Class_All,169,12071,-6.324484408539786,-2.929891456462689,0.24340653257817263,KGE
unified_1981_2015,camelscl_4513001,3,1,Knoben_Class_All,174,12338,-8.737660546092725,-2.6751221666178377,0.23770401098384686,KGE
unified_1981_2015,camelscl_4514001,2,1,Knoben_Class_All,182,12218,-17.926285962387716,-4.558580652143073,0.4040999726277023,KGE
unified_1981_2015,camelscl_4520001,4,1,Knoben_Class_All,166,12054,-57.743504047468285,-27.694613191263834,0.25899432818713863,KGE
unified_1981_2015,camelscl_4530001,4,1,Knoben_Class_All,81,11812,-29.44159254985116,-7.596429271891205,0.2017050915865507,KGE
unified_1981_2015,camelscl_4532001,3,0,Knoben_Class_All,80,11668,-38.316315250919466,-11.701395410008768,0.31903872017669144,KGE
unified_1981_2015,camelscl_4703002,1,1,Knoben_Class_All,169,12660,-5.678987761816509,-1.5751980360456352,0.26552459752807267,KGE
unified_1981_2015,camelscl_4721001,3,1,Knoben_Class_All,174,12585,-10.70341872427179,-3.9634227880878194,0.22849494123861858,KGE
unified_1981_2015,camelscl_4723001,5,1,Knoben_Class_All,169,12044,-31.486647900627183,-7.46429261291321,0.32553355827374075,KGE
unified_1981_2015,camelscl_5200001,2,1,Knoben_Class_All,80,11740,-99.70873209173469,-11.40766818690107,0.5143045335736687,KGE
unified_1981_2015,camelscl_5401003,2,0,Knoben_Class_All,182,11808,-2.7776952098890275,-0.423233538557684,0.2160038022296906,KGE
unified_1981_2015,camelscl_5402001,5,1,Knoben_Class_All,169,11878,-1.0186249228494701,-0.35413345842289523,0.17757842836172208,KGE
unified_1981_2015,camelscl_5406001,1,1,Knoben_Class_All,169,11768,-6.8905698293535895,-3.3492497278143345,0.2736934079574328,KGE
unified_1981_2015,camelscl_5706001,1,1,Knoben_Class_All,169,11640,-2.6654679502686345,-0.998956663857685,0.18242881640629546,KGE
unified_1981_2015,camelscl_5707002,1,1,Knoben_Class_All,169,12054,-2.778196159773382,-0.35675530449563464,0.3184535111296196,KGE
unified_1981_2015,camelscl_5722001,4,1,Knoben_Class_All,166,12272,-7.301005277632125,-1.9469811148979677,0.08592819637518684,KGE
unified_1981_2015,camelscl_5722002,1,1,Knoben_Class_All,169,12551,-4.26668460643159,-1.0970835224987523,0.07703656919120341,KGE
unified_1981_2015,camelscl_6013001,5,1,Knoben_Class_All,169,11609,-0.1933955527186222,-0.16526278651369375,0.04754804115804797,KGE
unified_1981_2015,camelscl_7103001,4,1,Knoben_Class_All,166,12564,-0.24041915410702464,-0.2549037482729879,0.04577847250588549,KGE
unified_1981_2015,camelscl_7104002,4,1,Knoben_Class_All,166,12375,-0.40546824856735486,-0.2642118859493954,0.05838596964803206,KGE
unified_1981_2015,camelscl_7112001,5,1,Knoben_Class_All,169,11523,-0.47004683834857985,-0.3073249855202409,0.041818768830317085,KGE
unified_1981_2015,camelscl_7115001,2,1,Knoben_Class_All,80,11993,-0.5964099934005285,0.08493618387299062,0.03733939635176737,KGE
unified_1981_2015,camelscl_7116001,3,1,Knoben_Class_All,80,12208,-1.4200431677418308,-0.8822153020533117,0.07102277252224119,KGE
unified_1981_2015,camelscl_7355002,1,1,Knoben_Class_All,80,11800,-0.3117086866489047,-0.25353822856573327,0.047457962265350526,KGE
unified_1981_2015,camelscl_7374001,5,1,Knoben_Class_All,75,12076,-0.5446425503840424,-0.18164011188189222,0.059812391626354544,KGE
unified_1981_2015,camelscl_8130002,1,1,Knoben_Class_All,80,12446,-0.22911058202071133,-0.3988425976432137,0.054189310248324844,KGE
unified_1981_2015,camelscl_8351001,3,0,Knoben_Class_All,80,11583,-0.3377734876819951,-0.3609972720587169,0.06628420169204108,KGE
unified_1981_2015,hysets_01010070,4,1,Knoben_Class_All,193,11780,0.2361021014828777,0.14493098336157217,0.07058420037468599,KGE
unified_1981_2015,hysets_01022500,1,1,Knoben_Class_All,193,12783,0.23885444699491176,0.18237942524871664,0.07685999583858179,KGE
unified_1981_2015,hysets_01031500,1,1,Knoben_Class_All,193,12783,0.25281695983088903,0.13292193505680872,0.028909519674288328,KGE
unified_1981_2015,hysets_01038000,3,1,Knoben_Class_All,188,12783,0.36974885667951674,0.2987047061176564,0.042380384625690944,KGE
unified_1981_2015,hysets_01047000,2,1,Knoben_Class_All,181,12783,0.2934365547478067,0.16575538728419326,0.02940755813939586,KGE
unified_1981_2015,hysets_01054200,1,1,Knoben_Class_All,193,12783,0.11712182177181152,-0.03968285153685902,0.04417094948892874,KGE
unified_1981_2015,hysets_01055000,3,1,Knoben_Class_All,188,12783,0.2450358419581723,0.10814100102975188,0.03882840402308487,KGE
unified_1981_2015,hysets_01057000,2,1,Knoben_Class_All,181,12783,0.3402188030263904,0.23166054720934626,0.02775188740274458,KGE
unified_1981_2015,hysets_01064500,3,1,Knoben_Class_All,188,12783,0.23336237721230235,0.10613106817557372,0.038749577796223025,KGE
unified_1981_2015,hysets_01076500,1,1,Knoben_Class_All,193,12783,0.26522082649490963,0.14987112720730766,0.04461320995214376,KGE
unified_1981_2015,hysets_01078000,2,1,Knoben_Class_All,181,12783,0.4060749463267648,0.3112204399707902,0.044489745359789314,KGE
unified_1981_2015,hysets_01096000,1,0,Knoben_Class_All,193,12783,0.27320239579420547,0.2193368432238998,0.03885145604655118,KGE
unified_1981_2015,hysets_01118000,1,1,Knoben_Class_All,217,12783,-0.23511531330155933,-0.08687417648489282,0.04063691353701984,KGE
unified_1981_2015,hysets_01134500,1,1,Knoben_Class_All,193,12783,0.2552309592908659,0.1534265262863781,0.04961348916826865,KGE
unified_1981_2015,hysets_01137500,4,1,Knoben_Class_All,193,12783,0.2318148128522558,0.12435845313998617,0.054869816037872235,KGE
unified_1981_2015,hysets_01169000,5,1,Knoben_Class_All,189,12783,0.23257792844263336,0.11708318820822194,0.03089083000816953,KGE
unified_1981_2015,hysets_01174500,5,1,Knoben_Class_All,189,12783,0.35976989826580696,0.34974289413828386,0.048332696773676374,KGE
unified_1981_2015,hysets_01181000,5,1,Knoben_Class_All,189,12783,0.20800484230400262,0.09945092543093703,0.02252032651104868,KGE
unified_1981_2015,hysets_01439500,5,1,Knoben_Class_All,189,12783,0.24762493656958406,0.22494076328475165,0.05262317363582205,KGE
unified_1981_2015,hysets_01440000,4,1,Knoben_Class_All,193,12783,0.24295270777824585,0.20041427383015886,0.032120112989051215,KGE
unified_1981_2015,hysets_01447500,1,1,Knoben_Class_All,193,12783,0.2075150981224383,0.14294003894641805,0.0334547416552409,KGE
unified_1981_2015,hysets_01543000,4,1,Knoben_Class_All,193,12783,0.25307278485411244,0.20279899187257522,0.039151745476693756,KGE
unified_1981_2015,hysets_01543500,2,1,Knoben_Class_All,181,12783,0.28523191711597373,0.25756550251459365,0.037866517142168876,KGE
unified_1981_2015,hysets_01544500,3,1,Knoben_Class_All,188,12783,0.27905765072382693,0.23439800756747387,0.04334010658464297,KGE
unified_1981_2015,hysets_01545600,5,0,Knoben_Class_All,189,12783,0.29865764211181633,0.2911381346909132,0.03630713899280076,KGE
unified_1981_2015,hysets_01550000,5,1,Knoben_Class_All,189,12783,0.26229652093390454,0.20288892557240457,0.02933742427383078,KGE
unified_1981_2015,hysets_01552000,2,0,Knoben_Class_All,181,12783,0.23766915724255888,0.17027194443265614,0.024025748378526866,KGE
unified_1981_2015,hysets_01605500,1,1,Knoben_Class_All,193,12783,0.11394039348334573,0.06235013611150897,0.016034012386291752,KGE
unified_1981_2015,hysets_01606500,3,1,Knoben_Class_All,188,12782,0.1348265317635311,0.15609568816363728,0.01764046724369592,KGE
unified_1981_2015,hysets_01611500,5,1,Knoben_Class_All,225,12417,0.17337628182582177,0.20895618126573523,0.036134846351346894,KGE
unified_1981_2015,hysets_01665500,3,0,Knoben_Class_All,210,11595,0.055029180150977575,-0.12935935283900313,0.01317663029602528,KGE
unified_1981_2015,hysets_01669520,2,1,Knoben_Class_All,221,12558,0.05141994990093457,0.11301679701127887,0.028011486748017952,KGE
unified_1981_2015,hysets_01673800,1,1,Knoben_Class_All,217,12783,0.1460506500593498,0.08456363230809472,0.0398712194241431,KGE
unified_1981_2015,hysets_01AJ010,2,1,Knoben_Class_All,181,12783,0.28433099790986893,0.19482299082994403,0.03767432097856554,KGE
unified_1981_2015,hysets_01AK001,3,1,Knoben_Class_All,188,12783,0.36774389499318205,0.2860925922598758,0.06865373211296465,KGE
unified_1981_2015,hysets_01AK007,1,1,Knoben_Class_All,193,12783,0.27532420849734773,0.1787095635717847,0.04335755593368961,KGE
unified_1981_2015,hysets_01AL002,2,1,Knoben_Class_All,181,12783,0.25654953084872,0.15646651489390495,0.03934267653577631,KGE
unified_1981_2015,hysets_01AM001,4,1,Knoben_Class_All,193,12783,0.2741683747878999,0.173852784966392,0.045673113621513634,KGE
unified_1981_2015,hysets_01AN002,1,1,Knoben_Class_All,193,12783,0.29688480348611523,0.21727162639883768,0.05132491628358529,KGE
unified_1981_2015,hysets_01AP002,4,1,Knoben_Class_All,193,12783,0.2755892571554879,0.19650632631139053,0.045508519849575525,KGE
unified_1981_2015,hysets_01AQ001,4,1,Knoben_Class_All,193,12783,0.08605493618090232,0.029896278848197344,0.04813856472509437,KGE
unified_1981_2015,hysets_01BJ003,1,1,Knoben_Class_All,193,12783,0.19570682126132743,0.10270750894134595,0.0689398675021905,KGE
unified_1981_2015,hysets_01BL002,3,1,Knoben_Class_All,188,12783,0.2834045278659121,0.2490240117363104,0.04786340180121451,KGE
unified_1981_2015,hysets_01BQ001,2,1,Knoben_Class_All,181,12783,0.2699976208653163,0.20069758361865697,0.05507197390951428,KGE
unified_1981_2015,hysets_01BS001,3,1,Knoben_Class_All,188,12783,0.26931762358639766,0.18069326582220324,0.046177503546552486,KGE
unified_1981_2015,hysets_01BU002,1,1,Knoben_Class_All,193,12783,0.2591506995219114,0.18391532008411327,0.04697041896609719,KGE
unified_1981_2015,hysets_01BV006,1,1,Knoben_Class_All,193,12783,0.009805943393381922,-0.10533279643552973,0.053467719475450204,KGE
unified_1981_2015,hysets_01DR001,2,1,Knoben_Class_All,181,12783,0.04414835051036847,-0.01976653761569369,0.06527713977432473,KGE
unified_1981_2015,hysets_01EC001,5,1,Knoben_Class_All,189,12783,-0.2027237380061313,0.013605907500431003,0.09020793936015324,KGE
unified_1981_2015,hysets_01ED007,2,1,Knoben_Class_All,181,12783,0.03571211837266608,0.0699935162240991,0.06231195996057629,KGE
unified_1981_2015,hysets_01EF001,3,1,Knoben_Class_All,188,12783,0.07912046733238332,0.07279208017462746,0.05786537502704708,KGE
unified_1981_2015,hysets_01EO001,5,1,Knoben_Class_All,189,12783,-0.00044363619863352355,-0.03603393596651894,0.05380601295852696,KGE
unified_1981_2015,hysets_01FB001,5,1,Knoben_Class_All,169,12783,-0.1223938940094278,-0.21189254957676007,0.048724658206812856,KGE
unified_1981_2015,hysets_01FB003,4,1,Knoben_Class_All,193,12783,-0.47084472486177176,0.10725673075329911,0.16327560716169154,KGE
unified_1981_2015,hysets_02011400,5,1,Knoben_Class_All,225,12783,0.3010286686525875,0.2688846797846539,0.026151009297524692,KGE
unified_1981_2015,hysets_02011460,5,1,Knoben_Class_All,189,12783,0.17601241660015232,0.13240904732040593,0.026329346742130933,KGE
unified_1981_2015,hysets_02013000,3,1,Knoben_Class_All,210,12783,0.2339549895931181,0.15520663337358476,0.031217378451474327,KGE
unified_1981_2015,hysets_02014000,2,1,Knoben_Class_All,221,12783,0.28897145757106146,0.2293681008123717,0.03500826514433279,KGE
unified_1981_2015,hysets_02015700,2,1,Knoben_Class_All,221,12783,0.2053147710387916,0.10665934917617981,0.027728004323246964,KGE
unified_1981_2015,hysets_02016000,5,1,Knoben_Class_All,225,12783,0.2285022776327389,0.1477317292554654,0.02703018183856481,KGE
unified_1981_2015,hysets_02017500,5,1,Knoben_Class_All,225,12783,0.27742037485707505,0.19903309093155064,0.04090437264544455,KGE
unified_1981_2015,hysets_02018000,3,1,Knoben_Class_All,210,12783,0.22014787137681435,0.13972560866881845,0.03011997495801994,KGE
unified_1981_2015,hysets_02020500,4,1,Knoben_Class_All,211,12053,0.1404710674556866,0.005661970635567726,0.019254294275433053,KGE
unified_1981_2015,hysets_02021500,3,1,Knoben_Class_All,210,12783,0.18210207655601984,0.07352948162973327,0.019021496444687418,KGE
unified_1981_2015,hysets_02027000,4,0,Knoben_Class_All,211,12783,0.09690376156555136,-0.011207763934342196,0.03288319256312058,KGE
unified_1981_2015,hysets_02028500,4,0,Knoben_Class_All,211,12783,0.13862646080327157,0.04099321653045296,0.03793161172521842,KGE
unified_1981_2015,hysets_02030000,4,1,Knoben_Class_All,211,12427,0.18413477340851903,0.14744743160745322,0.030636946128082723,KGE
unified_1981_2015,hysets_02041000,4,1,Knoben_Class_All,211,12783,0.11073409578575699,0.06838403589606545,0.03634243077057541,KGE
unified_1981_2015,hysets_02046000,4,1,Knoben_Class_All,211,12783,0.1252802851486503,0.08894966891437195,0.024995963217794036,KGE
unified_1981_2015,hysets_02212600,4,1,Knoben_Class_All,211,12783,0.15071032978529753,0.06536136230010137,0.031225957225052604,KGE
unified_1981_2015,hysets_02325000,1,1,Knoben_Class_All,217,12228,-0.5478726295341267,0.2103531742317939,0.14165997030197594,KGE
unified_1981_2015,hysets_02326000,3,1,Knoben_Class_All,210,12783,-0.17468338444066966,0.1574942393925739,0.1270327296764253,KGE
unified_1981_2015,hysets_02327100,1,1,Knoben_Class_All,217,12783,-0.009170433473459694,-0.22837558652349754,0.032860697584819666,KGE
unified_1981_2015,hysets_02331600,1,1,Knoben_Class_All,217,12783,-0.11925816004202727,0.04852120470678922,0.04889057538544218,KGE
unified_1981_2015,hysets_02373000,5,1,Knoben_Class_All,225,12783,0.14902197506856574,0.03351292584803778,0.0413614069151113,KGE
unified_1981_2015,hysets_02374500,3,1,Knoben_Class_All,210,12783,0.1349521702470715,0.10941545232511174,0.03257842353811274,KGE
unified_1981_2015,hysets_02380500,2,1,Knoben_Class_All,221,12783,0.04187612830812659,0.13871926271014412,0.04265863026521027,KGE
unified_1981_2015,hysets_02401390,4,1,Knoben_Class_All,211,12783,0.10397261632751809,-0.07145904342047427,0.04670625127338783,KGE
unified_1981_2015,hysets_02450250,3,1,Knoben_Class_All,210,12783,0.08893972332167799,-0.10638342129003897,0.047224200373688366,KGE
unified_1981_2015,hysets_02469800,5,1,Knoben_Class_All,225,12783,0.17943727492729322,0.05872117218289863,0.03624529323518153,KGE
unified_1981_2015,hysets_02479155,1,1,Knoben_Class_All,217,12783,0.07927612279008533,-0.11724452846895717,0.025095933178437592,KGE
unified_1981_2015,hysets_02479300,1,0,Knoben_Class_All,217,12783,0.06677874101541503,-0.0526979598278523,0.050148201927651036,KGE
unified_1981_2015,hysets_02479560,3,1,Knoben_Class_All,210,12783,0.0791876799504937,-0.03091472362977532,0.05629390058808228,KGE
unified_1981_2015,hysets_02AB017,5,1,Knoben_Class_All,189,12765,-0.09670765755363386,-0.05281990412035298,0.06277370578514611,KGE
unified_1981_2015,hysets_02AC001,3,1,Knoben_Class_All,188,11997,-0.3317065987404926,0.0056480354892498585,0.060684451195866344,KGE
unified_1981_2015,hysets_02AD010,2,1,Knoben_Class_All,181,12672,-0.16634345719030752,0.1352718641399956,0.07387371928272383,KGE
unified_1981_2015,hysets_02BA003,2,1,Knoben_Class_All,181,12782,-0.10087125683517417,0.220845884743763,0.07875997162599035,KGE
unified_1981_2015,hysets_02BF001,4,1,Knoben_Class_All,193,12783,0.1786792490632495,0.18060444457942304,0.06690804299426856,KGE
unified_1981_2015,hysets_02BF002,1,1,Knoben_Class_All,193,12783,0.19558234242811012,0.2342453070275795,0.0695455964374694,KGE
unified_1981_2015,hysets_02CB003,2,1,Knoben_Class_All,181,12783,0.06364242743527793,0.28807873784467586,0.0860541883579034,KGE
unified_1981_2015,hysets_02CD006,2,1,Knoben_Class_All,181,12783,0.15210200000867335,0.41563288746470006,0.1056842511746871,KGE
unified_1981_2015,hysets_02DD015,1,1,Knoben_Class_All,193,12783,0.27082713599987973,0.2815053920147298,0.06564535140148735,KGE
unified_1981_2015,hysets_02HL003,5,1,Knoben_Class_All,189,12783,0.28950955092300723,0.4474805661442379,0.0825739297106089,KGE
unified_1981_2015,hysets_02HL004,5,1,Knoben_Class_All,189,12783,0.3051592649625191,0.43840272224071997,0.06914429188076676,KGE
unified_1981_2015,hysets_02JC008,1,1,Knoben_Class_All,193,12781,0.20919728024736195,0.36281841585271357,0.09483847667458305,KGE
unified_1981_2015,hysets_02YC001,1,1,Knoben_Class_All,169,12783,0.16577897139275988,0.15799439977137575,0.0705282005632356,KGE
unified_1981_2015,hysets_02YD002,1,1,Knoben_Class_All,193,12783,0.00895135043122719,-0.058611517816431036,0.10538936449150021,KGE
unified_1981_2015,hysets_02YJ001,4,1,Knoben_Class_All,166,12783,-0.005297625996874444,0.04532153131652161,0.0836109178561071,KGE
unified_1981_2015,hysets_02YK002,3,1,Knoben_Class_All,174,12663,0.0004809927289317617,0.041405059923176,0.1003055245754354,KGE
unified_1981_2015,hysets_02YK005,1,1,Knoben_Class_All,169,12783,0.12598815327709756,0.2720125726869793,0.09285883517261463,KGE
unified_1981_2015,hysets_02YN002,5,1,Knoben_Class_All,93,12783,-0.04774446035131219,-0.16765101501375934,0.07745674094453493,KGE
unified_1981_2015,hysets_02YO006,5,1,Knoben_Class_All,189,12783,0.07694629805340658,0.0260213342873159,0.04468717391913567,KGE
unified_1981_2015,hysets_02YO008,2,1,Knoben_Class_All,181,11688,0.04255229137142735,0.001434394989923704,0.08099836062589792,KGE
unified_1981_2015,hysets_02YR001,1,1,Knoben_Class_All,193,12783,-0.011721426684928593,0.15907213294018407,0.10390630149694309,KGE
unified_1981_2015,hysets_02YR003,4,1,Knoben_Class_All,193,12783,0.05259918368767391,0.19721229576283295,0.10211374366672696,KGE
unified_1981_2015,hysets_02ZB001,1,1,Knoben_Class_All,169,12783,-0.11324980849338306,-0.3110291510207359,0.05225853785477421,KGE
unified_1981_2015,hysets_02ZC002,3,1,Knoben_Class_All,92,12418,-0.07216270694383686,-0.34453134519480666,0.06298164257399759,KGE
unified_1981_2015,hysets_02ZF001,3,1,Knoben_Class_All,174,12783,-0.3653861999555559,-0.011329035288870415,0.06945487638264518,KGE
unified_1981_2015,hysets_02ZG001,5,1,Knoben_Class_All,189,12783,-0.3595904643692127,-0.2038586775296778,0.0582116839990514,KGE
unified_1981_2015,hysets_02ZG003,3,1,Knoben_Class_All,188,12783,-0.17861203740347253,-0.26702247610247665,0.06407172778301733,KGE
unified_1981_2015,hysets_02ZH001,3,1,Knoben_Class_All,174,12783,-0.24188014359027488,-0.1626201798791147,0.060915644095702624,KGE
unified_1981_2015,hysets_02ZK001,2,1,Knoben_Class_All,181,12783,-0.2480347514367145,-0.24676883052536547,0.06421250740745994,KGE
unified_1981_2015,hysets_02ZK004,2,1,Knoben_Class_All,181,12053,-0.19831166081037632,-0.35671809936355814,0.06315108920100718,KGE
unified_1981_2015,hysets_03010500,2,0,Knoben_Class_All,181,12783,0.28335062036497527,0.29044595734657874,0.061085731165880765,KGE
unified_1981_2015,hysets_03010655,1,1,Knoben_Class_All,193,12783,0.2996696327514379,0.27333206922305053,0.05676832474737184,KGE
unified_1981_2015,hysets_03021350,3,0,Knoben_Class_All,188,12783,0.05945186826705551,-0.06361401531517386,0.07381241319984265,KGE
unified_1981_2015,hysets_03028000,1,1,Knoben_Class_All,193,12783,0.1939024522669408,0.1405495706154506,0.03863522545820126,KGE
unified_1981_2015,hysets_03065000,1,1,Knoben_Class_All,193,12053,0.09599349891633169,0.005512622520804755,0.03357778102613538,KGE
unified_1981_2015,hysets_03070500,1,1,Knoben_Class_All,193,12783,0.11193033232942406,0.040266553585323384,0.05462377804101436,KGE
unified_1981_2015,hysets_03072000,1,1,Knoben_Class_All,217,12783,0.16606673041777376,0.08131049939344603,0.05452014158338514,KGE
unified_1981_2015,hysets_03110000,4,1,Knoben_Class_All,211,12783,0.15119868647048273,0.12582083148939394,0.03177650305971078,KGE
unified_1981_2015,hysets_03151400,5,1,Knoben_Class_All,225,12052,0.04285648085502658,-0.09506730189260937,0.039570187025141174,KGE
unified_1981_2015,hysets_03159540,3,1,Knoben_Class_All,210,12782,0.150939687603584,0.053911798899749286,0.03591531827991666,KGE
unified_1981_2015,hysets_03180500,4,1,Knoben_Class_All,193,12783,0.15802209040580883,0.07101333221882256,0.031197239323466013,KGE
unified_1981_2015,hysets_03182500,3,1,Knoben_Class_All,188,12783,0.1534595464854227,0.10150721472945456,0.03325374732488903,KGE
unified_1981_2015,hysets_03186500,3,1,Knoben_Class_All,188,12783,0.03558699120778297,-0.06526967171617892,0.05706025355775688,KGE
unified_1981_2015,hysets_03187500,2,1,Knoben_Class_All,181,12265,0.03394686778821299,-0.06640823419038111,0.048343550289614456,KGE
unified_1981_2015,hysets_03189100,2,1,Knoben_Class_All,181,11661,0.06781702601909534,-0.00887367982138998,0.06413589445935594,KGE
unified_1981_2015,hysets_03194700,3,1,Knoben_Class_All,188,12052,0.05038421567290663,-0.0281990263563916,0.06009612972684965,KGE
unified_1981_2015,hysets_03198500,5,0,Knoben_Class_All,225,12783,0.1769984655802781,0.1060836514309339,0.045760912482652794,KGE
unified_1981_2015,hysets_03202400,5,1,Knoben_Class_All,225,12783,0.18018182539569405,0.12142850571101427,0.03145793967504339,KGE
unified_1981_2015,hysets_03202750,2,1,Knoben_Class_All,221,12783,0.16085593335695159,0.05725103951745891,0.05347897409584109,KGE
unified_1981_2015,hysets_03207800,1,1,Knoben_Class_All,217,12783,0.23556925004357943,0.18815697078150628,0.030494355294407503,KGE
unified_1981_2015,hysets_03208500,2,1,Knoben_Class_All,221,12783,0.19636791924929953,0.11730401040790184,0.03447526117248923,KGE
unified_1981_2015,hysets_03210000,2,1,Knoben_Class_All,221,12418,0.15393584466015542,0.08132741846679481,0.02900999146876719,KGE
unified_1981_2015,hysets_03217000,3,1,Knoben_Class_All,210,12783,0.12128620346608532,-0.01099921409392235,0.02590513839822724,KGE
unified_1981_2015,hysets_03280700,2,1,Knoben_Class_All,221,12783,0.13245980735344154,-0.003447057821926558,0.03802812973014981,KGE
unified_1981_2015,hysets_03460000,4,1,Knoben_Class_All,211,12783,-0.05869123093326878,0.004853524922433405,0.052042734478747306,KGE
unified_1981_2015,hysets_03497300,4,1,Knoben_Class_All,211,12783,-0.07798056251968877,-0.10698378064815417,0.04008173846369549,KGE
unified_1981_2015,hysets_03512000,3,1,Knoben_Class_All,210,12783,-0.24498144490156815,-0.052509077917342495,0.06728816837397436,KGE
unified_1981_2015,hysets_03574500,4,1,Knoben_Class_All,211,12783,0.07315545113113886,-0.12298171538569491,0.027617494283283334,KGE
unified_1981_2015,hysets_04015330,4,1,Knoben_Class_All,211,12783,-0.05649911000224472,-0.23810314310054226,0.0201265582072763,KGE
unified_1981_2015,hysets_04024430,2,1,Knoben_Class_All,181,12783,-0.09266070994292486,0.004699806590862665,0.04113497961616953,KGE
unified_1981_2015,hysets_04025500,2,1,Knoben_Class_All,181,11961,-1.4181479738933072,0.11278544245549826,0.07164495027459675,KGE
unified_1981_2015,hysets_04057510,2,1,Knoben_Class_All,181,12783,-0.49215310171070636,0.22536547010222407,0.10411089984478766,KGE
unified_1981_2015,hysets_04063700,5,1,Knoben_Class_All,189,12783,-1.447252589146124,-0.23297340725018256,0.1173773162957912,KGE
unified_1981_2015,hysets_04256000,4,1,Knoben_Class_All,193,12783,0.19485024715643484,0.1447509392545795,0.04219236063866132,KGE
unified_1981_2015,hysets_04262500,1,1,Knoben_Class_All,193,12783,0.20630955298077802,0.20026788768080706,0.06739673043842292,KGE
unified_1981_2015,hysets_04269000,4,1,Knoben_Class_All,193,12417,0.38445326111312816,0.42362901711991663,0.06305098958979499,KGE
unified_1981_2015,hysets_04287000,4,0,Knoben_Class_All,193,12783,0.33864333634027644,0.25511419398657076,0.02806459955257513,KGE
unified_1981_2015,hysets_04296000,5,1,Knoben_Class_All,189,12783,0.43229547087056774,0.3738183711397337,0.06392353797815789,KGE
unified_1981_2015,hysets_05AA008,2,1,Knoben_Class_All,181,12783,-0.3585854120754284,0.11403153835045543,0.0724956729340551,KGE
unified_1981_2015,hysets_05BG006,2,0,Knoben_Class_All,181,12783,-1.0904287030325412,-0.6393269866937037,0.0324537811061895,KGE
unified_1981_2015,hysets_05DA009,1,0,Knoben_Class_All,90,12783,0.13483126994313843,0.1470155828233093,0.18960507526003711,KGE
unified_1981_2015,hysets_05DC006,1,1,Knoben_Class_All,193,12783,-0.9618992578716039,-0.34845981834938233,0.04082662010763582,KGE
unified_1981_2015,hysets_05QE008,5,1,Knoben_Class_All,189,12783,-8.605802621405521,-1.09252001585189,0.5218236703182108,KGE
unified_1981_2015,hysets_05QE009,3,1,Knoben_Class_All,188,12667,-4.539045566433124,-0.8532973654779472,0.23711162875028313,KGE
unified_1981_2015,hysets_05QE012,4,1,Knoben_Class_All,193,12783,-5.58988335647864,-0.8831022678977458,0.4182047427886106,KGE
unified_1981_2015,hysets_05TG002,4,1,Knoben_Class_All,193,12000,-3.569141271892094,-1.2404537257408887,0.21532714935837832,KGE
unified_1981_2015,hysets_05UF004,2,1,Knoben_Class_All,181,12584,-0.3513484142005012,-0.0331761599112983,0.11014693332379835,KGE
unified_1981_2015,hysets_06019500,5,1,Knoben_Class_All,189,12663,-19.33979191982296,-3.0541854384016345,0.28006197923287024,KGE
unified_1981_2015,hysets_06191000,2,1,Knoben_Class_All,181,11597,-0.5037156561034903,0.16890030240492038,0.1559072919651657,KGE
unified_1981_2015,hysets_06200000,1,1,Knoben_Class_All,193,12782,-0.19721844392121013,-0.029075741653208365,0.10917644016169945,KGE
unified_1981_2015,hysets_06224000,3,1,Knoben_Class_All,188,12783,-0.15427935319863106,-0.08620691022007021,0.11483470794539147,KGE
unified_1981_2015,hysets_06289000,1,1,Knoben_Class_All,193,12783,-1.0529536026281185,-0.13858973541705089,0.1345269630356436,KGE
unified_1981_2015,hysets_06309200,4,1,Knoben_Class_All,193,12783,-0.39208469148152636,-0.6201494740322988,0.07609876839595821,KGE
unified_1981_2015,hysets_06332515,2,1,Knoben_Class_All,68,12783,-28.128338748106028,-20.918499310330805,0.21383546456087943,KGE
unified_1981_2015,hysets_06339100,1,0,Knoben_Class_All,62,12783,-19.126258762889492,-17.551927507703898,0.1086394135693187,KGE
unified_1981_2015,hysets_06344600,1,0,Knoben_Class_All,62,12783,-12.644763000254756,-15.042236074316612,0.09435348273176389,KGE
unified_1981_2015,hysets_06400875,3,1,Knoben_Class_All,210,11902,-7.861108121006307,-22.095501079699858,0.05340089940642938,KGE
unified_1981_2015,hysets_06404000,3,1,Knoben_Class_All,210,12783,-4.001570776307397,-3.7482564386633603,0.061365114502540126,KGE
unified_1981_2015,hysets_06406000,4,1,Knoben_Class_All,211,12783,-18.363403030382205,-6.6989218649294155,0.16317485764226952,KGE
unified_1981_2015,hysets_06409000,1,1,Knoben_Class_All,193,12783,-193.93301260552983,-9.054013370952772,0.8459529749758198,KGE
unified_1981_2015,hysets_06422500,2,1,Knoben_Class_All,221,12783,-5.239323157005972,-2.230555394102833,0.10666369916305712,KGE
unified_1981_2015,hysets_06623800,5,1,Knoben_Class_All,189,12783,0.01922892345922078,-0.027250726183139173,0.11647718568364691,KGE
unified_1981_2015,hysets_06712000,1,1,Knoben_Class_All,217,12783,-69.14367540550953,-14.293890995315923,0.25558226744379703,KGE
unified_1981_2015,hysets_06719505,3,1,Knoben_Class_All,188,12782,-3.9093176569637595,-1.204923874991172,0.26022815788457715,KGE
unified_1981_2015,hysets_06876700,2,1,Knoben_Class_All,221,12783,-2.2192753415602313,-3.7528546815692634,0.060152899406122284,KGE
unified_1981_2015,hysets_06FD002,4,1,Knoben_Class_All,93,11818,-3.7139171778819717,-2.4834745700230383,0.18722907619157717,KGE
unified_1981_2015,hysets_07060710,1,1,Knoben_Class_All,217,12783,0.04459496520238804,-0.12672983130465565,0.018434500479294024,KGE
unified_1981_2015,hysets_07124200,2,1,Knoben_Class_All,181,12783,-52.99406593541758,-8.568855305684993,0.2180416972340521,KGE
unified_1981_2015,hysets_07203000,3,1,Knoben_Class_All,188,12783,-137.1964246770941,-20.846666259017223,0.22612616073297465,KGE
unified_1981_2015,hysets_07207500,3,1,Knoben_Class_All,188,12783,-74.40648655957119,-17.880771893931612,0.362268698525165,KGE
unified_1981_2015,hysets_07208500,5,1,Knoben_Class_All,189,12783,-16.605619730947264,-5.376416141550319,0.12759823036929502,KGE
unified_1981_2015,hysets_07291000,1,1,Knoben_Class_All,217,12053,0.0660619868924397,-0.13802810645908892,0.030058540954320756,KGE
unified_1981_2015,hysets_07299670,1,1,Knoben_Class_All,217,12783,-2.8774767124270353,-7.617559614811261,0.040493938862549164,KGE
unified_1981_2015,hysets_07315200,3,1,Knoben_Class_All,210,12783,-0.22863343532094516,-2.615397050648207,0.02005802837749264,KGE
unified_1981_2015,hysets_07335700,1,1,Knoben_Class_All,217,12783,0.011387409045751862,-0.2942099124236295,0.029855574038324617,KGE
unified_1981_2015,hysets_07337900,3,1,Knoben_Class_All,210,12783,0.04819143275928206,-0.18121324995411858,0.04145220851912674,KGE
unified_1981_2015,hysets_07340300,4,1,Knoben_Class_All,211,12783,0.015680317483649397,-0.2528890693372037,0.04764800294363741,KGE
unified_1981_2015,hysets_07352000,5,1,Knoben_Class_All,225,12783,0.1709134737763911,0.07001296697457515,0.040418592860947455,KGE
unified_1981_2015,hysets_07361500,3,1,Knoben_Class_All,210,12783,0.051981869066992425,-0.1707520728103864,0.04317086364881032,KGE
unified_1981_2015,hysets_07362100,3,1,Knoben_Class_All,210,12783,0.10982107344488645,-0.017762812090883706,0.03170009549047398,KGE
unified_1981_2015,hysets_07373000,1,1,Knoben_Class_All,217,12783,0.0626371121387872,-0.11986563901573066,0.023279249313385694,KGE
unified_1981_2015,hysets_07376000,1,1,Knoben_Class_All,217,12418,0.10963447089285527,-0.03055247480504497,0.03732486174320532,KGE
unified_1981_2015,hysets_07377000,3,0,Knoben_Class_All,210,12783,0.10869096314334403,-0.053398974873348326,0.028870319870057438,KGE
unified_1981_2015,hysets_07BJ001,5,1,Knoben_Class_All,189,12783,-0.7554638517154819,-0.770295262694509,0.05980024105767829,KGE
unified_1981_2015,hysets_07MA003,4,1,Knoben_Class_All,193,12728,-23.433648450599712,-2.2625025292120085,0.5738391971188066,KGE
unified_1981_2015,hysets_07SB013,5,0,Knoben_Class_All,169,11791,-40.0778515556683,-12.979140563948441,0.4645933404444048,KGE
unified_1981_2015,hysets_08013000,3,1,Knoben_Class_All,210,12768,0.08753656931255949,-0.09091366678015733,0.038693402929977576,KGE
unified_1981_2015,hysets_08013500,4,1,Knoben_Class_All,211,12417,0.10685069490659804,-0.03779181433463452,0.04353229218369088,KGE
unified_1981_2015,hysets_08014500,1,1,Knoben_Class_All,217,12783,0.09103319161498258,-0.05672476720769337,0.03381603107247855,KGE
unified_1981_2015,hysets_08025500,4,1,Knoben_Class_All,211,12052,0.1198137392710813,-0.016743267426066355,0.030607288702261315,KGE
unified_1981_2015,hysets_08029500,5,1,Knoben_Class_All,225,12783,0.10726737461926417,-0.007896109407188767,0.01530541971189067,KGE
unified_1981_2015,hysets_08065800,1,1,Knoben_Class_All,62,12783,-0.25802829565204055,-0.5697418960856626,0.036866268171447183,KGE
unified_1981_2015,hysets_08066200,2,1,Knoben_Class_All,221,12783,0.055667548136383194,-0.1229780541108394,0.019254689152194485,KGE
unified_1981_2015,hysets_08068720,1,1,Knoben_Class_All,62,12596,-0.8519429122590159,-1.1285068987849263,0.11270563354595856,KGE
unified_1981_2015,hysets_08070000,4,1,Knoben_Class_All,211,12695,0.09138216298393231,-0.02373765058374544,0.018829493850517794,KGE
unified_1981_2015,hysets_08082700,4,1,Knoben_Class_All,211,12783,-0.9859509844819563,-9.550120974154167,0.019187907248949518,KGE
unified_1981_2015,hysets_08084800,3,1,Knoben_Class_All,210,12783,-4.919185231781283,-9.663921280461027,0.07552473295339292,KGE
unified_1981_2015,hysets_08086212,5,1,Knoben_Class_All,225,12783,-1.5899017973870895,-10.105779986824544,0.030573189316605978,KGE
unified_1981_2015,hysets_08150800,3,1,Knoben_Class_All,210,12783,-2.2068695220723766,-8.41668465827826,0.027186494054882604,KGE
unified_1981_2015,hysets_08164300,2,1,Knoben_Class_All,68,12783,-0.41037937534141467,-1.6116247215678507,0.032895155333450846,KGE
unified_1981_2015,hysets_08165300,1,1,Knoben_Class_All,217,12783,-0.5000038032134713,-2.3929037626776237,0.01902046346781061,KGE
unified_1981_2015,hysets_08165500,3,1,Knoben_Class_All,210,12761,-0.4894167012892814,-1.8848870824359678,0.020053310850155256,KGE
unified_1981_2015,hysets_08171000,5,1,Knoben_Class_All,225,12783,-0.04027156060345782,-0.4374611486095572,0.013051669192978583,KGE
unified_1981_2015,hysets_08175000,5,1,Knoben_Class_All,225,12783,-0.2605169083663095,-2.2351242782614125,0.017393267484335853,KGE
unified_1981_2015,hysets_08176900,1,0,Knoben_Class_All,217,12568,-0.35328049866654676,-2.4280127677109844,0.02592988871703471,KGE
unified_1981_2015,hysets_08178880,4,1,Knoben_Class_All,211,12145,-0.0118794272118381,-0.575021222243052,0.01097667658533715,KGE
unified_1981_2015,hysets_08189500,2,0,Knoben_Class_All,221,12783,-0.756895072766524,-2.9877066828295114,0.03317851439725906,KGE
unified_1981_2015,hysets_08194200,5,1,Knoben_Class_All,225,12783,-1.9578474878455445,-9.49638820434662,0.03883743543094045,KGE
unified_1981_2015,hysets_08195000,2,1,Knoben_Class_All,221,12783,-0.3575696407261184,-0.9055320296599676,0.024962612034572618,KGE
unified_1981_2015,hysets_08198000,5,1,Knoben_Class_All,225,12782,-0.254171599903966,-0.9632471928967996,0.02037472222537923,KGE
unified_1981_2015,hysets_08198500,1,1,Knoben_Class_All,217,12783,-0.32252226723488486,-4.03753828326096,0.019675385527933634,KGE
unified_1981_2015,hysets_08201500,1,0,Knoben_Class_All,217,12782,-0.11902087051888999,-0.6782684514024624,0.018755590069161682,KGE
unified_1981_2015,hysets_08202700,3,0,Knoben_Class_All,210,12783,-0.5465528868558593,-15.367550475070782,0.017685238916330524,KGE
unified_1981_2015,hysets_08247500,2,1,Knoben_Class_All,181,12783,-7.285791282764285,-5.222769551905782,0.25319662045506075,KGE
unified_1981_2015,hysets_08269000,3,1,Knoben_Class_All,188,12783,-3.4399706958218186,-1.6670383273490716,0.16803056074414155,KGE
unified_1981_2015,hysets_08279000,2,1,Knoben_Class_All,181,12560,-11.646281903284272,-3.6836219050442613,0.2062032353771098,KGE
unified_1981_2015,hysets_08284100,1,1,Knoben_Class_All,193,12783,-0.07543523723705503,-0.15295831140487026,0.09284017186080289,KGE
unified_1981_2015,hysets_08289000,3,1,Knoben_Class_All,188,12783,-22.65463933064246,-7.798364112705164,0.4632352484486088,KGE
unified_1981_2015,hysets_08291000,2,1,Knoben_Class_All,181,12783,-7.838498708273669,-2.091940657961108,0.21071172295638904,KGE
unified_1981_2015,hysets_08324000,4,1,Knoben_Class_All,211,12783,-17.13651475876881,-4.32430034911805,0.3316707678998314,KGE
unified_1981_2015,hysets_08334000,4,1,Knoben_Class_All,193,12783,-199.24039011551187,-42.790412238188075,0.6275331132320034,KGE
unified_1981_2015,hysets_08378500,5,1,Knoben_Class_All,189,12783,-2.5639111001859294,-0.8998901697032529,0.14069639315058188,KGE
unified_1981_2015,hysets_08401200,4,1,Knoben_Class_All,211,12032,-11.911712602809676,-83.43020064646981,0.04415579016919129,KGE
unified_1981_2015,hysets_08401900,5,1,Knoben_Class_All,225,12783,-5.094153122225119,-53.562716521261606,0.03845719858071271,KGE
unified_1981_2015,hysets_08405150,5,1,Knoben_Class_All,225,12783,-8.293882665578835,-89.67508255605276,0.045160050849849864,KGE
unified_1981_2015,hysets_08405500,3,1,Knoben_Class_All,210,12783,-137.8958665448274,-26.005619934052877,0.1941871015756683,KGE
unified_1981_2015,hysets_08AA008,1,1,Knoben_Class_All,90,12589,-45.17736594092956,-6.6257394234810425,0.7730151258947089,KGE
unified_1981_2015,hysets_08AA009,4,1,Knoben_Class_All,166,12695,-26.04820739886626,-6.716506545478302,0.36663009288780923,KGE
unified_1981_2015,hysets_08AC001,2,1,Knoben_Class_All,80,11614,-2.6434265780238233,-1.264454792634718,0.15346253987501524,KGE
unified_1981_2015,hysets_08EB004,5,1,Knoben_Class_All,169,12783,0.43945200736401635,0.500353220346401,0.04587660992954333,KGE
unified_1981_2015,hysets_08ED001,4,1,Knoben_Class_All,166,12699,0.2228725944811748,0.22526868334876105,0.1098237458804109,KGE
unified_1981_2015,hysets_08ED002,2,0,Knoben_Class_All,182,12783,0.08020557757141111,0.198194112111849,0.16179364654069261,KGE
unified_1981_2015,hysets_08EE008,2,1,Knoben_Class_All,182,12783,-0.036563875731111084,0.04884124901864062,0.07839994247134828,KGE
unified_1981_2015,hysets_08EE013,4,1,Knoben_Class_All,166,12715,-1.4124175619011496,-1.5645285306290408,0.13973928331051003,KGE
unified_1981_2015,hysets_08EE020,3,1,Knoben_Class_All,174,12783,0.20584525085062688,0.1881007006817057,0.06147057349702593,KGE
unified_1981_2015,hysets_08EG012,5,1,Knoben_Class_All,93,12783,-0.41427907570273015,-0.22613934443189043,0.0922018840028285,KGE
unified_1981_2015,hysets_08FE003,2,1,Knoben_Class_All,80,12783,-0.11716209622710161,-0.0952895619618066,0.0658005092034819,KGE
unified_1981_2015,hysets_08FF001,3,1,Knoben_Class_All,92,12783,-0.08197993332850428,-0.04865977749460626,0.045087829781580734,KGE
unified_1981_2015,hysets_08FF002,3,1,Knoben_Class_All,92,12783,-0.016309526841893796,-0.05427949880768712,0.04547642786727817,KGE
unified_1981_2015,hysets_08FF003,4,1,Knoben_Class_All,93,12783,-0.24481941693662468,-0.20399557353892428,0.05194381582533488,KGE
unified_1981_2015,hysets_08GA071,2,1,Knoben_Class_All,80,12709,-0.2234471122711088,-0.10408293130515256,0.09798553502696829,KGE
unified_1981_2015,hysets_08GA072,5,0,Knoben_Class_All,169,12356,-0.24137291263311522,-0.06236584641694587,0.07641595009265352,KGE
unified_1981_2015,hysets_08HA001,5,1,Knoben_Class_All,75,12783,0.4471942639878327,0.38488594550533806,0.043056694909597244,KGE
unified_1981_2015,hysets_08HA010,1,1,Knoben_Class_All,80,11578,0.2649483409416632,0.12003732250425281,0.07570315821005681,KGE
unified_1981_2015,hysets_08HB014,2,1,Knoben_Class_All,80,12743,0.043205002974673556,-0.11911072396536548,0.07925571881238293,KGE
unified_1981_2015,hysets_08HB074,5,1,Knoben_Class_All,169,12308,-0.24132942930120937,-0.1987387589749825,0.05929058547728639,KGE
unified_1981_2015,hysets_08HD011,2,1,Knoben_Class_All,182,12783,0.08509603454535686,0.03321995672673772,0.05966752442689559,KGE
unified_1981_2015,hysets_08HD015,4,1,Knoben_Class_All,166,12459,0.026901045867426032,-0.06361367729433898,0.0603946409325469,KGE
unified_1981_2015,hysets_08HF004,3,1,Knoben_Class_All,174,12639,-0.09157624565392664,-0.21732819544135595,0.05729391426781386,KGE
unified_1981_2015,hysets_08JD006,4,1,Knoben_Class_All,166,11977,0.42555558924805426,0.3581148285788248,0.06888857865796805,KGE
unified_1981_2015,hysets_08KA007,5,1,Knoben_Class_All,169,12783,0.32218180506247407,0.3491069177888553,0.11826173317560397,KGE
unified_1981_2015,hysets_08KH010,1,1,Knoben_Class_All,169,12686,0.6105942524055923,0.5248023768690808,0.08525471284302287,KGE
unified_1981_2015,hysets_08KH019,5,1,Knoben_Class_All,189,12518,-1.6775219251894153,-0.7106210372184765,0.13201536394198077,KGE
unified_1981_2015,hysets_08LB038,2,1,Knoben_Class_All,182,11688,0.3422178479726443,0.21247132635361898,0.11578312823698622,KGE
unified_1981_2015,hysets_08LB069,3,1,Knoben_Class_All,174,12783,0.5601036586529469,0.4058432681563926,0.07911084099943101,KGE
unified_1981_2015,hysets_08LB076,3,1,Knoben_Class_All,174,12644,0.5518538853043706,0.43488436231401173,0.07277425056007908,KGE
unified_1981_2015,hysets_08LE024,5,0,Knoben_Class_All,169,12783,0.3751843877162804,0.2504092410381884,0.11213616258259361,KGE
unified_1981_2015,hysets_08LE027,3,0,Knoben_Class_All,174,12783,0.2804971680668985,0.18533576192722745,0.09931627063108255,KGE
unified_1981_2015,hysets_08LG048,5,0,Knoben_Class_All,169,12783,0.5971448632106153,0.4472559407429293,0.06120624545999717,KGE
unified_1981_2015,hysets_08MA003,4,1,Knoben_Class_All,166,12096,-0.0257262434822767,0.17960111677178758,0.1821840525119323,KGE
unified_1981_2015,hysets_08ME023,1,0,Knoben_Class_All,90,12694,-0.12866314911340315,-0.20865085206933953,0.09534726041763546,KGE
unified_1981_2015,hysets_08ME025,4,1,Knoben_Class_All,166,12053,-9.712134473682807,-1.950189807653866,0.3295672588363112,KGE
unified_1981_2015,hysets_08MH016,5,1,Knoben_Class_All,169,12783,-0.10339945112237214,0.131063554701217,0.09700750067349526,KGE
unified_1981_2015,hysets_08MH056,3,1,Knoben_Class_All,174,12620,-0.06537737897040552,0.044306672412930403,0.04551762257530051,KGE
unified_1981_2015,hysets_08MH103,2,1,Knoben_Class_All,182,12783,0.0719165958153396,0.20112335020405336,0.0628080281644493,KGE
unified_1981_2015,hysets_08MH147,4,1,Knoben_Class_All,166,11698,-0.3987029706698775,-0.20649245898398805,0.07549766971686342,KGE
unified_1981_2015,hysets_08NA006,5,1,Knoben_Class_All,169,12765,0.3545908098130508,0.42106906172391656,0.11095695708431072,KGE
unified_1981_2015,hysets_08NB012,3,1,Knoben_Class_All,174,12179,0.30206382829368494,0.3426774061055833,0.11593740948640528,KGE
unified_1981_2015,hysets_08NB014,5,1,Knoben_Class_All,93,12783,0.23156219534907718,0.15515043142499008,0.11048757417551945,KGE
unified_1981_2015,hysets_08ND012,4,1,Knoben_Class_All,166,12783,0.267943893091652,0.21878351702059662,0.11457487822769633,KGE
unified_1981_2015,hysets_08ND013,4,1,Knoben_Class_All,166,12783,0.20362598892307215,0.1600753017353731,0.11831226674894782,KGE
unified_1981_2015,hysets_08NE039,3,1,Knoben_Class_All,174,12783,0.35885469544247917,0.19073905544223302,0.09969782875885311,KGE
unified_1981_2015,hysets_08NE074,4,1,Knoben_Class_All,166,12783,0.5876250948398204,0.4591964882303218,0.075228774252068,KGE
unified_1981_2015,hysets_08NF001,5,1,Knoben_Class_All,169,12783,-0.19419201812895825,-0.28527805819507246,0.15745349386039942,KGE
unified_1981_2015,hysets_08NG076,3,1,Knoben_Class_All,174,12783,-0.9933428904464272,-0.742772494017401,0.11531468195013667,KGE
unified_1981_2015,hysets_08NG077,2,1,Knoben_Class_All,182,12783,0.4055285317455105,0.2683401710047473,0.07555830040166865,KGE
unified_1981_2015,hysets_08NH005,1,1,Knoben_Class_All,169,12783,0.5354660329656771,0.42489385072232533,0.07421162162749169,KGE
unified_1981_2015,hysets_08NH006,4,1,Knoben_Class_All,166,12783,-0.10865743670740446,-0.33687001316788523,0.1238957128843774,KGE
unified_1981_2015,hysets_08NH120,1,1,Knoben_Class_All,169,12783,0.5143448261120802,0.32548835609704685,0.05899474115533281,KGE
unified_1981_2015,hysets_08NH130,3,1,Knoben_Class_All,174,12783,0.38077653232756614,0.29574448520720364,0.07574708589233471,KGE
unified_1981_2015,hysets_08NJ160,5,1,Knoben_Class_All,169,12783,0.5640734051519762,0.430328960486312,0.08980574924299903,KGE
unified_1981_2015,hysets_08NK016,4,1,Knoben_Class_All,166,12783,-0.24853376808376226,-0.059021212394929856,0.05722212283409103,KGE
unified_1981_2015,hysets_08NK018,2,1,Knoben_Class_All,182,12783,-0.15567569338442255,-0.10244966424098445,0.059323900143591686,KGE
unified_1981_2015,hysets_08NK022,4,1,Knoben_Class_All,166,12783,0.11572281130975359,0.11994555634204129,0.0680459942369204,KGE
unified_1981_2015,hysets_08NL004,1,1,Knoben_Class_All,169,12783,-2.490184697225621,-1.8770100226722217,0.17390897012479034,KGE
unified_1981_2015,hysets_08NL024,5,1,Knoben_Class_All,169,12783,0.06242691616150331,-0.2616955897245694,0.0787296761684773,KGE
unified_1981_2015,hysets_08NL050,5,1,Knoben_Class_All,169,12783,-2.1091188368740736,-2.107123808646913,0.12499095875734209,KGE
unified_1981_2015,hysets_08NL071,4,1,Knoben_Class_All,166,12783,0.5193663314467691,0.38433527885846297,0.053843776078179695,KGE
unified_1981_2015,hysets_08NN019,3,1,Knoben_Class_All,174,12783,-0.49817512043693846,-0.7400919286173109,0.14150387230123165,KGE
unified_1981_2015,hysets_08OA002,2,1,Knoben_Class_All,68,12398,-0.4605967710163652,-0.43961127972083625,0.11327289652653633,KGE
unified_1981_2015,hysets_09059500,4,1,Knoben_Class_All,193,12783,-0.0660814463438979,0.058787307680155165,0.10936374994332342,KGE
unified_1981_2015,hysets_09165000,3,1,Knoben_Class_All,188,12053,0.05399742037753952,0.14716025975501923,0.1168887323797277,KGE
unified_1981_2015,hysets_09196500,1,1,Knoben_Class_All,169,11731,0.33962904724214515,0.2920239400138588,0.10470870740101874,KGE
unified_1981_2015,hysets_09223000,3,1,Knoben_Class_All,188,12783,-0.31297490844226505,-0.2947261782153292,0.10033632422253187,KGE
unified_1981_2015,hysets_09253000,5,1,Knoben_Class_All,189,12231,0.015254054518860305,0.02074677116489876,0.1094773332880514,KGE
unified_1981_2015,hysets_09255000,2,1,Knoben_Class_All,181,12783,-0.7888809314232661,-0.7395812994611066,0.1340169212393412,KGE
unified_1981_2015,hysets_09266500,2,1,Knoben_Class_All,181,12783,-0.24508414981154236,-0.05896749730765993,0.07027449220060764,KGE
unified_1981_2015,hysets_09289500,1,1,Knoben_Class_All,193,12783,0.0008426933114299429,-0.027091630656600474,0.07896972905424432,KGE
unified_1981_2015,hysets_09292500,5,1,Knoben_Class_All,189,12783,-0.5403635999548582,-0.02392601655516624,0.11383108198389047,KGE
unified_1981_2015,hysets_09299500,1,1,Knoben_Class_All,193,12783,-0.2513811127318559,-0.0019914639634301956,0.08148139233479613,KGE
unified_1981_2015,hysets_09304200,2,1,Knoben_Class_All,181,12783,-0.7404820672840626,0.036546282637911376,0.1582884239224175,KGE
unified_1981_2015,hysets_09304500,1,1,Knoben_Class_All,193,12783,-0.8939285150304823,0.0044792738308139235,0.14740504387543807,KGE
unified_1981_2015,hysets_09306222,4,1,Knoben_Class_All,193,12783,-488.61789096157804,-27.612804392574283,2.0844329511106143,KGE
unified_1981_2015,hysets_09310500,3,1,Knoben_Class_All,188,12783,-0.0365761899496122,-0.153999737485234,0.08334474421448725,KGE
unified_1981_2015,hysets_09312600,4,1,Knoben_Class_All,193,12783,-2.6680202554550236,-2.6788992721881844,0.12317996923773442,KGE
unified_1981_2015,hysets_09337000,3,1,Knoben_Class_All,188,12782,-225.5042829947857,-17.393371494658453,0.7244377975485472,KGE
unified_1981_2015,hysets_09342500,5,1,Knoben_Class_All,189,12783,0.09016505777816775,0.2008747040145199,0.11813123681525436,KGE
unified_1981_2015,hysets_09352900,3,1,Knoben_Class_All,188,12783,-0.007715657276116561,-0.01611693781272794,0.10500049407673541,KGE
unified_1981_2015,hysets_09386900,1,1,Knoben_Class_All,217,12783,-9.130832650700704,-12.371165505749705,0.07918476677257566,KGE
unified_1981_2015,hysets_09403600,3,1,Knoben_Class_All,188,12783,-509.2795133673849,-27.13624830130221,0.5247955925404191,KGE
unified_1981_2015,hysets_09404450,5,1,Knoben_Class_All,189,12783,-45.083374727941006,-5.993694809054191,0.19400487363690105,KGE
unified_1981_2015,hysets_09405500,4,1,Knoben_Class_All,193,12783,-9.34964687334593,-3.127626355877978,0.13890216464568575,KGE
unified_1981_2015,hysets_09430600,5,0,Knoben_Class_All,225,12783,-0.13016131565779254,-0.5476817681165029,0.020416116026305435,KGE
unified_1981_2015,hysets_09442680,3,1,Knoben_Class_All,210,12783,-18.736444423591287,-12.523502895866736,0.07824442559254721,KGE
unified_1981_2015,hysets_09447000,5,1,Knoben_Class_All,225,12783,-1.57042165271818,-5.71734466854998,0.0278170366629986,KGE
unified_1981_2015,hysets_09447800,5,1,Knoben_Class_All,225,12571,-9.57383857925941,-27.26949437195525,0.035423876856823404,KGE
unified_1981_2015,hysets_09473000,3,1,Knoben_Class_All,210,12052,-4.601368587505323,-11.79663921922314,0.03939173180797391,KGE
unified_1981_2015,hysets_09494000,5,1,Knoben_Class_All,225,12783,-4.357217034723261,-1.5806382404496313,0.08984599842687084,KGE
unified_1981_2015,hysets_09496500,2,1,Knoben_Class_All,221,12783,-8.378476709567334,-9.861394228601137,0.07063961887135575,KGE
unified_1981_2015,hysets_09497800,2,1,Knoben_Class_All,221,12418,-6.569099541079975,-5.141981134681336,0.06730453312357385,KGE
unified_1981_2015,hysets_09497980,4,1,Knoben_Class_All,211,12783,-2.084192616917844,-4.310805392347003,0.04298647308289511,KGE
unified_1981_2015,hysets_09499000,2,0,Knoben_Class_All,221,12783,-0.4922760674506572,-2.4726572692950604,0.027348373076601987,KGE
unified_1981_2015,hysets_09504420,2,1,Knoben_Class_All,221,12510,-0.43719968415532073,-1.0378112869952485,0.035268536915822754,KGE
unified_1981_2015,hysets_09505800,1,1,Knoben_Class_All,217,12783,-0.8617307591610459,-2.2886754673403926,0.023591176592189858,KGE
unified_1981_2015,hysets_09510200,1,1,Knoben_Class_All,217,12783,-0.9205847534709846,-4.616353742691345,0.03402197002442635,KGE
unified_1981_2015,hysets_09512280,5,1,Knoben_Class_All,65,12783,-4.570510743415432,-16.75723515703976,0.03976718135503332,KGE
unified_1981_2015,hysets_09513780,3,1,Knoben_Class_All,210,12783,-0.2545548958142163,-4.158415155698127,0.01999870709872093,KGE
unified_1981_2015,hysets_09AA012,5,1,Knoben_Class_All,93,12657,-6.000279694240062,-2.0371989754445443,0.28806445023656113,KGE
unified_1981_2015,hysets_09AA013,2,1,Knoben_Class_All,80,11625,-1.2854190784023745,-0.3341621636512466,0.2584110909866123,KGE
unified_1981_2015,hysets_09AH003,1,1,Knoben_Class_All,90,12337,-17.468027962600775,-6.463001836401736,0.2593065374387037,KGE
unified_1981_2015,hysets_09CA004,1,1,Knoben_Class_All,90,12567,-1.3553818213747597,-1.0975414993866073,0.07066315536889971,KGE
unified_1981_2015,hysets_09EA004,2,1,Knoben_Class_All,80,12630,-2.9047426476170095,-1.163500616381194,0.17828863056132122,KGE
unified_1981_2015,hysets_10011500,2,1,Knoben_Class_All,181,12783,-0.013148186235043324,0.10249382880806057,0.10969288607247006,KGE
unified_1981_2015,hysets_10032000,3,1,Knoben_Class_All,188,12783,-0.19645622514648742,0.17815004260135614,0.12377195214604657,KGE
unified_1981_2015,hysets_10113500,4,1,Knoben_Class_All,193,11506,-9.794377299423614,-1.7658206198356798,0.2415960507490556,KGE
unified_1981_2015,hysets_10173450,2,1,Knoben_Class_All,181,12782,-1.9289411072693592,-1.2894629155934854,0.151832557339415,KGE
unified_1981_2015,hysets_10174500,1,1,Knoben_Class_All,193,12783,-9.749410702949987,-2.516612250876156,0.281764091482408,KGE
unified_1981_2015,hysets_10194200,5,1,Knoben_Class_All,189,12467,-18.217134182051215,-4.5913899181616005,0.4085834603111665,KGE
unified_1981_2015,hysets_10234500,2,1,Knoben_Class_All,181,12783,-2.201833346238304,-0.7889124165344379,0.14887984157469478,KGE
unified_1981_2015,hysets_10258500,4,1,Knoben_Class_All,211,12783,-7.655659886486591,-15.746459712751498,0.06302114893485997,KGE
unified_1981_2015,hysets_10296000,3,1,Knoben_Class_All,174,12783,0.32251941466685063,0.20940146772828627,0.041358439521887606,KGE
unified_1981_2015,hysets_10296500,5,1,Knoben_Class_All,169,12783,-0.051641699689396026,-0.16089949904854928,0.04917167063761122,KGE
unified_1981_2015,hysets_10329500,4,1,Knoben_Class_All,166,12783,-36.95040113718123,-10.169608217864287,0.2508374491307883,KGE
unified_1981_2015,hysets_10396000,4,1,Knoben_Class_All,166,12783,-5.573685092847538,-1.9588919411332322,0.16532073880634554,KGE
unified_1981_2015,hysets_10AC005,3,1,Knoben_Class_All,92,12783,-0.02292001402164412,0.029463381870343253,0.11339001725858269,KGE
unified_1981_2015,hysets_10BE007,3,1,Knoben_Class_All,92,12783,-3.648013353885055,-0.7231366226879195,0.24478752699310444,KGE
unified_1981_2015,hysets_10BE009,3,1,Knoben_Class_All,174,12715,-59.66464737229512,-4.607699306987948,0.7179066064484803,KGE
unified_1981_2015,hysets_10ED003,5,1,Knoben_Class_All,189,12782,-1.3241838390865923,-1.251377333504685,0.03566233825849843,KGE
unified_1981_2015,hysets_10GC003,3,1,Knoben_Class_All,174,12783,-4.675839123657522,-3.6943924259456518,0.05984704233392093,KGE
unified_1981_2015,hysets_10LC003,3,1,Knoben_Class_All,174,12112,-15.24493387099401,-8.941829143745528,0.19333419740075997,KGE
unified_1981_2015,hysets_10LC007,2,1,Knoben_Class_All,182,12242,-15.072410493391367,-5.887974217099635,0.1864276169275299,KGE
unified_1981_2015,hysets_11012500,4,1,Knoben_Class_All,211,12783,-21.22424179765413,-15.944252896362325,0.12491921629823088,KGE
unified_1981_2015,hysets_11015000,2,1,Knoben_Class_All,221,12783,-0.46371798226977967,-2.757190999165932,0.027794192755895657,KGE
unified_1981_2015,hysets_11042400,1,1,Knoben_Class_All,217,12419,-6.788041737253585,-13.203134551332049,0.0425435309601359,KGE
unified_1981_2015,hysets_11123000,2,1,Knoben_Class_All,221,12783,-0.02869553770645661,-1.0711160846562322,0.033699292960535546,KGE
unified_1981_2015,hysets_11123500,4,1,Knoben_Class_All,211,12783,0.005950311524099194,-0.8756365603595104,0.032791887258041344,KGE
unified_1981_2015,hysets_11124500,1,1,Knoben_Class_All,217,12783,-0.2114814677467769,-1.2213602430149826,0.036285152009775744,KGE
unified_1981_2015,hysets_11132500,4,1,Knoben_Class_All,211,12783,-0.07247829176715759,-1.626084062697502,0.01795567218801969,KGE
unified_1981_2015,hysets_11140000,1,1,Knoben_Class_All,217,12783,-1.1485169745715362,-4.752499114013741,0.04187761163065539,KGE
unified_1981_2015,hysets_11143000,5,1,Knoben_Class_All,225,12783,0.013171093782011534,-0.21914017328022983,0.05195883639407995,KGE
unified_1981_2015,hysets_11143200,3,1,Knoben_Class_All,210,12783,0.04143805789427801,-0.18073894595759188,0.032221695405480054,KGE
unified_1981_2015,hysets_11143250,5,1,Knoben_Class_All,225,12783,-0.12724550867364326,-0.576049235596721,0.03791481670654691,KGE
unified_1981_2015,hysets_11148900,3,1,Knoben_Class_All,210,12783,0.06740876820601782,-0.10077933596242072,0.027573164174901195,KGE
unified_1981_2015,hysets_11149900,1,1,Knoben_Class_All,217,12783,0.02511672546155641,-0.3881338674189554,0.028121367068181947,KGE
unified_1981_2015,hysets_11151300,2,1,Knoben_Class_All,68,12682,-19.755458367653706,-20.368608356416807,0.07313383128710749,KGE
unified_1981_2015,hysets_11152000,3,1,Knoben_Class_All,210,12783,0.10494123016481383,0.0038664994153478904,0.03042225681890752,KGE
unified_1981_2015,hysets_11202000,5,1,Knoben_Class_All,189,12783,-0.36925918107544886,-0.5529078238344696,0.03325267760304438,KGE
unified_1981_2015,hysets_11202001,3,1,Knoben_Class_All,188,12783,0.07525791504918433,0.17172260510878634,0.03189008628187803,KGE
unified_1981_2015,hysets_11224500,5,1,Knoben_Class_All,65,12783,-13.673427899274214,-20.170650712607312,0.06001037730356152,KGE
unified_1981_2015,hysets_11230500,4,1,Knoben_Class_All,166,12783,0.30937341215397174,0.27846913081471614,0.0479585455720501,KGE
unified_1981_2015,hysets_11253310,4,1,Knoben_Class_All,211,12783,-6.554896682720223,-12.130166009220545,0.0478960273381415,KGE
unified_1981_2015,hysets_11264500,2,1,Knoben_Class_All,182,12783,0.3836101402454377,0.33037141015726357,0.05249409871970821,KGE
unified_1981_2015,hysets_11266500,5,1,Knoben_Class_All,169,12783,0.3743927052309236,0.3244669815396338,0.04025630097906907,KGE
unified_1981_2015,hysets_11314500,4,1,Knoben_Class_All,166,12783,0.0630394476782653,-0.18267705894160668,0.044292361357613406,KGE
unified_1981_2015,hysets_11317000,3,1,Knoben_Class_All,70,12783,0.408441987995686,0.33942356038156385,0.02950776299911892,KGE
unified_1981_2015,hysets_11318500,4,1,Knoben_Class_All,71,12783,0.36277012261792885,0.2859766098909786,0.025764790015993518,KGE
unified_1981_2015,hysets_11367500,4,1,Knoben_Class_All,166,12783,-1.6913293930419808,0.056221199050958126,0.050221624199766154,KGE
unified_1981_2015,hysets_11374000,4,1,Knoben_Class_All,71,12783,0.3413205982597505,0.2250276976580724,0.05444654944292119,KGE
unified_1981_2015,hysets_11376550,4,1,Knoben_Class_All,71,12673,0.46698873874552627,0.6198991196272206,0.04657882469872496,KGE
unified_1981_2015,hysets_11379500,1,1,Knoben_Class_All,62,12783,0.4089039648951863,0.2902635323075995,0.03654593789323502,KGE
unified_1981_2015,hysets_11381500,3,1,Knoben_Class_All,70,12783,0.38195163652607833,0.25063727384405665,0.02218462016523602,KGE
unified_1981_2015,hysets_11383500,1,1,Knoben_Class_All,62,12783,0.5347420189252985,0.4237836318214354,0.019550392405132323,KGE
unified_1981_2015,hysets_11402000,1,1,Knoben_Class_All,169,12783,-0.264521627384964,-0.29807047477559956,0.03579421101824618,KGE
unified_1981_2015,hysets_11413000,3,1,Knoben_Class_All,174,12783,0.11964297850524952,0.07676135587012178,0.035163306591711074,KGE
unified_1981_2015,hysets_11413300,4,1,Knoben_Class_All,166,12783,0.0016232578936299369,-0.228111268833604,0.029366368977959224,KGE
unified_1981_2015,hysets_11428800,5,1,Knoben_Class_All,169,12783,-0.917496329793239,-3.8290094325682515,0.020808171993848275,KGE
unified_1981_2015,hysets_11433300,5,1,Knoben_Class_All,65,12783,0.3317446112432305,0.24315196915753,0.02212819158720083,KGE
unified_1981_2015,hysets_11451100,4,0,Knoben_Class_All,71,12783,0.25442143300960673,0.10899411267420778,0.03301681262996424,KGE
unified_1981_2015,hysets_11461000,1,0,Knoben_Class_All,62,12783,0.33700861601321264,0.21099361235802738,0.04057856319043289,KGE
unified_1981_2015,hysets_11468500,5,0,Knoben_Class_All,65,12783,0.3760087390360626,0.22064378841953003,0.03027330067139894,KGE
unified_1981_2015,hysets_11470500,1,1,Knoben_Class_All,62,12783,0.3604736604939637,0.20325708116400476,0.0311955478983246,KGE
unified_1981_2015,hysets_11473900,3,1,Knoben_Class_All,70,12783,0.40084110976323406,0.22496247827248728,0.030006607828233174,KGE
unified_1981_2015,hysets_11478500,4,1,Knoben_Class_All,81,12783,0.2897500026319283,0.2440804192314816,0.050871629804029914,KGE
unified_1981_2015,hysets_11480390,3,1,Knoben_Class_All,70,12783,0.2888820506223463,0.10139274280046706,0.04441592534572416,KGE
unified_1981_2015,hysets_11480410,1,1,Knoben_Class_All,62,12783,0.29122393955044235,0.10037124423330712,0.041287041948849426,KGE
unified_1981_2015,hysets_11481200,4,1,Knoben_Class_All,71,12783,0.07661206150245492,-0.11323314327845102,0.04212880263056673,KGE
unified_1981_2015,hysets_11482500,4,1,Knoben_Class_All,81,12783,0.35546751004023147,0.34481915569540034,0.04457601700205444,KGE
unified_1981_2015,hysets_11521500,5,1,Knoben_Class_All,75,12600,0.46717056371308696,0.5043472439087308,0.025377960558996396,KGE
unified_1981_2015,hysets_11522500,3,1,Knoben_Class_All,80,12783,-0.1764604350564245,0.08626505161033704,0.04040666003109011,KGE
unified_1981_2015,hysets_11523200,5,1,Knoben_Class_All,169,12783,0.15838671148821282,0.11853231482458682,0.037609509245549226,KGE
unified_1981_2015,hysets_11528700,2,1,Knoben_Class_All,68,12783,0.5567499579067531,0.37824733147286993,0.030780534293222014,KGE
unified_1981_2015,hysets_11532500,3,1,Knoben_Class_All,80,12783,0.38012182912338566,0.24682381336264714,0.05327350292251721,KGE
unified_1981_2015,hysets_12025700,2,1,Knoben_Class_All,80,12783,0.5144573982551297,0.38337167745407996,0.03150912681244532,KGE
unified_1981_2015,hysets_12035000,3,1,Knoben_Class_All,80,12783,0.3989019512417932,0.22829909450547514,0.043130171726254406,KGE
unified_1981_2015,hysets_12039500,2,1,Knoben_Class_All,80,12783,-0.03897621033349252,0.0013198612408276134,0.07350018770623638,KGE
unified_1981_2015,hysets_12040500,5,1,Knoben_Class_All,75,12783,0.16091513732948803,0.0345454065548666,0.0634584233598779,KGE
unified_1981_2015,hysets_12041200,1,1,Knoben_Class_All,80,12783,0.09132555484677674,0.0705787917049775,0.0645754827211493,KGE
unified_1981_2015,hysets_12043000,3,1,Knoben_Class_All,80,11628,0.25221448138261926,0.09354819637768863,0.051440851962939474,KGE
unified_1981_2015,hysets_12048000,5,1,Knoben_Class_All,169,12783,0.4247117257458267,0.5283691775337549,0.04900894142816274,KGE
unified_1981_2015,hysets_12054000,1,1,Knoben_Class_All,169,12783,-0.15019851173946996,-0.11577734526444172,0.07138677937544995,KGE
unified_1981_2015,hysets_12056500,5,1,Knoben_Class_All,75,12783,0.15062162441384153,0.08986572398170223,0.04489895614537168,KGE
unified_1981_2015,hysets_12082500,2,0,Knoben_Class_All,182,12783,-0.2201933563963443,-0.004346762373147017,0.04694037966297451,KGE
unified_1981_2015,hysets_12092000,5,0,Knoben_Class_All,169,12783,-0.35705854674232973,0.006860619721484773,0.04496444463943275,KGE
unified_1981_2015,hysets_12115000,1,1,Knoben_Class_All,169,12783,-0.07870265980534752,-0.10091638115843549,0.04793035425398323,KGE
unified_1981_2015,hysets_12134500,5,1,Knoben_Class_All,169,12783,-0.19094882033644534,-0.13551367289460137,0.05526662919352458,KGE
unified_1981_2015,hysets_12141300,5,1,Knoben_Class_All,169,12417,-0.20469853954075456,-0.19077486484783557,0.062435907837877,KGE
unified_1981_2015,hysets_12142000,2,1,Knoben_Class_All,182,12418,-0.2028110612409546,-0.21160209824686205,0.05255442785058294,KGE
unified_1981_2015,hysets_12186000,1,1,Knoben_Class_All,169,12783,-0.17344970526330905,-0.070342923391284,0.030560743792600105,KGE
unified_1981_2015,hysets_12189500,1,1,Knoben_Class_All,169,12783,-0.15712521192851292,0.04608974974922042,0.0566314080926748,KGE
unified_1981_2015,hysets_12205000,4,1,Knoben_Class_All,166,12783,-0.4136065510057363,-0.04873481086222564,0.07438902254272677,KGE
unified_1981_2015,hysets_12324590,1,1,Knoben_Class_All,193,12632,-6.833944024807402,-2.141474420421365,0.09093322056525271,KGE
unified_1981_2015,hysets_12330000,3,1,Knoben_Class_All,188,12663,-1.6989641663858381,-0.6299826965070603,0.0922672393218341,KGE
unified_1981_2015,hysets_12332000,4,1,Knoben_Class_All,193,12632,-0.332483123332983,0.020327002199631905,0.1273315362873451,KGE
unified_1981_2015,hysets_12370000,5,1,Knoben_Class_All,169,12783,0.47417453231834805,0.5621594328449322,0.09668900224883195,KGE
unified_1981_2015,hysets_12389500,1,1,Knoben_Class_All,169,12783,-8.250630879904964,-2.143686555906222,0.2677983680121676,KGE
unified_1981_2015,hysets_12411000,1,1,Knoben_Class_All,169,12783,0.17872500602737962,0.25942519199521663,0.06013248757091308,KGE
unified_1981_2015,hysets_12414900,1,1,Knoben_Class_All,169,12783,-0.5745171683640335,-0.11194576462666217,0.05662031703017815,KGE
unified_1981_2015,hysets_12452800,4,1,Knoben_Class_All,166,12783,0.5954885187754644,0.4511298906802158,0.07414540699894753,KGE
unified_1981_2015,hysets_12488500,1,1,Knoben_Class_All,169,12783,0.5924855592196279,0.454291487995065,0.058595266848852474,KGE
unified_1981_2015,hysets_13010065,5,1,Knoben_Class_All,169,11780,0.5120128053794608,0.4186694769022833,0.08166658411363084,KGE
unified_1981_2015,hysets_13011900,2,1,Knoben_Class_All,182,12445,0.33376772759281637,0.30803263680503845,0.10811331960452528,KGE
unified_1981_2015,hysets_13023000,1,1,Knoben_Class_All,169,12783,0.10371395541125972,0.21170091655487533,0.1172173218545727,KGE
unified_1981_2015,hysets_13186000,5,1,Knoben_Class_All,169,12783,-0.1563497403874552,-0.2034199403478416,0.1321068278800521,KGE
unified_1981_2015,hysets_13235000,2,1,Knoben_Class_All,182,12783,0.5628017982965416,0.5402939814362742,0.08127480933062557,KGE
unified_1981_2015,hysets_13297355,3,1,Knoben_Class_All,188,12783,-2.662218264304735,-1.3305866653583007,0.1824309141732953,KGE
unified_1981_2015,hysets_13331500,4,1,Knoben_Class_All,166,12783,0.6186214607524476,0.4840853562216699,0.07379676098762737,KGE
unified_1981_2015,hysets_13339500,3,1,Knoben_Class_All,174,12783,-0.5236459356675134,-0.019289796849745855,0.09150191883485789,KGE
unified_1981_2015,hysets_14013000,2,1,Knoben_Class_All,181,12783,-0.040460387592112346,0.10568262551585483,0.03610194801159795,KGE
unified_1981_2015,hysets_14020000,3,1,Knoben_Class_All,174,12783,-0.09535505616845352,0.1848076075609737,0.06427104983824587,KGE
unified_1981_2015,hysets_14020300,2,1,Knoben_Class_All,182,12600,-0.6937604981825314,-0.28179656182112134,0.09069830858019332,KGE
unified_1981_2015,hysets_14038530,3,1,Knoben_Class_All,174,12198,-16.81357456284013,-3.1237214062262906,0.31853280592256306,KGE
unified_1981_2015,hysets_14044000,5,1,Knoben_Class_All,169,12783,-7.885649662049419,-2.563928536546222,0.24913612481257172,KGE
unified_1981_2015,hysets_14091500,2,0,Knoben_Class_All,182,12783,-8.95889246147254,-0.04379314158738867,0.16217938707487523,KGE
unified_1981_2015,hysets_14096850,2,1,Knoben_Class_All,182,11780,-9.290292320890428,-2.526664663916735,0.09800805728054837,KGE
unified_1981_2015,hysets_14097100,1,1,Knoben_Class_All,169,12783,-8.58052032111883,-1.4331416826806618,0.07705715498643162,KGE
unified_1981_2015,hysets_14154500,4,1,Knoben_Class_All,81,12783,0.4138345241118583,0.3433064264526484,0.043750976114482774,KGE
unified_1981_2015,hysets_14158500,1,1,Knoben_Class_All,169,12783,-0.6451721774752572,0.14996811998842907,0.13300054159845875,KGE
unified_1981_2015,hysets_14166500,5,1,Knoben_Class_All,75,12783,0.41777580083850174,0.20257235388688843,0.0508140509791853,KGE
unified_1981_2015,hysets_14178000,3,1,Knoben_Class_All,174,12783,-0.232391442660965,0.015381743961810912,0.04760893649330962,KGE
unified_1981_2015,hysets_14182500,5,1,Knoben_Class_All,75,12783,0.4299168957875722,0.2944549549947293,0.02458727318327511,KGE
unified_1981_2015,hysets_14185000,4,0,Knoben_Class_All,81,12783,0.5166675053986529,0.4379538291955598,0.033762282240933764,KGE
unified_1981_2015,hysets_14185900,2,1,Knoben_Class_All,80,12783,0.38884397332049647,0.22134178466378318,0.045731510567213314,KGE
unified_1981_2015,hysets_14236200,3,1,Knoben_Class_All,80,12783,0.4802785691985083,0.3614787287197493,0.03632199627602755,KGE
unified_1981_2015,hysets_14301000,3,1,Knoben_Class_All,80,12783,0.6451949693269874,0.54653808034993,0.03757274204327306,KGE
unified_1981_2015,hysets_14306500,1,1,Knoben_Class_All,80,12783,0.6692185608713623,0.555295585412118,0.040598057560432804,KGE
unified_1981_2015,hysets_14308000,5,1,Knoben_Class_All,75,12783,0.24245816529896602,0.05961975344254333,0.04759045649153106,KGE
unified_1981_2015,hysets_14309500,2,1,Knoben_Class_All,80,12783,0.5162450790626709,0.3096633636609807,0.04581992003012046,KGE
unified_1981_2015,hysets_14316700,2,1,Knoben_Class_All,80,12783,0.6084835827115507,0.49809232649547275,0.04338733030930783,KGE
unified_1981_2015,hysets_14325000,4,0,Knoben_Class_All,81,12783,0.4272476251180405,0.3395996891574453,0.053063593649446655,KGE
unified_1981_2015,hysets_14338000,2,1,Knoben_Class_All,80,12672,-0.25063043550518826,-0.6529601962663678,0.058045114069706166,KGE
unified_1981_2015,hysets_14377100,4,1,Knoben_Class_All,81,12783,0.45715438585866797,0.4024638530796266,0.0470880142534256,KGE
unified_1981_2015,hysets_14400000,3,1,Knoben_Class_All,80,12783,0.2526127755788915,0.08056902584326697,0.05761256489759051,KGE
unified_1981_2015,lamah_12425002,3,1,Knoben_Class_All,80,12783,-2.5132100450355708,-0.4216160436298133,0.10171083149824717,KGE
unified_1981_2015,lamah_16000708,2,1,Knoben_Class_All,80,11819,0.45412956325603415,0.6011955647264268,0.039997291983684326,KGE
unified_1981_2015,lamah_16001303,5,1,Knoben_Class_All,93,12616,-5.4040290776310815,-2.293052237890515,0.06747333382813032,KGE
unified_1981_2015,lamah_16610709,4,1,Knoben_Class_All,93,12676,0.17434695839074166,0.2296744162619394,0.023394160672931028,KGE
unified_1981_2015,lamah_17404000,1,1,Knoben_Class_All,90,12699,-1.049558990517478,-0.21971078340215233,0.06554556763296611,KGE
unified_1981_2015,lamah_18481006,5,1,Knoben_Class_All,75,12782,-1.095233837509594,0.0006030325366233047,0.055207704988055335,KGE
unified_1981_2015,lamah_18486000,4,1,Knoben_Class_All,81,12783,-0.6990306336890733,0.028255650074568317,0.05607740886924621,KGE
unified_1981_2015,lamah_200253,4,1,Knoben_Class_All,93,12783,0.10417491674922219,0.06289368977534393,0.053974378804830754,KGE
unified_1981_2015,lamah_200261,5,1,Knoben_Class_All,93,12783,0.11747290439932023,0.06526970077369731,0.05238960932225409,KGE
unified_1981_2015,lamah_200303,2,1,Knoben_Class_All,80,12783,0.09191735598732875,0.0290010885502775,0.04636982431951706,KGE
unified_1981_2015,lamah_201012,2,0,Knoben_Class_All,80,12783,0.23310765606464423,0.16729442900182923,0.061858338369644175,KGE
unified_1981_2015,lamah_201087,4,1,Knoben_Class_All,93,12783,0.36208320839847274,0.29586621835333937,0.040188496862325694,KGE
unified_1981_2015,lamah_201095,2,1,Knoben_Class_All,80,12783,0.5463939546433323,0.5314976093754793,0.033989734936533615,KGE
unified_1981_2015,lamah_201160,3,1,Knoben_Class_All,174,12783,0.3343383253416369,0.407739471511391,0.0423835164711247,KGE
unified_1981_2015,lamah_201236,3,1,Knoben_Class_All,92,12783,0.19254174631653997,0.28657599253971544,0.04027403577888791,KGE
unified_1981_2015,lamah_201251,1,1,Knoben_Class_All,90,12783,0.41395274338316745,0.3354270970113429,0.035864451217543246,KGE
unified_1981_2015,lamah_201335,5,1,Knoben_Class_All,93,12783,-0.912542875675245,-0.19070810796459647,0.10464656010738305,KGE
unified_1981_2015,lamah_201392,2,1,Knoben_Class_All,80,12783,0.2523898134664636,0.19009246212235975,0.0943801562142021,KGE
unified_1981_2015,lamah_201434,2,1,Knoben_Class_All,80,12783,0.2985321015041307,0.25388394872252695,0.08641694098771707,KGE
unified_1981_2015,lamah_201558,1,1,Knoben_Class_All,169,12783,0.23228820443483988,0.46141135027918145,0.10307756766514088,KGE
unified_1981_2015,lamah_201566,3,1,Knoben_Class_All,92,12783,0.4604732528917391,0.42015876328849755,0.059812871135975595,KGE
unified_1981_2015,lamah_201574,1,1,Knoben_Class_All,90,12783,0.46560513103560397,0.5168448413769736,0.07252279023164615,KGE
unified_1981_2015,lamah_201723,5,1,Knoben_Class_All,169,12783,0.26808838317317496,0.4366055225378822,0.04879115747730226,KGE
unified_1981_2015,lamah_201848,2,1,Knoben_Class_All,182,12054,0.03282014707460568,0.26987351154406114,0.06694739791297077,KGE
unified_1981_2015,lamah_202036,1,1,Knoben_Class_All,90,12783,0.3796885835275282,0.4017501834874918,0.044981362792011675,KGE
unified_1981_2015,lamah_203026,3,1,Knoben_Class_All,92,12783,0.4478243081159381,0.3649438855638696,0.03568227165066052,KGE
unified_1981_2015,lamah_203075,5,1,Knoben_Class_All,93,12783,0.39201359697285576,0.3086510113973674,0.06544934916848412,KGE
unified_1981_2015,lamah_203166,2,1,Knoben_Class_All,80,12783,0.5635529698649451,0.5761864254467195,0.06604466261761298,KGE
unified_1981_2015,lamah_203224,3,1,Knoben_Class_All,174,12783,0.22097746691483622,0.2830019400261291,0.07575582788731396,KGE
unified_1981_2015,lamah_203265,2,1,Knoben_Class_All,80,12783,0.22528693380897624,0.2810171829188879,0.05016208656752283,KGE
unified_1981_2015,lamah_203307,4,1,Knoben_Class_All,93,12778,0.20024818130657263,0.1530900351892721,0.0424102363436966,KGE
unified_1981_2015,lamah_203463,2,1,Knoben_Class_All,182,12783,0.15259050745767577,0.2722738953241761,0.039675681776201566,KGE
unified_1981_2015,lamah_203505,1,1,Knoben_Class_All,90,12783,0.27881360567323565,0.27940230354899465,0.03934340129435962,KGE
unified_1981_2015,lamah_203711,5,1,Knoben_Class_All,169,12783,0.27097422094848134,0.4127060044176154,0.05965577486124205,KGE
unified_1981_2015,lamah_203752,1,1,Knoben_Class_All,169,12783,0.22899432433307398,0.5360094510686402,0.07346029520985342,KGE
unified_1981_2015,lamah_203760,2,1,Knoben_Class_All,182,12783,0.22089768701913193,0.3960264582014721,0.08085140667047286,KGE
unified_1981_2015,lamah_203786,1,1,Knoben_Class_All,169,12775,0.35498182484286933,0.5113356225139252,0.09630624306134886,KGE
unified_1981_2015,lamah_203794,3,1,Knoben_Class_All,174,12783,0.09182760008480284,0.5232280843260344,0.0794955099877774,KGE
unified_1981_2015,lamah_203828,3,1,Knoben_Class_All,174,12783,0.2778373116972118,0.5356851222450139,0.08102756253170486,KGE
unified_1981_2015,lamah_204875,2,1,Knoben_Class_All,80,12419,-0.6668386760726464,-0.10749383923825717,0.05923139004722913,KGE
unified_1981_2015,lamah_204925,1,1,Knoben_Class_All,90,12783,-2.8785319313073017,-0.8210347635649871,0.06476421317464409,KGE
unified_1981_2015,lamah_205104,3,1,Knoben_Class_All,92,12783,0.05366381819670096,0.06158126641366468,0.07593968852372696,KGE
unified_1981_2015,lamah_205179,4,1,Knoben_Class_All,93,12783,0.04029265354271694,0.007588510174912688,0.1208274684708918,KGE
unified_1981_2015,lamah_205294,2,1,Knoben_Class_All,80,12783,0.08341354669350476,0.0568211737724692,0.048191574855476656,KGE
unified_1981_2015,lamah_205500,4,1,Knoben_Class_All,93,12783,0.16996389213827579,0.17796007644889045,0.04512333832318899,KGE
unified_1981_2015,lamah_205740,5,1,Knoben_Class_All,75,12783,-0.49436286607144364,0.01549721848260499,0.055783952356665806,KGE
unified_1981_2015,lamah_205799,1,0,Knoben_Class_All,90,12783,0.243405662724542,0.2227295218771851,0.06775974430265799,KGE
unified_1981_2015,lamah_205823,5,1,Knoben_Class_All,75,12783,-1.7017116132525252,-0.08444422389514128,0.07270343777612825,KGE
unified_1981_2015,lamah_205831,5,1,Knoben_Class_All,75,12783,-1.0843495696935346,-0.05091572244111364,0.0705229351303646,KGE
unified_1981_2015,lamah_205864,3,1,Knoben_Class_All,92,12783,0.24422026230575677,0.2379530553648752,0.054704897703989994,KGE
unified_1981_2015,lamah_205898,3,1,Knoben_Class_All,80,12783,-1.1731424193120437,-0.04998416418227625,0.07368165825207287,KGE
unified_1981_2015,lamah_206508,4,1,Knoben_Class_All,93,12783,0.09657031799102056,0.10493158657056634,0.057545370490783745,KGE
unified_1981_2015,lamah_207613,5,0,Knoben_Class_All,75,12783,-13.817231279755836,-2.279595567686813,0.12754052588685055,KGE
unified_1981_2015,lamah_207654,2,1,Knoben_Class_All,80,12783,-0.46841142142929826,0.06792754353428776,0.06563377049343763,KGE
unified_1981_2015,lamah_207738,2,1,Knoben_Class_All,80,12783,0.1041032103491033,0.08793917629150905,0.04138045841285718,KGE
unified_1981_2015,lamah_207852,2,1,Knoben_Class_All,80,12783,-0.3418144058511703,-0.16776547733706293,0.04085875909310784,KGE
unified_1981_2015,lamah_208116,1,1,Knoben_Class_All,80,12783,-9.493223706639363,-2.743567634737168,0.11853237789885554,KGE
unified_1981_2015,lamah_208686,2,1,Knoben_Class_All,80,12783,-0.9024653635909281,-0.2807020948106842,0.04757393646021154,KGE
unified_1981_2015,lamah_209361,1,1,Knoben_Class_All,90,12783,-0.03659204994084431,0.08421984200533739,0.03360786801354464,KGE
unified_1981_2015,lamah_209551,1,1,Knoben_Class_All,80,11688,-0.5360256072321508,0.0242209345373825,0.06348998244457738,KGE
unified_1981_2015,lamah_210526,4,1,Knoben_Class_All,93,12783,0.13902456530401708,0.11412808913752492,0.08892874374082249,KGE
unified_1981_2015,lamah_210641,1,1,Knoben_Class_All,169,12783,0.1570867399213669,0.4496592573348295,0.07023105980000424,KGE
unified_1981_2015,lamah_210732,2,0,Knoben_Class_All,182,12783,-1.1831310668803736,-0.17316517366200035,0.0646781472642135,KGE
unified_1981_2015,lamah_210773,1,1,Knoben_Class_All,169,12783,0.17652578618288517,0.4621690860837161,0.07085572871591819,KGE
unified_1981_2015,lamah_210815,5,1,Knoben_Class_All,169,12783,0.14405521392388332,0.5060599800324241,0.08089774711444181,KGE
unified_1981_2015,lamah_210856,3,1,Knoben_Class_All,174,12783,0.015855434213814412,0.18758585055503763,0.08622035973346535,KGE
unified_1981_2015,lamah_210864,1,1,Knoben_Class_All,80,12783,-2.7771865267198086,-0.330993010460934,0.08652210094766803,KGE
unified_1981_2015,lamah_210898,1,1,Knoben_Class_All,80,12783,-2.055334824376796,-0.14201366390987813,0.11849364547589585,KGE
unified_1981_2015,lamah_211086,4,1,Knoben_Class_All,166,12783,-0.3361707190506258,0.40423379810623294,0.09505203933016478,KGE
unified_1981_2015,lamah_211169,3,1,Knoben_Class_All,188,12783,-0.5546158758247131,0.18898230384268533,0.1071591325121658,KGE
unified_1981_2015,lamah_211656,1,1,Knoben_Class_All,80,12418,-5.715158182130874,-1.8560873897263437,0.08990762671792994,KGE
unified_1981_2015,lamah_212027,5,1,Knoben_Class_All,169,12783,-0.10122541992332712,0.4856184075025777,0.10543096096019845,KGE
unified_1981_2015,lamah_212043,5,0,Knoben_Class_All,93,12783,0.18422849602695324,0.10760032455984392,0.0892313244033207,KGE
unified_1981_2015,lamah_212092,2,1,Knoben_Class_All,80,12783,0.33592918159720686,0.2671759471376913,0.06522999408405078,KGE
unified_1981_2015,lamah_212100,2,1,Knoben_Class_All,80,12783,0.4223597238319612,0.38298060029921643,0.05699804921674705,KGE
unified_1981_2015,lamah_212167,1,1,Knoben_Class_All,90,12783,0.39851615119957595,0.3781662908688229,0.08396209902670639,KGE
unified_1981_2015,lamah_212183,2,1,Knoben_Class_All,80,12783,0.33307611814279225,0.2742318455229852,0.06920098469897415,KGE
unified_1981_2015,lamah_212316,5,0,Knoben_Class_All,93,12783,0.36964734009571676,0.44585245676351093,0.08300689968187085,KGE
unified_1981_2015,lamah_212373,2,0,Knoben_Class_All,80,12783,-0.6001242612840765,0.046984922585926125,0.12432460730966993,KGE
unified_1981_2015,lamah_212399,5,1,Knoben_Class_All,93,12783,-0.33857735866077965,0.3595987921188084,0.09451143860988813,KGE
unified_1981_2015,lamah_212431,3,1,Knoben_Class_All,174,12783,-0.9563027938149209,0.19376370927795783,0.12978255068066963,KGE
unified_1981_2015,lamah_212522,1,0,Knoben_Class_All,169,12783,-3.169124994694992,-0.23037763689631374,0.21588684894256094,KGE
unified_1981_2015,lamah_212613,2,1,Knoben_Class_All,80,12783,0.11180680082336814,0.27418675525005987,0.07419257312038423,KGE
unified_1981_2015,lamah_212647,5,1,Knoben_Class_All,93,12783,0.05855011763988838,0.22728515915030856,0.057382145458493336,KGE
unified_1981_2015,lamah_212670,3,1,Knoben_Class_All,92,12783,-0.007635929246523121,0.13049497377705532,0.05388399253317395,KGE
unified_1981_2015,lamah_212860,1,1,Knoben_Class_All,193,12783,-0.44782333730957413,0.04804103631078094,0.09065899534155755,KGE
unified_1981_2015,lamah_212878,3,1,Knoben_Class_All,188,12783,-0.5407791480114605,0.07384727693637683,0.0784521322193456,KGE
unified_1981_2015,lamah_212886,4,1,Knoben_Class_All,193,12783,-1.1204243377681609,0.033784340576054506,0.08556915391130264,KGE
unified_1981_2015,lamah_212894,5,0,Knoben_Class_All,65,12783,-6.6646813701110075,-0.8110645967396644,0.21430020479195797,KGE
unified_1981_2015,lamah_212928,5,1,Knoben_Class_All,189,12783,-4.015535743334915,-0.3857244541189506,0.21802687414755084,KGE
unified_1981_2015,lamah_213124,2,1,Knoben_Class_All,80,12783,-0.18082419690541252,0.4254049249809563,0.0877941093267841,KGE
unified_1981_2015,lamah_213181,4,1,Knoben_Class_All,166,12783,-1.7156092298807089,-0.006769667099774335,0.1130131469333881,KGE
unified_1981_2015,lamah_213306,3,1,Knoben_Class_All,92,12343,-10.170127197723009,-1.091413199608747,0.30174480723987446,KGE
unified_1981_2015,lamah_2150,4,1,Knoben_Class_All,93,12783,0.44904379305339204,0.376933285011008,0.06126799284362971,KGE
unified_1981_2015,lamah_2262,1,1,Knoben_Class_All,90,12783,0.23764882978441015,0.15956129501617222,0.047532583949294806,KGE
unified_1981_2015,lamah_403,2,1,Knoben_Class_All,80,12783,0.3710765863100738,0.3557478719441801,0.09373914568012628,KGE
unified_1981_2015,camelsbr_57250000,5,1,Continuous_FCM_Class_All,172,12783,-0.386583995572946,0.05005823551158406,0.09186281630034626,KGE
unified_1981_2015,camelsbr_58060000,3,1,Continuous_FCM_Class_All,171,12725,-0.03682067768675479,-0.10680464984421723,0.01820095304324489,KGE
unified_1981_2015,camelsbr_58258000,1,1,Continuous_FCM_Class_All,171,12707,-0.007451626190065008,-0.195769226648991,0.03567930869954261,KGE
unified_1981_2015,camelsbr_58530000,3,1,Continuous_FCM_Class_All,171,12783,-0.10448026696028223,-0.12486178910095957,0.0523928681166641,KGE
unified_1981_2015,camelsbr_58535000,3,1,Continuous_FCM_Class_All,171,12752,-0.10375738584645178,-0.13220286368182488,0.07712050425458736,KGE
unified_1981_2015,camelsbr_58542000,1,1,Continuous_FCM_Class_All,171,12783,-0.04012677491537442,-0.07529984877903306,0.07577592718323475,KGE
unified_1981_2015,camelsbr_59370000,2,1,Continuous_FCM_Class_All,171,12783,-0.028011778458628456,-0.06771520455300051,0.039104173671837966,KGE
unified_1981_2015,camelsbr_70100000,4,1,Continuous_FCM_Class_All,171,12639,-0.02424595515586314,-0.2743172333146453,0.06349556126871961,KGE
unified_1981_2015,camelsbr_71300000,1,1,Continuous_FCM_Class_All,171,12778,-0.1695124266106498,-0.23947953506508846,0.11254008358549619,KGE
unified_1981_2015,camelsbr_73765000,1,1,Continuous_FCM_Class_All,171,12783,-0.003607555949191932,-0.301327418566115,0.04333634547850901,KGE
unified_1981_2015,camelscl_1050002,4,1,Continuous_FCM_Class_All,133,12252,-689.5648178820082,-15.826508604138443,0.5072015956884971,KGE
unified_1981_2015,camelscl_1201005,3,1,Continuous_FCM_Class_All,133,12506,-36.93522965681424,-4.72399028223618,0.35283273772587326,KGE
unified_1981_2015,camelscl_12284002,1,1,Continuous_FCM_Class_All,171,12365,-23.405990626658873,-4.04117868593462,0.29151732556311755,KGE
unified_1981_2015,camelscl_12284003,4,1,Continuous_FCM_Class_All,133,11946,-1.1832375948055183,-0.3132890181185486,0.10115954890430502,KGE
unified_1981_2015,camelscl_12284006,1,1,Continuous_FCM_Class_All,171,12138,-5.053469447198653,-1.71970653051795,0.1262435564614221,KGE
unified_1981_2015,camelscl_12582001,4,1,Continuous_FCM_Class_All,171,12031,-0.4303714926876274,-0.2644736476142695,0.08215169703615667,KGE
unified_1981_2015,camelscl_12600001,2,1,Continuous_FCM_Class_All,171,11975,-0.4762770995651262,-0.2639355513298649,0.12153700702570389,KGE
unified_1981_2015,camelscl_12622001,5,1,Continuous_FCM_Class_All,172,12021,-5.583478208673889,-1.549628002207636,0.2266587450683689,KGE
unified_1981_2015,camelscl_12802001,3,1,Continuous_FCM_Class_All,133,12305,-3.6725680291139415,-1.1856562077016624,0.16753499268151,KGE
unified_1981_2015,camelscl_12805001,2,1,Continuous_FCM_Class_All,133,12227,-0.7423616835617126,-0.15424933183592549,0.10452686441943436,KGE
unified_1981_2015,camelscl_12806001,5,1,Continuous_FCM_Class_All,133,12249,-0.33470424201546645,-0.13071878728009367,0.09036227959393733,KGE
unified_1981_2015,camelscl_4301002,3,1,Continuous_FCM_Class_All,133,12422,-0.37417869948666693,-0.1613861801419385,0.15198099536951382,KGE
unified_1981_2015,camelscl_4311001,1,1,Continuous_FCM_Class_All,132,11715,-0.16008904603246932,-0.1683300719782197,0.09155429188168929,KGE
unified_1981_2015,camelscl_4313001,1,1,Continuous_FCM_Class_All,132,11742,-0.1598217197541314,-0.10846928747108842,0.10657220033501787,KGE
unified_1981_2015,camelscl_4314002,4,1,Continuous_FCM_Class_All,133,12623,-0.49554576150957885,-0.33716265725440087,0.10959639903041091,KGE
unified_1981_2015,camelscl_4501001,4,1,Continuous_FCM_Class_All,133,11935,-0.11086695722731843,-0.07445488629215524,0.08457716282703377,KGE
unified_1981_2015,camelscl_4503001,1,1,Continuous_FCM_Class_All,132,11799,-1.914351098277586,-1.4444778447349562,0.08149517931710895,KGE
unified_1981_2015,camelscl_4511002,1,1,Continuous_FCM_Class_All,132,12069,-0.052532983815709366,-0.25339609364960447,0.07128165171460168,KGE
unified_1981_2015,camelscl_4512001,1,1,Continuous_FCM_Class_All,132,12071,-0.016627167386418895,-0.21608539087525602,0.09068272369437862,KGE
unified_1981_2015,camelscl_4513001,3,1,Continuous_FCM_Class_All,133,12338,0.006716135791891786,-0.13382157332158395,0.07591819688885898,KGE
unified_1981_2015,camelscl_4514001,2,1,Continuous_FCM_Class_All,133,12218,-0.013205848793057973,-0.0891616984485839,0.09349856947771742,KGE
unified_1981_2015,camelscl_4520001,4,1,Continuous_FCM_Class_All,133,12054,-1.288157536340801,-3.823574554334499,0.051115579638586796,KGE
unified_1981_2015,camelscl_4530001,4,1,Continuous_FCM_Class_All,133,11812,-0.006595042787380656,-0.193895589334673,0.036678415872310556,KGE
unified_1981_2015,camelscl_4532001,3,0,Continuous_FCM_Class_All,133,11668,-0.04973643768321012,-0.2711657779920753,0.05213112849318463,KGE
unified_1981_2015,camelscl_4703002,1,1,Continuous_FCM_Class_All,132,12660,-0.10396637717865209,-0.3008767267761734,0.10795117123719127,KGE
unified_1981_2015,camelscl_4721001,3,1,Continuous_FCM_Class_All,133,12585,-0.007287784042947498,-0.13853352546016673,0.06703428805054522,KGE
unified_1981_2015,camelscl_4723001,5,1,Continuous_FCM_Class_All,133,12044,-0.28075742737277243,-0.34341930783586716,0.06463633991008232,KGE
unified_1981_2015,camelscl_5200001,2,1,Continuous_FCM_Class_All,133,11740,-0.16686574722520153,-0.1309354108447096,0.0553601469478713,KGE
unified_1981_2015,camelscl_5401003,2,0,Continuous_FCM_Class_All,237,11808,-0.5865357738422001,-0.24526790705088253,0.13998221871637184,KGE
unified_1981_2015,camelscl_5402001,5,1,Continuous_FCM_Class_All,238,11878,-0.24665942950140618,-0.35595754754543574,0.13955207733748679,KGE
unified_1981_2015,camelscl_5406001,1,1,Continuous_FCM_Class_All,132,11768,-0.027010411763378706,-0.2355935997251677,0.09874101263206272,KGE
unified_1981_2015,camelscl_5706001,1,1,Continuous_FCM_Class_All,146,11640,-1.7427475153697585,-0.8133775081801289,0.1578053207638405,KGE
unified_1981_2015,camelscl_5707002,1,1,Continuous_FCM_Class_All,132,12054,-1.161085874094979,-0.5212918465720533,0.2408462023399489,KGE
unified_1981_2015,camelscl_5722001,4,1,Continuous_FCM_Class_All,133,12272,-0.06839799297459681,-0.2379215345947201,0.03082739895094113,KGE
unified_1981_2015,camelscl_5722002,1,1,Continuous_FCM_Class_All,132,12551,-0.1749936703882229,-0.37015218152072493,0.036386982432221666,KGE
unified_1981_2015,camelscl_6013001,5,1,Continuous_FCM_Class_All,147,11609,-0.23402675489614921,-0.2793409290890927,0.04835069379873158,KGE
unified_1981_2015,camelscl_7103001,4,1,Continuous_FCM_Class_All,171,12564,-0.1778703320021815,-0.40655804595823897,0.0446093409407511,KGE
unified_1981_2015,camelscl_7104002,4,1,Continuous_FCM_Class_All,171,12375,-0.22757217040410427,-0.37515527250529246,0.054565921627704655,KGE
unified_1981_2015,camelscl_7112001,5,1,Continuous_FCM_Class_All,172,11523,-0.2563098365267438,-0.3695060914234336,0.038659304508165494,KGE
unified_1981_2015,camelscl_7115001,2,1,Continuous_FCM_Class_All,171,11993,-0.44540459677358357,-0.3582795524499294,0.035529556755033415,KGE
unified_1981_2015,camelscl_7116001,3,1,Continuous_FCM_Class_All,171,12208,-0.1497925188421747,-0.4344355406283229,0.04895485908075482,KGE
unified_1981_2015,camelscl_7355002,1,1,Continuous_FCM_Class_All,171,11800,-0.2495615680798533,-0.4421927331457154,0.0463200712859635,KGE
unified_1981_2015,camelscl_7374001,5,1,Continuous_FCM_Class_All,147,12076,-0.12534486710059523,-0.3691877495514089,0.05105284964022249,KGE
unified_1981_2015,camelscl_8130002,1,1,Continuous_FCM_Class_All,171,12446,-0.1232715084062499,-0.4743262126137806,0.051803668529731645,KGE
unified_1981_2015,camelscl_8351001,3,0,Continuous_FCM_Class_All,171,11583,-0.12095646814993666,-0.4501799724047133,0.06067546473046343,KGE
unified_1981_2015,hysets_01010070,4,1,Continuous_FCM_Class_All,171,11780,0.08170825508563972,-0.030105069839716947,0.07738916869608438,KGE
unified_1981_2015,hysets_01022500,1,1,Continuous_FCM_Class_All,146,12783,0.1623906013798586,0.22534019434624053,0.08062825679666195,KGE
unified_1981_2015,hysets_01031500,1,1,Continuous_FCM_Class_All,146,12783,0.15624349493553824,0.12227360569577717,0.03072104187476716,KGE
unified_1981_2015,hysets_01038000,3,1,Continuous_FCM_Class_All,146,12783,0.16426049532445486,0.23045628153113806,0.04880266499860593,KGE
unified_1981_2015,hysets_01047000,2,1,Continuous_FCM_Class_All,146,12783,0.17968688688033163,0.1493678298779102,0.03168642250710591,KGE
unified_1981_2015,hysets_01054200,1,1,Continuous_FCM_Class_All,171,12783,0.10508534061093189,-0.027668901990237416,0.04447102655056651,KGE
unified_1981_2015,hysets_01055000,3,1,Continuous_FCM_Class_All,146,12783,0.17730618368504192,0.10980583833203594,0.040532695815166664,KGE
unified_1981_2015,hysets_01057000,2,1,Continuous_FCM_Class_All,146,12783,0.1581676175294201,0.15326846710257025,0.03134767758451446,KGE
unified_1981_2015,hysets_01064500,3,1,Continuous_FCM_Class_All,171,12783,0.1871018799042966,0.09620028137693437,0.03990156872875447,KGE
unified_1981_2015,hysets_01076500,1,1,Continuous_FCM_Class_All,146,12783,0.18399786686682873,0.1773093256764775,0.047014378575229124,KGE
unified_1981_2015,hysets_01078000,2,1,Continuous_FCM_Class_All,146,12783,0.12528460477641878,0.17974976529552977,0.0539917597187592,KGE
unified_1981_2015,hysets_01096000,1,0,Continuous_FCM_Class_All,146,12783,0.07922108818308415,0.15765129283173263,0.043729875231701514,KGE
unified_1981_2015,hysets_01118000,1,1,Continuous_FCM_Class_All,146,12783,0.11928945830622595,0.2846359253551003,0.03431496490960488,KGE
unified_1981_2015,hysets_01134500,1,1,Continuous_FCM_Class_All,146,12783,0.14216878143416778,0.14616609806113434,0.05324635542165514,KGE
unified_1981_2015,hysets_01137500,4,1,Continuous_FCM_Class_All,171,12783,0.18405782313188768,0.09808708604708993,0.05654969036748615,KGE
unified_1981_2015,hysets_01169000,5,1,Continuous_FCM_Class_All,172,12783,0.15305453585535467,0.05428297905406099,0.03245190216225287,KGE
unified_1981_2015,hysets_01174500,5,1,Continuous_FCM_Class_All,147,12783,0.09040214866046015,0.25096902908199525,0.05760997620640112,KGE
unified_1981_2015,hysets_01181000,5,1,Continuous_FCM_Class_All,172,12783,0.1266662290715882,0.012971785459115037,0.023648497152452947,KGE
unified_1981_2015,hysets_01439500,5,1,Continuous_FCM_Class_All,172,12783,0.11954891908995668,0.10604552439983317,0.05692623421273477,KGE
unified_1981_2015,hysets_01440000,4,1,Continuous_FCM_Class_All,147,12783,0.06506331825653966,0.11357263454157573,0.035694940209236733,KGE
unified_1981_2015,hysets_01447500,1,1,Continuous_FCM_Class_All,146,12783,0.11133986133447826,0.15835266927893332,0.03542664554429486,KGE
unified_1981_2015,hysets_01543000,4,1,Continuous_FCM_Class_All,147,12783,0.04738509295876836,0.05768618075871401,0.04421510630115059,KGE
unified_1981_2015,hysets_01543500,2,1,Continuous_FCM_Class_All,146,12783,0.048006181916000035,0.13114551540815256,0.04370084657081161,KGE
unified_1981_2015,hysets_01544500,3,1,Continuous_FCM_Class_All,146,12783,0.06230491774054858,0.099526661914762,0.049427714047706496,KGE
unified_1981_2015,hysets_01545600,5,0,Continuous_FCM_Class_All,147,12783,-0.013226050945187362,0.08096701984454047,0.043639540285735356,KGE
unified_1981_2015,hysets_01550000,5,1,Continuous_FCM_Class_All,147,12783,0.08076385116372775,0.07452108994373863,0.0327487413428484,KGE
unified_1981_2015,hysets_01552000,2,0,Continuous_FCM_Class_All,146,12783,0.07881955031004173,0.07493364473737629,0.02641055544598133,KGE
unified_1981_2015,hysets_01605500,1,1,Continuous_FCM_Class_All,237,12783,0.08579355626522456,-0.004209153532534593,0.01628669204106458,KGE
unified_1981_2015,hysets_01606500,3,1,Continuous_FCM_Class_All,238,12782,0.06512734096700745,-0.018757310622674606,0.018337271583279965,KGE
unified_1981_2015,hysets_01611500,5,1,Continuous_FCM_Class_All,238,12417,0.06579105332805069,0.06857461006341647,0.03841442105567169,KGE
unified_1981_2015,hysets_01665500,3,0,Continuous_FCM_Class_All,146,11595,-0.08838806703890278,-0.2854685351286659,0.014141225499096148,KGE
unified_1981_2015,hysets_01669520,2,1,Continuous_FCM_Class_All,237,12558,-0.07781395169447358,-0.04029171361238859,0.029858711831018726,KGE
unified_1981_2015,hysets_01673800,1,1,Continuous_FCM_Class_All,237,12783,0.02881773356852113,-0.07731879433848565,0.04252005661084031,KGE
unified_1981_2015,hysets_01AJ010,2,1,Continuous_FCM_Class_All,146,12783,0.13443641545345597,0.14486865286616502,0.04143227861675312,KGE
unified_1981_2015,hysets_01AK001,3,1,Continuous_FCM_Class_All,146,12783,0.17004585051339838,0.23282457044997296,0.0786583234724981,KGE
unified_1981_2015,hysets_01AK007,1,1,Continuous_FCM_Class_All,146,12783,0.11678834762232981,0.10019863539833362,0.047865798842340226,KGE
unified_1981_2015,hysets_01AL002,2,1,Continuous_FCM_Class_All,146,12783,0.16785956462835172,0.15986887547227357,0.04162326990470417,KGE
unified_1981_2015,hysets_01AM001,4,1,Continuous_FCM_Class_All,147,12783,0.16947317344495427,0.1422392608289771,0.048856180142897165,KGE
unified_1981_2015,hysets_01AN002,1,1,Continuous_FCM_Class_All,146,12783,0.10047199763054926,0.15460718234996795,0.05805269035175863,KGE
unified_1981_2015,hysets_01AP002,4,1,Continuous_FCM_Class_All,147,12783,0.11021471951232809,0.10125424813515027,0.050436260350475715,KGE
unified_1981_2015,hysets_01AQ001,4,1,Continuous_FCM_Class_All,171,12783,0.15329770741199855,0.0583727717324829,0.046333857588589336,KGE
unified_1981_2015,hysets_01BJ003,1,1,Continuous_FCM_Class_All,146,12783,0.09538841140748233,0.08136987436938936,0.07311295299155737,KGE
unified_1981_2015,hysets_01BL002,3,1,Continuous_FCM_Class_All,146,12783,0.0731696779368578,0.1698028196607071,0.05443354878872183,KGE
unified_1981_2015,hysets_01BQ001,2,1,Continuous_FCM_Class_All,146,12783,0.12515721000623292,0.16509798798911046,0.06028836604141142,KGE
unified_1981_2015,hysets_01BS001,3,1,Continuous_FCM_Class_All,146,12783,0.10904829415281103,0.09321462341624809,0.050990963222668495,KGE
unified_1981_2015,hysets_01BU002,1,1,Continuous_FCM_Class_All,146,12783,0.05685856451286353,0.08503450684422098,0.05299658789520003,KGE
unified_1981_2015,hysets_01BV006,1,1,Continuous_FCM_Class_All,171,12783,0.09750626915331972,-0.033555928992602846,0.05104504606384647,KGE
unified_1981_2015,hysets_01DR001,2,1,Continuous_FCM_Class_All,171,12783,0.0925534056065831,0.0025219300342683715,0.06360282523322539,KGE
unified_1981_2015,hysets_01EC001,5,1,Continuous_FCM_Class_All,172,12783,0.11798621095777051,0.08144736970791111,0.07725018146806599,KGE
unified_1981_2015,hysets_01ED007,2,1,Continuous_FCM_Class_All,146,12783,0.025802510965310166,0.09936390943579698,0.06263131933100427,KGE
unified_1981_2015,hysets_01EF001,3,1,Continuous_FCM_Class_All,171,12783,0.147093774593284,0.0855979191072237,0.05568881851504333,KGE
unified_1981_2015,hysets_01EO001,5,1,Continuous_FCM_Class_All,147,12783,0.0126024442732533,-0.01668203333504592,0.05345403858105042,KGE
unified_1981_2015,hysets_01FB001,5,1,Continuous_FCM_Class_All,172,12783,0.03465753397859217,-0.08405910081423262,0.04518734858185747,KGE
unified_1981_2015,hysets_01FB003,4,1,Continuous_FCM_Class_All,171,12783,0.20809414301402585,0.23494897406037973,0.11980492491781294,KGE
unified_1981_2015,hysets_02011400,5,1,Continuous_FCM_Class_All,238,12783,0.15095667532850843,0.12618129006652412,0.02882197249359747,KGE
unified_1981_2015,hysets_02011460,5,1,Continuous_FCM_Class_All,147,12783,0.01372495106560323,-0.05605443857416592,0.02880572255540437,KGE
unified_1981_2015,hysets_02013000,3,1,Continuous_FCM_Class_All,238,12783,0.07113492894746842,-0.014493179215993468,0.03437522910476198,KGE
unified_1981_2015,hysets_02014000,2,1,Continuous_FCM_Class_All,237,12783,0.13116087422413725,0.08477616584177505,0.03869873395969026,KGE
unified_1981_2015,hysets_02015700,2,1,Continuous_FCM_Class_All,237,12783,0.09815170208167667,0.0020458115224197826,0.029538455800354434,KGE
unified_1981_2015,hysets_02016000,5,1,Continuous_FCM_Class_All,238,12783,0.1173306485327631,0.03370721508517016,0.028912168527047727,KGE
unified_1981_2015,hysets_02017500,5,1,Continuous_FCM_Class_All,238,12783,0.12487787213951529,0.05973309141229577,0.0450154103233168,KGE
unified_1981_2015,hysets_02018000,3,1,Continuous_FCM_Class_All,238,12783,0.07068468155533847,-0.004094986141980783,0.032879864829448074,KGE
unified_1981_2015,hysets_02020500,4,1,Continuous_FCM_Class_All,238,12053,0.07825025432315225,-0.07484527497449234,0.019939022724768413,KGE
unified_1981_2015,hysets_02021500,3,1,Continuous_FCM_Class_All,238,12783,0.06116364899164517,-0.060426273057456514,0.02037933817437719,KGE
unified_1981_2015,hysets_02027000,4,0,Continuous_FCM_Class_All,133,12783,-0.16271735242815732,-0.3245105895240632,0.03731161401061822,KGE
unified_1981_2015,hysets_02028500,4,0,Continuous_FCM_Class_All,147,12783,-0.12040488723450915,-0.06192068330846001,0.043260648999629905,KGE
unified_1981_2015,hysets_02030000,4,1,Continuous_FCM_Class_All,238,12427,0.06393822615321731,0.0007320983607048692,0.032816217118252285,KGE
unified_1981_2015,hysets_02041000,4,1,Continuous_FCM_Class_All,238,12783,0.0025083767078698527,-0.10526107019556696,0.038490431505950634,KGE
unified_1981_2015,hysets_02046000,4,1,Continuous_FCM_Class_All,238,12783,0.009110372629034802,-0.08811891658931992,0.02660406869434231,KGE
unified_1981_2015,hysets_02212600,4,1,Continuous_FCM_Class_All,238,12783,-0.03496196061462564,-0.23185519158675838,0.034470694499355456,KGE
unified_1981_2015,hysets_02325000,1,1,Continuous_FCM_Class_All,237,12228,-0.6751159773958479,0.0500695007255475,0.14736758837683825,KGE
unified_1981_2015,hysets_02326000,3,1,Continuous_FCM_Class_All,238,12783,-0.5871180545617909,-0.15005980864497603,0.1476589695786504,KGE
unified_1981_2015,hysets_02327100,1,1,Continuous_FCM_Class_All,146,12783,-0.11248456619018965,-0.20610114798833612,0.0345017812154089,KGE
unified_1981_2015,hysets_02331600,1,1,Continuous_FCM_Class_All,171,12783,-0.014894198490556176,0.07360892737860003,0.04655543605237302,KGE
unified_1981_2015,hysets_02373000,5,1,Continuous_FCM_Class_All,238,12783,-0.0004126541412305951,-0.17384463402753592,0.04484620713503879,KGE
unified_1981_2015,hysets_02374500,3,1,Continuous_FCM_Class_All,146,12783,-0.4383003087670698,-0.048015926395449826,0.04200826950068025,KGE
unified_1981_2015,hysets_02380500,2,1,Continuous_FCM_Class_All,171,12783,-0.1080936433679478,0.09512230476500239,0.04587586941657116,KGE
unified_1981_2015,hysets_02401390,4,1,Continuous_FCM_Class_All,147,12783,-0.00802105559957278,-0.12248229601014637,0.049539220892043115,KGE
unified_1981_2015,hysets_02450250,3,1,Continuous_FCM_Class_All,146,12783,0.022256874859323705,-0.12961004215360172,0.04892191432967966,KGE
unified_1981_2015,hysets_02469800,5,1,Continuous_FCM_Class_All,238,12783,0.02642343158226179,-0.1421368695555456,0.03948033069540313,KGE
unified_1981_2015,hysets_02479155,1,1,Continuous_FCM_Class_All,146,12783,-0.01748553278687459,-0.17983865491823137,0.026381699415101684,KGE
unified_1981_2015,hysets_02479300,1,0,Continuous_FCM_Class_All,146,12783,-0.043481989493122875,-0.009351742569305488,0.05302803483727633,KGE
unified_1981_2015,hysets_02479560,3,1,Continuous_FCM_Class_All,146,12783,-0.04327160599146951,0.010191105611944473,0.05992036842656653,KGE
unified_1981_2015,hysets_02AB017,5,1,Continuous_FCM_Class_All,238,12765,0.03748957098510208,0.032318379205648284,0.05880781609040108,KGE
unified_1981_2015,hysets_02AC001,3,1,Continuous_FCM_Class_All,238,11997,0.07564017398927592,0.18250675114769754,0.05055844218658188,KGE
unified_1981_2015,hysets_02AD010,2,1,Continuous_FCM_Class_All,237,12672,0.07896036154313446,0.14722960714747912,0.06564715305754554,KGE
unified_1981_2015,hysets_02BA003,2,1,Continuous_FCM_Class_All,133,12782,-0.12714271823334955,-0.2399253389397964,0.07969420442784214,KGE
unified_1981_2015,hysets_02BF001,4,1,Continuous_FCM_Class_All,238,12783,-0.030142044517229127,-0.15284648457176564,0.07493254548818386,KGE
unified_1981_2015,hysets_02BF002,1,1,Continuous_FCM_Class_All,146,12783,-0.36028061554476953,-0.08420375295421278,0.09043636399176902,KGE
unified_1981_2015,hysets_02CB003,2,1,Continuous_FCM_Class_All,237,12783,0.08430985595717777,0.15164325812465462,0.08509918858038458,KGE
unified_1981_2015,hysets_02CD006,2,1,Continuous_FCM_Class_All,133,12783,-0.4350795683814561,-0.31880413389180173,0.13749169303696882,KGE
unified_1981_2015,hysets_02DD015,1,1,Continuous_FCM_Class_All,146,12783,-0.20108916364053475,0.0364522223963335,0.0842512499488889,KGE
unified_1981_2015,hysets_02HL003,5,1,Continuous_FCM_Class_All,238,12783,-0.08590498301856186,-0.01683847339636202,0.10208448546771895,KGE
unified_1981_2015,hysets_02HL004,5,1,Continuous_FCM_Class_All,238,12783,-0.06641801490991095,-0.007291244234879368,0.0856598745955445,KGE
unified_1981_2015,hysets_02JC008,1,1,Continuous_FCM_Class_All,146,12781,-0.9523512336695561,-0.2458069384438739,0.14901482189146284,KGE
unified_1981_2015,hysets_02YC001,1,1,Continuous_FCM_Class_All,171,12783,0.07012873008878273,-0.04580126927742678,0.07446182080457986,KGE
unified_1981_2015,hysets_02YD002,1,1,Continuous_FCM_Class_All,146,12783,0.05858369869964675,0.051749833331910966,0.10271648653085272,KGE
unified_1981_2015,hysets_02YJ001,4,1,Continuous_FCM_Class_All,171,12783,0.06970279052325634,0.0010981825241894727,0.08043156547575613,KGE
unified_1981_2015,hysets_02YK002,3,1,Continuous_FCM_Class_All,171,12663,0.10047142990429792,0.01632223702063862,0.09515613761019384,KGE
unified_1981_2015,hysets_02YK005,1,1,Continuous_FCM_Class_All,171,12783,0.16612867615902216,0.1218078192999349,0.09070142106672675,KGE
unified_1981_2015,hysets_02YN002,5,1,Continuous_FCM_Class_All,172,12783,0.055973832232792065,-0.051397707341787946,0.07352305586597958,KGE
unified_1981_2015,hysets_02YO006,5,1,Continuous_FCM_Class_All,172,12783,0.08396124573854613,0.007724685507397466,0.044517045113535526,KGE
unified_1981_2015,hysets_02YO008,2,1,Continuous_FCM_Class_All,171,11688,0.13660213828724466,0.06018786476499194,0.07691732663359184,KGE
unified_1981_2015,hysets_02YR001,1,1,Continuous_FCM_Class_All,171,12783,0.11028228943683871,0.1961562974337241,0.09744005725910548,KGE
unified_1981_2015,hysets_02YR003,4,1,Continuous_FCM_Class_All,171,12783,0.07835034670424246,0.17396593817691464,0.10071641373245119,KGE
unified_1981_2015,hysets_02ZB001,1,1,Continuous_FCM_Class_All,171,12783,-0.0612494040017284,-0.2474833843696338,0.051023432262756414,KGE
unified_1981_2015,hysets_02ZC002,3,1,Continuous_FCM_Class_All,171,12418,-0.024313213653062604,-0.228360792984446,0.061560199979485176,KGE
unified_1981_2015,hysets_02ZF001,3,1,Continuous_FCM_Class_All,171,12783,0.12316553477741132,0.10181973842172842,0.05565879428593603,KGE
unified_1981_2015,hysets_02ZG001,5,1,Continuous_FCM_Class_All,172,12783,-0.031506835568410496,-0.10802080846086981,0.05070399316374395,KGE
unified_1981_2015,hysets_02ZG003,3,1,Continuous_FCM_Class_All,171,12783,-0.009805518802275204,-0.1895997564751397,0.05930616878956897,KGE
unified_1981_2015,hysets_02ZH001,3,1,Continuous_FCM_Class_All,171,12783,0.08008341456104118,-0.023598496798462376,0.052427991878532275,KGE
unified_1981_2015,hysets_02ZK001,2,1,Continuous_FCM_Class_All,171,12783,0.005855350404381454,-0.12511526994729372,0.05731008853638276,KGE
unified_1981_2015,hysets_02ZK004,2,1,Continuous_FCM_Class_All,171,12053,-0.03853303975887079,-0.24194119612420217,0.058790358916143225,KGE
unified_1981_2015,hysets_03010500,2,0,Continuous_FCM_Class_All,146,12783,-0.001969043106849977,0.17825530388357558,0.0722293262445371,KGE
unified_1981_2015,hysets_03010655,1,1,Continuous_FCM_Class_All,146,12783,-0.019355241938897816,0.09694894246437658,0.06848845659100246,KGE
unified_1981_2015,hysets_03021350,3,0,Continuous_FCM_Class_All,171,12783,0.04879155085493525,-0.09476757433309935,0.07422953522954234,KGE
unified_1981_2015,hysets_03028000,1,1,Continuous_FCM_Class_All,171,12783,0.03347771769484953,-0.005597855461462187,0.04230537863237578,KGE
unified_1981_2015,hysets_03065000,1,1,Continuous_FCM_Class_All,146,12053,0.13044466907399732,0.10944924302689585,0.0329317512802268,KGE
unified_1981_2015,hysets_03070500,1,1,Continuous_FCM_Class_All,146,12783,0.10791942761763795,0.12463095666443158,0.05474699131847552,KGE
unified_1981_2015,hysets_03072000,1,1,Continuous_FCM_Class_All,146,12783,-0.17746298554325524,-0.22369601546146933,0.06478358191237385,KGE
unified_1981_2015,hysets_03110000,4,1,Continuous_FCM_Class_All,238,12783,0.05347987075456062,0.00031033853156725577,0.03355583173422142,KGE
unified_1981_2015,hysets_03151400,5,1,Continuous_FCM_Class_All,172,12052,0.03816035223350167,-0.07189005236145163,0.03966714182167793,KGE
unified_1981_2015,hysets_03159540,3,1,Continuous_FCM_Class_All,238,12782,0.028166362572443093,-0.09755470121005372,0.03842433963303377,KGE
unified_1981_2015,hysets_03180500,4,1,Continuous_FCM_Class_All,147,12783,0.10022242566794903,0.06320673900636309,0.032250273219295286,KGE
unified_1981_2015,hysets_03182500,3,1,Continuous_FCM_Class_All,146,12783,0.06897138399496927,0.051898850059055146,0.03487371781442584,KGE
unified_1981_2015,hysets_03186500,3,1,Continuous_FCM_Class_All,171,12783,0.092577080433219,-0.02715677091194313,0.05534865088367084,KGE
unified_1981_2015,hysets_03187500,2,1,Continuous_FCM_Class_All,171,12265,0.11564352470567851,0.0009150614642730037,0.046254257611926954,KGE
unified_1981_2015,hysets_03189100,2,1,Continuous_FCM_Class_All,171,11661,0.13422263101480636,0.03917914536141298,0.06180928039277339,KGE
unified_1981_2015,hysets_03194700,3,1,Continuous_FCM_Class_All,171,12052,0.08845414268059648,-0.014672401230203747,0.05887918666652706,KGE
unified_1981_2015,hysets_03198500,5,0,Continuous_FCM_Class_All,147,12783,-0.22815047246108944,-0.0870885376578594,0.05590107288049605,KGE
unified_1981_2015,hysets_03202400,5,1,Continuous_FCM_Class_All,147,12783,-0.29822485749804084,-0.12560432461708726,0.03958644154992627,KGE
unified_1981_2015,hysets_03202750,2,1,Continuous_FCM_Class_All,146,12783,-0.09007862748329432,-0.054347814077545964,0.06095280773307378,KGE
unified_1981_2015,hysets_03207800,1,1,Continuous_FCM_Class_All,146,12783,-0.3798729464079935,-0.18650130243707674,0.04097037430746278,KGE
unified_1981_2015,hysets_03208500,2,1,Continuous_FCM_Class_All,146,12783,-0.2538070409962685,-0.25100136343161394,0.04306200870876522,KGE
unified_1981_2015,hysets_03210000,2,1,Continuous_FCM_Class_All,146,12418,-0.33775729068148386,-0.37152003120520716,0.03647830215752663,KGE
unified_1981_2015,hysets_03217000,3,1,Continuous_FCM_Class_All,238,12783,0.01804405854990465,-0.146622194440307,0.027384713100460853,KGE
unified_1981_2015,hysets_03280700,2,1,Continuous_FCM_Class_All,146,12783,-0.07556761044172955,-0.20029519213559044,0.04234274628351801,KGE
unified_1981_2015,hysets_03460000,4,1,Continuous_FCM_Class_All,171,12783,0.058003247721876594,0.07131839073554413,0.049090804842989506,KGE
unified_1981_2015,hysets_03497300,4,1,Continuous_FCM_Class_All,171,12783,0.11084052852751325,0.01972585178772801,0.03640247517920504,KGE
unified_1981_2015,hysets_03512000,3,1,Continuous_FCM_Class_All,171,12783,0.11935231794069134,0.08167966073651267,0.05659243301437089,KGE
unified_1981_2015,hysets_03574500,4,1,Continuous_FCM_Class_All,147,12783,0.024613192512230486,-0.10298393836600073,0.02833147995531918,KGE
unified_1981_2015,hysets_04015330,4,1,Continuous_FCM_Class_All,238,12783,0.0205875454089669,-0.14497078598021051,0.019378392899441727,KGE
unified_1981_2015,hysets_04024430,2,1,Continuous_FCM_Class_All,237,12783,-0.009853528641673437,-0.014650388407232873,0.03954556789651525,KGE
unified_1981_2015,hysets_04025500,2,1,Continuous_FCM_Class_All,237,11961,-0.9456385984540754,0.21161458044006187,0.0642651071109086,KGE
unified_1981_2015,hysets_04057510,2,1,Continuous_FCM_Class_All,237,12783,-0.28019037089925924,0.14343845102595187,0.09643324592752843,KGE
unified_1981_2015,hysets_04063700,5,1,Continuous_FCM_Class_All,133,12783,0.00263343276938266,-0.07770933863242191,0.07493283782967465,KGE
unified_1981_2015,hysets_04256000,4,1,Continuous_FCM_Class_All,171,12783,0.12320555533270261,0.06415014663097418,0.044029564248150695,KGE
unified_1981_2015,hysets_04262500,1,1,Continuous_FCM_Class_All,171,12783,0.07132771889289158,0.09082275860299172,0.07290284779066143,KGE
unified_1981_2015,hysets_04269000,4,1,Continuous_FCM_Class_All,171,12417,-0.12332350399616887,0.09961636859281697,0.08517532764377002,KGE
unified_1981_2015,hysets_04287000,4,0,Continuous_FCM_Class_All,171,12783,0.0652950116821096,-0.014711514142474957,0.033364011567395796,KGE
unified_1981_2015,hysets_04296000,5,1,Continuous_FCM_Class_All,147,12783,0.11428477249152247,0.23571689263123674,0.07984480783626492,KGE
unified_1981_2015,hysets_05AA008,2,1,Continuous_FCM_Class_All,237,12783,0.3433181191313154,0.3754649117135145,0.050401809520193026,KGE
unified_1981_2015,hysets_05BG006,2,0,Continuous_FCM_Class_All,133,12783,-0.0010070859388011666,-0.22707940971150076,0.022457747703358996,KGE
unified_1981_2015,hysets_05DA009,1,0,Continuous_FCM_Class_All,146,12783,-0.21419491722232298,-0.20295594245302406,0.224617586400312,KGE
unified_1981_2015,hysets_05DC006,1,1,Continuous_FCM_Class_All,237,12783,-0.018525899408005975,0.10972241165042729,0.029416507852618148,KGE
unified_1981_2015,hysets_05QE008,5,1,Continuous_FCM_Class_All,133,12783,-0.23510781057163554,-0.11296283746942826,0.18711533432451183,KGE
unified_1981_2015,hysets_05QE009,3,1,Continuous_FCM_Class_All,133,12667,0.016304622496315924,-0.005035407054343466,0.09992305422995841,KGE
unified_1981_2015,hysets_05QE012,4,1,Continuous_FCM_Class_All,133,12783,-0.04305474908052487,-0.03473225708158356,0.16638096636736324,KGE
unified_1981_2015,hysets_05TG002,4,1,Continuous_FCM_Class_All,238,12000,-0.9978253087712485,-0.42004934673214867,0.1423836930543275,KGE
unified_1981_2015,hysets_05UF004,2,1,Continuous_FCM_Class_All,133,12584,-0.11877583886335907,-0.31182744547487595,0.10022135759332608,KGE
unified_1981_2015,hysets_06019500,5,1,Continuous_FCM_Class_All,238,12663,-5.952728530535272,-1.388345261641403,0.16374141428088607,KGE
unified_1981_2015,hysets_06191000,2,1,Continuous_FCM_Class_All,237,11597,0.4817862324065806,0.5122899728346412,0.09152464242691831,KGE
unified_1981_2015,hysets_06200000,1,1,Continuous_FCM_Class_All,237,12782,0.3338174684290889,0.2927011362433135,0.08144020352976367,KGE
unified_1981_2015,hysets_06224000,3,1,Continuous_FCM_Class_All,238,12783,0.21597321161096728,0.13470073360789514,0.09464183613364541,KGE
unified_1981_2015,hysets_06289000,1,1,Continuous_FCM_Class_All,237,12783,0.2850299945215077,0.4058463961486113,0.07938961250719434,KGE
unified_1981_2015,hysets_06309200,4,1,Continuous_FCM_Class_All,133,12783,0.08041475833740264,-0.0777376870186155,0.06185015546757841,KGE
unified_1981_2015,hysets_06332515,2,1,Continuous_FCM_Class_All,133,12783,-1.6665525012802442,-6.114350232114737,0.06469890725316338,KGE
unified_1981_2015,hysets_06339100,1,0,Continuous_FCM_Class_All,60,12783,-1.3097473908241763,-1.3036453161698178,0.03680341587471409,KGE
unified_1981_2015,hysets_06344600,1,0,Continuous_FCM_Class_All,60,12783,-0.8422983874551246,-0.9484611683649948,0.034670086317464856,KGE
unified_1981_2015,hysets_06400875,3,1,Continuous_FCM_Class_All,133,11902,-1.6048492018408829,-11.366777974736479,0.028953151783169102,KGE
unified_1981_2015,hysets_06404000,3,1,Continuous_FCM_Class_All,133,12783,-0.42471263338062104,-1.317823057687797,0.032751558970252184,KGE
unified_1981_2015,hysets_06406000,4,1,Continuous_FCM_Class_All,133,12783,-2.6714846617721797,-2.6337092482207685,0.07105313737433318,KGE
unified_1981_2015,hysets_06409000,1,1,Continuous_FCM_Class_All,132,12783,-10.854819186582553,-1.0693402014893532,0.20861762260419495,KGE
unified_1981_2015,hysets_06422500,2,1,Continuous_FCM_Class_All,133,12783,-0.2848678003856413,-0.3851351510112955,0.04840353989362812,KGE
unified_1981_2015,hysets_06623800,5,1,Continuous_FCM_Class_All,238,12783,0.19588062175840626,0.07488331516874969,0.1054671736774248,KGE
unified_1981_2015,hysets_06712000,1,1,Continuous_FCM_Class_All,132,12783,-12.582425525103812,-6.584446668830846,0.11246700389046042,KGE
unified_1981_2015,hysets_06719505,3,1,Continuous_FCM_Class_All,238,12782,-0.6131394946791051,-0.2613509990873213,0.14916937927329038,KGE
unified_1981_2015,hysets_06876700,2,1,Continuous_FCM_Class_All,133,12783,-0.1954104654172515,-1.1659486424638477,0.0366552369040367,KGE
unified_1981_2015,hysets_06FD002,4,1,Continuous_FCM_Class_All,238,11818,0.0020518353295464475,0.004266679408822527,0.08614623717487965,KGE
unified_1981_2015,hysets_07060710,1,1,Continuous_FCM_Class_All,146,12783,-0.19891651509669317,-1.1830980029248428,0.02065057185010616,KGE
unified_1981_2015,hysets_07124200,2,1,Continuous_FCM_Class_All,133,12783,-2.4603678111588683,-1.308230458302095,0.05519854998805841,KGE
unified_1981_2015,hysets_07203000,3,1,Continuous_FCM_Class_All,133,12783,-10.33191889145995,-5.558535883517093,0.06475214120942556,KGE
unified_1981_2015,hysets_07207500,3,1,Continuous_FCM_Class_All,133,12783,-5.308713662947717,-4.649705819403249,0.10478445671116124,KGE
unified_1981_2015,hysets_07208500,5,1,Continuous_FCM_Class_All,133,12783,-0.49080269540800914,-0.6009470037021387,0.037130352936611356,KGE
unified_1981_2015,hysets_07291000,1,1,Continuous_FCM_Class_All,237,12053,0.008390275687874538,-0.25186542967536085,0.030972713720506136,KGE
unified_1981_2015,hysets_07299670,1,1,Continuous_FCM_Class_All,132,12783,-0.44654835867534315,-3.3749438425759104,0.0247332907121327,KGE
unified_1981_2015,hysets_07315200,3,1,Continuous_FCM_Class_All,60,12783,0.07559131183357815,-0.05550248417051851,0.0173983909656813,KGE
unified_1981_2015,hysets_07335700,1,1,Continuous_FCM_Class_All,146,12783,0.026917784446177206,-0.16707804077615296,0.029620141223863306,KGE
unified_1981_2015,hysets_07337900,3,1,Continuous_FCM_Class_All,146,12783,-0.02596178754941536,-0.22735452941410084,0.04303665038861019,KGE
unified_1981_2015,hysets_07340300,4,1,Continuous_FCM_Class_All,147,12783,0.0068647165797767196,-0.176709500923667,0.04786089591288424,KGE
unified_1981_2015,hysets_07352000,5,1,Continuous_FCM_Class_All,238,12783,0.056579406366565554,-0.08086861934359013,0.04311555066662862,KGE
unified_1981_2015,hysets_07361500,3,1,Continuous_FCM_Class_All,146,12783,-0.031039011569731878,-0.22608366595328233,0.045021500398674905,KGE
unified_1981_2015,hysets_07362100,3,1,Continuous_FCM_Class_All,238,12783,0.017928970443418013,-0.1523896532856588,0.03329609990079909,KGE
unified_1981_2015,hysets_07373000,1,1,Continuous_FCM_Class_All,237,12783,0.011271877021424515,-0.21662398348431355,0.023908566500600734,KGE
unified_1981_2015,hysets_07376000,1,1,Continuous_FCM_Class_All,237,12418,-0.005280903601416309,-0.1912996965173146,0.03966046074527776,KGE
unified_1981_2015,hysets_07377000,3,0,Continuous_FCM_Class_All,238,12783,0.0045529333317894105,-0.205338476465166,0.0305103034012417,KGE
unified_1981_2015,hysets_07BJ001,5,1,Continuous_FCM_Class_All,238,12783,-0.06885028767609547,-0.20386174267081936,0.04666222338239444,KGE
unified_1981_2015,hysets_07MA003,4,1,Continuous_FCM_Class_All,238,12728,-7.941434818535809,-0.8052768176823433,0.3471360018658354,KGE
unified_1981_2015,hysets_07SB013,5,0,Continuous_FCM_Class_All,238,11791,-6.696779042968903,-4.752882046109379,0.2011053523053378,KGE
unified_1981_2015,hysets_08013000,3,1,Continuous_FCM_Class_All,238,12768,0.007567968418840443,-0.21719937556274838,0.040353348527469426,KGE
unified_1981_2015,hysets_08013500,4,1,Continuous_FCM_Class_All,238,12417,0.027831445079691375,-0.15815767271108183,0.045417192860720705,KGE
unified_1981_2015,hysets_08014500,1,1,Continuous_FCM_Class_All,237,12783,0.01322404287313017,-0.16985839753128618,0.03523367151578906,KGE
unified_1981_2015,hysets_08025500,4,1,Continuous_FCM_Class_All,238,12052,0.051856432178505996,-0.12953030988101433,0.031766884135946125,KGE
unified_1981_2015,hysets_08029500,5,1,Continuous_FCM_Class_All,238,12783,0.04205378554744721,-0.11017109194155861,0.015854593188740544,KGE
unified_1981_2015,hysets_08065800,1,1,Continuous_FCM_Class_All,237,12783,-0.012778846828717327,-0.3016374600177798,0.033078155477372674,KGE
unified_1981_2015,hysets_08066200,2,1,Continuous_FCM_Class_All,237,12783,0.02015508587468251,-0.23023118416395905,0.019613392792921788,KGE
unified_1981_2015,hysets_08068720,1,1,Continuous_FCM_Class_All,237,12596,-0.14907256134963442,-0.5925230838999163,0.0887780403254457,KGE
unified_1981_2015,hysets_08070000,4,1,Continuous_FCM_Class_All,238,12695,0.03023621728427328,-0.17802669231236967,0.019452749636617632,KGE
unified_1981_2015,hysets_08082700,4,1,Continuous_FCM_Class_All,60,12783,-0.13247684327817177,-1.1238046206955397,0.014489653931600763,KGE
unified_1981_2015,hysets_08084800,3,1,Continuous_FCM_Class_All,60,12783,-0.5075105244519784,-0.8852629939037451,0.03811434048744604,KGE
unified_1981_2015,hysets_08086212,5,1,Continuous_FCM_Class_All,60,12783,-0.1803658535760273,-1.1314913747090656,0.020639891776788287,KGE
unified_1981_2015,hysets_08150800,3,1,Continuous_FCM_Class_All,133,12783,-0.2935897984650442,-3.8443380083111753,0.017266759933979556,KGE
unified_1981_2015,hysets_08164300,2,1,Continuous_FCM_Class_All,237,12783,-0.08886221240070147,-1.0952842684631787,0.028903499648055598,KGE
unified_1981_2015,hysets_08165300,1,1,Continuous_FCM_Class_All,132,12783,0.0042949663415443595,-0.7376462075192296,0.015496737134607698,KGE
unified_1981_2015,hysets_08165500,3,1,Continuous_FCM_Class_All,133,12761,0.041391801752572066,-0.4947921077674542,0.0160878699050811,KGE
unified_1981_2015,hysets_08171000,5,1,Continuous_FCM_Class_All,60,12783,0.04040156902499592,-0.23787288757459701,0.012535378718407363,KGE
unified_1981_2015,hysets_08175000,5,1,Continuous_FCM_Class_All,238,12783,-0.3029701727827325,-2.828517121225136,0.017683738132928357,KGE
unified_1981_2015,hysets_08176900,1,0,Continuous_FCM_Class_All,237,12568,-0.43905303184167854,-3.175209042647058,0.026738998727351252,KGE
unified_1981_2015,hysets_08178880,4,1,Continuous_FCM_Class_All,133,12145,0.04382472106992219,-0.12025346225135092,0.010670265871805262,KGE
unified_1981_2015,hysets_08189500,2,0,Continuous_FCM_Class_All,237,12783,-0.8899391427043852,-3.7400988859149944,0.034411843063762174,KGE
unified_1981_2015,hysets_08194200,5,1,Continuous_FCM_Class_All,60,12783,-0.36131313921315855,-1.041704034400635,0.02634763714435661,KGE
unified_1981_2015,hysets_08195000,2,1,Continuous_FCM_Class_All,133,12783,0.1036067080622265,-0.06725893691769613,0.020284217903865767,KGE
unified_1981_2015,hysets_08198000,5,1,Continuous_FCM_Class_All,238,12782,-0.36912887714989684,-1.36403672943998,0.02128802545112014,KGE
unified_1981_2015,hysets_08198500,1,1,Continuous_FCM_Class_All,132,12783,0.037394579960524754,-1.4826832086207373,0.016785949249159444,KGE
unified_1981_2015,hysets_08201500,1,0,Continuous_FCM_Class_All,132,12782,0.06899028380635597,-0.11394523922502064,0.017107586535581795,KGE
unified_1981_2015,hysets_08202700,3,0,Continuous_FCM_Class_All,60,12783,0.015769102589966666,-2.17763940360146,0.014108376487794543,KGE
unified_1981_2015,hysets_08247500,2,1,Continuous_FCM_Class_All,237,12783,-3.216596634051464,-3.314447800539374,0.1806225373400941,KGE
unified_1981_2015,hysets_08269000,3,1,Continuous_FCM_Class_All,133,12783,0.15967925026893603,0.09008067218361182,0.07310057088024145,KGE
unified_1981_2015,hysets_08279000,2,1,Continuous_FCM_Class_All,133,12560,-0.08064605949177417,-0.10208744199257391,0.060277576509398356,KGE
unified_1981_2015,hysets_08284100,1,1,Continuous_FCM_Class_All,237,12783,0.24139474265487848,0.16422642212526595,0.07797434381221721,KGE
unified_1981_2015,hysets_08289000,3,1,Continuous_FCM_Class_All,133,12783,-1.0412549699959621,-1.3540468995017796,0.13607929810835256,KGE
unified_1981_2015,hysets_08291000,2,1,Continuous_FCM_Class_All,133,12783,0.11370342299817038,0.12434532989709368,0.06672506152093442,KGE
unified_1981_2015,hysets_08324000,4,1,Continuous_FCM_Class_All,133,12783,-1.9090349897694319,-1.270597834068779,0.13283262402165352,KGE
unified_1981_2015,hysets_08334000,4,1,Continuous_FCM_Class_All,133,12783,-15.79545267757182,-12.695245687171923,0.1817425690338811,KGE
unified_1981_2015,hysets_08378500,5,1,Continuous_FCM_Class_All,133,12783,0.12342644215495213,0.027567302601695043,0.06977722855497201,KGE
unified_1981_2015,hysets_08401200,4,1,Continuous_FCM_Class_All,60,12032,-2.4469560359224056,-18.941754515268027,0.02281463933741864,KGE
unified_1981_2015,hysets_08401900,5,1,Continuous_FCM_Class_All,60,12783,-1.069070516176775,-11.465653859037578,0.022408284504263482,KGE
unified_1981_2015,hysets_08405150,5,1,Continuous_FCM_Class_All,60,12783,-1.7721123125119083,-20.179359725627652,0.024663871017885072,KGE
unified_1981_2015,hysets_08405500,3,1,Continuous_FCM_Class_All,60,12783,-20.472519948741184,-5.217893705358691,0.07635143891884139,KGE
unified_1981_2015,hysets_08AA008,1,1,Continuous_FCM_Class_All,237,12589,-3.769462762831333,-0.9175616802075062,0.2484323486440598,KGE
unified_1981_2015,hysets_08AA009,4,1,Continuous_FCM_Class_All,238,12695,-3.0380809068000074,-1.6790152646068273,0.14165971803717112,KGE
unified_1981_2015,hysets_08AC001,2,1,Continuous_FCM_Class_All,237,11614,0.0556873382687334,0.12951760868609008,0.07812774277976746,KGE
unified_1981_2015,hysets_08EB004,5,1,Continuous_FCM_Class_All,172,12783,-0.10883019793315651,-0.06608630970502438,0.06452342907069127,KGE
unified_1981_2015,hysets_08ED001,4,1,Continuous_FCM_Class_All,171,12699,-0.08082448632466366,-0.2316964541129538,0.1295172837663722,KGE
unified_1981_2015,hysets_08ED002,2,0,Continuous_FCM_Class_All,146,12783,-0.3197391724806524,-0.18615807085416725,0.19380283747819005,KGE
unified_1981_2015,hysets_08EE008,2,1,Continuous_FCM_Class_All,146,12783,-0.6210685226699342,-0.15196094245645608,0.09804340725175584,KGE
unified_1981_2015,hysets_08EE013,4,1,Continuous_FCM_Class_All,238,12715,0.20784610785941227,0.10788194131479056,0.08007501912037962,KGE
unified_1981_2015,hysets_08EE020,3,1,Continuous_FCM_Class_All,146,12783,-0.11169447414732958,-0.15279259062075634,0.07272896709566058,KGE
unified_1981_2015,hysets_08EG012,5,1,Continuous_FCM_Class_All,66,12783,-0.380491563761973,-0.3060029209824293,0.0910938622147732,KGE
unified_1981_2015,hysets_08FE003,2,1,Continuous_FCM_Class_All,65,12783,-0.24453928825128912,-0.12189925692113723,0.06945051394250029,KGE
unified_1981_2015,hysets_08FF001,3,1,Continuous_FCM_Class_All,66,12783,-0.42314378239740824,0.07103367814841444,0.05170995008703667,KGE
unified_1981_2015,hysets_08FF002,3,1,Continuous_FCM_Class_All,66,12783,-0.39275717361638507,0.03911771570763378,0.05323669028116023,KGE
unified_1981_2015,hysets_08FF003,4,1,Continuous_FCM_Class_All,66,12783,-0.11255313009325163,-0.03209007737139902,0.04910673423381638,KGE
unified_1981_2015,hysets_08GA071,2,1,Continuous_FCM_Class_All,65,12709,-0.21216282443947887,-0.02265442379224969,0.09753261051778772,KGE
unified_1981_2015,hysets_08GA072,5,0,Continuous_FCM_Class_All,66,12356,-0.5252964548497014,-0.029863189971375048,0.08470518888888101,KGE
unified_1981_2015,hysets_08HA001,5,1,Continuous_FCM_Class_All,66,12783,0.46072108243809384,0.30438534699981334,0.04252664683690403,KGE
unified_1981_2015,hysets_08HA010,1,1,Continuous_FCM_Class_All,65,11578,0.4248317632986114,0.30624259202321635,0.06696571559255671,KGE
unified_1981_2015,hysets_08HB014,2,1,Continuous_FCM_Class_All,65,12743,0.1826870921167656,0.05298336339480847,0.07325130061121889,KGE
unified_1981_2015,hysets_08HB074,5,1,Continuous_FCM_Class_All,66,12308,0.28461646970231114,0.2827430395491153,0.04501027659950869,KGE
unified_1981_2015,hysets_08HD011,2,1,Continuous_FCM_Class_All,65,12783,0.15797664682652934,0.2708611515474425,0.057241674916696766,KGE
unified_1981_2015,hysets_08HD015,4,1,Continuous_FCM_Class_All,66,12459,0.27397317920168507,0.32113541479369445,0.052167044541517125,KGE
unified_1981_2015,hysets_08HF004,3,1,Continuous_FCM_Class_All,66,12639,0.30841093245657747,0.3333384351223859,0.04560427076026519,KGE
unified_1981_2015,hysets_08JD006,4,1,Continuous_FCM_Class_All,147,11977,0.15236566592381362,0.13263510323039684,0.08368112113175911,KGE
unified_1981_2015,hysets_08KA007,5,1,Continuous_FCM_Class_All,147,12783,-0.09636399719854127,-0.04199931362911857,0.15040594787306627,KGE
unified_1981_2015,hysets_08KH010,1,1,Continuous_FCM_Class_All,146,12686,0.1161570562843579,0.16220257498309532,0.1284413219418117,KGE
unified_1981_2015,hysets_08KH019,5,1,Continuous_FCM_Class_All,238,12518,-0.13093019746227696,-0.003126151154864587,0.08579774226027113,KGE
unified_1981_2015,hysets_08LB038,2,1,Continuous_FCM_Class_All,146,11688,0.03061423742535796,-0.047411510525432465,0.14055702453927055,KGE
unified_1981_2015,hysets_08LB069,3,1,Continuous_FCM_Class_All,238,12783,0.2582005770702439,0.14110764157365596,0.10273160469780286,KGE
unified_1981_2015,hysets_08LB076,3,1,Continuous_FCM_Class_All,238,12644,0.13139833630813447,0.010905422593633585,0.1013160506317399,KGE
unified_1981_2015,hysets_08LE024,5,0,Continuous_FCM_Class_All,147,12783,0.028436658227797063,0.006664927216581296,0.13983159568988493,KGE
unified_1981_2015,hysets_08LE027,3,0,Continuous_FCM_Class_All,146,12783,-0.032647276585860974,-0.07042592011622495,0.11898169496760468,KGE
unified_1981_2015,hysets_08LG048,5,0,Continuous_FCM_Class_All,238,12783,0.13611237633704487,0.025428466392067528,0.08962928106993064,KGE
unified_1981_2015,hysets_08MA003,4,1,Continuous_FCM_Class_All,147,12096,-0.16364230669073243,-0.07414298265671126,0.19404585757204712,KGE
unified_1981_2015,hysets_08ME023,1,0,Continuous_FCM_Class_All,146,12694,-0.3832406135116424,-0.6319654988074674,0.10555405264040252,KGE
unified_1981_2015,hysets_08ME025,4,1,Continuous_FCM_Class_All,238,12053,-0.387594441037028,0.196156566190679,0.11861437572692693,KGE
unified_1981_2015,hysets_08MH016,5,1,Continuous_FCM_Class_All,66,12783,-0.4789213226310489,0.2680741469835509,0.11230820056738855,KGE
unified_1981_2015,hysets_08MH056,3,1,Continuous_FCM_Class_All,66,12620,0.36425329493008174,0.546574604236794,0.035161702395585144,KGE
unified_1981_2015,hysets_08MH103,2,1,Continuous_FCM_Class_All,65,12783,-0.19996854220298999,0.418245021143855,0.07141781947201566,KGE
unified_1981_2015,hysets_08MH147,4,1,Continuous_FCM_Class_All,66,11698,0.12233762459259245,0.1355842944375678,0.05980459296731644,KGE
unified_1981_2015,hysets_08NA006,5,1,Continuous_FCM_Class_All,147,12765,-0.14234613481203517,0.01466462094694243,0.14761681262625478,KGE
unified_1981_2015,hysets_08NB012,3,1,Continuous_FCM_Class_All,146,12179,-0.07908366870931571,-0.043629953443732106,0.1441595103978643,KGE
unified_1981_2015,hysets_08NB014,5,1,Continuous_FCM_Class_All,147,12783,-0.13593067230642886,-0.24091450963602146,0.1343337041990171,KGE
unified_1981_2015,hysets_08ND012,4,1,Continuous_FCM_Class_All,147,12783,0.004067369723273373,-0.029905903960406155,0.1336386873532037,KGE
unified_1981_2015,hysets_08ND013,4,1,Continuous_FCM_Class_All,147,12783,-0.04617805337390135,-0.07625477030742278,0.13560448019978616,KGE
unified_1981_2015,hysets_08NE039,3,1,Continuous_FCM_Class_All,238,12783,0.2943083127726611,0.1852550601432259,0.10459597390674624,KGE
unified_1981_2015,hysets_08NE074,4,1,Continuous_FCM_Class_All,238,12783,0.08250918051498135,-0.01265538619898865,0.1122118532279559,KGE
unified_1981_2015,hysets_08NF001,5,1,Continuous_FCM_Class_All,238,12783,0.2887959745169577,0.26728784126182925,0.12151008453554722,KGE
unified_1981_2015,hysets_08NG076,3,1,Continuous_FCM_Class_All,238,12783,0.43596056107077286,0.39952995722053486,0.06134064463435342,KGE
unified_1981_2015,hysets_08NG077,2,1,Continuous_FCM_Class_All,146,12783,0.08573387986970615,0.000206177407155006,0.09370289005101932,KGE
unified_1981_2015,hysets_08NH005,1,1,Continuous_FCM_Class_All,146,12783,0.11176064983994394,0.09393073281839615,0.10261909693517193,KGE
unified_1981_2015,hysets_08NH006,4,1,Continuous_FCM_Class_All,238,12783,0.38103581075316695,0.3039756099226171,0.09257428218959277,KGE
unified_1981_2015,hysets_08NH120,1,1,Continuous_FCM_Class_All,237,12783,0.2122801372900236,0.07620887442182434,0.07513377125760357,KGE
unified_1981_2015,hysets_08NH130,3,1,Continuous_FCM_Class_All,146,12783,0.04190581070592392,-0.024793323324074024,0.09422070057024026,KGE
unified_1981_2015,hysets_08NJ160,5,1,Continuous_FCM_Class_All,147,12783,0.1468315928140531,0.13587120102130434,0.1256362139735537,KGE
unified_1981_2015,hysets_08NK016,4,1,Continuous_FCM_Class_All,238,12783,0.28991503885125647,0.2498351232786944,0.04315379322478898,KGE
unified_1981_2015,hysets_08NK018,2,1,Continuous_FCM_Class_All,237,12783,0.3384858129541011,0.311494439927715,0.0448829389539703,KGE
unified_1981_2015,hysets_08NK022,4,1,Continuous_FCM_Class_All,238,12783,0.2769348526368912,0.20824070910321435,0.06153143837218125,KGE
unified_1981_2015,hysets_08NL004,1,1,Continuous_FCM_Class_All,237,12783,0.31381838627091474,0.16883740828075333,0.07711117426462477,KGE
unified_1981_2015,hysets_08NL024,5,1,Continuous_FCM_Class_All,238,12783,0.34360474821698184,0.2962335851267597,0.06587469463172027,KGE
unified_1981_2015,hysets_08NL050,5,1,Continuous_FCM_Class_All,238,12783,0.18697935285969303,-0.031188890176793382,0.06391616744625332,KGE
unified_1981_2015,hysets_08NL071,4,1,Continuous_FCM_Class_All,147,12783,0.20214676708010482,0.14136355243363385,0.06937291107296809,KGE
unified_1981_2015,hysets_08NN019,3,1,Continuous_FCM_Class_All,238,12783,0.41571385554214324,0.33688895197399205,0.08836897715299447,KGE
unified_1981_2015,hysets_08OA002,2,1,Continuous_FCM_Class_All,171,12398,-0.20611213284121344,-0.40260661602240866,0.1029330119865112,KGE
unified_1981_2015,hysets_09059500,4,1,Continuous_FCM_Class_All,238,12783,0.37542575958600355,0.2985356902727594,0.08370863013340658,KGE
unified_1981_2015,hysets_09165000,3,1,Continuous_FCM_Class_All,238,12053,0.3319112835591428,0.2514291903323215,0.0982298672164017,KGE
unified_1981_2015,hysets_09196500,1,1,Continuous_FCM_Class_All,237,11731,0.07309696456596315,-0.074307804934856,0.12405262815026992,KGE
unified_1981_2015,hysets_09223000,3,1,Continuous_FCM_Class_All,238,12783,0.4021591588440916,0.2070124072740268,0.0677053151013935,KGE
unified_1981_2015,hysets_09253000,5,1,Continuous_FCM_Class_All,238,12231,0.3512266264845806,0.2631416761401193,0.08886047249685233,KGE
unified_1981_2015,hysets_09255000,2,1,Continuous_FCM_Class_All,237,12783,0.19224947508834322,-0.0741803700543413,0.09005494053602527,KGE
unified_1981_2015,hysets_09266500,2,1,Continuous_FCM_Class_All,237,12783,0.28883195679275764,0.25622351999805837,0.05311100022015436,KGE
unified_1981_2015,hysets_09289500,1,1,Continuous_FCM_Class_All,237,12783,0.22240222289088163,0.12070787227238333,0.06966605508320012,KGE
unified_1981_2015,hysets_09292500,5,1,Continuous_FCM_Class_All,238,12783,0.2552755698588617,0.28620557061282825,0.07914929313708574,KGE
unified_1981_2015,hysets_09299500,1,1,Continuous_FCM_Class_All,237,12783,0.2958261333916061,0.28833010878482956,0.06112284989526042,KGE
unified_1981_2015,hysets_09304200,2,1,Continuous_FCM_Class_All,237,12783,0.381083083162855,0.474738297569798,0.09439099303105059,KGE
unified_1981_2015,hysets_09304500,1,1,Continuous_FCM_Class_All,237,12783,0.3846413532904621,0.5060275341151983,0.08402232729475351,KGE
unified_1981_2015,hysets_09306222,4,1,Continuous_FCM_Class_All,133,12783,-36.34783269796,-7.163776293390322,0.5756943840378242,KGE
unified_1981_2015,hysets_09310500,3,1,Continuous_FCM_Class_All,238,12783,0.3118418251359776,0.18679711369203522,0.0679081251411573,KGE
unified_1981_2015,hysets_09312600,4,1,Continuous_FCM_Class_All,238,12783,-0.7667555699491866,-1.4396912498566063,0.08548943823096686,KGE
unified_1981_2015,hysets_09337000,3,1,Continuous_FCM_Class_All,133,12782,-15.971859848134503,-4.103769416593695,0.1983022357430868,KGE
unified_1981_2015,hysets_09342500,5,1,Continuous_FCM_Class_All,238,12783,0.27798411739192397,0.20467526505934652,0.10523417982095092,KGE
unified_1981_2015,hysets_09352900,3,1,Continuous_FCM_Class_All,238,12783,0.1263788954145616,0.04334621836019481,0.09776511105123067,KGE
unified_1981_2015,hysets_09386900,1,1,Continuous_FCM_Class_All,60,12783,-1.4946477134210703,-1.6324469356764615,0.03929376861922518,KGE
unified_1981_2015,hysets_09403600,3,1,Continuous_FCM_Class_All,133,12783,-40.74016140706593,-7.210792763401031,0.15009394574727497,KGE
unified_1981_2015,hysets_09404450,5,1,Continuous_FCM_Class_All,133,12783,-1.709175841504993,-0.5593085720965916,0.0470391103671748,KGE
unified_1981_2015,hysets_09405500,4,1,Continuous_FCM_Class_All,133,12783,-0.03607453134777949,-0.05699319056868246,0.04394826623994065,KGE
unified_1981_2015,hysets_09430600,5,0,Continuous_FCM_Class_All,133,12783,0.013533513589304547,-0.2595300559347855,0.019074100826640752,KGE
unified_1981_2015,hysets_09442680,3,1,Continuous_FCM_Class_All,133,12783,-3.6736236205569606,-6.007110641681618,0.038075517606804506,KGE
unified_1981_2015,hysets_09447000,5,1,Continuous_FCM_Class_All,133,12783,-0.19963882420227108,-2.293726142974567,0.01900351481078918,KGE
unified_1981_2015,hysets_09447800,5,1,Continuous_FCM_Class_All,133,12571,-1.7935451120986188,-13.640077406905094,0.01820780509790501,KGE
unified_1981_2015,hysets_09473000,3,1,Continuous_FCM_Class_All,133,12052,-0.9036574562399968,-5.745676871410035,0.02296425711800455,KGE
unified_1981_2015,hysets_09494000,5,1,Continuous_FCM_Class_All,133,12783,-0.14391288373760158,-0.1575543637071526,0.041516964659141495,KGE
unified_1981_2015,hysets_09496500,2,1,Continuous_FCM_Class_All,133,12783,-1.2629519948223935,-4.043113462753904,0.03469923225627673,KGE
unified_1981_2015,hysets_09497800,2,1,Continuous_FCM_Class_All,133,12418,-0.8457033331036763,-1.7598358858176848,0.03323557187147372,KGE
unified_1981_2015,hysets_09497980,4,1,Continuous_FCM_Class_All,133,12783,-0.27204954803213366,-1.6058418074571952,0.02760661008670732,KGE
unified_1981_2015,hysets_09499000,2,0,Continuous_FCM_Class_All,133,12783,-0.03594679352721908,-0.704734586414997,0.02278639565342828,KGE
unified_1981_2015,hysets_09504420,2,1,Continuous_FCM_Class_All,133,12510,-0.011494856028675837,-0.2940527611223567,0.029587667287164023,KGE
unified_1981_2015,hysets_09505800,1,1,Continuous_FCM_Class_All,132,12783,-0.06529466788931848,-0.7134712367193701,0.01784538989566917,KGE
unified_1981_2015,hysets_09510200,1,1,Continuous_FCM_Class_All,60,12783,0.09293306208513608,-0.022497577470970587,0.023380962635746953,KGE
unified_1981_2015,hysets_09512280,5,1,Continuous_FCM_Class_All,60,12783,-0.03219346512056798,-1.1460596084803103,0.01711819047091878,KGE
unified_1981_2015,hysets_09513780,3,1,Continuous_FCM_Class_All,60,12783,0.11394626199588076,-0.06954435025768735,0.016806880648749325,KGE
unified_1981_2015,hysets_09AA012,5,1,Continuous_FCM_Class_All,238,12657,-0.12851993496557523,0.10636729843994464,0.11566090523853124,KGE
unified_1981_2015,hysets_09AA013,2,1,Continuous_FCM_Class_All,146,11625,-1.1099436877160915,-0.18404878007655934,0.24829253220390504,KGE
unified_1981_2015,hysets_09AH003,1,1,Continuous_FCM_Class_All,132,12337,0.0006436214236765769,-0.12329383445946474,0.060320286925100344,KGE
unified_1981_2015,hysets_09CA004,1,1,Continuous_FCM_Class_All,237,12567,-0.06424422081341152,-0.1331497727652835,0.04749884148869395,KGE
unified_1981_2015,hysets_09EA004,2,1,Continuous_FCM_Class_All,237,12630,0.0878184146094716,0.1888989590768385,0.08617238073107732,KGE
unified_1981_2015,hysets_10011500,2,1,Continuous_FCM_Class_All,237,12783,0.3506192435893952,0.2784936796114572,0.08781964654713184,KGE
unified_1981_2015,hysets_10032000,3,1,Continuous_FCM_Class_All,238,12783,0.47900257125154666,0.4336414569524252,0.08167546653747418,KGE
unified_1981_2015,hysets_10113500,4,1,Continuous_FCM_Class_All,238,11506,-2.982635588825633,-0.5715657522219062,0.1467493948194581,KGE
unified_1981_2015,hysets_10173450,2,1,Continuous_FCM_Class_All,133,12782,0.10183249755052182,-0.016431044443915743,0.08407913905207284,KGE
unified_1981_2015,hysets_10174500,1,1,Continuous_FCM_Class_All,132,12783,0.016197252723911926,0.08994180308958144,0.08524076376643176,KGE
unified_1981_2015,hysets_10194200,5,1,Continuous_FCM_Class_All,133,12467,-0.32191911631517,-0.2830034637779517,0.10716153166347551,KGE
unified_1981_2015,hysets_10234500,2,1,Continuous_FCM_Class_All,237,12783,-0.1733528883813853,-0.03037437626183781,0.09012615837581671,KGE
unified_1981_2015,hysets_10258500,4,1,Continuous_FCM_Class_All,60,12783,-0.8004062915619738,-2.4356462563315087,0.02874229787543298,KGE
unified_1981_2015,hysets_10296000,3,1,Continuous_FCM_Class_All,238,12783,0.30184563511745144,0.18523777436959965,0.041984737863549094,KGE
unified_1981_2015,hysets_10296500,5,1,Continuous_FCM_Class_All,238,12783,0.3668621620042978,0.2993569181878102,0.0381531323602783,KGE
unified_1981_2015,hysets_10329500,4,1,Continuous_FCM_Class_All,133,12783,-0.2738375939358535,-0.544735937310088,0.045955894219731876,KGE
unified_1981_2015,hysets_10396000,4,1,Continuous_FCM_Class_All,238,12783,0.1853207213827477,0.22412852454375687,0.058199094099039034,KGE
unified_1981_2015,hysets_10AC005,3,1,Continuous_FCM_Class_All,238,12783,0.038018766546957794,-0.03618121183003753,0.10996064619184905,KGE
unified_1981_2015,hysets_10BE007,3,1,Continuous_FCM_Class_All,238,12783,-0.08032776750059001,0.14255227442433016,0.11801395651021476,KGE
unified_1981_2015,hysets_10BE009,3,1,Continuous_FCM_Class_All,238,12715,-7.1747033405293905,-0.8268720860574919,0.2635336709645501,KGE
unified_1981_2015,hysets_10ED003,5,1,Continuous_FCM_Class_All,238,12782,-0.2852900842784374,-0.48096702548822634,0.02652009985697575,KGE
unified_1981_2015,hysets_10GC003,3,1,Continuous_FCM_Class_All,238,12783,-0.38012221032687754,-0.6817413923288638,0.029511169880983804,KGE
unified_1981_2015,hysets_10LC003,3,1,Continuous_FCM_Class_All,133,12112,-0.13709982454772107,-0.5804512299859201,0.05115039622287608,KGE
unified_1981_2015,hysets_10LC007,2,1,Continuous_FCM_Class_All,237,12242,-1.945871080431604,-1.5236714917153251,0.07981354643020137,KGE
unified_1981_2015,hysets_11012500,4,1,Continuous_FCM_Class_All,60,12783,-3.325350939379071,-2.612763676943226,0.0551094972588297,KGE
unified_1981_2015,hysets_11015000,2,1,Continuous_FCM_Class_All,60,12783,0.14867816618115026,0.09831409695832705,0.021196894918482003,KGE
unified_1981_2015,hysets_11042400,1,1,Continuous_FCM_Class_All,60,12419,-0.6997472341040092,-1.7584319558890238,0.019875202782463554,KGE
unified_1981_2015,hysets_11123000,2,1,Continuous_FCM_Class_All,60,12783,0.16152921468432613,-0.016032200313684353,0.030424351413675232,KGE
unified_1981_2015,hysets_11123500,4,1,Continuous_FCM_Class_All,60,12783,0.15443416166346413,-0.014602043622590655,0.03024378066256137,KGE
unified_1981_2015,hysets_11124500,1,1,Continuous_FCM_Class_All,60,12783,0.2660609410576339,0.17785861909358525,0.028242332365357663,KGE
unified_1981_2015,hysets_11132500,4,1,Continuous_FCM_Class_All,60,12783,0.14904826791877634,0.03835963303664969,0.015994102545582183,KGE
unified_1981_2015,hysets_11140000,1,1,Continuous_FCM_Class_All,60,12783,0.2602996165230741,0.09123282399983379,0.024571995792862223,KGE
unified_1981_2015,hysets_11143000,5,1,Continuous_FCM_Class_All,238,12783,-0.0012541071795497682,-0.24952198474341603,0.052337218822825556,KGE
unified_1981_2015,hysets_11143200,3,1,Continuous_FCM_Class_All,60,12783,0.2320279773488253,-0.006882498584625418,0.0288410452737333,KGE
unified_1981_2015,hysets_11143250,5,1,Continuous_FCM_Class_All,238,12783,-0.2930554754625132,-0.9395023476760263,0.04060768979471884,KGE
unified_1981_2015,hysets_11148900,3,1,Continuous_FCM_Class_All,60,12783,0.07409896274500727,-0.25952075835447785,0.027474084399047683,KGE
unified_1981_2015,hysets_11149900,1,1,Continuous_FCM_Class_All,60,12783,0.21347260039348503,0.005321845287301508,0.025259052042465195,KGE
unified_1981_2015,hysets_11151300,2,1,Continuous_FCM_Class_All,60,12682,-0.20774926896105894,-1.4348530967574633,0.017641704883021386,KGE
unified_1981_2015,hysets_11152000,3,1,Continuous_FCM_Class_All,60,12783,0.15946280899799314,-0.12241956115703001,0.029481129557009114,KGE
unified_1981_2015,hysets_11202000,5,1,Continuous_FCM_Class_All,238,12783,0.11553059967025414,-0.05346456864402738,0.026725460495186096,KGE
unified_1981_2015,hysets_11202001,3,1,Continuous_FCM_Class_All,238,12783,0.2308649548124635,0.17183341998783475,0.029083500888548164,KGE
unified_1981_2015,hysets_11224500,5,1,Continuous_FCM_Class_All,60,12783,-0.0885958068850159,-1.556572581107595,0.01634533758748956,KGE
unified_1981_2015,hysets_11230500,4,1,Continuous_FCM_Class_All,238,12783,0.1563532575782458,0.03910522724720222,0.05300595626493749,KGE
unified_1981_2015,hysets_11253310,4,1,Continuous_FCM_Class_All,60,12783,-0.3231145417704011,-1.5299899354006654,0.020043979485184403,KGE
unified_1981_2015,hysets_11264500,2,1,Continuous_FCM_Class_All,237,12783,0.17154338105734224,0.03705124510633173,0.060857993141773196,KGE
unified_1981_2015,hysets_11266500,5,1,Continuous_FCM_Class_All,238,12783,0.15127529514158267,0.018373436035970747,0.046888505057183276,KGE
unified_1981_2015,hysets_11314500,4,1,Continuous_FCM_Class_All,238,12783,0.16682469345405604,0.056504651083378654,0.041767297533603025,KGE
unified_1981_2015,hysets_11317000,3,1,Continuous_FCM_Class_All,238,12783,0.10796272009652697,0.045071736447931166,0.03623507116530285,KGE
unified_1981_2015,hysets_11318500,4,1,Continuous_FCM_Class_All,238,12783,0.07401575499999502,-0.04364936309199963,0.03105849025807513,KGE
unified_1981_2015,hysets_11367500,4,1,Continuous_FCM_Class_All,147,12783,-0.32689715984700785,0.43939036765977946,0.03526354416560837,KGE
unified_1981_2015,hysets_11374000,4,1,Continuous_FCM_Class_All,147,12783,0.0835452541854611,-0.05391799595481661,0.06422274032573658,KGE
unified_1981_2015,hysets_11376550,4,1,Continuous_FCM_Class_All,147,12673,-0.8078847208222226,0.0589479286557415,0.08578388303270736,KGE
unified_1981_2015,hysets_11379500,1,1,Continuous_FCM_Class_All,237,12783,0.04180175412404863,-0.11303792411634239,0.04653050590650077,KGE
unified_1981_2015,hysets_11381500,3,1,Continuous_FCM_Class_All,146,12783,0.30287364335184286,0.27552047634344645,0.023561151848780916,KGE
unified_1981_2015,hysets_11383500,1,1,Continuous_FCM_Class_All,146,12783,0.16386313922020812,0.09138401121406492,0.026208806692882346,KGE
unified_1981_2015,hysets_11402000,1,1,Continuous_FCM_Class_All,146,12783,0.138358707253743,-0.08402726589942122,0.029546967543069923,KGE
unified_1981_2015,hysets_11413000,3,1,Continuous_FCM_Class_All,146,12783,0.2561815415467623,0.17071870148742985,0.03232166814148925,KGE
unified_1981_2015,hysets_11413300,4,1,Continuous_FCM_Class_All,147,12783,0.09738451165916628,-0.0752495953768284,0.0279225073774564,KGE
unified_1981_2015,hysets_11428800,5,1,Continuous_FCM_Class_All,147,12783,-0.9431365210094926,-3.918693408614626,0.020946830355300813,KGE
unified_1981_2015,hysets_11433300,5,1,Continuous_FCM_Class_All,147,12783,0.20921844836302428,0.1806935481126436,0.024071488844978284,KGE
unified_1981_2015,hysets_11451100,4,0,Continuous_FCM_Class_All,238,12783,0.009596593037066725,-0.2711416163216753,0.03805349062082555,KGE
unified_1981_2015,hysets_11461000,1,0,Continuous_FCM_Class_All,146,12783,0.1441664556378388,-0.022281455797362293,0.046103869311438894,KGE
unified_1981_2015,hysets_11468500,5,0,Continuous_FCM_Class_All,147,12783,0.17945781134075833,0.05803539759033094,0.03471530444882482,KGE
unified_1981_2015,hysets_11470500,1,1,Continuous_FCM_Class_All,237,12783,0.0018976715685175005,-0.24901756385536133,0.038971842080605924,KGE
unified_1981_2015,hysets_11473900,3,1,Continuous_FCM_Class_All,146,12783,0.2489118569199864,0.15270034541613808,0.03359629232956358,KGE
unified_1981_2015,hysets_11478500,4,1,Continuous_FCM_Class_All,147,12783,0.08882908391455335,-0.0686116032993822,0.05761956240331614,KGE
unified_1981_2015,hysets_11480390,3,1,Continuous_FCM_Class_All,146,12783,0.20028125223104554,0.1069302941935103,0.04710169465116387,KGE
unified_1981_2015,hysets_11480410,1,1,Continuous_FCM_Class_All,146,12783,0.18491324528429387,0.0922635824341077,0.044275264692757804,KGE
unified_1981_2015,hysets_11481200,4,1,Continuous_FCM_Class_All,147,12783,0.10597335390799756,-0.03205123013868194,0.04145359964585042,KGE
unified_1981_2015,hysets_11482500,4,1,Continuous_FCM_Class_All,147,12783,0.12168662748666259,-0.002868597542442064,0.052035963538144527,KGE
unified_1981_2015,hysets_11521500,5,1,Continuous_FCM_Class_All,147,12600,0.2239774577123399,0.12740075852676758,0.03062667019597937,KGE
unified_1981_2015,hysets_11522500,3,1,Continuous_FCM_Class_All,146,12783,0.38544169798388117,0.3221539920195262,0.029204235068463986,KGE
unified_1981_2015,hysets_11523200,5,1,Continuous_FCM_Class_All,147,12783,0.25022791792553145,0.17901032393678096,0.035498173450415234,KGE
unified_1981_2015,hysets_11528700,2,1,Continuous_FCM_Class_All,146,12783,0.2651313447614638,0.14581838351407983,0.039632970419306565,KGE
unified_1981_2015,hysets_11532500,3,1,Continuous_FCM_Class_All,66,12783,0.18938981787848785,0.18198165130449828,0.060920591305664074,KGE
unified_1981_2015,hysets_12025700,2,1,Continuous_FCM_Class_All,65,12783,0.4952430687101901,0.422406180670467,0.03212653173416899,KGE
unified_1981_2015,hysets_12035000,3,1,Continuous_FCM_Class_All,66,12783,0.5418217600783493,0.41609891136761545,0.03765526930971559,KGE
unified_1981_2015,hysets_12039500,2,1,Continuous_FCM_Class_All,65,12783,0.3278547414502371,0.21954555713861368,0.05911765736860433,KGE
unified_1981_2015,hysets_12040500,5,1,Continuous_FCM_Class_All,66,12783,0.3428459159093662,0.18987740776566198,0.05615907426641601,KGE
unified_1981_2015,hysets_12041200,1,1,Continuous_FCM_Class_All,65,12783,0.43486673502605,0.2885598381684251,0.05092592661574962,KGE
unified_1981_2015,hysets_12043000,3,1,Continuous_FCM_Class_All,66,11628,0.43185978685735604,0.29316160054708906,0.044838119742386794,KGE
unified_1981_2015,hysets_12048000,5,1,Continuous_FCM_Class_All,66,12783,-4.395907649630375,-0.8698056019871905,0.15009451265361914,KGE
unified_1981_2015,hysets_12054000,1,1,Continuous_FCM_Class_All,65,12783,0.634979966887236,0.5742404735350062,0.04021515422531161,KGE
unified_1981_2015,hysets_12056500,5,1,Continuous_FCM_Class_All,66,12783,0.41028216832853104,0.27693471283365667,0.03741172851978103,KGE
unified_1981_2015,hysets_12082500,2,0,Continuous_FCM_Class_All,65,12783,0.6241237462139138,0.6946311821124773,0.026052818551913923,KGE
unified_1981_2015,hysets_12092000,5,0,Continuous_FCM_Class_All,66,12783,0.40991320771283,0.6571824877313016,0.029650217843652335,KGE
unified_1981_2015,hysets_12115000,1,1,Continuous_FCM_Class_All,65,12783,0.5288830598616613,0.5064917972373737,0.03167554707367851,KGE
unified_1981_2015,hysets_12134500,5,1,Continuous_FCM_Class_All,66,12783,0.49935952248028004,0.41833377304221975,0.03583268962012348,KGE
unified_1981_2015,hysets_12141300,5,1,Continuous_FCM_Class_All,66,12417,0.4662192161090818,0.3622884442434302,0.04156011173759765,KGE
unified_1981_2015,hysets_12142000,2,1,Continuous_FCM_Class_All,65,12418,0.4728657777214432,0.35216804591594464,0.03479134446421999,KGE
unified_1981_2015,hysets_12186000,1,1,Continuous_FCM_Class_All,65,12783,0.4997405772605644,0.4882310368353139,0.019953970171456316,KGE
unified_1981_2015,hysets_12189500,1,1,Continuous_FCM_Class_All,65,12783,0.5325635208235848,0.6779347150164378,0.035993864967701045,KGE
unified_1981_2015,hysets_12205000,4,1,Continuous_FCM_Class_All,66,12783,0.3323941705713933,0.47434879120068274,0.05112162352622603,KGE
unified_1981_2015,hysets_12324590,1,1,Continuous_FCM_Class_All,237,12632,-2.2706290329584653,-1.0471153807793736,0.058755426679309095,KGE
unified_1981_2015,hysets_12330000,3,1,Continuous_FCM_Class_All,238,12663,0.1600972526004808,0.10436874637801807,0.05147110218405555,KGE
unified_1981_2015,hysets_12332000,4,1,Continuous_FCM_Class_All,238,12632,0.4141416000377899,0.3638052528998329,0.08443090627674181,KGE
unified_1981_2015,hysets_12370000,5,1,Continuous_FCM_Class_All,238,12783,0.23770578346317006,0.233858956607239,0.11641731608261052,KGE
unified_1981_2015,hysets_12389500,1,1,Continuous_FCM_Class_All,237,12783,-0.007996739113504292,0.23525510033407915,0.08839990812090946,KGE
unified_1981_2015,hysets_12411000,1,1,Continuous_FCM_Class_All,146,12783,0.209527648813714,0.21728475838416772,0.05899405005034728,KGE
unified_1981_2015,hysets_12414900,1,1,Continuous_FCM_Class_All,237,12783,0.12806396679247256,0.10755711195273865,0.0421347973253082,KGE
unified_1981_2015,hysets_12452800,4,1,Continuous_FCM_Class_All,147,12783,0.2139762323185037,0.23558705373409883,0.10335623156969621,KGE
unified_1981_2015,hysets_12488500,1,1,Continuous_FCM_Class_All,146,12783,0.22696039182370686,0.21152172483549592,0.08070341418152371,KGE
unified_1981_2015,hysets_13010065,5,1,Continuous_FCM_Class_All,238,11780,0.1979999347894449,0.08116884331878993,0.10469534673763652,KGE
unified_1981_2015,hysets_13011900,2,1,Continuous_FCM_Class_All,237,12445,0.20207767378953434,0.11200154613519575,0.11831687157182967,KGE
unified_1981_2015,hysets_13023000,1,1,Continuous_FCM_Class_All,237,12783,0.4208823162388762,0.3428684478733913,0.09422190716692118,KGE
unified_1981_2015,hysets_13186000,5,1,Continuous_FCM_Class_All,238,12783,0.4463314868039333,0.37464695074110466,0.0914124973752688,KGE
unified_1981_2015,hysets_13235000,2,1,Continuous_FCM_Class_All,237,12783,0.2651967087609307,0.1842123460977383,0.10536644374559018,KGE
unified_1981_2015,hysets_13297355,3,1,Continuous_FCM_Class_All,238,12783,-0.18615807537809093,-0.40001912572536447,0.10382396424290807,KGE
unified_1981_2015,hysets_13331500,4,1,Continuous_FCM_Class_All,238,12783,0.21907850866695722,0.11578680835951483,0.10559974333589717,KGE
unified_1981_2015,hysets_13339500,3,1,Continuous_FCM_Class_All,238,12783,0.17374391258004274,0.17035539973062608,0.06738225002425954,KGE
unified_1981_2015,hysets_14013000,2,1,Continuous_FCM_Class_All,237,12783,-0.025398104049491055,-0.04641238955530613,0.03583967942044546,KGE
unified_1981_2015,hysets_14020000,3,1,Continuous_FCM_Class_All,146,12783,0.17019350291560853,0.2543722987906214,0.05594050089567685,KGE
unified_1981_2015,hysets_14020300,2,1,Continuous_FCM_Class_All,237,12600,0.058127242505916166,0.02437302491788884,0.06763465917043818,KGE
unified_1981_2015,hysets_14038530,3,1,Continuous_FCM_Class_All,238,12198,-0.9610531006579492,-0.1508547485835754,0.10568742239433605,KGE
unified_1981_2015,hysets_14044000,5,1,Continuous_FCM_Class_All,238,12783,-0.2977158227798722,-0.08864927321717242,0.09520985677048521,KGE
unified_1981_2015,hysets_14091500,2,0,Continuous_FCM_Class_All,237,12783,-17.901200627719835,-0.026601982787536116,0.22342657565039997,KGE
unified_1981_2015,hysets_14096850,2,1,Continuous_FCM_Class_All,133,11780,-0.06836417404068684,-0.2122260744492961,0.03157966965718255,KGE
unified_1981_2015,hysets_14097100,1,1,Continuous_FCM_Class_All,237,12783,-0.5552329891957544,0.16062314534674427,0.031046750543259418,KGE
unified_1981_2015,hysets_14154500,4,1,Continuous_FCM_Class_All,147,12783,0.1626195937247853,0.07906178296666011,0.052292454402077894,KGE
unified_1981_2015,hysets_14158500,1,1,Continuous_FCM_Class_All,171,12783,-0.3282753559223044,0.046199569285549025,0.11950657196437676,KGE
unified_1981_2015,hysets_14166500,5,1,Continuous_FCM_Class_All,147,12783,0.2083354034874071,0.14500899024116198,0.05925285823535814,KGE
unified_1981_2015,hysets_14178000,3,1,Continuous_FCM_Class_All,171,12783,-0.13828860230354656,-0.08421201901212538,0.045755187223418904,KGE
unified_1981_2015,hysets_14182500,5,1,Continuous_FCM_Class_All,66,12783,0.411884473593933,0.3548857408456667,0.02497310850923307,KGE
unified_1981_2015,hysets_14185000,4,0,Continuous_FCM_Class_All,66,12783,0.23097754107972956,0.2957917456385285,0.04258712386370803,KGE
unified_1981_2015,hysets_14185900,2,1,Continuous_FCM_Class_All,65,12783,0.3991179965575128,0.34279316333454213,0.04534548966566425,KGE
unified_1981_2015,hysets_14236200,3,1,Continuous_FCM_Class_All,66,12783,0.5536036915553103,0.4807945414048618,0.03366237037688861,KGE
unified_1981_2015,hysets_14301000,3,1,Continuous_FCM_Class_All,146,12783,0.05239627384505052,-0.0679237185779602,0.06140325393673794,KGE
unified_1981_2015,hysets_14306500,1,1,Continuous_FCM_Class_All,146,12783,0.08775600348785095,-0.024148111333170963,0.06742022472575937,KGE
unified_1981_2015,hysets_14308000,5,1,Continuous_FCM_Class_All,147,12783,0.2620929911632732,0.21038129913507808,0.046969655796442654,KGE
unified_1981_2015,hysets_14309500,2,1,Continuous_FCM_Class_All,146,12783,0.2094628744780439,0.11641159699379511,0.058573714235197805,KGE
unified_1981_2015,hysets_14316700,2,1,Continuous_FCM_Class_All,146,12783,0.19078044703690866,0.09507088610246373,0.06237651733919395,KGE
unified_1981_2015,hysets_14325000,4,0,Continuous_FCM_Class_All,147,12783,0.034873683766214136,-0.1310045393237771,0.0688819269898783,KGE
unified_1981_2015,hysets_14338000,2,1,Continuous_FCM_Class_All,146,12672,0.23825534240631907,0.12063632118562084,0.04530080095492268,KGE
unified_1981_2015,hysets_14377100,4,1,Continuous_FCM_Class_All,147,12783,0.14215575179765028,0.02957712929472578,0.059193828703327206,KGE
unified_1981_2015,hysets_14400000,3,1,Continuous_FCM_Class_All,66,12783,0.20191721248465178,0.12597332254684235,0.05953445024041112,KGE
unified_1981_2015,lamah_12425002,3,1,Continuous_FCM_Class_All,171,12783,-0.054271126441895357,-0.04346504523874195,0.05571745912084978,KGE
unified_1981_2015,lamah_16000708,2,1,Continuous_FCM_Class_All,171,11819,0.029385247191242025,0.15527852982673096,0.05333462492195501,KGE
unified_1981_2015,lamah_16001303,5,1,Continuous_FCM_Class_All,172,12616,-3.513394644279022,-1.7161315110466564,0.056644425443131884,KGE
unified_1981_2015,lamah_16610709,4,1,Continuous_FCM_Class_All,171,12676,0.08642864881756074,0.024215444687675225,0.024608203625435792,KGE
unified_1981_2015,lamah_17404000,1,1,Continuous_FCM_Class_All,171,12699,-0.18572902854043027,0.02865753910208413,0.04985466973704849,KGE
unified_1981_2015,lamah_18481006,5,1,Continuous_FCM_Class_All,172,12782,0.11642618633901358,0.05733323626450193,0.035851296203329004,KGE
unified_1981_2015,lamah_18486000,4,1,Continuous_FCM_Class_All,171,12783,0.052383782644844556,0.017435466988586668,0.04187970133975926,KGE
unified_1981_2015,lamah_200253,4,1,Continuous_FCM_Class_All,171,12783,-0.07238007366465338,-0.10852799904122157,0.05905414841676571,KGE
unified_1981_2015,lamah_200261,5,1,Continuous_FCM_Class_All,172,12783,-0.06205800673109274,-0.103641319987414,0.05747186023495018,KGE
unified_1981_2015,lamah_200303,2,1,Continuous_FCM_Class_All,171,12783,0.08021450459964052,-0.04986303207847298,0.04666766173114658,KGE
unified_1981_2015,lamah_201012,2,0,Continuous_FCM_Class_All,171,12783,-0.08584105944474518,-0.12648649435347936,0.07360616293791052,KGE
unified_1981_2015,lamah_201087,4,1,Continuous_FCM_Class_All,171,12783,-0.00046054155159369614,-0.039238261519920714,0.05032916535271234,KGE
unified_1981_2015,lamah_201095,2,1,Continuous_FCM_Class_All,171,12783,-0.0012077065658957498,0.050375764857246486,0.0504975668490152,KGE
unified_1981_2015,lamah_201160,3,1,Continuous_FCM_Class_All,146,12783,-0.015434617294653341,0.06716442946180656,0.05234752972638252,KGE
unified_1981_2015,lamah_201236,3,1,Continuous_FCM_Class_All,146,12783,-0.15588912033499058,0.09657474631843144,0.04818625787403377,KGE
unified_1981_2015,lamah_201251,1,1,Continuous_FCM_Class_All,146,12783,-0.10933469640630555,-0.08666599385374396,0.04934341116562611,KGE
unified_1981_2015,lamah_201335,5,1,Continuous_FCM_Class_All,147,12783,-0.8012074635181192,-0.0593390456075773,0.10155498255632595,KGE
unified_1981_2015,lamah_201392,2,1,Continuous_FCM_Class_All,146,12783,-0.21375409435246273,-0.27805006536750265,0.12025646702160005,KGE
unified_1981_2015,lamah_201434,2,1,Continuous_FCM_Class_All,146,12783,-0.21156289608894907,-0.21881842225323078,0.11357113623896058,KGE
unified_1981_2015,lamah_201558,1,1,Continuous_FCM_Class_All,171,12783,-0.06901451143886694,-0.04104665931352214,0.12163452276112184,KGE
unified_1981_2015,lamah_201566,3,1,Continuous_FCM_Class_All,171,12783,-0.05515518637371697,-0.11116819171127479,0.0836462217665523,KGE
unified_1981_2015,lamah_201574,1,1,Continuous_FCM_Class_All,171,12783,-0.04027285811879611,-0.011840696197821243,0.1011852009808165,KGE
unified_1981_2015,lamah_201723,5,1,Continuous_FCM_Class_All,172,12783,-0.013326430698871405,0.018375140920939392,0.057409859785370054,KGE
unified_1981_2015,lamah_201848,2,1,Continuous_FCM_Class_All,171,12054,0.04874418403437786,0.0721971418057612,0.06639398615731776,KGE
unified_1981_2015,lamah_202036,1,1,Continuous_FCM_Class_All,171,12783,-0.016372884947130295,-0.012799660730939966,0.05757769264925469,KGE
unified_1981_2015,lamah_203026,3,1,Continuous_FCM_Class_All,146,12783,-0.11665518882954795,-0.12205539638206764,0.050742679576824185,KGE
unified_1981_2015,lamah_203075,5,1,Continuous_FCM_Class_All,172,12783,-0.07897168357018391,-0.19659386616416885,0.08718934648104923,KGE
unified_1981_2015,lamah_203166,2,1,Continuous_FCM_Class_All,171,12783,-0.10680068264353904,0.009745492423528068,0.10517358162740449,KGE
unified_1981_2015,lamah_203224,3,1,Continuous_FCM_Class_All,171,12783,0.13365161929330283,0.07104330595466657,0.07988906214619727,KGE
unified_1981_2015,lamah_203265,2,1,Continuous_FCM_Class_All,171,12783,0.22133608996369902,0.1800725980135517,0.05028983098762047,KGE
unified_1981_2015,lamah_203307,4,1,Continuous_FCM_Class_All,171,12778,0.07566887969186131,0.02258625773756817,0.04559391256502942,KGE
unified_1981_2015,lamah_203463,2,1,Continuous_FCM_Class_All,171,12783,0.21442546861165546,0.16612062778242276,0.03820070988610125,KGE
unified_1981_2015,lamah_203505,1,1,Continuous_FCM_Class_All,171,12783,-0.042173975676744746,0.032518836551821084,0.047295329144844356,KGE
unified_1981_2015,lamah_203711,5,1,Continuous_FCM_Class_All,172,12783,0.20634964325033633,0.19856412176462435,0.06224373658965975,KGE
unified_1981_2015,lamah_203752,1,1,Continuous_FCM_Class_All,171,12783,0.022294961631885712,0.13328400682118546,0.08272329188120911,KGE
unified_1981_2015,lamah_203760,2,1,Continuous_FCM_Class_All,171,12783,0.0951683682380352,0.1054827680487187,0.0871313054054801,KGE
unified_1981_2015,lamah_203786,1,1,Continuous_FCM_Class_All,171,12775,0.1250202223409319,0.13425800530145615,0.11216761173504616,KGE
unified_1981_2015,lamah_203794,3,1,Continuous_FCM_Class_All,171,12783,-0.03927424166104698,0.17594449593457284,0.08504005491145675,KGE
unified_1981_2015,lamah_203828,3,1,Continuous_FCM_Class_All,171,12783,0.05700682313555494,0.16282347230807015,0.0925911603671854,KGE
unified_1981_2015,lamah_204875,2,1,Continuous_FCM_Class_All,146,12419,-0.3476779152070788,0.018265690120592537,0.05325963626405948,KGE
unified_1981_2015,lamah_204925,1,1,Continuous_FCM_Class_All,132,12783,-0.33717928559336063,-0.4064596342988791,0.03802736455196314,KGE
unified_1981_2015,lamah_205104,3,1,Continuous_FCM_Class_All,171,12783,-0.12708611907538647,-0.06981624761677607,0.08287520955436502,KGE
unified_1981_2015,lamah_205179,4,1,Continuous_FCM_Class_All,171,12783,0.07001923950533462,0.002106901541643391,0.11894145550755439,KGE
unified_1981_2015,lamah_205294,2,1,Continuous_FCM_Class_All,171,12783,0.09733119420390557,-0.0026036861118154953,0.04782429966335186,KGE
unified_1981_2015,lamah_205500,4,1,Continuous_FCM_Class_All,171,12783,0.13813866061785518,0.08732950293996222,0.0459802607257555,KGE
unified_1981_2015,lamah_205740,5,1,Continuous_FCM_Class_All,172,12783,0.1221743956626673,0.009890994911128215,0.04275484829758257,KGE
unified_1981_2015,lamah_205799,1,0,Continuous_FCM_Class_All,171,12783,-0.09746673262954242,-0.03343397489549105,0.0816085943355337,KGE
unified_1981_2015,lamah_205823,5,1,Continuous_FCM_Class_All,172,12783,0.22302083235868986,0.17423268675688752,0.0389888243117294,KGE
unified_1981_2015,lamah_205831,5,1,Continuous_FCM_Class_All,172,12783,0.12546663802789904,0.09723754036453525,0.04568075692484329,KGE
unified_1981_2015,lamah_205864,3,1,Continuous_FCM_Class_All,171,12783,0.03324646730778158,0.06404768235807023,0.06187090547583114,KGE
unified_1981_2015,lamah_205898,3,1,Continuous_FCM_Class_All,171,12783,0.2157284652741519,0.1417281488448734,0.04426378247945356,KGE
unified_1981_2015,lamah_206508,4,1,Continuous_FCM_Class_All,171,12783,-0.03175847945052257,-0.01180139432865146,0.06149676015083853,KGE
unified_1981_2015,lamah_207613,5,0,Continuous_FCM_Class_All,133,12783,-0.3375172154968382,-0.377619011867967,0.03831901737454385,KGE
unified_1981_2015,lamah_207654,2,1,Continuous_FCM_Class_All,171,12783,0.12474881891141698,0.03818023421015471,0.050672208138850365,KGE
unified_1981_2015,lamah_207738,2,1,Continuous_FCM_Class_All,171,12783,0.15640768670050287,0.08141565695687036,0.04015435130211398,KGE
unified_1981_2015,lamah_207852,2,1,Continuous_FCM_Class_All,171,12783,0.016440918257912385,-0.006984309740060812,0.03498156008883386,KGE
unified_1981_2015,lamah_208116,1,1,Continuous_FCM_Class_All,132,12783,-0.09177904208053111,-0.34812689866620605,0.038234015132996825,KGE
unified_1981_2015,lamah_208686,2,1,Continuous_FCM_Class_All,171,12783,-0.22510530250070881,-0.05311365311912608,0.03817661503327816,KGE
unified_1981_2015,lamah_209361,1,1,Continuous_FCM_Class_All,171,12783,0.1790582028331047,0.12790057883035755,0.029908402040099667,KGE
unified_1981_2015,lamah_209551,1,1,Continuous_FCM_Class_All,171,11688,0.1531224543746803,0.056303580947003606,0.047142899278328786,KGE
unified_1981_2015,lamah_210526,4,1,Continuous_FCM_Class_All,171,12783,-0.06824846465978296,-0.07252061825378453,0.09905648560791688,KGE
unified_1981_2015,lamah_210641,1,1,Continuous_FCM_Class_All,171,12783,0.21920078204308002,0.2323555017321154,0.0675938936291604,KGE
unified_1981_2015,lamah_210732,2,0,Continuous_FCM_Class_All,171,12783,-1.3253421685389917,-0.494115026329766,0.0667515107916394,KGE
unified_1981_2015,lamah_210773,1,1,Continuous_FCM_Class_All,171,12783,0.2570778237290664,0.2650496230278364,0.0673010171398395,KGE
unified_1981_2015,lamah_210815,5,1,Continuous_FCM_Class_All,172,12783,0.1475354086258921,0.28615373004963573,0.08073311811162953,KGE
unified_1981_2015,lamah_210856,3,1,Continuous_FCM_Class_All,171,12783,0.22495517984417546,0.18116514004229844,0.07651450802973377,KGE
unified_1981_2015,lamah_210864,1,1,Continuous_FCM_Class_All,171,12783,0.18623054696522878,0.17944421311492598,0.04015998411038615,KGE
unified_1981_2015,lamah_210898,1,1,Continuous_FCM_Class_All,171,12783,0.24021129527663043,0.1957304258415179,0.05908973906853524,KGE
unified_1981_2015,lamah_211086,4,1,Continuous_FCM_Class_All,171,12783,-0.390677220044664,0.1488777209597444,0.09697139298146504,KGE
unified_1981_2015,lamah_211169,3,1,Continuous_FCM_Class_All,171,12783,-0.23715459030233887,0.3268640472207025,0.09559377789899194,KGE
unified_1981_2015,lamah_211656,1,1,Continuous_FCM_Class_All,146,12418,-0.8448479020397714,-0.4667405853924016,0.047124710307239914,KGE
unified_1981_2015,lamah_212027,5,1,Continuous_FCM_Class_All,172,12783,-0.5479476555233453,0.03691228990976736,0.12499947427085427,KGE
unified_1981_2015,lamah_212043,5,0,Continuous_FCM_Class_All,147,12783,-0.21598135026754162,-0.3322164935965095,0.10894229768854109,KGE
unified_1981_2015,lamah_212092,2,1,Continuous_FCM_Class_All,146,12783,-0.22083034691151204,-0.22092988865898522,0.088443882542769,KGE
unified_1981_2015,lamah_212100,2,1,Continuous_FCM_Class_All,146,12783,-0.17266788441658454,-0.06277843150032947,0.08121173227213463,KGE
unified_1981_2015,lamah_212167,1,1,Continuous_FCM_Class_All,146,12783,-0.2109415291792407,-0.10323758506314373,0.11913322239540805,KGE
unified_1981_2015,lamah_212183,2,1,Continuous_FCM_Class_All,146,12783,-0.2201838438843129,-0.2155148979807806,0.09360235483803939,KGE
unified_1981_2015,lamah_212316,5,0,Continuous_FCM_Class_All,172,12783,-0.15313255186595764,-0.11712478587299358,0.11226955838643185,KGE
unified_1981_2015,lamah_212373,2,0,Continuous_FCM_Class_All,146,12783,-0.7135254238854714,0.027621895347467618,0.1286546588011428,KGE
unified_1981_2015,lamah_212399,5,1,Continuous_FCM_Class_All,172,12783,-0.4417278224366523,0.018442869244703508,0.09808537937504426,KGE
unified_1981_2015,lamah_212431,3,1,Continuous_FCM_Class_All,171,12783,-1.0220427371408052,-0.04478301932995099,0.13194515053840025,KGE
unified_1981_2015,lamah_212522,1,0,Continuous_FCM_Class_All,132,12783,-1.027593350828114,-0.287000077356216,0.15055464483406894,KGE
unified_1981_2015,lamah_212613,2,1,Continuous_FCM_Class_All,171,12783,0.05727659367723026,0.07459110954996306,0.07643615926551399,KGE
unified_1981_2015,lamah_212647,5,1,Continuous_FCM_Class_All,172,12783,0.042646858633934026,0.04104503613477739,0.057864774181041634,KGE
unified_1981_2015,lamah_212670,3,1,Continuous_FCM_Class_All,171,12783,0.050872056523792675,-0.003691364716426282,0.0522962231109461,KGE
unified_1981_2015,lamah_212860,1,1,Continuous_FCM_Class_All,132,12783,-0.7482136212663459,-0.30226549632916,0.09962087811573538,KGE
unified_1981_2015,lamah_212878,3,1,Continuous_FCM_Class_All,133,12783,-0.654423026238544,-0.315325353654077,0.0812938774406794,KGE
unified_1981_2015,lamah_212886,4,1,Continuous_FCM_Class_All,133,12783,-0.5767121915040911,-0.2524596034502782,0.07378737499722077,KGE
unified_1981_2015,lamah_212894,5,0,Continuous_FCM_Class_All,133,12783,-0.8158476147109739,-0.20783449125792708,0.10430742716811232,KGE
unified_1981_2015,lamah_212928,5,1,Continuous_FCM_Class_All,133,12783,-1.4899298093540736,-0.21681860163536526,0.15361899365619341,KGE
unified_1981_2015,lamah_213124,2,1,Continuous_FCM_Class_All,171,12783,-0.34626578466413105,0.045780002328461133,0.09374285140844385,KGE
unified_1981_2015,lamah_213181,4,1,Continuous_FCM_Class_All,133,12783,-0.8020273076844371,-0.3120031897010329,0.09206106914920911,KGE
unified_1981_2015,lamah_213306,3,1,Continuous_FCM_Class_All,133,12343,-0.8479581468823496,-0.24718391611950707,0.1227317173436444,KGE
unified_1981_2015,lamah_2150,4,1,Continuous_FCM_Class_All,171,12783,0.049884983605969935,0.003485706910882014,0.08045688309383081,KGE
unified_1981_2015,lamah_2262,1,1,Continuous_FCM_Class_All,146,12783,-0.15745651238892866,-0.26396877486051107,0.058568787010981276,KGE
unified_1981_2015,lamah_403,2,1,Continuous_FCM_Class_All,146,12783,-0.2158943937085802,-0.1014166019594196,0.1303376953934976,KGE
unified_1981_2015,camelsbr_57250000,5,1,Knoben_K5,5,12783,-1.1948705091958254,0.15183639566107654,0.11557691973633409,KGE
unified_1981_2015,camelsbr_58060000,3,1,Knoben_K5,5,12725,-0.44536293312901587,0.11561687165590673,0.021489720189031215,KGE
unified_1981_2015,camelsbr_58258000,1,1,Knoben_K5,5,12707,0.07844245836219732,0.10027780164975286,0.034124442020889004,KGE
unified_1981_2015,camelsbr_58530000,3,1,Knoben_K5,5,12749,-0.09428632946867355,0.26624900015065334,0.052179058635676866,KGE
unified_1981_2015,camelsbr_58535000,3,1,Knoben_K5,5,12718,-0.10241612655804633,0.26264851652196075,0.07710987078936087,KGE
unified_1981_2015,camelsbr_58542000,1,1,Knoben_K5,5,12783,-0.3831544183017206,-0.06523400515375322,0.08738229668509474,KGE
unified_1981_2015,camelsbr_59370000,2,1,Knoben_K5,5,12783,-0.1252688379755582,0.030504265078209802,0.040912141599293586,KGE
unified_1981_2015,camelsbr_70100000,4,1,Knoben_K5,5,12639,0.24799579134403582,0.4539540784279259,0.05440657327269346,KGE
unified_1981_2015,camelsbr_71300000,1,1,Knoben_K5,5,12778,-0.6366600386931303,-0.13566756330011542,0.13313248925132357,KGE
unified_1981_2015,camelsbr_73765000,1,1,Knoben_K5,5,12769,0.11008138552093216,0.04214361364284325,0.040829303308182366,KGE
unified_1981_2015,camelscl_1050002,4,1,Knoben_K5,5,12252,-52565.24271313404,-211.2671089042253,4.42518931286151,KGE
unified_1981_2015,camelscl_1201005,3,1,Knoben_K5,5,12506,-2079.072296402397,-43.74860364790745,2.612683067389381,KGE
unified_1981_2015,camelscl_12284002,1,1,Knoben_K5,5,12365,-325.12822824559436,-17.020434336933544,1.0656395892778792,KGE
unified_1981_2015,camelscl_12284003,4,1,Knoben_K5,5,11946,-107.51403557529645,-8.618182218589292,0.7131803043948655,KGE
unified_1981_2015,camelscl_12284006,1,1,Knoben_K5,5,12138,-5.25456503648745,-1.0874749879607908,0.1283233236951489,KGE
unified_1981_2015,camelscl_12582001,4,1,Knoben_K5,5,12031,-0.7316364736005858,0.0641117765815562,0.0903900191955492,KGE
unified_1981_2015,camelscl_12600001,2,1,Knoben_K5,5,11975,-0.981752440619214,-0.003520285976068349,0.14081512226731316,KGE
unified_1981_2015,camelscl_12622001,5,1,Knoben_K5,5,12021,-8.568665853202091,-1.7114614282717824,0.2732564822314026,KGE
unified_1981_2015,camelscl_12802001,3,1,Knoben_K5,5,12305,-66.96598900610856,-8.056995900111875,0.6389597991768073,KGE
unified_1981_2015,camelscl_12805001,2,1,Knoben_K5,5,12227,-32.32085023481249,-3.7800640625544792,0.4571058759451543,KGE
unified_1981_2015,camelscl_12806001,5,1,Knoben_K5,5,12249,-36.71614035819103,-3.5987875083262386,0.4803505360638594,KGE
unified_1981_2015,camelscl_4301002,3,1,Knoben_K5,5,12422,-6.6528983573344735,-1.5929806481057236,0.35865810614063454,KGE
unified_1981_2015,camelscl_4311001,1,1,Knoben_K5,5,11715,-23.66040743759689,-4.603031663553796,0.422117316726012,KGE
unified_1981_2015,camelscl_4313001,1,1,Knoben_K5,5,11742,-203.43822019840707,-15.879394071006928,1.4149117706173728,KGE
unified_1981_2015,camelscl_4314002,4,1,Knoben_K5,5,12623,-101.2343243364861,-10.636495160047131,0.9061389469290275,KGE
unified_1981_2015,camelscl_4501001,4,1,Knoben_K5,5,11935,-65.90053525654311,-8.064618007824548,0.6563521078348113,KGE
unified_1981_2015,camelscl_4503001,1,1,Knoben_K5,5,11799,-910.6218741291447,-39.01612634749976,1.4413463508072146,KGE
unified_1981_2015,camelscl_4511002,1,1,Knoben_K5,5,12069,-18.927666816345702,-4.308807039892768,0.31016166824503233,KGE
unified_1981_2015,camelscl_4512001,1,1,Knoben_K5,5,12071,-7.123152459928974,-2.310565462756363,0.25633387480309944,KGE
unified_1981_2015,camelscl_4513001,3,1,Knoben_K5,5,12338,-1.208294640482158,-0.18047270686536931,0.11319772631541804,KGE
unified_1981_2015,camelscl_4514001,2,1,Knoben_K5,5,12218,-139.74427045907004,-14.462407627543334,1.1019743461640346,KGE
unified_1981_2015,camelscl_4520001,4,1,Knoben_K5,5,12054,-98.03569410540675,-34.42924852143811,0.33628399953111493,KGE
unified_1981_2015,camelscl_4530001,4,1,Knoben_K5,5,11812,-32.28560506133526,-7.065692523292052,0.21091691220427525,KGE
unified_1981_2015,camelscl_4532001,3,0,Knoben_K5,5,11668,-34.77061238817431,-8.56438853735695,0.3043127703675654,KGE
unified_1981_2015,camelscl_4703002,1,1,Knoben_K5,5,12660,-5.939025428460286,-1.1604457992888362,0.27064416910974554,KGE
unified_1981_2015,camelscl_4721001,3,1,Knoben_K5,5,12585,-13.819159211735684,-4.617660093667286,0.25711771489866625,KGE
unified_1981_2015,camelscl_4723001,5,1,Knoben_K5,5,12044,-327.46222147679714,-23.826375862334167,1.0351088637145804,KGE
unified_1981_2015,camelscl_5200001,2,1,Knoben_K5,5,11740,-387.32108889699924,-21.884430108691664,1.0099090799031685,KGE
unified_1981_2015,camelscl_5401003,2,0,Knoben_K5,5,11808,-0.8688888966303656,0.1320146306899872,0.1519286504492709,KGE
unified_1981_2015,camelscl_5402001,5,1,Knoben_K5,5,11878,-0.39651931561987186,-0.05551302150270887,0.1477018265317089,KGE
unified_1981_2015,camelscl_5406001,1,1,Knoben_K5,5,11768,-8.137152509293887,-3.446070734889207,0.2945205416196562,KGE
unified_1981_2015,camelscl_5706001,1,1,Knoben_K5,5,11640,-2.8730135786247972,-1.0713771195481763,0.1875224364055964,KGE
unified_1981_2015,camelscl_5707002,1,1,Knoben_K5,5,12054,-2.9166803961365426,-0.3119564084575095,0.32423721288285673,KGE
unified_1981_2015,camelscl_5722001,4,1,Knoben_K5,5,12272,-14.49613678103578,-2.8318324352190563,0.11740377776742607,KGE
unified_1981_2015,camelscl_5722002,1,1,Knoben_K5,5,12551,-29.971769046152474,-4.886250274727508,0.18681480184804247,KGE
unified_1981_2015,camelscl_6013001,5,1,Knoben_K5,5,11609,-0.260186757104627,-0.09997528451461868,0.048860496766226016,KGE
unified_1981_2015,camelscl_7103001,4,1,Knoben_K5,5,12564,-2.230948992448515,-0.2025999592855603,0.07388259083685772,KGE
unified_1981_2015,camelscl_7104002,4,1,Knoben_K5,5,12375,-0.3477796695251465,0.20964869728939384,0.05717516522389454,KGE
unified_1981_2015,camelscl_7112001,5,1,Knoben_K5,5,11523,-2.5142200212985797,-0.22209845775347925,0.06465768199826745,KGE
unified_1981_2015,camelscl_7115001,2,1,Knoben_K5,5,11993,-3.8593026549333214,-0.4011255419890152,0.06514514400241253,KGE
unified_1981_2015,camelscl_7116001,3,1,Knoben_K5,5,12208,-2.026217859501172,-0.9191755837627629,0.07942114802634058,KGE
unified_1981_2015,camelscl_7355002,1,1,Knoben_K5,5,11800,-0.660396779476131,0.021350271079016214,0.05339447621344868,KGE
unified_1981_2015,camelscl_7374001,5,1,Knoben_K5,5,12076,-1.7533158379025586,-0.2611048289412954,0.07985556515148269,KGE
unified_1981_2015,camelscl_8130002,1,1,Knoben_K5,5,12446,-0.45665597126940227,-0.1385244405416799,0.058992478234934906,KGE
unified_1981_2015,camelscl_8351001,3,0,Knoben_K5,5,11583,-1.2186852495107452,-0.19516211814411588,0.08536239387245897,KGE
unified_1981_2015,hysets_01010070,4,1,Knoben_K5,5,11780,0.5881645355240823,0.6803764489578836,0.051826479955953866,KGE
unified_1981_2015,hysets_01022500,1,1,Knoben_K5,5,12783,0.823460724054428,0.8773791461612725,0.03701580255682049,KGE
unified_1981_2015,hysets_01031500,1,1,Knoben_K5,5,12783,0.8861155785717892,0.889793924787489,0.011286506424469971,KGE
unified_1981_2015,hysets_01038000,3,1,Knoben_K5,5,12783,0.6486814142053562,0.7437918377585558,0.03164161454459928,KGE
unified_1981_2015,hysets_01047000,2,1,Knoben_K5,5,12783,0.9312308727472531,0.9634079526794622,0.00917445211297582,KGE
unified_1981_2015,hysets_01054200,1,1,Knoben_K5,5,12783,0.5467048780044124,0.4396897434205591,0.03165022970488536,KGE
unified_1981_2015,hysets_01055000,3,1,Knoben_K5,5,12783,0.8310871616967235,0.7905827843995877,0.018366132061077303,KGE
unified_1981_2015,hysets_01057000,2,1,Knoben_K5,5,12783,0.6564840175266888,0.6946268292030306,0.02002470060290417,KGE
unified_1981_2015,hysets_01064500,3,1,Knoben_K5,5,12783,0.39518931208815666,0.4372344144321282,0.034417683716241015,KGE
unified_1981_2015,hysets_01076500,1,1,Knoben_K5,5,12783,0.7950372136557807,0.8242454687823766,0.023562564764371904,KGE
unified_1981_2015,hysets_01078000,2,1,Knoben_K5,5,12783,0.463854330297901,0.6485124124690695,0.042270316396664294,KGE
unified_1981_2015,hysets_01096000,1,0,Knoben_K5,5,12783,0.31448759934602255,0.3152960496316133,0.037731859950789495,KGE
unified_1981_2015,hysets_01118000,1,1,Knoben_K5,5,12783,-0.3342506830100396,0.19801043194442336,0.042236281785645584,KGE
unified_1981_2015,hysets_01134500,1,1,Knoben_K5,5,12783,0.7671012714943211,0.8522215357301743,0.027744220149830703,KGE
unified_1981_2015,hysets_01137500,4,1,Knoben_K5,5,12783,0.6270690232201754,0.6340274562037056,0.038230921771317164,KGE
unified_1981_2015,hysets_01169000,5,1,Knoben_K5,5,12783,0.6402308562195963,0.5480963433142425,0.021150682747349533,KGE
unified_1981_2015,hysets_01174500,5,1,Knoben_K5,5,12783,0.28176029991993656,0.46748348362873937,0.051192658820152635,KGE
unified_1981_2015,hysets_01181000,5,1,Knoben_K5,5,12783,0.06627721889595417,0.3389969541863739,0.024452450991784138,KGE
unified_1981_2015,hysets_01439500,5,1,Knoben_K5,5,12783,0.45924701608500085,0.5446414627200132,0.04461278158161722,KGE
unified_1981_2015,hysets_01440000,4,1,Knoben_K5,5,12783,0.4267177433173912,0.5362915812489928,0.027951158267335824,KGE
unified_1981_2015,hysets_01447500,1,1,Knoben_K5,5,12783,0.5518815830656563,0.6628227234842603,0.02515698429082415,KGE
unified_1981_2015,hysets_01543000,4,1,Knoben_K5,5,12783,0.7992040626884639,0.8736171466093272,0.020299691953809783,KGE
unified_1981_2015,hysets_01543500,2,1,Knoben_K5,5,12783,0.942878192093367,0.9506619840011967,0.010704681701191583,KGE
unified_1981_2015,hysets_01544500,3,1,Knoben_K5,5,12783,0.685268834918721,0.6153896037033652,0.02863581717736944,KGE
unified_1981_2015,hysets_01545600,5,0,Knoben_K5,5,12783,0.5686162792028149,0.7221699171107723,0.028474681121844266,KGE
unified_1981_2015,hysets_01550000,5,1,Knoben_K5,5,12783,0.9016293171691443,0.8758639782916406,0.010713069165221016,KGE
unified_1981_2015,hysets_01552000,2,0,Knoben_K5,5,12783,0.4865599361181441,0.6207206229298452,0.019717418563131955,KGE
unified_1981_2015,hysets_01605500,1,1,Knoben_K5,5,12783,0.5674934625192201,0.43292624756855136,0.011202297025913553,KGE
unified_1981_2015,hysets_01606500,3,1,Knoben_K5,5,12782,0.6601590151221256,0.667413692663771,0.01105595760260741,KGE
unified_1981_2015,hysets_01611500,5,1,Knoben_K5,5,12417,-0.2971186007768911,0.17944791429756035,0.04526495832578138,KGE
unified_1981_2015,hysets_01665500,3,0,Knoben_K5,5,11595,-0.005031299707743964,0.21327743464741733,0.01358892042563541,KGE
unified_1981_2015,hysets_01669520,2,1,Knoben_K5,5,12558,-0.16748252296946964,0.4067521296857233,0.031075946198193653,KGE
unified_1981_2015,hysets_01673800,1,1,Knoben_K5,5,12783,0.23458258404658117,0.26326944530162055,0.037747885765349425,KGE
unified_1981_2015,hysets_01AJ010,2,1,Knoben_K5,5,12783,0.18367160952134942,0.6047249315771102,0.04023664677325768,KGE
unified_1981_2015,hysets_01AK001,3,1,Knoben_K5,5,12783,0.6483495434915856,0.8235695321223909,0.05120038516700743,KGE
unified_1981_2015,hysets_01AK007,1,1,Knoben_K5,5,12783,0.6918610884689134,0.7703256863460501,0.028272628610935588,KGE
unified_1981_2015,hysets_01AL002,2,1,Knoben_K5,5,12783,0.21514564873055797,0.6273612145000906,0.04042336075780123,KGE
unified_1981_2015,hysets_01AM001,4,1,Knoben_K5,5,12783,0.7487833921486081,0.7961225506346844,0.026869949447630867,KGE
unified_1981_2015,hysets_01AN002,1,1,Knoben_K5,5,12783,0.8362135603512904,0.8548555584954187,0.02477159543755812,KGE
unified_1981_2015,hysets_01AP002,4,1,Knoben_K5,5,12783,0.7819293170851693,0.7027464915823229,0.024968871319796023,KGE
unified_1981_2015,hysets_01AQ001,4,1,Knoben_K5,5,12783,0.34381105584397553,0.2846556987932396,0.040789421513050525,KGE
unified_1981_2015,hysets_01BJ003,1,1,Knoben_K5,5,12783,0.32550999380904233,0.6177306244861764,0.06313221273243039,KGE
unified_1981_2015,hysets_01BL002,3,1,Knoben_K5,5,12783,-0.31314522643818443,0.09666307245217154,0.06479222764092896,KGE
unified_1981_2015,hysets_01BQ001,2,1,Knoben_K5,5,12783,0.4024139998720456,0.4472448098585995,0.04982745578147753,KGE
unified_1981_2015,hysets_01BS001,3,1,Knoben_K5,5,12783,0.7648154810209062,0.7595748133724929,0.02619814246580991,KGE
unified_1981_2015,hysets_01BU002,1,1,Knoben_K5,5,12783,0.73196962216457,0.6546273335100707,0.028252150151542765,KGE
unified_1981_2015,hysets_01BV006,1,1,Knoben_K5,5,12783,0.34840337061999205,0.30602983870594225,0.04337314536077739,KGE
unified_1981_2015,hysets_01DR001,2,1,Knoben_K5,5,12783,-0.1504042671692356,0.11361575885707131,0.0716128753958295,KGE
unified_1981_2015,hysets_01EC001,5,1,Knoben_K5,5,12783,0.29757960881822854,0.6208482505787947,0.06893826929960722,KGE
unified_1981_2015,hysets_01ED007,2,1,Knoben_K5,5,12783,0.4471514109516169,0.6470497571897449,0.047181436571948454,KGE
unified_1981_2015,hysets_01EF001,3,1,Knoben_K5,5,12783,0.5504271891461003,0.7397766911965338,0.040431269783515286,KGE
unified_1981_2015,hysets_01EO001,5,1,Knoben_K5,5,12783,0.40957113991718175,0.46213540248076235,0.04133503290339245,KGE
unified_1981_2015,hysets_01FB001,5,1,Knoben_K5,5,12783,0.1901309609223708,0.13769801688622207,0.04138886832031845,KGE
unified_1981_2015,hysets_01FB003,4,1,Knoben_K5,5,12783,-0.1670984796863617,0.4711124420623174,0.14544260531025374,KGE
unified_1981_2015,hysets_02011400,5,1,Knoben_K5,5,12783,0.778484446579757,0.6070318235424645,0.01472179906980637,KGE
unified_1981_2015,hysets_02011460,5,1,Knoben_K5,5,12783,0.010474808649646228,0.3876342662038794,0.028853146292442882,KGE
unified_1981_2015,hysets_02013000,3,1,Knoben_K5,5,12783,0.7886933281264141,0.7564932741819983,0.016395546235974813,KGE
unified_1981_2015,hysets_02014000,2,1,Knoben_K5,5,12783,0.6890570757575827,0.8168082922216929,0.023150875075651046,KGE
unified_1981_2015,hysets_02015700,2,1,Knoben_K5,5,12783,0.724412030710939,0.618382757446457,0.016328683457986937,KGE
unified_1981_2015,hysets_02016000,5,1,Knoben_K5,5,12783,0.6213539484525078,0.7383520492918467,0.0189364410140822,KGE
unified_1981_2015,hysets_02017500,5,1,Knoben_K5,5,12783,0.9221525077879286,0.9288457189136103,0.013426078863814955,KGE
unified_1981_2015,hysets_02018000,3,1,Knoben_K5,5,12783,0.8723242249695743,0.9273939824254113,0.01218716600754688,KGE
unified_1981_2015,hysets_02020500,4,1,Knoben_K5,5,12053,0.6579835472836524,0.5685295250251303,0.012145652581932221,KGE
unified_1981_2015,hysets_02021500,3,1,Knoben_K5,5,12783,0.7425088610063417,0.7166578254226654,0.010672748408464662,KGE
unified_1981_2015,hysets_02027000,4,0,Knoben_K5,5,12783,0.47396225687095495,0.3151298961287827,0.025096630232380974,KGE
unified_1981_2015,hysets_02028500,4,0,Knoben_K5,5,12783,-0.270714748959777,0.4168655320191941,0.046071204693595984,KGE
unified_1981_2015,hysets_02030000,4,1,Knoben_K5,5,12427,-0.5342689880819615,0.19351022208304403,0.04201332123272785,KGE
unified_1981_2015,hysets_02041000,4,1,Knoben_K5,5,12783,0.22156120330037077,0.31183146468409906,0.03400246385084332,KGE
unified_1981_2015,hysets_02046000,4,1,Knoben_K5,5,12783,0.3367881653715856,0.43243651845184117,0.021765144414677584,KGE
unified_1981_2015,hysets_02212600,4,1,Knoben_K5,5,12783,-0.1908333326692322,0.22764845504179088,0.03697543830264861,KGE
unified_1981_2015,hysets_02325000,1,1,Knoben_K5,5,12228,-9.051635787268177,-1.2466924373001471,0.36099227463613437,KGE
unified_1981_2015,hysets_02326000,3,1,Knoben_K5,5,12783,-8.436054827165378,-1.2108419252969616,0.3600397448087439,KGE
unified_1981_2015,hysets_02327100,1,1,Knoben_K5,5,12783,0.20102129281972436,0.06119360181746869,0.02923897354384634,KGE
unified_1981_2015,hysets_02331600,1,1,Knoben_K5,5,12783,0.3307513068835364,0.5919333988016974,0.03780539496780274,KGE
unified_1981_2015,hysets_02373000,5,1,Knoben_K5,5,12783,0.4000720458614492,0.38210686971365515,0.0347284723364348,KGE
unified_1981_2015,hysets_02374500,3,1,Knoben_K5,5,12783,0.6356766929105819,0.6505785709539131,0.02114236092110652,KGE
unified_1981_2015,hysets_02380500,2,1,Knoben_K5,5,12783,0.1219855889206013,0.5787382004808794,0.040836348192005795,KGE
unified_1981_2015,hysets_02401390,4,1,Knoben_K5,5,12783,-0.0766808945383608,-0.11923591999573002,0.051198575005812486,KGE
unified_1981_2015,hysets_02450250,3,1,Knoben_K5,5,12783,0.4607369913033865,0.28555343041560155,0.03633217292014547,KGE
unified_1981_2015,hysets_02469800,5,1,Knoben_K5,5,12783,0.5690078214539492,0.4379097353106517,0.026268206378458565,KGE
unified_1981_2015,hysets_02479155,1,1,Knoben_K5,5,12783,0.46491935710553534,0.418303594711258,0.019131466713093306,KGE
unified_1981_2015,hysets_02479300,1,0,Knoben_K5,5,12783,0.531969494691297,0.37123868872169286,0.035514044487309035,KGE
unified_1981_2015,hysets_02479560,3,1,Knoben_K5,5,12783,0.6933142690573969,0.6676120241478465,0.03248796931387334,KGE
unified_1981_2015,hysets_02AB017,5,1,Knoben_K5,5,12765,0.33861253223842525,0.35109768675719744,0.048748393751648245,KGE
unified_1981_2015,hysets_02AC001,3,1,Knoben_K5,5,11997,0.11084972849991037,0.3579529599051897,0.049586189476523955,KGE
unified_1981_2015,hysets_02AD010,2,1,Knoben_K5,5,12672,-0.10282789437096618,0.23899508672627146,0.07183409211577814,KGE
unified_1981_2015,hysets_02BA003,2,1,Knoben_K5,5,12782,-2.646771075013522,-0.3139038088435744,0.14334796612800274,KGE
unified_1981_2015,hysets_02BF001,4,1,Knoben_K5,5,12783,0.4123249109882713,0.5238089110711972,0.05659662976088073,KGE
unified_1981_2015,hysets_02BF002,1,1,Knoben_K5,5,12783,0.35444992824480925,0.2351724242849783,0.062300826100476416,KGE
unified_1981_2015,hysets_02CB003,2,1,Knoben_K5,5,12783,0.6667958852459439,0.5168923657949978,0.0513341443153332,KGE
unified_1981_2015,hysets_02CD006,2,1,Knoben_K5,5,12783,-0.43133976134307517,0.3047434832507607,0.13731242498615462,KGE
unified_1981_2015,hysets_02DD015,1,1,Knoben_K5,5,12783,-0.17252425910923463,0.4384770711820457,0.08324336867688213,KGE
unified_1981_2015,hysets_02HL003,5,1,Knoben_K5,5,12783,-0.2928482248158082,0.37489939627339974,0.11138779397639262,KGE
unified_1981_2015,hysets_02HL004,5,1,Knoben_K5,5,12783,0.12915453819644318,0.5102091129214577,0.07740771438720281,KGE
unified_1981_2015,hysets_02JC008,1,1,Knoben_K5,5,12781,0.22005512253014303,0.5159748555174624,0.09418515297063726,KGE
unified_1981_2015,hysets_02YC001,1,1,Knoben_K5,5,12783,0.3563649145484048,0.3035347395995366,0.06195011144661633,KGE
unified_1981_2015,hysets_02YD002,1,1,Knoben_K5,5,12783,0.06864176883534445,0.21689845156332277,0.10216630275573156,KGE
unified_1981_2015,hysets_02YJ001,4,1,Knoben_K5,5,12783,0.37908827080790597,0.32969962245250906,0.06570986795387133,KGE
unified_1981_2015,hysets_02YK002,3,1,Knoben_K5,5,12663,0.10413617089278082,0.2754424506972307,0.09496210347125297,KGE
unified_1981_2015,hysets_02YK005,1,1,Knoben_K5,5,12783,0.5682062088367237,0.5844431162030828,0.06526837025327185,KGE
unified_1981_2015,hysets_02YN002,5,1,Knoben_K5,5,12783,-0.381370670438957,-0.003750920801976143,0.08893785449102143,KGE
unified_1981_2015,hysets_02YO006,5,1,Knoben_K5,5,12783,0.5496870352294594,0.5706609803763274,0.031212361718738386,KGE
unified_1981_2015,hysets_02YO008,2,1,Knoben_K5,5,11688,0.5096223930998055,0.5070684232143898,0.057967425416593645,KGE
unified_1981_2015,hysets_02YR001,1,1,Knoben_K5,5,12783,0.3154068932953763,0.6609982007552873,0.08547274929467073,KGE
unified_1981_2015,hysets_02YR003,4,1,Knoben_K5,5,12783,0.2989984118097322,0.6454984332450776,0.0878368640334147,KGE
unified_1981_2015,hysets_02ZB001,1,1,Knoben_K5,5,12783,-0.07660819131331009,-0.26057853386437824,0.05139132082335012,KGE
unified_1981_2015,hysets_02ZC002,3,1,Knoben_K5,5,12418,-0.20453778160797098,-0.3759899804927631,0.06675654440740192,KGE
unified_1981_2015,hysets_02ZF001,3,1,Knoben_K5,5,12783,-0.8375387725069703,0.2626886437171382,0.08057368825894527,KGE
unified_1981_2015,hysets_02ZG001,5,1,Knoben_K5,5,12783,-0.07926503338465785,0.03787065926786848,0.05186449595181446,KGE
unified_1981_2015,hysets_02ZG003,3,1,Knoben_K5,5,12783,-0.3644564332789624,-0.363745093751741,0.06893834228520347,KGE
unified_1981_2015,hysets_02ZH001,3,1,Knoben_K5,5,12783,-0.39129265178301065,-0.35696986117212504,0.06447602346882098,KGE
unified_1981_2015,hysets_02ZK001,2,1,Knoben_K5,5,12783,0.006851428236487878,0.011938719135839104,0.05728137057515998,KGE
unified_1981_2015,hysets_02ZK004,2,1,Knoben_K5,5,12053,0.08519314584595872,0.08530559097437374,0.05517732698724857,KGE
unified_1981_2015,hysets_03010500,2,0,Knoben_K5,5,12783,0.6347381245044229,0.8053712408310761,0.04361025079893599,KGE
unified_1981_2015,hysets_03010655,1,1,Knoben_K5,5,12783,0.8396201152152672,0.7811806608870179,0.027166240906737093,KGE
unified_1981_2015,hysets_03021350,3,0,Knoben_K5,5,12783,0.5355188281067822,0.5525802372500768,0.0518708003185613,KGE
unified_1981_2015,hysets_03028000,1,1,Knoben_K5,5,12783,0.31309955622219954,0.639864930321564,0.03566453364032853,KGE
unified_1981_2015,hysets_03065000,1,1,Knoben_K5,5,12053,0.7768123195826706,0.7337740518033093,0.016684043943281702,KGE
unified_1981_2015,hysets_03070500,1,1,Knoben_K5,5,12783,0.5254062173866881,0.7411394166164433,0.039931832298247205,KGE
unified_1981_2015,hysets_03072000,1,1,Knoben_K5,5,12783,0.16588116534378783,0.49847620123819414,0.05452620709949594,KGE
unified_1981_2015,hysets_03110000,4,1,Knoben_K5,5,12783,0.011330241517574557,0.41369345384776246,0.03429483406258813,KGE
unified_1981_2015,hysets_03151400,5,1,Knoben_K5,5,12052,0.2368259211740369,0.08680022001884669,0.03533388384062255,KGE
unified_1981_2015,hysets_03159540,3,1,Knoben_K5,5,12782,0.348595186159972,0.5088133029083886,0.031458349328645115,KGE
unified_1981_2015,hysets_03180500,4,1,Knoben_K5,5,12783,0.8968185242445936,0.8506907242014528,0.010921107534730386,KGE
unified_1981_2015,hysets_03182500,3,1,Knoben_K5,5,12783,0.8003556373246223,0.7429653462158163,0.01614898607556453,KGE
unified_1981_2015,hysets_03186500,3,1,Knoben_K5,5,12783,0.8012852059612143,0.5966445583931796,0.025901043885099725,KGE
unified_1981_2015,hysets_03187500,2,1,Knoben_K5,5,12265,0.7943299961260712,0.6191982703237491,0.02230609322471974,KGE
unified_1981_2015,hysets_03189100,2,1,Knoben_K5,5,11661,0.9033180581370462,0.8904245310113331,0.020654907530869435,KGE
unified_1981_2015,hysets_03194700,3,1,Knoben_K5,5,12052,0.8095665669079901,0.678226249006366,0.026911886331787784,KGE
unified_1981_2015,hysets_03198500,5,0,Knoben_K5,5,12783,0.6020441289553038,0.7272149147547832,0.03182085257149421,KGE
unified_1981_2015,hysets_03202400,5,1,Knoben_K5,5,12783,0.5500702295265554,0.7476859502318494,0.02330471892359907,KGE
unified_1981_2015,hysets_03202750,2,1,Knoben_K5,5,12783,0.6767567204800623,0.6284862703989385,0.03319170451239128,KGE
unified_1981_2015,hysets_03207800,1,1,Knoben_K5,5,12783,0.5949077346880256,0.5762232902280686,0.02219869055165517,KGE
unified_1981_2015,hysets_03208500,2,1,Knoben_K5,5,12783,0.4983429381732991,0.5164368947809683,0.02723845043112066,KGE
unified_1981_2015,hysets_03210000,2,1,Knoben_K5,5,12418,-0.065857937392519,0.06143167362949542,0.0325608411045661,KGE
unified_1981_2015,hysets_03217000,3,1,Knoben_K5,5,12783,-0.04930734879920551,0.06454267393896718,0.028308284487614053,KGE
unified_1981_2015,hysets_03280700,2,1,Knoben_K5,5,12783,0.46845199513963975,0.2703314671612499,0.029766749364384327,KGE
unified_1981_2015,hysets_03460000,4,1,Knoben_K5,5,12783,-0.21025487913701335,-0.007405732327768977,0.055643427131942994,KGE
unified_1981_2015,hysets_03497300,4,1,Knoben_K5,5,12783,0.45788846139035333,0.3873322471634,0.028424014137129035,KGE
unified_1981_2015,hysets_03512000,3,1,Knoben_K5,5,12783,0.5548053580737606,0.5232832597211583,0.040237615072762536,KGE
unified_1981_2015,hysets_03574500,4,1,Knoben_K5,5,12783,0.3334133520961008,0.3055824724895081,0.023421199203991196,KGE
unified_1981_2015,hysets_04015330,4,1,Knoben_K5,5,12783,-0.2836982915941948,-0.05766319707839718,0.022185357297196222,KGE
unified_1981_2015,hysets_04024430,2,1,Knoben_K5,5,12783,-1.5737206672622608,-0.3860231278221895,0.06313196803673898,KGE
unified_1981_2015,hysets_04025500,2,1,Knoben_K5,5,11961,-2.8160007094759365,-0.16834680833459448,0.09000121500573723,KGE
unified_1981_2015,hysets_04057510,2,1,Knoben_K5,5,12783,-0.45370596203103863,0.3434511222214083,0.10276087484873994,KGE
unified_1981_2015,hysets_04063700,5,1,Knoben_K5,5,12783,0.7489195020638744,0.681983670396739,0.03759683339886473,KGE
unified_1981_2015,hysets_04256000,4,1,Knoben_K5,5,12783,0.6232745584112236,0.7738410987508964,0.028860773596389055,KGE
unified_1981_2015,hysets_04262500,1,1,Knoben_K5,5,12783,-0.3737443949472641,0.418041938526603,0.08866785831957008,KGE
unified_1981_2015,hysets_04269000,4,1,Knoben_K5,5,12417,0.021382729796831756,0.47170072277072905,0.07950012796580964,KGE
unified_1981_2015,hysets_04287000,4,0,Knoben_K5,5,12783,0.35184254991282304,0.6109524785309591,0.027783134509404634,KGE
unified_1981_2015,hysets_04296000,5,1,Knoben_K5,5,12783,0.7477503378950873,0.7591207272379125,0.04261033228582995,KGE
unified_1981_2015,hysets_05AA008,2,1,Knoben_K5,5,12783,0.25675215167653,0.17497301779602603,0.05362106583927849,KGE
unified_1981_2015,hysets_05BG006,2,0,Knoben_K5,5,12783,-2.4043030530649476,-0.9438994997957013,0.04141538756049305,KGE
unified_1981_2015,hysets_05DA009,1,0,Knoben_K5,5,12783,-0.5185605520230094,0.10452980858548377,0.2511976707055518,KGE
unified_1981_2015,hysets_05DC006,1,1,Knoben_K5,5,12783,-3.6941878798188164,-1.0469806801747108,0.0631517384150146,KGE
unified_1981_2015,hysets_05QE008,5,1,Knoben_K5,5,12783,-1.7387578804995916,0.03213284263443417,0.2786337795142756,KGE
unified_1981_2015,hysets_05QE009,3,1,Knoben_K5,5,12667,0.41384606975773863,0.670945698402308,0.0771331780364869,KGE
unified_1981_2015,hysets_05QE012,4,1,Knoben_K5,5,12783,-0.9857372047136226,0.09210796355089046,0.22956780218534317,KGE
unified_1981_2015,hysets_05TG002,4,1,Knoben_K5,5,12000,-2.889861260527712,-0.9350508056425488,0.19867743924892303,KGE
unified_1981_2015,hysets_05UF004,2,1,Knoben_K5,5,12584,0.0723697040409017,0.1762828036916606,0.09125910474676377,KGE
unified_1981_2015,hysets_06019500,5,1,Knoben_K5,5,12663,-19.77796096119915,-3.120950479773783,0.28306251682018596,KGE
unified_1981_2015,hysets_06191000,2,1,Knoben_K5,5,11597,0.7889396752069826,0.7183503316941877,0.058409954570106455,KGE
unified_1981_2015,hysets_06200000,1,1,Knoben_K5,5,12782,0.673442550522177,0.5686140938497823,0.05701931922080426,KGE
unified_1981_2015,hysets_06224000,3,1,Knoben_K5,5,12783,0.5771461679105635,0.7023763686840043,0.06950448693946255,KGE
unified_1981_2015,hysets_06289000,1,1,Knoben_K5,5,12783,0.3661706665261857,0.684752412847849,0.0747490948508329,KGE
unified_1981_2015,hysets_06309200,4,1,Knoben_K5,5,12783,0.23852372392435917,0.18432335197734495,0.056282449188958604,KGE
unified_1981_2015,hysets_06332515,2,1,Knoben_K5,5,12783,-0.25683705609144525,-2.539072288434664,0.04441824186544452,KGE
unified_1981_2015,hysets_06339100,1,0,Knoben_K5,5,12783,-1.9738674169117831,-3.402347674066595,0.041760595968166815,KGE
unified_1981_2015,hysets_06344600,1,0,Knoben_K5,5,12783,-1.09048301248973,-2.71031392358488,0.036931611494762255,KGE
unified_1981_2015,hysets_06400875,3,1,Knoben_K5,5,11902,-19.861081724653825,-25.451504232247945,0.08193566183403796,KGE
unified_1981_2015,hysets_06404000,3,1,Knoben_K5,5,12783,-1.799265748883239,-0.12025593302603266,0.045908214762755556,KGE
unified_1981_2015,hysets_06406000,4,1,Knoben_K5,5,12783,-35.15113539062962,-6.538896073364903,0.22295815957951423,KGE
unified_1981_2015,hysets_06409000,1,1,Knoben_K5,5,12783,-2.547840944110223,-0.17509703014995281,0.1141262626453028,KGE
unified_1981_2015,hysets_06422500,2,1,Knoben_K5,5,12783,-0.15658636962369754,0.11370255009253705,0.04592370686937851,KGE
unified_1981_2015,hysets_06623800,5,1,Knoben_K5,5,12783,0.6239782478909455,0.3639481859542326,0.07212129697761391,KGE
unified_1981_2015,hysets_06712000,1,1,Knoben_K5,5,12783,-19.271446704323996,-4.691528152671061,0.1373975002706159,KGE
unified_1981_2015,hysets_06719505,3,1,Knoben_K5,5,12782,-2.6956099813739156,-0.9657694070710587,0.22578068490649256,KGE
unified_1981_2015,hysets_06876700,2,1,Knoben_K5,5,12783,-1.161938489054466,-1.260075478412626,0.0492945799877378,KGE
unified_1981_2015,hysets_06FD002,4,1,Knoben_K5,5,11818,-2.319487968284446,-0.9440453912807134,0.15711507966564478,KGE
unified_1981_2015,hysets_07060710,1,1,Knoben_K5,5,12783,-0.18155488793907715,-0.09587058989797526,0.020500505112141153,KGE
unified_1981_2015,hysets_07124200,2,1,Knoben_K5,5,12783,0.06538201312735092,0.4411113443109823,0.02868689904586213,KGE
unified_1981_2015,hysets_07203000,3,1,Knoben_K5,5,12783,-32.996885145487774,-7.519354785876931,0.11215585990439295,KGE
unified_1981_2015,hysets_07207500,3,1,Knoben_K5,5,12783,-8.39745939810341,-4.598647575518896,0.12788855691735718,KGE
unified_1981_2015,hysets_07208500,5,1,Knoben_K5,5,12783,0.35313207478411845,0.38744210464388096,0.024458330056959875,KGE
unified_1981_2015,hysets_07291000,1,1,Knoben_K5,5,12053,0.28368942487537896,0.2373924697967893,0.026324464855591225,KGE
unified_1981_2015,hysets_07299670,1,1,Knoben_K5,5,12783,-3.323951841636215,-5.176407258611729,0.0427617871939202,KGE
unified_1981_2015,hysets_07315200,3,1,Knoben_K5,5,12783,-0.8260947694436782,-5.479057592740081,0.024453370766802623,KGE
unified_1981_2015,hysets_07335700,1,1,Knoben_K5,5,12783,0.2587573264077423,0.06487834853407437,0.02585190576167628,KGE
unified_1981_2015,hysets_07337900,3,1,Knoben_K5,5,12783,0.4219095198678695,0.33595495307939305,0.0323050768222178,KGE
unified_1981_2015,hysets_07340300,4,1,Knoben_K5,5,12783,0.33669570595245313,0.16454376524627368,0.03911407125791659,KGE
unified_1981_2015,hysets_07352000,5,1,Knoben_K5,5,12783,-0.670228106318828,0.22827620184822517,0.05736792675510437,KGE
unified_1981_2015,hysets_07361500,3,1,Knoben_K5,5,12783,0.2907088193371855,0.38250001120458155,0.0373417524218055,KGE
unified_1981_2015,hysets_07362100,3,1,Knoben_K5,5,12783,0.2587315476985297,0.372958566405157,0.02892741823303333,KGE
unified_1981_2015,hysets_07373000,1,1,Knoben_K5,5,12783,0.2885965718825083,0.3191365050250654,0.02028023909650824,KGE
unified_1981_2015,hysets_07376000,1,1,Knoben_K5,5,12418,0.5121134239732901,0.5942552088135489,0.02762952847169464,KGE
unified_1981_2015,hysets_07377000,3,0,Knoben_K5,5,12783,0.23354459207342182,0.4729883472347477,0.026772004369733204,KGE
unified_1981_2015,hysets_07BJ001,5,1,Knoben_K5,5,12783,0.23633620613198003,0.22984519898651323,0.03944192378295167,KGE
unified_1981_2015,hysets_07MA003,4,1,Knoben_K5,5,12728,-21.023319221253082,-2.3370059305551494,0.5448004236145065,KGE
unified_1981_2015,hysets_07SB013,5,0,Knoben_K5,5,11791,-153.11796808759328,-21.14521002149575,0.8999031188457153,KGE
unified_1981_2015,hysets_08013000,3,1,Knoben_K5,5,12768,0.5183188540513047,0.5338072135253886,0.028113118005457002,KGE
unified_1981_2015,hysets_08013500,4,1,Knoben_K5,5,12417,0.488055354992347,0.4816560232769759,0.03295801183891462,KGE
unified_1981_2015,hysets_08014500,1,1,Knoben_K5,5,12783,0.1505308068030542,0.3237534077923123,0.03269056586121065,KGE
unified_1981_2015,hysets_08025500,4,1,Knoben_K5,5,12052,0.048651281499454746,0.42537055189479844,0.03182053199662329,KGE
unified_1981_2015,hysets_08029500,5,1,Knoben_K5,5,12783,0.3152068041727578,0.636464026845314,0.013404920987441197,KGE
unified_1981_2015,hysets_08065800,1,1,Knoben_K5,5,12783,0.09166305976737343,0.11852362702357555,0.03132618161251023,KGE
unified_1981_2015,hysets_08066200,2,1,Knoben_K5,5,12783,0.327249301110179,0.23109113305022466,0.01625178743549323,KGE
unified_1981_2015,hysets_08068720,1,1,Knoben_K5,5,12596,-0.0900557448131114,-0.3452165329073942,0.08646815275997016,KGE
unified_1981_2015,hysets_08070000,4,1,Knoben_K5,5,12695,0.2513680443051507,0.33971568792445606,0.017091579426890678,KGE
unified_1981_2015,hysets_08082700,4,1,Knoben_K5,5,12783,-0.8928057273150569,-6.63607351082218,0.01873252705366435,KGE
unified_1981_2015,hysets_08084800,3,1,Knoben_K5,5,12783,-5.476676351029795,-7.127650575609103,0.07900131686950565,KGE
unified_1981_2015,hysets_08086212,5,1,Knoben_K5,5,12783,0.09074992059827969,0.3049909292860965,0.018115101463708448,KGE
unified_1981_2015,hysets_08150800,3,1,Knoben_K5,5,12783,-4.804867174722871,-6.070840644481262,0.03657705230147809,KGE
unified_1981_2015,hysets_08164300,2,1,Knoben_K5,5,12783,0.44060523513504746,-0.11159052896199362,0.020716823504946035,KGE
unified_1981_2015,hysets_08165300,1,1,Knoben_K5,5,12783,-2.376709724508034,-4.86728113241372,0.02853788471986807,KGE
unified_1981_2015,hysets_08165500,3,1,Knoben_K5,5,12761,-0.8965855374970635,-1.1963698769610516,0.022628939091994586,KGE
unified_1981_2015,hysets_08171000,5,1,Knoben_K5,5,12783,-0.37388422762406526,-0.4167595881861992,0.014999188520717936,KGE
unified_1981_2015,hysets_08175000,5,1,Knoben_K5,5,12783,0.3996123492614183,0.4491650970277947,0.012003909524772748,KGE
unified_1981_2015,hysets_08176900,1,0,Knoben_K5,5,12568,0.044479445332444634,0.12436702491864327,0.02178847116329146,KGE
unified_1981_2015,hysets_08178880,4,1,Knoben_K5,5,12145,0.14182249827265814,-0.9099675070682618,0.010108693940543366,KGE
unified_1981_2015,hysets_08189500,2,0,Knoben_K5,5,12783,-0.2714367568003637,-1.7333846518711336,0.028224834560733113,KGE
unified_1981_2015,hysets_08194200,5,1,Knoben_K5,5,12783,-16.354537949108007,-17.745911346789935,0.09407390747099387,KGE
unified_1981_2015,hysets_08195000,2,1,Knoben_K5,5,12783,-0.48235936635516197,-0.12560208970542308,0.02608469237376221,KGE
unified_1981_2015,hysets_08198000,5,1,Knoben_K5,5,12782,-1.2743427966026353,-1.7330632033259312,0.027437287708021715,KGE
unified_1981_2015,hysets_08198500,1,1,Knoben_K5,5,12783,-1.5743523577878458,-6.483703721191373,0.027450846997120252,KGE
unified_1981_2015,hysets_08201500,1,0,Knoben_K5,5,12782,-1.2565422980144474,-1.5077423293271472,0.026633814957239325,KGE
unified_1981_2015,hysets_08202700,3,0,Knoben_K5,5,12783,-1.7020040549440458,-22.166197934770334,0.023376072280269167,KGE
unified_1981_2015,hysets_08247500,2,1,Knoben_K5,5,12783,0.4063578286371533,0.282849121149385,0.06777246507527722,KGE
unified_1981_2015,hysets_08269000,3,1,Knoben_K5,5,12783,0.7366804616963833,0.4809642616117582,0.04092039029278983,KGE
unified_1981_2015,hysets_08279000,2,1,Knoben_K5,5,12560,0.4653712372680634,0.6997080571854637,0.04239749579725922,KGE
unified_1981_2015,hysets_08284100,1,1,Knoben_K5,5,12783,0.4304717889687214,0.48777019845606917,0.06756183322864087,KGE
unified_1981_2015,hysets_08289000,3,1,Knoben_K5,5,12783,-0.7084350248329538,-0.6175606135453244,0.12449235031429655,KGE
unified_1981_2015,hysets_08291000,2,1,Knoben_K5,5,12783,0.4605741289696911,0.722590291286988,0.052055345419608046,KGE
unified_1981_2015,hysets_08324000,4,1,Knoben_K5,5,12783,0.4296090113649681,0.7145255077007066,0.05881886058639301,KGE
unified_1981_2015,hysets_08334000,4,1,Knoben_K5,5,12783,-150.03356342229992,-32.59318287968165,0.5450013028667612,KGE
unified_1981_2015,hysets_08378500,5,1,Knoben_K5,5,12783,0.7600590262742037,0.6109702964463237,0.036506629771676624,KGE
unified_1981_2015,hysets_08401200,4,1,Knoben_K5,5,12032,-73.54254043520102,-147.9839253704409,0.10609571167435629,KGE
unified_1981_2015,hysets_08401900,5,1,Knoben_K5,5,12783,-62.15096470176667,-101.01211562560789,0.12379723885448873,KGE
unified_1981_2015,hysets_08405150,5,1,Knoben_K5,5,12783,-94.75564838473682,-155.4983050128824,0.14495661213659958,KGE
unified_1981_2015,hysets_08405500,3,1,Knoben_K5,5,12783,-781.274549025813,-33.058214912646235,0.46084546612023297,KGE
unified_1981_2015,hysets_08AA008,1,1,Knoben_K5,5,12589,-43.087554026644156,-6.024157687606427,0.7553207511616351,KGE
unified_1981_2015,hysets_08AA009,4,1,Knoben_K5,5,12695,-51.60734183884966,-8.554959104262153,0.5113073597768314,KGE
unified_1981_2015,hysets_08AC001,2,1,Knoben_K5,5,11614,-8.956370924077653,-2.5328992509955395,0.2536868200175342,KGE
unified_1981_2015,hysets_08EB004,5,1,Knoben_K5,5,12783,-0.49094462330207067,0.25257531698750346,0.0748196502638092,KGE
unified_1981_2015,hysets_08ED001,4,1,Knoben_K5,5,12699,0.73370064467425,0.7551811661768465,0.06428878199714719,KGE
unified_1981_2015,hysets_08ED002,2,0,Knoben_K5,5,12783,0.18833238813455766,0.6061665226995008,0.15198656010524011,KGE
unified_1981_2015,hysets_08EE008,2,1,Knoben_K5,5,12783,-2.8635650617212485,-0.8932039425907667,0.15136024577268464,KGE
unified_1981_2015,hysets_08EE013,4,1,Knoben_K5,5,12715,0.06595321666573939,0.013109025148291042,0.08695140129538899,KGE
unified_1981_2015,hysets_08EE020,3,1,Knoben_K5,5,12783,-0.49257294340469593,0.2315278851193332,0.08427184041536746,KGE
unified_1981_2015,hysets_08EG012,5,1,Knoben_K5,5,12783,-0.05810284668719867,0.0639089106772911,0.07975100757950881,KGE
unified_1981_2015,hysets_08FE003,2,1,Knoben_K5,5,12783,0.5242767752406647,0.5200514609334888,0.04293864499635818,KGE
unified_1981_2015,hysets_08FF001,3,1,Knoben_K5,5,12783,-0.21819522787208534,-0.021873780329415782,0.047841873196163176,KGE
unified_1981_2015,hysets_08FF002,3,1,Knoben_K5,5,12783,0.43152835320649563,0.42582917208667714,0.0340116538066158,KGE
unified_1981_2015,hysets_08FF003,4,1,Knoben_K5,5,12783,-0.2457284201221137,-0.15963677610433447,0.051962777803567554,KGE
unified_1981_2015,hysets_08GA071,2,1,Knoben_K5,5,12709,0.1732035026960591,0.23943658880393703,0.08055058192604886,KGE
unified_1981_2015,hysets_08GA072,5,0,Knoben_K5,5,12356,0.34949605454929766,0.37873960989733535,0.05531690234186225,KGE
unified_1981_2015,hysets_08HA001,5,1,Knoben_K5,5,12783,0.4578878801046976,0.60041118667667,0.04263821133142715,KGE
unified_1981_2015,hysets_08HA010,1,1,Knoben_K5,5,11578,0.6172488804362105,0.510685519402636,0.05462774855018126,KGE
unified_1981_2015,hysets_08HB014,2,1,Knoben_K5,5,12743,0.6121279477137614,0.5339659777999047,0.050462109927901615,KGE
unified_1981_2015,hysets_08HB074,5,1,Knoben_K5,5,12308,-0.4226676710495765,-0.4361240918033358,0.06347371892301501,KGE
unified_1981_2015,hysets_08HD011,2,1,Knoben_K5,5,12783,0.29409971420604375,0.5820823007032907,0.052410939340688294,KGE
unified_1981_2015,hysets_08HD015,4,1,Knoben_K5,5,12459,0.5350986334155539,0.6878572922529036,0.041744600780267926,KGE
unified_1981_2015,hysets_08HF004,3,1,Knoben_K5,5,12639,0.24003676545578578,0.10797115256965673,0.04780548702913038,KGE
unified_1981_2015,hysets_08JD006,4,1,Knoben_K5,5,11977,-0.3894553880464302,-0.3250743387946049,0.10713849064637826,KGE
unified_1981_2015,hysets_08KA007,5,1,Knoben_K5,5,12783,0.7489913723684558,0.691380068082289,0.07196676032384476,KGE
unified_1981_2015,hysets_08KH010,1,1,Knoben_K5,5,12686,0.18809480397131983,0.37400542468325704,0.12310335174165608,KGE
unified_1981_2015,hysets_08KH019,5,1,Knoben_K5,5,12518,-3.2612672935864415,-1.0688471269438176,0.16654336978972947,KGE
unified_1981_2015,hysets_08LB038,2,1,Knoben_K5,5,11688,0.5246336035490942,0.295986347763713,0.0984279580894365,KGE
unified_1981_2015,hysets_08LB069,3,1,Knoben_K5,5,12783,0.8937754318945478,0.8855259776870785,0.03887526060549163,KGE
unified_1981_2015,hysets_08LB076,3,1,Knoben_K5,5,12644,0.8122905545903851,0.665442948287789,0.047098924179625135,KGE
unified_1981_2015,hysets_08LE024,5,0,Knoben_K5,5,12783,0.45132448404267145,0.25310538741456623,0.10508180981468176,KGE
unified_1981_2015,hysets_08LE027,3,0,Knoben_K5,5,12783,0.6059760172836806,0.378552556025206,0.07349630026400081,KGE
unified_1981_2015,hysets_08LG048,5,0,Knoben_K5,5,12783,0.6980208033961202,0.4909550060384196,0.05299193761303999,KGE
unified_1981_2015,hysets_08MA003,4,1,Knoben_K5,5,12096,-0.32017086959966745,0.2638544086482053,0.20668535136146762,KGE
unified_1981_2015,hysets_08ME023,1,0,Knoben_K5,5,12694,0.11753823535089958,0.07532580648992138,0.08430901104599202,KGE
unified_1981_2015,hysets_08ME025,4,1,Knoben_K5,5,12053,-4.21165696828742,-0.5777611805887992,0.22987617555162942,KGE
unified_1981_2015,hysets_08MH016,5,1,Knoben_K5,5,12783,0.40740615385213585,0.5610696363286272,0.07109147127255293,KGE
unified_1981_2015,hysets_08MH056,3,1,Knoben_K5,5,12620,0.7743926628251374,0.6928164025667843,0.020946161349137734,KGE
unified_1981_2015,hysets_08MH103,2,1,Knoben_K5,5,12783,0.7244568705447161,0.8171253672823873,0.03422287168916891,KGE
unified_1981_2015,hysets_08MH147,4,1,Knoben_K5,5,11698,-0.07300059207239551,-0.01034276173108295,0.06612577563776229,KGE
unified_1981_2015,hysets_08NA006,5,1,Knoben_K5,5,12765,0.5862161512837551,0.7008255303181219,0.08884310590192214,KGE
unified_1981_2015,hysets_08NB012,3,1,Knoben_K5,5,12179,0.1791196115621978,0.3977199265919238,0.12573485312635807,KGE
unified_1981_2015,hysets_08NB014,5,1,Knoben_K5,5,12783,0.5601834113795995,0.6281341035628629,0.08358818206873211,KGE
unified_1981_2015,hysets_08ND012,4,1,Knoben_K5,5,12783,0.6563306691970652,0.7309793242662799,0.07850324498956254,KGE
unified_1981_2015,hysets_08ND013,4,1,Knoben_K5,5,12783,-0.3539720924254175,0.29487794774219034,0.15426808631715414,KGE
unified_1981_2015,hysets_08NE039,3,1,Knoben_K5,5,12783,0.7207944946960989,0.7369716754908282,0.06579144967224933,KGE
unified_1981_2015,hysets_08NE074,4,1,Knoben_K5,5,12783,0.8095239635096464,0.6110281428358771,0.05112791047219227,KGE
unified_1981_2015,hysets_08NF001,5,1,Knoben_K5,5,12783,-0.08053663668004973,-0.1661881816569981,0.14977349638129472,KGE
unified_1981_2015,hysets_08NG076,3,1,Knoben_K5,5,12783,-1.086249525233863,-0.16386218596584867,0.1179713977834477,KGE
unified_1981_2015,hysets_08NG077,2,1,Knoben_K5,5,12783,0.4895346503049136,0.26664150358773464,0.07001640473761829,KGE
unified_1981_2015,hysets_08NH005,1,1,Knoben_K5,5,12783,0.8152944287932365,0.5751336567194092,0.04679540189387434,KGE
unified_1981_2015,hysets_08NH006,4,1,Knoben_K5,5,12783,0.9092486911657476,0.8602080842734134,0.035447371780680775,KGE
unified_1981_2015,hysets_08NH120,1,1,Knoben_K5,5,12783,0.45832683371501104,0.2967605601584812,0.06230428994981739,KGE
unified_1981_2015,hysets_08NH130,3,1,Knoben_K5,5,12783,0.5291681182547292,0.4602049466523639,0.06605035518514887,KGE
unified_1981_2015,hysets_08NJ160,5,1,Knoben_K5,5,12783,0.7422471156771309,0.5858394003220089,0.0690556511726689,KGE
unified_1981_2015,hysets_08NK016,4,1,Knoben_K5,5,12783,0.29811919773294626,0.4249691050803561,0.042903774444004214,KGE
unified_1981_2015,hysets_08NK018,2,1,Knoben_K5,5,12783,-0.43597849279251877,0.3212885713213418,0.0661280434545722,KGE
unified_1981_2015,hysets_08NK022,4,1,Knoben_K5,5,12783,-0.46964364268956915,0.2710425683358165,0.08772318134306828,KGE
unified_1981_2015,hysets_08NL004,1,1,Knoben_K5,5,12783,-0.6401456441081865,-0.3960235681001607,0.11921721870551938,KGE
unified_1981_2015,hysets_08NL024,5,1,Knoben_K5,5,12783,0.6915785955040146,0.6106114669277822,0.045155239998314584,KGE
unified_1981_2015,hysets_08NL050,5,1,Knoben_K5,5,12783,0.5919584110530698,0.4789516530274891,0.04528059796643882,KGE
unified_1981_2015,hysets_08NL071,4,1,Knoben_K5,5,12783,0.6409938583576666,0.4697692396909213,0.04653496092746544,KGE
unified_1981_2015,hysets_08NN019,3,1,Knoben_K5,5,12783,0.3269721628038146,-0.1534255823142323,0.09484262116532832,KGE
unified_1981_2015,hysets_08OA002,2,1,Knoben_K5,5,12398,-0.4635316087998953,-0.28280539550780603,0.11338664138602635,KGE
unified_1981_2015,hysets_09059500,4,1,Knoben_K5,5,12783,0.7659728225592476,0.7674858836483738,0.05124026274432708,KGE
unified_1981_2015,hysets_09165000,3,1,Knoben_K5,5,12053,0.5627066137488606,0.3141269726711887,0.07947178048299461,KGE
unified_1981_2015,hysets_09196500,1,1,Knoben_K5,5,11731,0.44080421389833113,0.3959194622563438,0.09635422495092921,KGE
unified_1981_2015,hysets_09223000,3,1,Knoben_K5,5,12783,0.18303440264477822,0.10326038634210666,0.07914652614802195,KGE
unified_1981_2015,hysets_09253000,5,1,Knoben_K5,5,12231,0.6892814618403329,0.5044536512895585,0.0614958334556121,KGE
unified_1981_2015,hysets_09255000,2,1,Knoben_K5,5,12783,0.5420796660990186,0.40754153286512473,0.06780533776708207,KGE
unified_1981_2015,hysets_09266500,2,1,Knoben_K5,5,12783,0.6465765622649013,0.4367570238488253,0.037440879103315665,KGE
unified_1981_2015,hysets_09289500,1,1,Knoben_K5,5,12783,0.7989049749745392,0.8158447641985587,0.03542781571073248,KGE
unified_1981_2015,hysets_09292500,5,1,Knoben_K5,5,12783,0.28917206083049185,0.4296408525718364,0.07732705759612339,KGE
unified_1981_2015,hysets_09299500,1,1,Knoben_K5,5,12783,0.6493176496881714,0.44944631322443884,0.043134085802039875,KGE
unified_1981_2015,hysets_09304200,2,1,Knoben_K5,5,12783,-0.3043383133767066,0.0040963906436377595,0.13702805838029838,KGE
unified_1981_2015,hysets_09304500,1,1,Knoben_K5,5,12783,-0.5773064856712176,-0.14719490224298415,0.1345205385999611,KGE
unified_1981_2015,hysets_09306222,4,1,Knoben_K5,5,12783,-318.81674667910823,-20.374770704238628,1.6846507944364135,KGE
unified_1981_2015,hysets_09310500,3,1,Knoben_K5,5,12783,0.5426873065020605,0.38707326406056,0.05535848951781253,KGE
unified_1981_2015,hysets_09312600,4,1,Knoben_K5,5,12783,-1.1999007901076602,-1.0562799349783498,0.09539503606153969,KGE
unified_1981_2015,hysets_09337000,3,1,Knoben_K5,5,12782,-10.371207594131157,-2.5241748743159174,0.1623178144115677,KGE
unified_1981_2015,hysets_09342500,5,1,Knoben_K5,5,12783,0.37479998129955083,0.2057756800353796,0.09792485478622413,KGE
unified_1981_2015,hysets_09352900,3,1,Knoben_K5,5,12783,0.7372365277709345,0.6522305023189701,0.05361728703734485,KGE
unified_1981_2015,hysets_09386900,1,1,Knoben_K5,5,12783,-0.4228565593193403,-2.072975083292907,0.02967560839145864,KGE
unified_1981_2015,hysets_09403600,3,1,Knoben_K5,5,12783,-470.66202926921676,-24.644597946635887,0.5045469326123347,KGE
unified_1981_2015,hysets_09404450,5,1,Knoben_K5,5,12783,-5.746657489621423,-1.2862827840177506,0.07423091839567804,KGE
unified_1981_2015,hysets_09405500,4,1,Knoben_K5,5,12783,-3.3350251580100077,-1.2221046503375361,0.0898963500348984,KGE
unified_1981_2015,hysets_09430600,5,0,Knoben_K5,5,12783,0.37780537388826363,0.05744304229263719,0.015148374532882083,KGE
unified_1981_2015,hysets_09442680,3,1,Knoben_K5,5,12783,-8.244103330609631,-2.7347367732837413,0.05354899745139459,KGE
unified_1981_2015,hysets_09447000,5,1,Knoben_K5,5,12783,-0.38807153375841197,-0.8204957563493052,0.02044158661351093,KGE
unified_1981_2015,hysets_09447800,5,1,Knoben_K5,5,12571,-45.48371443623278,-19.665460345945537,0.07427286276785193,KGE
unified_1981_2015,hysets_09473000,3,1,Knoben_K5,5,12052,-28.6243427887378,-13.527295321824372,0.09059043829252969,KGE
unified_1981_2015,hysets_09494000,5,1,Knoben_K5,5,12783,0.33028045312495236,0.6143041893652917,0.031766956330762056,KGE
unified_1981_2015,hysets_09496500,2,1,Knoben_K5,5,12783,-14.231995222530964,-2.48747155477988,0.09002447403197342,KGE
unified_1981_2015,hysets_09497800,2,1,Knoben_K5,5,12418,0.5108349561354526,0.3337587165664446,0.01710999627045548,KGE
unified_1981_2015,hysets_09497980,4,1,Knoben_K5,5,12783,0.5298734788082545,0.5991345622435936,0.016782955506155862,KGE
unified_1981_2015,hysets_09499000,2,0,Knoben_K5,5,12783,0.38401617511959263,0.1606516942616817,0.017570801110059805,KGE
unified_1981_2015,hysets_09504420,2,1,Knoben_K5,5,12510,0.16486123644418849,-0.18456161328461218,0.026884886557952032,KGE
unified_1981_2015,hysets_09505800,1,1,Knoben_K5,5,12783,0.5153817208511398,0.4594954706527773,0.012036246128546885,KGE
unified_1981_2015,hysets_09510200,1,1,Knoben_K5,5,12783,0.041693968108546975,0.2670480714093728,0.024032271959974122,KGE
unified_1981_2015,hysets_09512280,5,1,Knoben_K5,5,12783,-9.164100773934546,-15.874020898777552,0.05371700406187956,KGE
unified_1981_2015,hysets_09513780,3,1,Knoben_K5,5,12783,-0.17293820505961,-1.857934747924061,0.019337247291389834,KGE
unified_1981_2015,hysets_09AA012,5,1,Knoben_K5,5,12657,-18.67177670833121,-3.877148902654321,0.4828961718409998,KGE
unified_1981_2015,hysets_09AA013,2,1,Knoben_K5,5,11625,-7.469664183634471,-1.7252899970515347,0.4974636143844931,KGE
unified_1981_2015,hysets_09AH003,1,1,Knoben_K5,5,12337,-10.972934968916057,-3.9024460699147525,0.20878702981685748,KGE
unified_1981_2015,hysets_09CA004,1,1,Knoben_K5,5,12567,-3.9603576775155487,-1.7716702737411825,0.10254603283483978,KGE
unified_1981_2015,hysets_09EA004,2,1,Knoben_K5,5,12630,-2.9564985233049446,-0.5695721384773313,0.1794663148943525,KGE
unified_1981_2015,hysets_10011500,2,1,Knoben_K5,5,12783,0.9093460552457151,0.8972121977828951,0.03281219855756149,KGE
unified_1981_2015,hysets_10032000,3,1,Knoben_K5,5,12783,0.770189995818889,0.662881666812651,0.05424482334818232,KGE
unified_1981_2015,hysets_10113500,4,1,Knoben_K5,5,11506,-2.7005995301670023,-0.2888353512339874,0.1414578582928096,KGE
unified_1981_2015,hysets_10173450,2,1,Knoben_K5,5,12782,0.7647382016943505,0.5615056011921397,0.04303138193575531,KGE
unified_1981_2015,hysets_10174500,1,1,Knoben_K5,5,12783,-3.7145124821998037,-1.1248570505652333,0.18660003112294957,KGE
unified_1981_2015,hysets_10194200,5,1,Knoben_K5,5,12467,-5.12217123546749,-1.626143885506246,0.23061587895462984,KGE
unified_1981_2015,hysets_10234500,2,1,Knoben_K5,5,12783,0.6001498996798563,0.5433923056348344,0.052612039918503384,KGE
unified_1981_2015,hysets_10258500,4,1,Knoben_K5,5,12783,-1.7588986453077928,-2.03809037729933,0.035579848782256174,KGE
unified_1981_2015,hysets_10296000,3,1,Knoben_K5,5,12783,0.8918988873310525,0.9436812503128116,0.016520789559326798,KGE
unified_1981_2015,hysets_10296500,5,1,Knoben_K5,5,12783,0.6757688503317756,0.42719260832494166,0.027302878275203557,KGE
unified_1981_2015,hysets_10329500,4,1,Knoben_K5,5,12783,0.10899860082155355,-0.3340046727487682,0.03843469005999203,KGE
unified_1981_2015,hysets_10396000,4,1,Knoben_K5,5,12783,0.32573209919733725,0.6277011287084995,0.05294672865873324,KGE
unified_1981_2015,hysets_10AC005,3,1,Knoben_K5,5,12783,-0.9201164839956717,-0.338555298447627,0.15535233006528534,KGE
unified_1981_2015,hysets_10BE007,3,1,Knoben_K5,5,12783,-0.531893222595992,0.27003045359778943,0.14053025963393292,KGE
unified_1981_2015,hysets_10BE009,3,1,Knoben_K5,5,12715,-102.82217425470206,-6.5345962254205965,0.9391720750868705,KGE
unified_1981_2015,hysets_10ED003,5,1,Knoben_K5,5,12782,-0.2151341621482037,-0.21133792902026305,0.025786161113533455,KGE
unified_1981_2015,hysets_10GC003,3,1,Knoben_K5,5,12783,0.05627203944820047,0.13263845161953391,0.024403440808778817,KGE
unified_1981_2015,hysets_10LC003,3,1,Knoben_K5,5,12112,-37.875576865562515,-13.076562404538691,0.29908052145865743,KGE
unified_1981_2015,hysets_10LC007,2,1,Knoben_K5,5,12242,-56.89384344413506,-11.110723962144942,0.35382289479547885,KGE
unified_1981_2015,hysets_11012500,4,1,Knoben_K5,5,12783,-9.921642729811301,-3.146422319579111,0.08757088869212455,KGE
unified_1981_2015,hysets_11015000,2,1,Knoben_K5,5,12783,0.3648936093638131,0.28533695101803924,0.0183083245404318,KGE
unified_1981_2015,hysets_11042400,1,1,Knoben_K5,5,12419,-3.487308198921732,-1.5670397545563834,0.032293293986081,KGE
unified_1981_2015,hysets_11123000,2,1,Knoben_K5,5,12783,0.4331293580493718,0.06013559783234612,0.02501608500236526,KGE
unified_1981_2015,hysets_11123500,4,1,Knoben_K5,5,12783,0.5120463111061537,0.28221934030210083,0.0229747962293175,KGE
unified_1981_2015,hysets_11124500,1,1,Knoben_K5,5,12783,0.8793536720179432,0.8187382292876539,0.011450583376467574,KGE
unified_1981_2015,hysets_11132500,4,1,Knoben_K5,5,12783,-0.044959504302895636,-0.29368268263921893,0.017723812339181234,KGE
unified_1981_2015,hysets_11140000,1,1,Knoben_K5,5,12783,-8.459333390397141,-3.39037803154784,0.0878704350265598,KGE
unified_1981_2015,hysets_11143000,5,1,Knoben_K5,5,12783,-0.2759923621441087,-0.18266475258849257,0.059082997802534745,KGE
unified_1981_2015,hysets_11143200,3,1,Knoben_K5,5,12783,0.59302876228517,0.7674014607682362,0.02099520673163834,KGE
unified_1981_2015,hysets_11143250,5,1,Knoben_K5,5,12783,-0.24795726963403752,-0.11009845961948894,0.03989326313731169,KGE
unified_1981_2015,hysets_11148900,3,1,Knoben_K5,5,12783,0.4953254317423399,0.20620467964763756,0.020283675442252836,KGE
unified_1981_2015,hysets_11149900,1,1,Knoben_K5,5,12783,0.45447215754313675,0.5469858437078644,0.02103626242471488,KGE
unified_1981_2015,hysets_11151300,2,1,Knoben_K5,5,12682,-13.77279501527475,-15.25533206201932,0.06169976315997557,KGE
unified_1981_2015,hysets_11152000,3,1,Knoben_K5,5,12783,0.6885879209587735,0.6387163188563724,0.017944583354687068,KGE
unified_1981_2015,hysets_11202000,5,1,Knoben_K5,5,12783,0.45774458682542896,0.31440974993644033,0.020925976774911086,KGE
unified_1981_2015,hysets_11202001,3,1,Knoben_K5,5,12783,0.10475708825440522,-0.047780157689051084,0.03137731866711019,KGE
unified_1981_2015,hysets_11224500,5,1,Knoben_K5,5,12783,-3.993796511542026,-9.41347331617023,0.03500870022539624,KGE
unified_1981_2015,hysets_11230500,4,1,Knoben_K5,5,12783,0.813512690704896,0.8100728903194205,0.024921202744220817,KGE
unified_1981_2015,hysets_11253310,4,1,Knoben_K5,5,12783,-17.928989898501005,-11.534331953553671,0.07581391918886352,KGE
unified_1981_2015,hysets_11264500,2,1,Knoben_K5,5,12783,0.9423846278321661,0.7814872640079433,0.0160491459555492,KGE
unified_1981_2015,hysets_11266500,5,1,Knoben_K5,5,12783,0.7241115423157665,0.6550143471465754,0.026733125062098333,KGE
unified_1981_2015,hysets_11314500,4,1,Knoben_K5,5,12783,0.6139335668585931,0.5836682177712009,0.028431462664522275,KGE
unified_1981_2015,hysets_11317000,3,1,Knoben_K5,5,12783,0.27906744465302724,0.044811299534258886,0.03257503829950403,KGE
unified_1981_2015,hysets_11318500,4,1,Knoben_K5,5,12783,-0.5400572943324908,0.024617341747244614,0.040054100325968775,KGE
unified_1981_2015,hysets_11367500,4,1,Knoben_K5,5,12783,-2.949010514679745,0.1501915068963936,0.06083471415349919,KGE
unified_1981_2015,hysets_11374000,4,1,Knoben_K5,5,12783,0.47980553450224406,0.649468260671384,0.048385605918230004,KGE
unified_1981_2015,hysets_11376550,4,1,Knoben_K5,5,12673,-3.433557504310258,-0.9137723635270782,0.13433726634119084,KGE
unified_1981_2015,hysets_11379500,1,1,Knoben_K5,5,12783,0.6067364773143153,0.5073496373046207,0.029809309849024804,KGE
unified_1981_2015,hysets_11381500,3,1,Knoben_K5,5,12783,0.8234075542253156,0.799430228179458,0.011858419989435392,KGE
unified_1981_2015,hysets_11383500,1,1,Knoben_K5,5,12783,0.8758135135296854,0.6883907054436331,0.010100566513534704,KGE
unified_1981_2015,hysets_11402000,1,1,Knoben_K5,5,12783,0.36529213363271806,0.35972593151518384,0.025359261595039106,KGE
unified_1981_2015,hysets_11413000,3,1,Knoben_K5,5,12783,0.15939430649184916,-0.013106010110236266,0.03436026105246696,KGE
unified_1981_2015,hysets_11413300,4,1,Knoben_K5,5,12783,0.015554563924161213,-0.22945445092556382,0.029160760672295127,KGE
unified_1981_2015,hysets_11428800,5,1,Knoben_K5,5,12783,-0.2780789586983692,-1.9687627800753185,0.016988127068174187,KGE
unified_1981_2015,hysets_11433300,5,1,Knoben_K5,5,12783,0.004710695326757941,0.5072769596366973,0.027005321798109636,KGE
unified_1981_2015,hysets_11451100,4,0,Knoben_K5,5,12783,0.5375325302002346,0.14869958355127644,0.026003333889880766,KGE
unified_1981_2015,hysets_11461000,1,0,Knoben_K5,5,12783,0.3804185518518566,0.40253841882470276,0.03922761695282055,KGE
unified_1981_2015,hysets_11468500,5,0,Knoben_K5,5,12783,0.6676488402829299,0.6578155180301833,0.022093733943670407,KGE
unified_1981_2015,hysets_11470500,1,1,Knoben_K5,5,12735,-0.16923104966045788,-0.16733496621685418,0.04222173089528823,KGE
unified_1981_2015,hysets_11473900,3,1,Knoben_K5,5,12783,0.5039212392973341,0.4770236821222873,0.02730368187267913,KGE
unified_1981_2015,hysets_11478500,4,1,Knoben_K5,5,12783,0.7003901274039037,0.5191623306650798,0.033040612620422204,KGE
unified_1981_2015,hysets_11480390,3,1,Knoben_K5,5,12783,0.8201201085645087,0.6115127298568981,0.022338767212018575,KGE
unified_1981_2015,hysets_11480410,1,1,Knoben_K5,5,12783,0.8217232989008386,0.6491654507131839,0.020706492665351156,KGE
unified_1981_2015,hysets_11481200,4,1,Knoben_K5,5,12783,0.5164360102426593,0.41297664517684285,0.030486951041004278,KGE
unified_1981_2015,hysets_11482500,4,1,Knoben_K5,5,12783,0.7548010033309009,0.6619420424229352,0.02749401704461928,KGE
unified_1981_2015,hysets_11521500,5,1,Knoben_K5,5,12600,-0.2053641007428333,0.12224818458353248,0.0381699630655874,KGE
unified_1981_2015,hysets_11522500,3,1,Knoben_K5,5,12783,0.3951931502693645,0.663179191598152,0.028971610717115077,KGE
unified_1981_2015,hysets_11523200,5,1,Knoben_K5,5,12783,0.27676407219628263,0.09305336297120237,0.03486433376697835,KGE
unified_1981_2015,hysets_11528700,2,1,Knoben_K5,5,12783,0.7771038057384838,0.584179806100979,0.021827454321654904,KGE
unified_1981_2015,hysets_11532500,3,1,Knoben_K5,5,12783,0.8786921926046953,0.6866290081659421,0.023566900012177483,KGE
unified_1981_2015,hysets_12025700,2,1,Knoben_K5,5,12783,0.7430545779351063,0.5830529185670723,0.022921505537721435,KGE
unified_1981_2015,hysets_12035000,3,1,Knoben_K5,5,12783,0.6922423583625279,0.5535925384121579,0.03086121007714999,KGE
unified_1981_2015,hysets_12039500,2,1,Knoben_K5,5,12783,0.597235608073672,0.4628423803896634,0.04576265157964412,KGE
unified_1981_2015,hysets_12040500,5,1,Knoben_K5,5,12783,0.8293816840748848,0.6012840683278138,0.028615356445911715,KGE
unified_1981_2015,hysets_12041200,1,1,Knoben_K5,5,12783,0.7864171839261704,0.6565462043903705,0.031307375217702466,KGE
unified_1981_2015,hysets_12043000,3,1,Knoben_K5,5,11628,0.8708729581005921,0.7992408861086939,0.02137608799486936,KGE
unified_1981_2015,hysets_12048000,5,1,Knoben_K5,5,12783,-0.35198704419606375,0.3944702496754571,0.07513094058029753,KGE
unified_1981_2015,hysets_12054000,1,1,Knoben_K5,5,12783,0.5303653194350142,0.6986482578731901,0.04561539801314081,KGE
unified_1981_2015,hysets_12056500,5,1,Knoben_K5,5,12783,0.28620361716748377,0.21196259525963024,0.041159758280874224,KGE
unified_1981_2015,hysets_12082500,2,0,Knoben_K5,5,12783,0.7026851764682122,0.5662730062798779,0.023170774535923026,KGE
unified_1981_2015,hysets_12092000,5,0,Knoben_K5,5,12783,0.6712427091668454,0.6778188151743014,0.022131336317073116,KGE
unified_1981_2015,hysets_12115000,1,1,Knoben_K5,5,12783,0.7867771222774773,0.7605235079814887,0.021309667055201528,KGE
unified_1981_2015,hysets_12134500,5,1,Knoben_K5,5,12783,-0.5650075006637498,-0.5288012627301304,0.06335408740238255,KGE
unified_1981_2015,hysets_12141300,5,1,Knoben_K5,5,12417,0.8523896040459185,0.7276724417683043,0.021855145973933805,KGE
unified_1981_2015,hysets_12142000,2,1,Knoben_K5,5,12418,0.7549123690056163,0.5484919905204724,0.023723092526049087,KGE
unified_1981_2015,hysets_12186000,1,1,Knoben_K5,5,12783,0.5538395986788104,0.4330061600444446,0.018844177697951343,KGE
unified_1981_2015,hysets_12189500,1,1,Knoben_K5,5,12783,0.6562746556982673,0.6211101842703513,0.030865474641149325,KGE
unified_1981_2015,hysets_12205000,4,1,Knoben_K5,5,12783,0.4538508186350497,0.47731677163315034,0.04623812568439831,KGE
unified_1981_2015,hysets_12324590,1,1,Knoben_K5,5,12632,-27.9295893937953,-4.412068633277626,0.17474448391748013,KGE
unified_1981_2015,hysets_12330000,3,1,Knoben_K5,5,12663,0.4500144715368313,0.725193576147587,0.04165091996752304,KGE
unified_1981_2015,hysets_12332000,4,1,Knoben_K5,5,12632,0.6672118347270783,0.5786193960869703,0.06363397560020016,KGE
unified_1981_2015,hysets_12370000,5,1,Knoben_K5,5,12783,0.2638655674253174,0.33779055493632004,0.11440232123766476,KGE
unified_1981_2015,hysets_12389500,1,1,Knoben_K5,5,12783,-6.169963669246793,-1.298171237009491,0.23576575693167928,KGE
unified_1981_2015,hysets_12411000,1,1,Knoben_K5,5,12783,0.39280825567954003,0.2933792865242818,0.051704435311080106,KGE
unified_1981_2015,hysets_12414900,1,1,Knoben_K5,5,12783,0.00041300307911473766,0.18171636351848008,0.04511374656634143,KGE
unified_1981_2015,hysets_12452800,4,1,Knoben_K5,5,12783,0.8362447046589437,0.790928203022715,0.04717549908790156,KGE
unified_1981_2015,hysets_12488500,1,1,Knoben_K5,5,12783,0.7268930494273773,0.6229688280063637,0.047968640642385714,KGE
unified_1981_2015,hysets_13010065,5,1,Knoben_K5,5,11780,0.7754793732993073,0.6176890665759555,0.055394710963050584,KGE
unified_1981_2015,hysets_13011900,2,1,Knoben_K5,5,12445,0.32468737987310403,0.6599423880098578,0.1088475861360872,KGE
unified_1981_2015,hysets_13023000,1,1,Knoben_K5,5,12783,0.24721224305136313,0.5979963634620699,0.10742484877133651,KGE
unified_1981_2015,hysets_13186000,5,1,Knoben_K5,5,12783,0.2569797213160191,0.21015306487162932,0.10589635074075304,KGE
unified_1981_2015,hysets_13235000,2,1,Knoben_K5,5,12783,0.9156318071242531,0.8622994463558354,0.03570311832904066,KGE
unified_1981_2015,hysets_13297355,3,1,Knoben_K5,5,12783,0.3275329298767552,0.1620645201616654,0.07817390981978017,KGE
unified_1981_2015,hysets_13331500,4,1,Knoben_K5,5,12783,0.8998296936825378,0.7775691713343816,0.03782062278866681,KGE
unified_1981_2015,hysets_13339500,3,1,Knoben_K5,5,12783,-0.29748465614299624,0.4261154787990995,0.08443826247879621,KGE
unified_1981_2015,hysets_14013000,2,1,Knoben_K5,5,12783,-0.2560588144203051,-0.16440919377391272,0.039666405662851394,KGE
unified_1981_2015,hysets_14020000,3,1,Knoben_K5,5,12783,0.4725346046253548,0.32696496403163766,0.04460000647100929,KGE
unified_1981_2015,hysets_14020300,2,1,Knoben_K5,5,12600,0.7483561104904659,0.5609461422335849,0.03495959418192149,KGE
unified_1981_2015,hysets_14038530,3,1,Knoben_K5,5,12198,-4.025007559468909,-1.0063548000796496,0.16917920858536903,KGE
unified_1981_2015,hysets_14044000,5,1,Knoben_K5,5,12783,-5.246660116476863,-1.5038300814660643,0.2088892305096117,KGE
unified_1981_2015,hysets_14091500,2,0,Knoben_K5,5,12783,-18.325700158091824,-0.449131220304972,0.22592159834128162,KGE
unified_1981_2015,hysets_14096850,2,1,Knoben_K5,5,11780,0.1902161824200468,0.3264840046207239,0.027493654543824575,KGE
unified_1981_2015,hysets_14097100,1,1,Knoben_K5,5,12783,-0.024484157229570647,0.1902990494400134,0.025198288599789558,KGE
unified_1981_2015,hysets_14154500,4,1,Knoben_K5,5,12783,0.7885000754193209,0.7281586751205734,0.026280446374457388,KGE
unified_1981_2015,hysets_14158500,1,1,Knoben_K5,5,12783,0.17340166801054624,0.488275727512839,0.09427466408715492,KGE
unified_1981_2015,hysets_14166500,5,1,Knoben_K5,5,12783,-2.900622185202826,-1.1378171185750707,0.13152419008359045,KGE
unified_1981_2015,hysets_14178000,3,1,Knoben_K5,5,12783,0.04321868122908912,0.23140672779219484,0.04194889126707175,KGE
unified_1981_2015,hysets_14182500,5,1,Knoben_K5,5,12783,0.8191958002988863,0.7478537661345804,0.01384667626992193,KGE
unified_1981_2015,hysets_14185000,4,0,Knoben_K5,5,12783,-0.09076566784738493,0.3221544291739411,0.050719449265598356,KGE
unified_1981_2015,hysets_14185900,2,1,Knoben_K5,5,12783,0.8123356129041122,0.6384616718209286,0.025341389837864603,KGE
unified_1981_2015,hysets_14236200,3,1,Knoben_K5,5,12783,0.7592053621982944,0.8145448667773124,0.024723377640868724,KGE
unified_1981_2015,hysets_14301000,3,1,Knoben_K5,5,12783,0.8717395991801593,0.8742700036032953,0.02259041986453815,KGE
unified_1981_2015,hysets_14306500,1,1,Knoben_K5,5,12783,0.7145984113416175,0.8246337932677087,0.037710551336103286,KGE
unified_1981_2015,hysets_14308000,5,1,Knoben_K5,5,12783,-3.045799464349569,-1.1517081430294374,0.10998127147220153,KGE
unified_1981_2015,hysets_14309500,2,1,Knoben_K5,5,12783,0.7293937031895964,0.35847812615847796,0.0342697217315944,KGE
unified_1981_2015,hysets_14316700,2,1,Knoben_K5,5,12783,0.8608417471001215,0.8861267386218948,0.025866783195375196,KGE
unified_1981_2015,hysets_14325000,4,0,Knoben_K5,5,12783,0.9391041006231874,0.7985264382836966,0.01730243529211152,KGE
unified_1981_2015,hysets_14338000,2,1,Knoben_K5,5,12672,-2.455758293067241,-1.0543540252766657,0.09648789941000577,KGE
unified_1981_2015,hysets_14377100,4,1,Knoben_K5,5,12783,0.8804734138205834,0.7226256089624663,0.022095532241841527,KGE
unified_1981_2015,hysets_14400000,3,1,Knoben_K5,5,12783,0.6207864479783305,0.2850047502862457,0.041038010673604394,KGE
unified_1981_2015,lamah_12425002,3,1,Knoben_K5,5,12783,-0.24869416290553947,0.39997910191049946,0.06063776528195639,KGE
unified_1981_2015,lamah_16000708,2,1,Knoben_K5,5,11819,0.5054477498158704,0.7491072100989571,0.038070790302055436,KGE
unified_1981_2015,lamah_16001303,5,1,Knoben_K5,5,12616,-7.063270391484785,-2.563590821711849,0.07571137494183493,KGE
unified_1981_2015,lamah_16610709,4,1,Knoben_K5,5,12676,0.153182745713217,0.48428651567477543,0.023692098250406978,KGE
unified_1981_2015,lamah_17404000,1,1,Knoben_K5,5,12699,-1.226916364856422,-0.0883130045367615,0.06832270790788245,KGE
unified_1981_2015,lamah_18481006,5,1,Knoben_K5,5,12782,0.623384712429744,0.685941592167965,0.023406281105285292,KGE
unified_1981_2015,lamah_18486000,4,1,Knoben_K5,5,12783,0.5314650973541618,0.4988481184817445,0.029448169745735005,KGE
unified_1981_2015,lamah_200253,4,1,Knoben_K5,5,12783,0.7178685271435934,0.668468771390196,0.030290177022415217,KGE
unified_1981_2015,lamah_200261,5,1,Knoben_K5,5,12783,0.6266144503743821,0.5356300646101009,0.03407688502579963,KGE
unified_1981_2015,lamah_200303,2,1,Knoben_K5,5,12783,0.2423324917369637,0.3285795849606902,0.04235572253067951,KGE
unified_1981_2015,lamah_201012,2,0,Knoben_K5,5,12783,0.5566347332962757,0.41771716367523526,0.04703399649972489,KGE
unified_1981_2015,lamah_201087,4,1,Knoben_K5,5,12783,0.611990596344425,0.5763688029451861,0.031343022285339694,KGE
unified_1981_2015,lamah_201095,2,1,Knoben_K5,5,12783,0.4553419716324746,0.6957174511102133,0.03724520042609008,KGE
unified_1981_2015,lamah_201160,3,1,Knoben_K5,5,12783,0.6199381750922435,0.4952795241370408,0.03202560438057359,KGE
unified_1981_2015,lamah_201236,3,1,Knoben_K5,5,12783,0.2040267454595357,0.18739176766045973,0.03998658819651916,KGE
unified_1981_2015,lamah_201251,1,1,Knoben_K5,5,12783,0.8902310403054731,0.8283973663033931,0.015521641390715851,KGE
unified_1981_2015,lamah_201335,5,1,Knoben_K5,5,12783,-1.0018402009502694,-0.20372542683284944,0.10706168400033042,KGE
unified_1981_2015,lamah_201392,2,1,Knoben_K5,5,12783,0.3969532729044164,0.538367959999156,0.08476539089661339,KGE
unified_1981_2015,lamah_201434,2,1,Knoben_K5,5,12783,0.5966403436545653,0.5679020166202027,0.06553015837852284,KGE
unified_1981_2015,lamah_201558,1,1,Knoben_K5,5,12783,0.7416010193104028,0.7901314550280849,0.05980127634369621,KGE
unified_1981_2015,lamah_201566,3,1,Knoben_K5,5,12783,0.5344327670616345,0.6157725665836927,0.05556219103759934,KGE
unified_1981_2015,lamah_201574,1,1,Knoben_K5,5,12783,0.5157200218127825,0.7013943107003047,0.06903854373850575,KGE
unified_1981_2015,lamah_201723,5,1,Knoben_K5,5,12783,0.785902218680161,0.8655811932221873,0.026388693218924893,KGE
unified_1981_2015,lamah_201848,2,1,Knoben_K5,5,12054,0.5133721384032335,0.5381504255104603,0.04748741906053851,KGE
unified_1981_2015,lamah_202036,1,1,Knoben_K5,5,12783,0.6610548143576905,0.5362557647545227,0.03325006179306179,KGE
unified_1981_2015,lamah_203026,3,1,Knoben_K5,5,12783,0.4983629827227706,0.6055532617139909,0.034010157381145885,KGE
unified_1981_2015,lamah_203075,5,1,Knoben_K5,5,12783,0.7479411711469008,0.7222946464298388,0.04214143846889502,KGE
unified_1981_2015,lamah_203166,2,1,Knoben_K5,5,12783,0.016293804822368863,0.3294795838144299,0.09915272581066736,KGE
unified_1981_2015,lamah_203224,3,1,Knoben_K5,5,12783,0.6773187322316795,0.521606806981141,0.04875598290397155,KGE
unified_1981_2015,lamah_203265,2,1,Knoben_K5,5,12783,-0.4528144014463362,0.16047934001898712,0.06869264214302614,KGE
unified_1981_2015,lamah_203307,4,1,Knoben_K5,5,12778,0.7838082681746357,0.8025967941540301,0.022050204153169137,KGE
unified_1981_2015,lamah_203463,2,1,Knoben_K5,5,12783,0.7206189935943352,0.6618942636052206,0.0227811778592565,KGE
unified_1981_2015,lamah_203505,1,1,Knoben_K5,5,12783,0.6741679614174787,0.8280126456483283,0.026445089000435462,KGE
unified_1981_2015,lamah_203711,5,1,Knoben_K5,5,12783,0.8725332015739955,0.8161597395687175,0.024944774779275165,KGE
unified_1981_2015,lamah_203752,1,1,Knoben_K5,5,12783,0.9128788440989032,0.9517751675011104,0.02469367319256416,KGE
unified_1981_2015,lamah_203760,2,1,Knoben_K5,5,12783,0.7883521187161616,0.7463670234110349,0.04214026827173415,KGE
unified_1981_2015,lamah_203786,1,1,Knoben_K5,5,12775,0.8555810325123481,0.8332002931604168,0.04557016309844652,KGE
unified_1981_2015,lamah_203794,3,1,Knoben_K5,5,12783,0.8070861431781283,0.8284471763198018,0.03663870896591967,KGE
unified_1981_2015,lamah_203828,3,1,Knoben_K5,5,12783,0.8067590686833961,0.7894169857109079,0.04191455044994515,KGE
unified_1981_2015,lamah_204875,2,1,Knoben_K5,5,12419,-0.028383378414561955,0.39352644648641677,0.046524601791108657,KGE
unified_1981_2015,lamah_204925,1,1,Knoben_K5,5,12783,-2.5814440909325858,-0.6501007768740918,0.06223439842916344,KGE
unified_1981_2015,lamah_205104,3,1,Knoben_K5,5,12783,0.5243264107842951,0.4292410747073693,0.053839449218391226,KGE
unified_1981_2015,lamah_205179,4,1,Knoben_K5,5,12783,0.3852803878703529,0.41017699906122906,0.0967018541656576,KGE
unified_1981_2015,lamah_205294,2,1,Knoben_K5,5,12783,0.6568837924054913,0.6344320718135755,0.029485263838132464,KGE
unified_1981_2015,lamah_205500,4,1,Knoben_K5,5,12783,0.4744402961817794,0.4721897215107864,0.035905729866778945,KGE
unified_1981_2015,lamah_205740,5,1,Knoben_K5,5,12783,0.6286022606565307,0.4767818305654564,0.02780999275289219,KGE
unified_1981_2015,lamah_205799,1,0,Knoben_K5,5,12783,0.6214829353740303,0.7360813345274384,0.047927298170674267,KGE
unified_1981_2015,lamah_205823,5,1,Knoben_K5,5,12783,0.8296624550532443,0.8657873277631696,0.01825537017776648,KGE
unified_1981_2015,lamah_205831,5,1,Knoben_K5,5,12783,0.7920137491894638,0.784174173804826,0.022277292841084022,KGE
unified_1981_2015,lamah_205864,3,1,Knoben_K5,5,12783,0.384700629948715,0.33996055883947096,0.04935962178567754,KGE
unified_1981_2015,lamah_205898,3,1,Knoben_K5,5,12783,0.8325812318478494,0.8609030079747897,0.02045113275213785,KGE
unified_1981_2015,lamah_206508,4,1,Knoben_K5,5,12783,-0.13656559191067075,0.026732895653466926,0.0645446819377139,KGE
unified_1981_2015,lamah_207613,5,0,Knoben_K5,5,12783,-2.593045773073057,-0.5737346709359241,0.06280526442452951,KGE
unified_1981_2015,lamah_207654,2,1,Knoben_K5,5,12783,0.6293795116063595,0.5131017702631874,0.03297373848236402,KGE
unified_1981_2015,lamah_207738,2,1,Knoben_K5,5,12783,0.6347673955853839,0.6392876475852263,0.02642111110770648,KGE
unified_1981_2015,lamah_207852,2,1,Knoben_K5,5,12783,0.3428792425891727,0.38011537407813945,0.028593119586293705,KGE
unified_1981_2015,lamah_208116,1,1,Knoben_K5,5,12783,-1.9501060107026773,-0.9269436558555688,0.062849429853964,KGE
unified_1981_2015,lamah_208686,2,1,Knoben_K5,5,12783,-0.32826153740281905,0.09555803063664725,0.039751407199980354,KGE
unified_1981_2015,lamah_209361,1,1,Knoben_K5,5,12783,0.5767979174921884,0.47431988893838417,0.021473899891176266,KGE
unified_1981_2015,lamah_209551,1,1,Knoben_K5,5,11688,0.6929046403353323,0.5926059697473238,0.028388510480974394,KGE
unified_1981_2015,lamah_210526,4,1,Knoben_K5,5,12783,0.4258073394982518,0.3467842872168272,0.0726232358186319,KGE
unified_1981_2015,lamah_210641,1,1,Knoben_K5,5,12783,0.8668749121634832,0.8038532059794408,0.027910507460661052,KGE
unified_1981_2015,lamah_210732,2,0,Knoben_K5,5,12783,-0.9997178009293697,-0.3533190799696697,0.06190162104068062,KGE
unified_1981_2015,lamah_210773,1,1,Knoben_K5,5,12783,0.849386140057643,0.9041291436425962,0.030302777441030687,KGE
unified_1981_2015,lamah_210815,5,1,Knoben_K5,5,12783,0.6912980392121746,0.7708822014563793,0.048582878840733215,KGE
unified_1981_2015,lamah_210856,3,1,Knoben_K5,5,12783,0.22647891390196329,0.29547840236714673,0.07643925746493006,KGE
unified_1981_2015,lamah_210864,1,1,Knoben_K5,5,12783,-0.10848047585151499,0.4188313208748178,0.04687128549071777,KGE
unified_1981_2015,lamah_210898,1,1,Knoben_K5,5,12783,0.4839952310999175,0.7407834476930345,0.048695913068429644,KGE
unified_1981_2015,lamah_211086,4,1,Knoben_K5,5,12783,0.518849114323095,0.6276119708603363,0.0570388956813776,KGE
unified_1981_2015,lamah_211169,3,1,Knoben_K5,5,12783,-0.37618844548074293,0.38640188531164443,0.10082229838605698,KGE
unified_1981_2015,lamah_211656,1,1,Knoben_K5,5,12418,-2.0119683768477454,-0.6906804647365556,0.06021346423821518,KGE
unified_1981_2015,lamah_212027,5,1,Knoben_K5,5,12783,0.07608416415171493,0.42534945070874686,0.09657089503398654,KGE
unified_1981_2015,lamah_212043,5,0,Knoben_K5,5,12783,0.7322027617314174,0.4742751514837137,0.05112532956470647,KGE
unified_1981_2015,lamah_212092,2,1,Knoben_K5,5,12783,0.7218498741890269,0.6769829211037856,0.042216261504574366,KGE
unified_1981_2015,lamah_212100,2,1,Knoben_K5,5,12783,0.8235074932515741,0.7737819185886364,0.03150608165780735,KGE
unified_1981_2015,lamah_212167,1,1,Knoben_K5,5,12783,0.949087524453659,0.8383633024140914,0.024427746784865933,KGE
unified_1981_2015,lamah_212183,2,1,Knoben_K5,5,12783,0.8304294612568203,0.790072910682735,0.03489388614133769,KGE
unified_1981_2015,lamah_212316,5,0,Knoben_K5,5,12783,-0.13016599114370964,0.3325957383075515,0.11114591756874828,KGE
unified_1981_2015,lamah_212373,2,0,Knoben_K5,5,12783,-1.3090375578490496,-0.3002210807028092,0.1493467374301858,KGE
unified_1981_2015,lamah_212399,5,1,Knoben_K5,5,12783,-0.7881304139586198,0.02362564192493677,0.10923510524653876,KGE
unified_1981_2015,lamah_212431,3,1,Knoben_K5,5,12783,0.32103841387007304,0.5267381684854977,0.07645763665115074,KGE
unified_1981_2015,lamah_212522,1,0,Knoben_K5,5,12783,-2.2321851470792398,-0.0916462225106498,0.19008674964865704,KGE
unified_1981_2015,lamah_212613,2,1,Knoben_K5,5,12783,0.6133809219695352,0.6945175847018343,0.048949510374459576,KGE
unified_1981_2015,lamah_212647,5,1,Knoben_K5,5,12783,0.4840944265451368,0.6084634105192033,0.0424779245441088,KGE
unified_1981_2015,lamah_212670,3,1,Knoben_K5,5,12783,0.19284379095963866,0.3629913972997715,0.048226610644969664,KGE
unified_1981_2015,lamah_212860,1,1,Knoben_K5,5,12783,0.3207408341616016,0.5771710248961026,0.06209703576455349,KGE
unified_1981_2015,lamah_212878,3,1,Knoben_K5,5,12783,-0.4018791315912891,0.354723396599812,0.07483242875359862,KGE
unified_1981_2015,lamah_212886,4,1,Knoben_K5,5,12783,-0.4670345684552395,0.30573519576891384,0.0711747616362339,KGE
unified_1981_2015,lamah_212894,5,0,Knoben_K5,5,12783,-3.035151212694223,-0.4499905373394637,0.15549106579158814,KGE
unified_1981_2015,lamah_212928,5,1,Knoben_K5,5,12783,-3.301174927477464,-0.27596314468731653,0.2019039968511004,KGE
unified_1981_2015,lamah_213124,2,1,Knoben_K5,5,12783,0.08738916470817926,0.4089199192139996,0.07718191781099658,KGE
unified_1981_2015,lamah_213181,4,1,Knoben_K5,5,12783,-1.909965506384038,-0.05671753857050543,0.11698744357519475,KGE
unified_1981_2015,lamah_213306,3,1,Knoben_K5,5,12343,-15.289184640471266,-1.8318381695900001,0.3643849395490673,KGE
unified_1981_2015,lamah_2150,4,1,Knoben_K5,5,12783,0.8588947918961708,0.8761439771043388,0.031006063683991884,KGE
unified_1981_2015,lamah_2262,1,1,Knoben_K5,5,12783,0.4289657818993149,0.5025306126563454,0.04113816870795108,KGE
unified_1981_2015,lamah_403,2,1,Knoben_K5,5,12783,0.3794984800059773,0.3878399085414982,0.09310940137408515,KGE
unified_1981_2015,camelsbr_57250000,5,1,RF_Signature_K5,5,12783,-1.589981927418111,0.08172725486016041,0.12554951258340577,KGE
unified_1981_2015,camelsbr_58060000,3,1,RF_Signature_K5,5,12725,-0.39220150713904856,-0.004642927177844758,0.021090814602288926,KGE
unified_1981_2015,camelsbr_58258000,1,1,RF_Signature_K5,5,12707,-0.685959836347461,-0.09923837611697617,0.046155976363906476,KGE
unified_1981_2015,camelsbr_58530000,3,1,RF_Signature_K5,5,12783,-0.32824476692348936,0.16910196812079015,0.057455584844730796,KGE
unified_1981_2015,camelsbr_58535000,3,1,RF_Signature_K5,5,12752,-0.9486939765488858,-0.010902578095757898,0.10247191928857069,KGE
unified_1981_2015,camelsbr_58542000,1,1,RF_Signature_K5,5,12783,0.32451689619211943,0.540209719011028,0.06106542248140603,KGE
unified_1981_2015,camelsbr_59370000,2,1,RF_Signature_K5,5,12783,0.011721701721521316,0.22417160755846066,0.03834102306506309,KGE
unified_1981_2015,camelsbr_70100000,4,1,RF_Signature_K5,5,12639,-0.26152648374611287,-0.1633450524182014,0.07046759081447791,KGE
unified_1981_2015,camelsbr_71300000,1,1,RF_Signature_K5,5,12778,-0.6560962899967722,-0.10346808732230173,0.13392066744610942,KGE
unified_1981_2015,camelsbr_73765000,1,1,RF_Signature_K5,5,12783,-0.18207067500737195,-0.18501242414006702,0.04703184818631528,KGE
unified_1981_2015,camelscl_1050002,4,1,RF_Signature_K5,5,12252,-1927.501930607474,-40.45559981106983,0.8475950775581137,KGE
unified_1981_2015,camelscl_1201005,3,1,RF_Signature_K5,5,12506,-151.5764651796659,-10.470362463455148,0.7076056472962672,KGE
unified_1981_2015,camelscl_12284002,1,1,RF_Signature_K5,5,12365,-21.765355088123115,-3.3227449166137486,0.2815485955525141,KGE
unified_1981_2015,camelscl_12284003,4,1,RF_Signature_K5,5,11946,-55.60876579323116,-5.746200741350361,0.5151079190949774,KGE
unified_1981_2015,camelscl_12284006,1,1,RF_Signature_K5,5,12138,-23.245558841319205,-3.967078630534248,0.2526522339911509,KGE
unified_1981_2015,camelscl_12582001,4,1,RF_Signature_K5,5,12031,-1.8796811544632024,-0.1561708872502796,0.11656396674696,KGE
unified_1981_2015,camelscl_12600001,2,1,RF_Signature_K5,5,11975,-2.9559281648428404,-0.35059037896033973,0.19895222207317784,KGE
unified_1981_2015,camelscl_12622001,5,1,RF_Signature_K5,5,12021,-8.17585204241533,-1.3300177857357527,0.2675888294435524,KGE
unified_1981_2015,camelscl_12802001,3,1,RF_Signature_K5,5,12305,-79.5679778816463,-8.578599816608149,0.6956790841641574,KGE
unified_1981_2015,camelscl_12805001,2,1,RF_Signature_K5,5,12227,-6.994540426564929,-1.1930059394681045,0.2239007344799015,KGE
unified_1981_2015,camelscl_12806001,5,1,RF_Signature_K5,5,12249,-20.348351792878656,-2.3805237094529663,0.3613905844993708,KGE
unified_1981_2015,camelscl_4301002,3,1,RF_Signature_K5,5,12422,-0.6247038483895553,-0.35602317846694276,0.1652550663535945,KGE
unified_1981_2015,camelscl_4311001,1,1,RF_Signature_K5,5,11715,0.49594606468474,0.5056147212044693,0.06034920450858356,KGE
unified_1981_2015,camelscl_4313001,1,1,RF_Signature_K5,5,11742,0.4789089948817784,0.5323949828657375,0.0714340218157538,KGE
unified_1981_2015,camelscl_4314002,4,1,RF_Signature_K5,5,12623,0.6772205179432573,0.6764754717086883,0.050915427190805995,KGE
unified_1981_2015,camelscl_4501001,4,1,RF_Signature_K5,5,11935,0.15295501408711465,0.24446656188043325,0.07385422174862068,KGE
unified_1981_2015,camelscl_4503001,1,1,RF_Signature_K5,5,11799,-7.286962750531366,-1.7758603769248804,0.1374227634425985,KGE
unified_1981_2015,camelscl_4511002,1,1,RF_Signature_K5,5,12069,0.05341336282547615,-0.020442345586832333,0.06759897050058403,KGE
unified_1981_2015,camelscl_4512001,1,1,RF_Signature_K5,5,12071,-0.20013951909155026,-0.5576549013855765,0.09852797763668705,KGE
unified_1981_2015,camelscl_4513001,3,1,RF_Signature_K5,5,12338,-0.1605181872237733,-0.3341944864865747,0.0820606910604088,KGE
unified_1981_2015,camelscl_4514001,2,1,RF_Signature_K5,5,12218,0.08803796556794485,0.12998942438971972,0.08870426497180676,KGE
unified_1981_2015,camelscl_4520001,4,1,RF_Signature_K5,5,12054,-40.480171961520085,-19.348115241215478,0.2176359338042294,KGE
unified_1981_2015,camelscl_4530001,4,1,RF_Signature_K5,5,11812,-0.4553668837064613,-0.2173009855811292,0.044103130867148545,KGE
unified_1981_2015,camelscl_4532001,3,0,RF_Signature_K5,5,11668,-0.2613392699145083,0.2951159398961941,0.05714430414699448,KGE
unified_1981_2015,camelscl_4703002,1,1,RF_Signature_K5,5,12660,-0.06627930067080112,-0.1432027186165239,0.1060925589273768,KGE
unified_1981_2015,camelscl_4721001,3,1,RF_Signature_K5,5,12585,-0.05769455609821561,0.487516003641829,0.0686910812016278,KGE
unified_1981_2015,camelscl_4723001,5,1,RF_Signature_K5,5,12044,0.3055376479361618,0.13664400555871492,0.04759569447443768,KGE
unified_1981_2015,camelscl_5200001,2,1,RF_Signature_K5,5,11740,-7.578207422171067,-1.147049874471913,0.15010150963172514,KGE
unified_1981_2015,camelscl_5401003,2,0,RF_Signature_K5,5,11808,-0.22725831668352625,0.027116081662350133,0.12311640627863461,KGE
unified_1981_2015,camelscl_5402001,5,1,RF_Signature_K5,5,11878,-0.42537340230163,-0.5963719498701501,0.14921989078374878,KGE
unified_1981_2015,camelscl_5406001,1,1,RF_Signature_K5,5,11768,-0.09387997867284592,-0.07680767943899514,0.10190488196869468,KGE
unified_1981_2015,camelscl_5706001,1,1,RF_Signature_K5,5,11640,-1.6062109058062246,-0.46871022839420107,0.15382733144281477,KGE
unified_1981_2015,camelscl_5707002,1,1,RF_Signature_K5,5,12054,-2.5919902546890428,-0.3396655583100101,0.31050697859555576,KGE
unified_1981_2015,camelscl_5722001,4,1,RF_Signature_K5,5,12272,-0.5289540601988927,-0.12459444032670475,0.0368780177807401,KGE
unified_1981_2015,camelscl_5722002,1,1,RF_Signature_K5,5,12551,-2.4817848468140213,-0.45744217471341875,0.06263675394335934,KGE
unified_1981_2015,camelscl_6013001,5,1,RF_Signature_K5,5,11609,-0.547535132194884,-0.28215130980139813,0.05414528961234773,KGE
unified_1981_2015,camelscl_7103001,4,1,RF_Signature_K5,5,12564,0.023297571029588182,-0.03880068016608207,0.04062170981445165,KGE
unified_1981_2015,camelscl_7104002,4,1,RF_Signature_K5,5,12375,-0.05998693219844231,0.021027217977529267,0.05070470185487967,KGE
unified_1981_2015,camelscl_7112001,5,1,RF_Signature_K5,5,11523,0.17021721365691433,0.3581885545175807,0.03141867509779517,KGE
unified_1981_2015,camelscl_7115001,2,1,RF_Signature_K5,5,11993,0.37948541872997343,0.3784679364511515,0.02327936176653432,KGE
unified_1981_2015,camelscl_7116001,3,1,RF_Signature_K5,5,12208,-0.24509295680234677,-0.2341211454801111,0.05094328586169527,KGE
unified_1981_2015,camelscl_7355002,1,1,RF_Signature_K5,5,11800,-0.03268035995770413,-0.09646543432692645,0.042108846818074114,KGE
unified_1981_2015,camelscl_7374001,5,1,RF_Signature_K5,5,12076,-0.45915385983058843,-0.2861425005701066,0.05813366655685466,KGE
unified_1981_2015,camelscl_8130002,1,1,RF_Signature_K5,5,12446,0.10188026936162098,0.0058036759467582355,0.04632178248975035,KGE
unified_1981_2015,camelscl_8351001,3,0,RF_Signature_K5,5,11583,-0.5535105768784143,-0.3401241547638618,0.07142920968408624,KGE
unified_1981_2015,hysets_01010070,4,1,RF_Signature_K5,5,11780,0.19637795224070376,0.24796204661009147,0.07239619866252647,KGE
unified_1981_2015,hysets_01022500,1,1,RF_Signature_K5,5,12783,0.3252715533936227,0.5136988661632726,0.0723654071046603,KGE
unified_1981_2015,hysets_01031500,1,1,RF_Signature_K5,5,12783,0.8985570801605692,0.857018395385543,0.01065217380057644,KGE
unified_1981_2015,hysets_01038000,3,1,RF_Signature_K5,5,12783,0.2895419089961999,0.38408658022948416,0.04499635194794353,KGE
unified_1981_2015,hysets_01047000,2,1,RF_Signature_K5,5,12783,0.584126178379143,0.6057413362782365,0.022561302754040363,KGE
unified_1981_2015,hysets_01054200,1,1,RF_Signature_K5,5,12783,0.20114558264164462,0.27751572323289075,0.042016528197271905,KGE
unified_1981_2015,hysets_01055000,3,1,RF_Signature_K5,5,12783,0.6871522174877618,0.6263377571279218,0.024994986900645937,KGE
unified_1981_2015,hysets_01057000,2,1,RF_Signature_K5,5,12783,0.44808780601860165,0.5613563601347584,0.025382100087021787,KGE
unified_1981_2015,hysets_01064500,3,1,RF_Signature_K5,5,12783,0.27037328485703593,0.4299860454536545,0.037802652520853394,KGE
unified_1981_2015,hysets_01076500,1,1,RF_Signature_K5,5,12783,0.3508708078814521,0.487931637080117,0.04193248721258587,KGE
unified_1981_2015,hysets_01078000,2,1,RF_Signature_K5,5,12783,0.13811944715364843,0.4802923834919841,0.053594180924141976,KGE
unified_1981_2015,hysets_01096000,1,0,RF_Signature_K5,5,12783,0.17770645125240303,0.3626358831721551,0.04132510803553979,KGE
unified_1981_2015,hysets_01118000,1,1,RF_Signature_K5,5,12783,-0.3292290337463424,0.27605849700096663,0.042156725621307914,KGE
unified_1981_2015,hysets_01134500,1,1,RF_Signature_K5,5,12783,0.5018513920882636,0.594639849657359,0.04057592448986289,KGE
unified_1981_2015,hysets_01137500,4,1,RF_Signature_K5,5,12783,0.42321137540385023,0.5970684996425355,0.04754544135728384,KGE
unified_1981_2015,hysets_01169000,5,1,RF_Signature_K5,5,12783,0.5400293381456571,0.6136747182486819,0.023915391832227125,KGE
unified_1981_2015,hysets_01174500,5,1,RF_Signature_K5,5,12783,0.46292371652586284,0.6246086865350324,0.0442681089821275,KGE
unified_1981_2015,hysets_01181000,5,1,RF_Signature_K5,5,12783,0.5631562370348209,0.6157507132680907,0.01672539909092549,KGE
unified_1981_2015,hysets_01439500,5,1,RF_Signature_K5,5,12783,0.5281026043140444,0.558278446809346,0.04167576976041098,KGE
unified_1981_2015,hysets_01440000,4,1,RF_Signature_K5,5,12783,0.14760465751083152,0.34211967151018596,0.03408286490514266,KGE
unified_1981_2015,hysets_01447500,1,1,RF_Signature_K5,5,12783,0.39726741797475584,0.4985345528218328,0.029175917109712204,KGE
unified_1981_2015,hysets_01543000,4,1,RF_Signature_K5,5,12783,0.7270460853702507,0.7424522150037074,0.02366773240888115,KGE
unified_1981_2015,hysets_01543500,2,1,RF_Signature_K5,5,12783,0.9560733717107207,0.9722116268482689,0.009387214043708255,KGE
unified_1981_2015,hysets_01544500,3,1,RF_Signature_K5,5,12783,0.8401442206843692,0.7857300888550516,0.02040816126304934,KGE
unified_1981_2015,hysets_01545600,5,0,RF_Signature_K5,5,12783,0.5308397864170371,0.682584970530432,0.029695290685045634,KGE
unified_1981_2015,hysets_01550000,5,1,RF_Signature_K5,5,12783,0.6531093147683639,0.6645078865640653,0.02011765633413174,KGE
unified_1981_2015,hysets_01552000,2,0,RF_Signature_K5,5,12783,0.7131652907014927,0.6951317890662845,0.014737405405833527,KGE
unified_1981_2015,hysets_01605500,1,1,RF_Signature_K5,5,12783,0.6892754521649487,0.7225437041771902,0.009495077806301672,KGE
unified_1981_2015,hysets_01606500,3,1,RF_Signature_K5,5,12782,0.38061164361472266,0.4872898528859557,0.014925882081482733,KGE
unified_1981_2015,hysets_01611500,5,1,RF_Signature_K5,5,12417,-0.39955157561267174,0.16583492139119538,0.04701827968543565,KGE
unified_1981_2015,hysets_01665500,3,0,RF_Signature_K5,5,11595,0.1324155792918308,0.18888120873594827,0.012625571167680557,KGE
unified_1981_2015,hysets_01669520,2,1,RF_Signature_K5,5,12558,-1.0594082807382432,0.18138947057302435,0.04127341404510604,KGE
unified_1981_2015,hysets_01673800,1,1,RF_Signature_K5,5,12783,0.23773618774937832,0.37472120240433826,0.03767004278746571,KGE
unified_1981_2015,hysets_01AJ010,2,1,RF_Signature_K5,5,12783,0.5117838809286509,0.6933842197191127,0.031116832862428945,KGE
unified_1981_2015,hysets_01AK001,3,1,RF_Signature_K5,5,12783,0.6236018642562351,0.7312279561355337,0.052971389749862915,KGE
unified_1981_2015,hysets_01AK007,1,1,RF_Signature_K5,5,12783,0.7826829566064686,0.7429362957634744,0.02374323058178883,KGE
unified_1981_2015,hysets_01AL002,2,1,RF_Signature_K5,5,12783,0.19951208803167364,0.3319615571612755,0.04082397330678837,KGE
unified_1981_2015,hysets_01AM001,4,1,RF_Signature_K5,5,12783,0.48232280078309486,0.504869573110313,0.03857200322512909,KGE
unified_1981_2015,hysets_01AN002,1,1,RF_Signature_K5,5,12783,0.455894208710377,0.593536122323689,0.04514988844679419,KGE
unified_1981_2015,hysets_01AP002,4,1,RF_Signature_K5,5,12783,0.4857105873151014,0.4893565754727852,0.0383445867219347,KGE
unified_1981_2015,hysets_01AQ001,4,1,RF_Signature_K5,5,12783,0.08024326800500559,0.379372460435327,0.0482913758925674,KGE
unified_1981_2015,hysets_01BJ003,1,1,RF_Signature_K5,5,12783,0.10191948194311984,0.3608379630780205,0.07284854622693486,KGE
unified_1981_2015,hysets_01BL002,3,1,RF_Signature_K5,5,12783,-0.3058905430240273,0.2279429185715678,0.06461300218203099,KGE
unified_1981_2015,hysets_01BQ001,2,1,RF_Signature_K5,5,12783,0.35655837611584085,0.5041750895085009,0.05170387357748901,KGE
unified_1981_2015,hysets_01BS001,3,1,RF_Signature_K5,5,12783,0.5293128981877634,0.5492764625758051,0.03706229280615562,KGE
unified_1981_2015,hysets_01BU002,1,1,RF_Signature_K5,5,12783,0.32554891492767823,0.4912897008042628,0.04481616859800188,KGE
unified_1981_2015,hysets_01BV006,1,1,RF_Signature_K5,5,12783,0.17696601167907722,0.2702175264308503,0.04874615761157822,KGE
unified_1981_2015,hysets_01DR001,2,1,RF_Signature_K5,5,12783,-0.0703051432829751,0.2599533725660801,0.06907480635182367,KGE
unified_1981_2015,hysets_01EC001,5,1,RF_Signature_K5,5,12783,0.03324186061244949,0.21090790424396444,0.08087620036266788,KGE
unified_1981_2015,hysets_01ED007,2,1,RF_Signature_K5,5,12783,-0.25753569006806254,0.04801324694998932,0.07115873469483555,KGE
unified_1981_2015,hysets_01EF001,3,1,RF_Signature_K5,5,12783,0.33589660794530707,0.3845921474632431,0.049140006674883656,KGE
unified_1981_2015,hysets_01EO001,5,1,RF_Signature_K5,5,12783,0.15492610633332327,0.20857847684002218,0.04945177010978573,KGE
unified_1981_2015,hysets_01FB001,5,1,RF_Signature_K5,5,12783,-0.0015671446664409228,0.1221245256374982,0.0460273730026078,KGE
unified_1981_2015,hysets_01FB003,4,1,RF_Signature_K5,5,12783,-0.15055804398046946,0.4917333356505429,0.14440830163126187,KGE
unified_1981_2015,hysets_02011400,5,1,RF_Signature_K5,5,12783,0.8127570793941923,0.817091670408065,0.013535100249023335,KGE
unified_1981_2015,hysets_02011460,5,1,RF_Signature_K5,5,12783,-0.016293157882035558,0.23099796257261818,0.029240800053447168,KGE
unified_1981_2015,hysets_02013000,3,1,RF_Signature_K5,5,12783,0.7683074078198529,0.7257073888344089,0.017168223546054028,KGE
unified_1981_2015,hysets_02014000,2,1,RF_Signature_K5,5,12783,0.8813179488961338,0.8814798258590825,0.014302751523951714,KGE
unified_1981_2015,hysets_02015700,2,1,RF_Signature_K5,5,12783,0.42144618017159463,0.5041913365450648,0.023658811571010144,KGE
unified_1981_2015,hysets_02016000,5,1,RF_Signature_K5,5,12783,0.7182099840067527,0.7560029559001155,0.016335951826070737,KGE
unified_1981_2015,hysets_02017500,5,1,RF_Signature_K5,5,12783,0.8505069847461252,0.8733202848305391,0.01860532802457125,KGE
unified_1981_2015,hysets_02018000,3,1,RF_Signature_K5,5,12783,0.6979304985578992,0.7636087390778253,0.018745710896728777,KGE
unified_1981_2015,hysets_02020500,4,1,RF_Signature_K5,5,12053,0.4261028309458105,0.40722726563380296,0.015733103379061267,KGE
unified_1981_2015,hysets_02021500,3,1,RF_Signature_K5,5,12783,0.29331419719751317,0.40093888725041427,0.017681060528602435,KGE
unified_1981_2015,hysets_02027000,4,0,RF_Signature_K5,5,12783,0.7224304065374227,0.6614725703656275,0.018230261723828734,KGE
unified_1981_2015,hysets_02028500,4,0,RF_Signature_K5,5,12783,0.5418049185422433,0.6051082672838684,0.027665004464910443,KGE
unified_1981_2015,hysets_02030000,4,1,RF_Signature_K5,5,12427,-0.13225465964751693,0.350881559092985,0.03609178151107509,KGE
unified_1981_2015,hysets_02041000,4,1,RF_Signature_K5,5,12783,0.16500192172161954,0.4245822247872225,0.03521607006183217,KGE
unified_1981_2015,hysets_02046000,4,1,RF_Signature_K5,5,12783,0.3997190407422071,0.5735343287695651,0.020706786390319327,KGE
unified_1981_2015,hysets_02212600,4,1,RF_Signature_K5,5,12783,0.2965876118833005,0.3530463349487014,0.02841795654534084,KGE
unified_1981_2015,hysets_02325000,1,1,RF_Signature_K5,5,12228,-3.6818857687605107,-0.3718267412201457,0.2463712021725245,KGE
unified_1981_2015,hysets_02326000,3,1,RF_Signature_K5,5,12783,-2.3778004514990174,-0.2544901894969773,0.21541315029959143,KGE
unified_1981_2015,hysets_02327100,1,1,RF_Signature_K5,5,12783,0.14109585052939122,0.24783558280340068,0.030315648994635618,KGE
unified_1981_2015,hysets_02331600,1,1,RF_Signature_K5,5,12783,-0.4600850247770154,0.3086609285559436,0.055840472841768074,KGE
unified_1981_2015,hysets_02373000,5,1,RF_Signature_K5,5,12783,-0.12172225653986968,0.14704523751537824,0.04748744447554876,KGE
unified_1981_2015,hysets_02374500,3,1,RF_Signature_K5,5,12783,-0.4625076177393519,0.2022308508660704,0.042360304476377855,KGE
unified_1981_2015,hysets_02380500,2,1,RF_Signature_K5,5,12783,-0.2294443217876938,0.3958019985290874,0.04832262396390718,KGE
unified_1981_2015,hysets_02401390,4,1,RF_Signature_K5,5,12783,0.18424066976907616,0.2675427435970521,0.04456515230407586,KGE
unified_1981_2015,hysets_02450250,3,1,RF_Signature_K5,5,12783,0.12206406299241335,0.3850116236568162,0.04635776297142515,KGE
unified_1981_2015,hysets_02469800,5,1,RF_Signature_K5,5,12783,0.20144775586438812,0.3990396022462198,0.035755873532861665,KGE
unified_1981_2015,hysets_02479155,1,1,RF_Signature_K5,5,12783,0.2920628368363808,0.3466597030467844,0.022005741244467063,KGE
unified_1981_2015,hysets_02479300,1,0,RF_Signature_K5,5,12783,-0.3788473055049675,0.07530139511093992,0.06095665703358902,KGE
unified_1981_2015,hysets_02479560,3,1,RF_Signature_K5,5,12783,-0.3983280487191878,0.10598638270081506,0.06937137708935955,KGE
unified_1981_2015,hysets_02AB017,5,1,RF_Signature_K5,5,12765,-0.2730976818385027,-0.1492156546274057,0.06763370724430695,KGE
unified_1981_2015,hysets_02AC001,3,1,RF_Signature_K5,5,11997,-0.3795192631066888,-0.04003121000646881,0.06176423084061609,KGE
unified_1981_2015,hysets_02AD010,2,1,RF_Signature_K5,5,12672,0.07767913117805048,0.04956534219582631,0.06569279707343809,KGE
unified_1981_2015,hysets_02BA003,2,1,RF_Signature_K5,5,12782,-0.03425070977309397,-0.044756802534893225,0.07633965597653296,KGE
unified_1981_2015,hysets_02BF001,4,1,RF_Signature_K5,5,12783,0.47261034297497106,0.4145275824318174,0.05361517571842772,KGE
unified_1981_2015,hysets_02BF002,1,1,RF_Signature_K5,5,12783,0.48877549514629104,0.5281308499370373,0.05544146146782593,KGE
unified_1981_2015,hysets_02CB003,2,1,RF_Signature_K5,5,12783,0.46242499034419837,0.54217167132954,0.06520346644272838,KGE
unified_1981_2015,hysets_02CD006,2,1,RF_Signature_K5,5,12783,0.21142195703968736,0.6217369628909353,0.10192032723247077,KGE
unified_1981_2015,hysets_02DD015,1,1,RF_Signature_K5,5,12783,-0.40526931716124004,0.2390307875641151,0.09113149824995763,KGE
unified_1981_2015,hysets_02HL003,5,1,RF_Signature_K5,5,12783,-0.5280578457896012,0.1737863407265986,0.12109709603969876,KGE
unified_1981_2015,hysets_02HL004,5,1,RF_Signature_K5,5,12783,-0.29722334045361576,0.2659820530334679,0.09447590806217002,KGE
unified_1981_2015,hysets_02JC008,1,1,RF_Signature_K5,5,12781,0.32706136345741166,0.4435150424484604,0.08748593232386406,KGE
unified_1981_2015,hysets_02YC001,1,1,RF_Signature_K5,5,12783,0.2488594363985367,0.40713818455076767,0.06692414704993373,KGE
unified_1981_2015,hysets_02YD002,1,1,RF_Signature_K5,5,12783,0.09225003937750398,0.21503126651351578,0.10086312463209522,KGE
unified_1981_2015,hysets_02YJ001,4,1,RF_Signature_K5,5,12783,-0.18453479422121322,0.03359923764042072,0.09075897314201171,KGE
unified_1981_2015,hysets_02YK002,3,1,RF_Signature_K5,5,12663,0.46638945586429026,0.49974341669922295,0.07328946074491899,KGE
unified_1981_2015,hysets_02YK005,1,1,RF_Signature_K5,5,12783,0.24930464724290113,0.36366411435791657,0.08605902779576721,KGE
unified_1981_2015,hysets_02YN002,5,1,RF_Signature_K5,5,12783,-0.012773886314175753,0.0902866408226527,0.07615313391984505,KGE
unified_1981_2015,hysets_02YO006,5,1,RF_Signature_K5,5,12783,-0.13451732993855003,0.39238228399080566,0.04954216404455379,KGE
unified_1981_2015,hysets_02YO008,2,1,RF_Signature_K5,5,11688,0.1422704835951627,0.29682986668765887,0.0766644235757292,KGE
unified_1981_2015,hysets_02YR001,1,1,RF_Signature_K5,5,12783,0.03972226926758371,0.3707146287334261,0.10123014092070708,KGE
unified_1981_2015,hysets_02YR003,4,1,RF_Signature_K5,5,12783,-0.10508882369950356,0.3385495501528344,0.110284864650089,KGE
unified_1981_2015,hysets_02ZB001,1,1,RF_Signature_K5,5,12783,0.028538626183204907,0.029421305104675333,0.04881729470066324,KGE
unified_1981_2015,hysets_02ZC002,3,1,RF_Signature_K5,5,12418,0.06652209588218072,0.09926217726568554,0.058767288854686205,KGE
unified_1981_2015,hysets_02ZF001,3,1,RF_Signature_K5,5,12783,0.2381170241142042,0.4631801607987175,0.05188228832494294,KGE
unified_1981_2015,hysets_02ZG001,5,1,RF_Signature_K5,5,12783,0.1282687884494237,0.3405059053164369,0.04661196439465018,KGE
unified_1981_2015,hysets_02ZG003,3,1,RF_Signature_K5,5,12783,-0.39183665066386797,-0.009608189252506394,0.0696265912278429,KGE
unified_1981_2015,hysets_02ZH001,3,1,RF_Signature_K5,5,12783,0.30635281595227815,0.3382542807865606,0.045525876169942296,KGE
unified_1981_2015,hysets_02ZK001,2,1,RF_Signature_K5,5,12783,-0.13457271520572323,-0.10568564928546409,0.06122410670453569,KGE
unified_1981_2015,hysets_02ZK004,2,1,RF_Signature_K5,5,12053,-0.14726359139887601,-0.11177625590951235,0.06179133218205009,KGE
unified_1981_2015,hysets_03010500,2,0,RF_Signature_K5,5,12783,0.490386813811304,0.7337365467176713,0.051511801708990015,KGE
unified_1981_2015,hysets_03010655,1,1,RF_Signature_K5,5,12783,0.8334326138642779,0.8769336042539503,0.027685322340573446,KGE
unified_1981_2015,hysets_03021350,3,0,RF_Signature_K5,5,12783,0.14964211262594396,0.32444900837303636,0.070184266243886,KGE
unified_1981_2015,hysets_03028000,1,1,RF_Signature_K5,5,12783,0.6797383667990111,0.7631716670500274,0.02435241902738939,KGE
unified_1981_2015,hysets_03065000,1,1,RF_Signature_K5,5,12053,0.6060743362027913,0.6176831113975294,0.022165286719370486,KGE
unified_1981_2015,hysets_03070500,1,1,RF_Signature_K5,5,12783,0.5315617759759168,0.6606736447354391,0.039672025934634626,KGE
unified_1981_2015,hysets_03072000,1,1,RF_Signature_K5,5,12783,0.07924246928543432,0.3154436059138278,0.057288040089366804,KGE
unified_1981_2015,hysets_03110000,4,1,RF_Signature_K5,5,12783,-0.17052686576741638,0.3601659995916704,0.0373158873877692,KGE
unified_1981_2015,hysets_03151400,5,1,RF_Signature_K5,5,12052,0.526721835084607,0.5823064391390997,0.027825168668646424,KGE
unified_1981_2015,hysets_03159540,3,1,RF_Signature_K5,5,12782,0.3304870681782497,0.46976169473056295,0.03189260058339392,KGE
unified_1981_2015,hysets_03180500,4,1,RF_Signature_K5,5,12783,0.4969247383516533,0.5640561728027385,0.024114724059702865,KGE
unified_1981_2015,hysets_03182500,3,1,RF_Signature_K5,5,12783,0.23731377987708802,0.49195492458395385,0.03156382916634146,KGE
unified_1981_2015,hysets_03186500,3,1,RF_Signature_K5,5,12783,0.35894973335924507,0.477164104201554,0.04652091090270945,KGE
unified_1981_2015,hysets_03187500,2,1,RF_Signature_K5,5,12265,0.35139987354533153,0.4435941257611239,0.03961197983677003,KGE
unified_1981_2015,hysets_03189100,2,1,RF_Signature_K5,5,11661,0.428279017044338,0.5630656346687544,0.050227624471217654,KGE
unified_1981_2015,hysets_03194700,3,1,RF_Signature_K5,5,12052,0.4624249551024485,0.5388924771454712,0.04521599491130572,KGE
unified_1981_2015,hysets_03198500,5,0,RF_Signature_K5,5,12783,0.2676873471137863,0.5252860126176826,0.043166081096236035,KGE
unified_1981_2015,hysets_03202400,5,1,RF_Signature_K5,5,12783,0.14107046478660823,0.4168530922489959,0.03219958486925665,KGE
unified_1981_2015,hysets_03202750,2,1,RF_Signature_K5,5,12783,0.14991516962970186,0.5309430074910262,0.05382647462564391,KGE
unified_1981_2015,hysets_03207800,1,1,RF_Signature_K5,5,12783,0.41214252405414964,0.6462799471719853,0.02674153941978836,KGE
unified_1981_2015,hysets_03208500,2,1,RF_Signature_K5,5,12783,0.16012819940633216,0.4261792708019335,0.035244019439158426,KGE
unified_1981_2015,hysets_03210000,2,1,RF_Signature_K5,5,12418,0.06345059584743495,0.3547628534791778,0.030521881300653135,KGE
unified_1981_2015,hysets_03217000,3,1,RF_Signature_K5,5,12783,0.3141435722193421,0.4399201297899349,0.022886469387434622,KGE
unified_1981_2015,hysets_03280700,2,1,RF_Signature_K5,5,12783,0.24401353454021624,0.4208586789779428,0.035499086272891826,KGE
unified_1981_2015,hysets_03460000,4,1,RF_Signature_K5,5,12783,-0.20418988147067707,0.3465726603281608,0.05550382797497667,KGE
unified_1981_2015,hysets_03497300,4,1,RF_Signature_K5,5,12783,-0.10054480461462356,0.18167772828472661,0.04049906053206131,KGE
unified_1981_2015,hysets_03512000,3,1,RF_Signature_K5,5,12783,0.008481419022630998,0.4629875306223792,0.060049264986442016,KGE
unified_1981_2015,hysets_03574500,4,1,RF_Signature_K5,5,12783,0.049198069111011655,0.13762151278562818,0.02797215011683668,KGE
unified_1981_2015,hysets_04015330,4,1,RF_Signature_K5,5,12783,-0.06600188245406846,-0.25888033923284404,0.02021687061386061,KGE
unified_1981_2015,hysets_04024430,2,1,RF_Signature_K5,5,12783,-0.7944476196837988,0.017035940968149754,0.052714976326655415,KGE
unified_1981_2015,hysets_04025500,2,1,RF_Signature_K5,5,11961,-3.0659892309856556,-0.20538108285445733,0.09290247006309885,KGE
unified_1981_2015,hysets_04057510,2,1,RF_Signature_K5,5,12783,-0.753202861322577,-0.21399122701484918,0.11285104695995352,KGE
unified_1981_2015,hysets_04063700,5,1,RF_Signature_K5,5,12783,-0.14122089321198317,0.21145128315077344,0.08015481836253084,KGE
unified_1981_2015,hysets_04256000,4,1,RF_Signature_K5,5,12783,0.2412254377049683,0.5250085932349597,0.04095923852411607,KGE
unified_1981_2015,hysets_04262500,1,1,RF_Signature_K5,5,12783,0.0020818903588412097,0.5512513592877224,0.07557196311678911,KGE
unified_1981_2015,hysets_04269000,4,1,RF_Signature_K5,5,12417,0.07059715747948969,0.47219774506194434,0.07747532166765728,KGE
unified_1981_2015,hysets_04287000,4,0,RF_Signature_K5,5,12783,0.4823766476037503,0.6323994348352187,0.024828353117869212,KGE
unified_1981_2015,hysets_04296000,5,1,RF_Signature_K5,5,12783,-0.08124138786680812,0.5057068240540592,0.08821876121239797,KGE
unified_1981_2015,hysets_05AA008,2,1,RF_Signature_K5,5,12783,0.2785552469479825,0.24564396777613984,0.05282872771504234,KGE
unified_1981_2015,hysets_05BG006,2,0,RF_Signature_K5,5,12783,0.18070044422981635,0.19437237775051242,0.020317439833531816,KGE
unified_1981_2015,hysets_05DA009,1,0,RF_Signature_K5,5,12783,0.06156731860917575,0.3795413248892916,0.19746999399449955,KGE
unified_1981_2015,hysets_05DC006,1,1,RF_Signature_K5,5,12783,-0.20409943792700624,0.04163650643270311,0.03198425601651891,KGE
unified_1981_2015,hysets_05QE008,5,1,RF_Signature_K5,5,12783,-0.9248476782005961,0.2277760058402296,0.23359047490571738,KGE
unified_1981_2015,hysets_05QE009,3,1,RF_Signature_K5,5,12667,-0.0938722585247409,0.3568481819575746,0.1053704146430871,KGE
unified_1981_2015,hysets_05QE012,4,1,RF_Signature_K5,5,12783,-0.5883059587454005,0.0483863553529027,0.2053133421568068,KGE
unified_1981_2015,hysets_05TG002,4,1,RF_Signature_K5,5,12000,-0.3159247877653695,0.2653093425667924,0.11555720575072208,KGE
unified_1981_2015,hysets_05UF004,2,1,RF_Signature_K5,5,12584,0.051180091920745685,-0.0508661269073265,0.09229552323611159,KGE
unified_1981_2015,hysets_06019500,5,1,RF_Signature_K5,5,12663,-0.9933564844755629,-0.18093964332539336,0.08767451810196383,KGE
unified_1981_2015,hysets_06191000,2,1,RF_Signature_K5,5,11597,0.546327928306703,0.7315449750871337,0.08563564827141712,KGE
unified_1981_2015,hysets_06200000,1,1,RF_Signature_K5,5,12782,-0.28819826717158215,-0.11785519105775677,0.11324879387617891,KGE
unified_1981_2015,hysets_06224000,3,1,RF_Signature_K5,5,12783,0.5968241669185044,0.588600664782337,0.06786798458125137,KGE
unified_1981_2015,hysets_06289000,1,1,RF_Signature_K5,5,12783,0.4778218900354403,0.442422502641751,0.06784675827955697,KGE
unified_1981_2015,hysets_06309200,4,1,RF_Signature_K5,5,12783,0.16933480172492943,0.12041293226756411,0.058783820304954056,KGE
unified_1981_2015,hysets_06332515,2,1,RF_Signature_K5,5,12783,-3.7560624982344253,-1.7069800801048167,0.08640634855172971,KGE
unified_1981_2015,hysets_06339100,1,0,RF_Signature_K5,5,12783,-0.21867985585609273,0.03318784758462001,0.026733184940516668,KGE
unified_1981_2015,hysets_06344600,1,0,RF_Signature_K5,5,12783,0.21460941365712483,0.22632917313734646,0.022636943281552368,KGE
unified_1981_2015,hysets_06400875,3,1,RF_Signature_K5,5,11902,-0.6794291349657817,-0.26329576414178435,0.023247989210532394,KGE
unified_1981_2015,hysets_06404000,3,1,RF_Signature_K5,5,12783,-0.5331964360279324,0.07846215546501878,0.033975608217458556,KGE
unified_1981_2015,hysets_06406000,4,1,RF_Signature_K5,5,12783,-12.396672191962185,-2.7304198821597137,0.13572531719499972,KGE
unified_1981_2015,hysets_06409000,1,1,RF_Signature_K5,5,12783,-8.694518400647341,-1.0907299243898203,0.18865427212418331,KGE
unified_1981_2015,hysets_06422500,2,1,RF_Signature_K5,5,12783,-2.5548542530038283,-0.5252317853594,0.08051166370631892,KGE
unified_1981_2015,hysets_06623800,5,1,RF_Signature_K5,5,12783,0.4280638274791305,0.3020572656613294,0.08894690196614097,KGE
unified_1981_2015,hysets_06712000,1,1,RF_Signature_K5,5,12783,-13.525549482510279,-2.594904110577592,0.1163061673525865,KGE
unified_1981_2015,hysets_06719505,3,1,RF_Signature_K5,5,12782,-3.021180558924102,-1.0624202690988298,0.23551604927966563,KGE
unified_1981_2015,hysets_06876700,2,1,RF_Signature_K5,5,12783,-3.850878675690738,-0.8124770634587775,0.07383932369317235,KGE
unified_1981_2015,hysets_06FD002,4,1,RF_Signature_K5,5,11818,-0.06462065129769279,-0.16522160863417312,0.08897741076676675,KGE
unified_1981_2015,hysets_07060710,1,1,RF_Signature_K5,5,12783,-0.1942392176116745,-0.18836380673797826,0.020610250753686204,KGE
unified_1981_2015,hysets_07124200,2,1,RF_Signature_K5,5,12783,-0.839166349523409,-0.10024469796979751,0.040241767147168594,KGE
unified_1981_2015,hysets_07203000,3,1,RF_Signature_K5,5,12783,-20.671692663350754,-6.5838317365886185,0.0895465425293852,KGE
unified_1981_2015,hysets_07207500,3,1,RF_Signature_K5,5,12783,-11.336039639885128,-5.433205239660139,0.1465258792036677,KGE
unified_1981_2015,hysets_07208500,5,1,RF_Signature_K5,5,12783,-1.6084912211494684,-0.2682880712094129,0.04911494730554355,KGE
unified_1981_2015,hysets_07291000,1,1,RF_Signature_K5,5,12053,-0.00939480117636915,0.043333420743770446,0.0312492358366435,KGE
unified_1981_2015,hysets_07299670,1,1,RF_Signature_K5,5,12783,-0.9720791226233834,-0.21155212101654675,0.028878696827014334,KGE
unified_1981_2015,hysets_07315200,3,1,RF_Signature_K5,5,12783,0.21480449338964125,0.26570456393367614,0.016034889790551416,KGE
unified_1981_2015,hysets_07335700,1,1,RF_Signature_K5,5,12783,-0.13385289828387892,-0.046556402986679846,0.03197353940569226,KGE
unified_1981_2015,hysets_07337900,3,1,RF_Signature_K5,5,12783,-0.08810923524409997,-0.06738786898434501,0.04432095579699802,KGE
unified_1981_2015,hysets_07340300,4,1,RF_Signature_K5,5,12783,-0.07159516638460994,-0.10551735988763089,0.04971552056372681,KGE
unified_1981_2015,hysets_07352000,5,1,RF_Signature_K5,5,12783,0.021684163425657266,0.3192958575752859,0.04390568963254169,KGE
unified_1981_2015,hysets_07361500,3,1,RF_Signature_K5,5,12783,-0.11278178721431131,0.0927906331976186,0.0467721592594449,KGE
unified_1981_2015,hysets_07362100,3,1,RF_Signature_K5,5,12783,0.12073749788402233,0.237219730194844,0.03150512391465652,KGE
unified_1981_2015,hysets_07373000,1,1,RF_Signature_K5,5,12783,-0.13087568363852697,0.001245079204254318,0.025569517150526366,KGE
unified_1981_2015,hysets_07376000,1,1,RF_Signature_K5,5,12418,0.4609534499284704,0.48430840501644434,0.02904204367963399,KGE
unified_1981_2015,hysets_07377000,3,0,RF_Signature_K5,5,12783,-0.010973366010766705,0.18527250988453725,0.03074732213730189,KGE
unified_1981_2015,hysets_07BJ001,5,1,RF_Signature_K5,5,12783,0.04788659736766343,0.1198705534186637,0.044040407470468765,KGE
unified_1981_2015,hysets_07MA003,4,1,RF_Signature_K5,5,12728,-3.1363380679518764,-0.25226841826879354,0.23610439053005727,KGE
unified_1981_2015,hysets_07SB013,5,0,RF_Signature_K5,5,11791,-2.3507387766973165,-0.29209214255753224,0.13269037011822726,KGE
unified_1981_2015,hysets_08013000,3,1,RF_Signature_K5,5,12768,0.1751323692331298,0.1666124216634285,0.03678928289881452,KGE
unified_1981_2015,hysets_08013500,4,1,RF_Signature_K5,5,12417,0.2346116414992928,0.2802007190900241,0.040298643663928026,KGE
unified_1981_2015,hysets_08014500,1,1,RF_Signature_K5,5,12783,0.257574604422817,0.25891073472596837,0.030561525667824337,KGE
unified_1981_2015,hysets_08025500,4,1,RF_Signature_K5,5,12052,0.19989302063222392,0.3156725867541337,0.029181767759151614,KGE
unified_1981_2015,hysets_08029500,5,1,RF_Signature_K5,5,12783,-0.22905905199280774,0.026409248253184248,0.017958535399453062,KGE
unified_1981_2015,hysets_08065800,1,1,RF_Signature_K5,5,12783,-0.015191799238833958,0.15594082927903163,0.033117536498822576,KGE
unified_1981_2015,hysets_08066200,2,1,RF_Signature_K5,5,12783,-0.01987712841755629,0.07257885142183995,0.020010041106059345,KGE
unified_1981_2015,hysets_08068720,1,1,RF_Signature_K5,5,12596,-0.1777546259686673,0.3227952749270673,0.08987920792305892,KGE
unified_1981_2015,hysets_08070000,4,1,RF_Signature_K5,5,12695,-0.07324324813036309,0.2617227134910063,0.020464309690435584,KGE
unified_1981_2015,hysets_08082700,4,1,RF_Signature_K5,5,12783,-0.13821240627115872,-0.18959593644386685,0.014526299874312544,KGE
unified_1981_2015,hysets_08084800,3,1,RF_Signature_K5,5,12783,-0.428135520413913,-0.09431645080467055,0.03709735478218937,KGE
unified_1981_2015,hysets_08086212,5,1,RF_Signature_K5,5,12783,0.31014561611144953,0.1945945035036909,0.015778939511436774,KGE
unified_1981_2015,hysets_08150800,3,1,RF_Signature_K5,5,12783,0.06630568542791959,-0.33694792627293824,0.014669486678394069,KGE
unified_1981_2015,hysets_08164300,2,1,RF_Signature_K5,5,12783,0.5100925989466556,0.3374196214656482,0.01938746235283506,KGE
unified_1981_2015,hysets_08165300,1,1,RF_Signature_K5,5,12783,-0.02431388095604814,-0.40585401640262364,0.01571778862557792,KGE
unified_1981_2015,hysets_08165500,3,1,RF_Signature_K5,5,12761,0.02819024615607757,0.16757966194832818,0.016198268857535943,KGE
unified_1981_2015,hysets_08171000,5,1,RF_Signature_K5,5,12783,0.10461717256297842,-0.07521481514329964,0.01210868761367207,KGE
unified_1981_2015,hysets_08175000,5,1,RF_Signature_K5,5,12783,0.35581812553539327,0.38362676038992505,0.012434006453655918,KGE
unified_1981_2015,hysets_08176900,1,0,RF_Signature_K5,5,12568,0.025734597781878477,0.28947331092673545,0.022001149966305946,KGE
unified_1981_2015,hysets_08178880,4,1,RF_Signature_K5,5,12145,0.5447339656911006,0.35740694420641594,0.007362733998358164,KGE
unified_1981_2015,hysets_08189500,2,0,RF_Signature_K5,5,12783,-0.037757960151620695,0.31460620140490814,0.025499523227556133,KGE
unified_1981_2015,hysets_08194200,5,1,RF_Signature_K5,5,12783,0.1830978081664062,0.22770478594379595,0.020410220015184125,KGE
unified_1981_2015,hysets_08195000,2,1,RF_Signature_K5,5,12783,0.26375002234246503,0.45746572304726485,0.018383221315193817,KGE
unified_1981_2015,hysets_08198000,5,1,RF_Signature_K5,5,12782,-0.11153513340792554,-0.043676198502465846,0.019181157557386024,KGE
unified_1981_2015,hysets_08198500,1,1,RF_Signature_K5,5,12783,-0.1274060636181562,-0.17561584700700728,0.018166109912900092,KGE
unified_1981_2015,hysets_08201500,1,0,RF_Signature_K5,5,12782,-0.07504306309249253,-0.19775328209880705,0.018383346341508434,KGE
unified_1981_2015,hysets_08202700,3,0,RF_Signature_K5,5,12783,-1.1868748291946698,-4.3662065411150595,0.02103005973054337,KGE
unified_1981_2015,hysets_08247500,2,1,RF_Signature_K5,5,12783,-1.3323018247677743,-1.292419549174543,0.13433317700202077,KGE
unified_1981_2015,hysets_08269000,3,1,RF_Signature_K5,5,12783,0.26055792555204427,0.4635429162625938,0.0685725506638644,KGE
unified_1981_2015,hysets_08279000,2,1,RF_Signature_K5,5,12560,-1.1511457176265263,-0.15410109899611202,0.0850450343747597,KGE
unified_1981_2015,hysets_08284100,1,1,RF_Signature_K5,5,12783,0.5159283217533164,0.35670078249284576,0.06228717606615482,KGE
unified_1981_2015,hysets_08289000,3,1,RF_Signature_K5,5,12783,-3.7436722600345016,-1.5716080207000234,0.20744394885461295,KGE
unified_1981_2015,hysets_08291000,2,1,RF_Signature_K5,5,12783,0.10237338239614402,0.40390819986328863,0.06715019962256864,KGE
unified_1981_2015,hysets_08324000,4,1,RF_Signature_K5,5,12783,0.1725791893731401,0.34122875749297477,0.07084243809104177,KGE
unified_1981_2015,hysets_08334000,4,1,RF_Signature_K5,5,12783,-13.40563151593144,-9.469040965615461,0.16831660271182372,KGE
unified_1981_2015,hysets_08378500,5,1,RF_Signature_K5,5,12783,0.5724529318640146,0.6066073838707188,0.04873169297230722,KGE
unified_1981_2015,hysets_08401200,4,1,RF_Signature_K5,5,12032,-2.401301158029862,-6.372165599634792,0.022663045933493123,KGE
unified_1981_2015,hysets_08401900,5,1,RF_Signature_K5,5,12783,-2.3133192865166774,-4.5406412320429785,0.028356498856501856,KGE
unified_1981_2015,hysets_08405150,5,1,RF_Signature_K5,5,12783,-3.1043043964277564,-7.226638065875315,0.030010664452721596,KGE
unified_1981_2015,hysets_08405500,3,1,RF_Signature_K5,5,12783,-35.84435435862411,-4.3160033219058205,0.10001409143747443,KGE
unified_1981_2015,hysets_08AA008,1,1,RF_Signature_K5,5,12589,-1.123183104492326,-0.025630829176902292,0.1657551911953216,KGE
unified_1981_2015,hysets_08AA009,4,1,RF_Signature_K5,5,12695,-0.6640574312477183,-0.07106919005761303,0.09093750203728133,KGE
unified_1981_2015,hysets_08AC001,2,1,RF_Signature_K5,5,11614,-0.905897010649602,0.038809444734904885,0.11099338210626761,KGE
unified_1981_2015,hysets_08EB004,5,1,RF_Signature_K5,5,12783,0.09278796396460143,0.44934341366760144,0.05836322997868102,KGE
unified_1981_2015,hysets_08ED001,4,1,RF_Signature_K5,5,12699,0.7141965153961225,0.7208395300670126,0.06660148306121556,KGE
unified_1981_2015,hysets_08ED002,2,0,RF_Signature_K5,5,12783,0.6239164973897419,0.8120480199411024,0.10345660412517409,KGE
unified_1981_2015,hysets_08EE008,2,1,RF_Signature_K5,5,12783,0.02161976701619417,0.3357403009615534,0.07616782319870544,KGE
unified_1981_2015,hysets_08EE013,4,1,RF_Signature_K5,5,12715,-0.2807146300700336,-0.06604371911770213,0.10181656853383844,KGE
unified_1981_2015,hysets_08EE020,3,1,RF_Signature_K5,5,12783,0.6197668937899814,0.599591061562776,0.042534336244727675,KGE
unified_1981_2015,hysets_08EG012,5,1,RF_Signature_K5,5,12783,0.07030292556562279,0.17404661690866607,0.0747554688154763,KGE
unified_1981_2015,hysets_08FE003,2,1,RF_Signature_K5,5,12783,-0.2702281003624145,0.25187314775566916,0.07016362461786955,KGE
unified_1981_2015,hysets_08FF001,3,1,RF_Signature_K5,5,12783,-1.5704654295410596,-0.04784419599821588,0.06949532853842544,KGE
unified_1981_2015,hysets_08FF002,3,1,RF_Signature_K5,5,12783,-1.5325477309057982,-0.07064667493188903,0.07178805141949852,KGE
unified_1981_2015,hysets_08FF003,4,1,RF_Signature_K5,5,12783,-0.6212982572254704,-0.08857321842861565,0.059280537258154214,KGE
unified_1981_2015,hysets_08GA071,2,1,RF_Signature_K5,5,12709,0.09414081026320487,0.2463272049550017,0.08431400427368031,KGE
unified_1981_2015,hysets_08GA072,5,0,RF_Signature_K5,5,12356,-0.2779867890795058,0.15196720457244162,0.07753469217891958,KGE
unified_1981_2015,hysets_08HA001,5,1,RF_Signature_K5,5,12783,0.47565201409899205,0.5581795804722236,0.04193380018604217,KGE
unified_1981_2015,hysets_08HA010,1,1,RF_Signature_K5,5,11578,0.22842045875996042,0.3114386734805875,0.07756136054380962,KGE
unified_1981_2015,hysets_08HB014,2,1,RF_Signature_K5,5,12743,0.09249659538421595,-0.0065161783925398176,0.07718720103245531,KGE
unified_1981_2015,hysets_08HB074,5,1,RF_Signature_K5,5,12308,0.2807880070256905,0.35739125075537514,0.045130554900212644,KGE
unified_1981_2015,hysets_08HD011,2,1,RF_Signature_K5,5,12783,0.27129736799455806,0.39414757577676063,0.05325071380260638,KGE
unified_1981_2015,hysets_08HD015,4,1,RF_Signature_K5,5,12459,0.09041301302577576,0.32959192496560863,0.05839047657592653,KGE
unified_1981_2015,hysets_08HF004,3,1,RF_Signature_K5,5,12639,0.3153710775313281,0.4251781651669323,0.04537421001457435,KGE
unified_1981_2015,hysets_08JD006,4,1,RF_Signature_K5,5,11977,0.5587552129399476,0.49520246224819364,0.06037581607541758,KGE
unified_1981_2015,hysets_08KA007,5,1,RF_Signature_K5,5,12783,0.3751444846092742,0.6441322996083625,0.11354746215492328,KGE
unified_1981_2015,hysets_08KH010,1,1,RF_Signature_K5,5,12686,0.41511637814042324,0.6038965467609011,0.10448451890670381,KGE
unified_1981_2015,hysets_08KH019,5,1,RF_Signature_K5,5,12518,-0.5496583194823985,0.07764648082605785,0.10043288436174767,KGE
unified_1981_2015,hysets_08LB038,2,1,RF_Signature_K5,5,11688,0.7189435649344933,0.6121767544887711,0.07568346432483983,KGE
unified_1981_2015,hysets_08LB069,3,1,RF_Signature_K5,5,12783,0.17694469956949876,0.16240355673242557,0.108211977725471,KGE
unified_1981_2015,hysets_08LB076,3,1,RF_Signature_K5,5,12644,0.10247886650710136,0.023745072453539073,0.10298886350330852,KGE
unified_1981_2015,hysets_08LE024,5,0,RF_Signature_K5,5,12783,0.7426432912409471,0.7589969852500783,0.07196767965025991,KGE
unified_1981_2015,hysets_08LE027,3,0,RF_Signature_K5,5,12783,0.7239918757582404,0.6376216167576051,0.06151274137828509,KGE
unified_1981_2015,hysets_08LG048,5,0,RF_Signature_K5,5,12783,0.7275666421076432,0.7405734427022626,0.05033283913960214,KGE
unified_1981_2015,hysets_08MA003,4,1,RF_Signature_K5,5,12096,-0.13710770120430937,0.4151529548867021,0.19182067952409249,KGE
unified_1981_2015,hysets_08ME023,1,0,RF_Signature_K5,5,12694,0.10314677818217544,0.06752107629872217,0.08499369941610987,KGE
unified_1981_2015,hysets_08ME025,4,1,RF_Signature_K5,5,12053,-2.057483953478485,-0.18391043683336394,0.17607112738571626,KGE
unified_1981_2015,hysets_08MH016,5,1,RF_Signature_K5,5,12783,0.44446154448912467,0.7173873610121051,0.06883288890385973,KGE
unified_1981_2015,hysets_08MH056,3,1,RF_Signature_K5,5,12620,0.49985837955660095,0.6712894447882161,0.031187052633961793,KGE
unified_1981_2015,hysets_08MH103,2,1,RF_Signature_K5,5,12783,-0.031635572010606516,0.4197164258639581,0.06621933423508408,KGE
unified_1981_2015,hysets_08MH147,4,1,RF_Signature_K5,5,11698,0.13137560487649502,0.17641441473095443,0.0594958686333283,KGE
unified_1981_2015,hysets_08NA006,5,1,RF_Signature_K5,5,12765,0.24975620233512363,0.640373667881655,0.11962946824853664,KGE
unified_1981_2015,hysets_08NB012,3,1,RF_Signature_K5,5,12179,0.7813659649524258,0.8733387153584382,0.06488952929148763,KGE
unified_1981_2015,hysets_08NB014,5,1,RF_Signature_K5,5,12783,0.7652854383448671,0.6714268965064539,0.06106313455333015,KGE
unified_1981_2015,hysets_08ND012,4,1,RF_Signature_K5,5,12783,0.8809620643457701,0.8472478599573052,0.04620190829560533,KGE
unified_1981_2015,hysets_08ND013,4,1,RF_Signature_K5,5,12783,0.7124718855354282,0.6236942632281033,0.07109047137553834,KGE
unified_1981_2015,hysets_08NE039,3,1,RF_Signature_K5,5,12783,0.5075752959852963,0.5355321440512721,0.08737302731887858,KGE
unified_1981_2015,hysets_08NE074,4,1,RF_Signature_K5,5,12783,0.4973457530090031,0.3535322292558215,0.08305629412186034,KGE
unified_1981_2015,hysets_08NF001,5,1,RF_Signature_K5,5,12783,0.2507594862189948,0.3763397087539013,0.12471705481005353,KGE
unified_1981_2015,hysets_08NG076,3,1,RF_Signature_K5,5,12783,0.02999003526311017,0.2556114665928919,0.0804417847416863,KGE
unified_1981_2015,hysets_08NG077,2,1,RF_Signature_K5,5,12783,0.6099797783954529,0.40083429582513086,0.06120124191099368,KGE
unified_1981_2015,hysets_08NH005,1,1,RF_Signature_K5,5,12783,0.6664069370566175,0.6242022267883134,0.06288856562940508,KGE
unified_1981_2015,hysets_08NH006,4,1,RF_Signature_K5,5,12783,0.4735619343153671,0.4774109628694728,0.08537510169501474,KGE
unified_1981_2015,hysets_08NH120,1,1,RF_Signature_K5,5,12783,0.5431753723631154,0.3401415908339397,0.0572168631613283,KGE
unified_1981_2015,hysets_08NH130,3,1,RF_Signature_K5,5,12783,0.6356853191277303,0.5653667794747774,0.05810059262179147,KGE
unified_1981_2015,hysets_08NJ160,5,1,RF_Signature_K5,5,12783,0.8180647303431141,0.7625549672839949,0.05801708539459032,KGE
unified_1981_2015,hysets_08NK016,4,1,RF_Signature_K5,5,12783,0.28072066736338863,0.3837162476772321,0.0434322781234155,KGE
unified_1981_2015,hysets_08NK018,2,1,RF_Signature_K5,5,12783,0.6901674832514383,0.6953466222667075,0.0307167457544404,KGE
unified_1981_2015,hysets_08NK022,4,1,RF_Signature_K5,5,12783,0.47868396286329273,0.5325201588440636,0.052246703722794316,KGE
unified_1981_2015,hysets_08NL004,1,1,RF_Signature_K5,5,12783,-0.9658886720949176,-0.6607606698436763,0.13052005205423464,KGE
unified_1981_2015,hysets_08NL024,5,1,RF_Signature_K5,5,12783,0.45916480630543344,0.490837679636023,0.05979548212786691,KGE
unified_1981_2015,hysets_08NL050,5,1,RF_Signature_K5,5,12783,-0.03543106209283953,0.12681625146268827,0.07213076413968203,KGE
unified_1981_2015,hysets_08NL071,4,1,RF_Signature_K5,5,12783,0.5804914011321797,0.5642384550332153,0.050303574681465554,KGE
unified_1981_2015,hysets_08NN019,3,1,RF_Signature_K5,5,12783,0.0888017976483998,0.20434199869718062,0.11035536752181191,KGE
unified_1981_2015,hysets_08OA002,2,1,RF_Signature_K5,5,12398,-0.014554030426896736,0.10048339798559491,0.09440574596276265,KGE
unified_1981_2015,hysets_09059500,4,1,RF_Signature_K5,5,12783,0.2663167940952138,0.29681141898201135,0.09072615165284667,KGE
unified_1981_2015,hysets_09165000,3,1,RF_Signature_K5,5,12053,0.3197073134948363,0.40333380636776717,0.09912298902555164,KGE
unified_1981_2015,hysets_09196500,1,1,RF_Signature_K5,5,11731,0.03613207788094508,-0.1106419415000035,0.1265020550851066,KGE
unified_1981_2015,hysets_09223000,3,1,RF_Signature_K5,5,12783,0.6113764425390964,0.5541034111574512,0.05458766717849925,KGE
unified_1981_2015,hysets_09253000,5,1,RF_Signature_K5,5,12231,0.5351183590096403,0.5155381699838983,0.07521999619575485,KGE
unified_1981_2015,hysets_09255000,2,1,RF_Signature_K5,5,12783,0.3899144615429342,0.3668065196677961,0.07826440440754476,KGE
unified_1981_2015,hysets_09266500,2,1,RF_Signature_K5,5,12783,0.39655887852796523,0.23532357839429052,0.04892330801618764,KGE
unified_1981_2015,hysets_09289500,1,1,RF_Signature_K5,5,12783,0.4626542835565104,0.41896889856509223,0.0579122727734499,KGE
unified_1981_2015,hysets_09292500,5,1,RF_Signature_K5,5,12783,0.12250263380495452,0.35413268517928653,0.08591562446475397,KGE
unified_1981_2015,hysets_09299500,1,1,RF_Signature_K5,5,12783,0.16910999626168,0.1944438309612404,0.06639500541343779,KGE
unified_1981_2015,hysets_09304200,2,1,RF_Signature_K5,5,12783,0.06346836931078126,0.39617669553367196,0.11611159832100117,KGE
unified_1981_2015,hysets_09304500,1,1,RF_Signature_K5,5,12783,-0.3818180938835365,0.29866293076538286,0.1259087726644988,KGE
unified_1981_2015,hysets_09306222,4,1,RF_Signature_K5,5,12783,-102.03585815743259,-10.323018419780782,0.9562104527010408,KGE
unified_1981_2015,hysets_09310500,3,1,RF_Signature_K5,5,12783,0.3977302106177768,0.2659249841000002,0.06352916440009641,KGE
unified_1981_2015,hysets_09312600,4,1,RF_Signature_K5,5,12783,0.3822030818516686,0.1428013080688305,0.05055301910273907,KGE
unified_1981_2015,hysets_09337000,3,1,RF_Signature_K5,5,12782,-34.38168552024163,-5.473126655073758,0.2863203071797391,KGE
unified_1981_2015,hysets_09342500,5,1,RF_Signature_K5,5,12783,0.3060372029630216,0.13523878783262488,0.10316955075223294,KGE
unified_1981_2015,hysets_09352900,3,1,RF_Signature_K5,5,12783,0.4990496565345822,0.447846257707753,0.07403203351726516,KGE
unified_1981_2015,hysets_09386900,1,1,RF_Signature_K5,5,12783,-0.2696714165048826,-0.006975217431725911,0.028032687943280944,KGE
unified_1981_2015,hysets_09403600,3,1,RF_Signature_K5,5,12783,-70.71871501135479,-6.745996677593932,0.19674439218326784,KGE
unified_1981_2015,hysets_09404450,5,1,RF_Signature_K5,5,12783,-0.2440846748791301,-0.1507530368076928,0.03187612142768026,KGE
unified_1981_2015,hysets_09405500,4,1,RF_Signature_K5,5,12783,-0.1915188843933242,-0.025678211293986175,0.04712992110185196,KGE
unified_1981_2015,hysets_09430600,5,0,RF_Signature_K5,5,12783,0.3910677033899026,0.2650966515994073,0.014986058055895988,KGE
unified_1981_2015,hysets_09442680,3,1,RF_Signature_K5,5,12783,-5.00328517795881,-4.289626748750391,0.04315324270389777,KGE
unified_1981_2015,hysets_09447000,5,1,RF_Signature_K5,5,12783,-0.7691349097749935,-0.6907955046224181,0.023077520935268384,KGE
unified_1981_2015,hysets_09447800,5,1,RF_Signature_K5,5,12571,-2.9860389463023735,-4.6591148389797485,0.021749562243010022,KGE
unified_1981_2015,hysets_09473000,3,1,RF_Signature_K5,5,12052,-1.0421878861288754,-0.2771113721361784,0.02378514736582436,KGE
unified_1981_2015,hysets_09494000,5,1,RF_Signature_K5,5,12783,0.2920496213059205,0.35567850015922586,0.03266107898089969,KGE
unified_1981_2015,hysets_09496500,2,1,RF_Signature_K5,5,12783,-3.6923797027935263,-1.2470176427426796,0.049966481538291294,KGE
unified_1981_2015,hysets_09497800,2,1,RF_Signature_K5,5,12418,-7.808041962783216,-1.311939956991731,0.07260422519647355,KGE
unified_1981_2015,hysets_09497980,4,1,RF_Signature_K5,5,12783,-0.06506413710033487,-0.19139848959387917,0.025260907469240052,KGE
unified_1981_2015,hysets_09499000,2,0,RF_Signature_K5,5,12783,-0.1997175445092445,-0.18122243065973853,0.024521465045997892,KGE
unified_1981_2015,hysets_09504420,2,1,RF_Signature_K5,5,12510,-2.7014551027973077,-0.21899828539323485,0.05659983043891404,KGE
unified_1981_2015,hysets_09505800,1,1,RF_Signature_K5,5,12783,0.09955279072554857,0.28908766855163415,0.016406664325547396,KGE
unified_1981_2015,hysets_09510200,1,1,RF_Signature_K5,5,12783,-0.20856563366321024,-0.03883251119348241,0.026988443573749247,KGE
unified_1981_2015,hysets_09512280,5,1,RF_Signature_K5,5,12783,-1.8934609865885497,-1.8965357125191384,0.028660655390014545,KGE
unified_1981_2015,hysets_09513780,3,1,RF_Signature_K5,5,12783,-0.15554194239970442,-0.41665074330412266,0.01919331282440068,KGE
unified_1981_2015,hysets_09AA012,5,1,RF_Signature_K5,5,12657,-2.3463106442495043,-0.4789105519185235,0.19916595217452704,KGE
unified_1981_2015,hysets_09AA013,2,1,RF_Signature_K5,5,11625,-1.3878463829460053,-0.053803027894333555,0.26413832368836254,KGE
unified_1981_2015,hysets_09AH003,1,1,RF_Signature_K5,5,12337,-0.4343019498001157,0.09458303165883031,0.07226424983428659,KGE
unified_1981_2015,hysets_09CA004,1,1,RF_Signature_K5,5,12567,-0.03227429115188496,-0.15458987653062306,0.04677996823812892,KGE
unified_1981_2015,hysets_09EA004,2,1,RF_Signature_K5,5,12630,0.03477577415414301,0.06526022630510853,0.08864240856089882,KGE
unified_1981_2015,hysets_10011500,2,1,RF_Signature_K5,5,12783,0.8522158522348603,0.7656946937601027,0.041894393080118844,KGE
unified_1981_2015,hysets_10032000,3,1,RF_Signature_K5,5,12783,0.6137195259627527,0.5709371150896867,0.07032750523904671,KGE
unified_1981_2015,hysets_10113500,4,1,RF_Signature_K5,5,11506,-0.4530021754159561,0.3248725070946621,0.08863886085129757,KGE
unified_1981_2015,hysets_10173450,2,1,RF_Signature_K5,5,12782,0.5453274782244006,0.5567890833918285,0.059821726297985274,KGE
unified_1981_2015,hysets_10174500,1,1,RF_Signature_K5,5,12783,-0.24679308187869875,0.22809380514414657,0.09596005954884179,KGE
unified_1981_2015,hysets_10194200,5,1,RF_Signature_K5,5,12467,-0.7901064612283089,-0.3480517360682611,0.12470271269997571,KGE
unified_1981_2015,hysets_10234500,2,1,RF_Signature_K5,5,12783,0.6935651405589688,0.7037478963034733,0.0460580577975941,KGE
unified_1981_2015,hysets_10258500,4,1,RF_Signature_K5,5,12783,-3.585254928675698,-2.653865825485053,0.04586886228434482,KGE
unified_1981_2015,hysets_10296000,3,1,RF_Signature_K5,5,12783,0.05546493186350676,-0.043119169174819394,0.048834276804987586,KGE
unified_1981_2015,hysets_10296500,5,1,RF_Signature_K5,5,12783,0.25942633028796647,0.13766639709176764,0.041263417903528665,KGE
unified_1981_2015,hysets_10329500,4,1,RF_Signature_K5,5,12783,-0.7487557408769494,-0.23662765277880315,0.05384541974956045,KGE
unified_1981_2015,hysets_10396000,4,1,RF_Signature_K5,5,12783,0.5189304088214857,0.5708751079946615,0.044722579258915686,KGE
unified_1981_2015,hysets_10AC005,3,1,RF_Signature_K5,5,12783,0.5184472643556459,0.5981014040692342,0.0777993396240443,KGE
unified_1981_2015,hysets_10BE007,3,1,RF_Signature_K5,5,12783,-0.28827884886707666,0.33559237855196933,0.12887258487857695,KGE
unified_1981_2015,hysets_10BE009,3,1,RF_Signature_K5,5,12715,-8.69441755608964,-1.1898456817304979,0.28698617236655727,KGE
unified_1981_2015,hysets_10ED003,5,1,RF_Signature_K5,5,12782,-0.5658134804119204,0.012868336701317484,0.029271473858447552,KGE
unified_1981_2015,hysets_10GC003,3,1,RF_Signature_K5,5,12783,-0.5864344141254387,0.008003208904369008,0.031640163189736024,KGE
unified_1981_2015,hysets_10LC003,3,1,RF_Signature_K5,5,12112,-0.8251510227968499,0.0018395637631833939,0.0648035964700573,KGE
unified_1981_2015,hysets_10LC007,2,1,RF_Signature_K5,5,12242,-0.17523951680754868,0.21476747868221802,0.05041188456656421,KGE
unified_1981_2015,hysets_11012500,4,1,RF_Signature_K5,5,12783,-27.335995556997442,-4.541150598960207,0.1410538719392825,KGE
unified_1981_2015,hysets_11015000,2,1,RF_Signature_K5,5,12783,-0.3657723241974318,-0.10081443268589485,0.026848159233498904,KGE
unified_1981_2015,hysets_11042400,1,1,RF_Signature_K5,5,12419,-6.517351584611114,-3.6892280482169326,0.04179764644505014,KGE
unified_1981_2015,hysets_11123000,2,1,RF_Signature_K5,5,12783,0.047298508416742435,0.2551296897323292,0.03243065974413753,KGE
unified_1981_2015,hysets_11123500,4,1,RF_Signature_K5,5,12783,0.1987205342184929,0.23243600238582773,0.029441123024874127,KGE
unified_1981_2015,hysets_11124500,1,1,RF_Signature_K5,5,12783,-1.2494048835044147,0.08761225660120131,0.049442950138262234,KGE
unified_1981_2015,hysets_11132500,4,1,RF_Signature_K5,5,12783,-0.4097330861660162,0.010343489763385838,0.02058618442597039,KGE
unified_1981_2015,hysets_11140000,1,1,RF_Signature_K5,5,12783,-3.4723357923655414,-1.1416170455002517,0.060419859674445235,KGE
unified_1981_2015,hysets_11143000,5,1,RF_Signature_K5,5,12783,-0.023610071904140773,-0.16574733251039064,0.052918284967264806,KGE
unified_1981_2015,hysets_11143200,3,1,RF_Signature_K5,5,12783,0.36246845136943817,0.3765028880767519,0.02627780813278218,KGE
unified_1981_2015,hysets_11143250,5,1,RF_Signature_K5,5,12783,0.2709441224831297,0.541972046535935,0.03049159282812802,KGE
unified_1981_2015,hysets_11148900,3,1,RF_Signature_K5,5,12783,0.07922945632195011,-0.06951754597891657,0.02739786058441904,KGE
unified_1981_2015,hysets_11149900,1,1,RF_Signature_K5,5,12783,-0.8236096900930547,0.03608175791697121,0.038461486485721334,KGE
unified_1981_2015,hysets_11151300,2,1,RF_Signature_K5,5,12682,-8.896264548230612,-3.0737220040116746,0.05049958501957817,KGE
unified_1981_2015,hysets_11152000,3,1,RF_Signature_K5,5,12783,-0.0327332512439964,-0.0006671107050282288,0.032678320834671974,KGE
unified_1981_2015,hysets_11202000,5,1,RF_Signature_K5,5,12783,0.33237331654543956,0.22839490002880836,0.023219380793506116,KGE
unified_1981_2015,hysets_11202001,3,1,RF_Signature_K5,5,12783,0.08776721830321599,0.01990095968449901,0.031673657798442,KGE
unified_1981_2015,hysets_11224500,5,1,RF_Signature_K5,5,12783,-2.5894679278723585,-2.7380823273707597,0.02968080015251845,KGE
unified_1981_2015,hysets_11230500,4,1,RF_Signature_K5,5,12783,-0.07365392164765217,-0.23142744655759429,0.05979660321634615,KGE
unified_1981_2015,hysets_11253310,4,1,RF_Signature_K5,5,12783,-8.45568616581086,-3.2386015908803136,0.0535835833228735,KGE
unified_1981_2015,hysets_11264500,2,1,RF_Signature_K5,5,12783,0.9595552115660417,0.8497934399276782,0.013446647647106888,KGE
unified_1981_2015,hysets_11266500,5,1,RF_Signature_K5,5,12783,0.914497668364256,0.8496453731132881,0.01488236471739974,KGE
unified_1981_2015,hysets_11314500,4,1,RF_Signature_K5,5,12783,0.24838047435314947,0.1967979681994102,0.03967045740197565,KGE
unified_1981_2015,hysets_11317000,3,1,RF_Signature_K5,5,12783,-0.3790473645899681,0.13228832625260667,0.04505336229561697,KGE
unified_1981_2015,hysets_11318500,4,1,RF_Signature_K5,5,12783,0.3143007330896491,0.4031754779293374,0.02672670282992948,KGE
unified_1981_2015,hysets_11367500,4,1,RF_Signature_K5,5,12783,-2.319271030605515,-0.0996968610636435,0.05577360087906833,KGE
unified_1981_2015,hysets_11374000,4,1,RF_Signature_K5,5,12783,0.028332725222582233,0.0649918666640743,0.06612902330097757,KGE
unified_1981_2015,hysets_11376550,4,1,RF_Signature_K5,5,12673,-1.7419991538281625,-0.010019769000402023,0.10564622708951536,KGE
unified_1981_2015,hysets_11379500,1,1,RF_Signature_K5,5,12783,0.17945872015401854,0.23407441932633044,0.043058639738285505,KGE
unified_1981_2015,hysets_11381500,3,1,RF_Signature_K5,5,12783,-0.20992766217457537,0.0076501951160615755,0.031039911183612587,KGE
unified_1981_2015,hysets_11383500,1,1,RF_Signature_K5,5,12783,-0.3501558239498199,0.10427609023999973,0.03330431533355036,KGE
unified_1981_2015,hysets_11402000,1,1,RF_Signature_K5,5,12783,-0.25824224411794217,-0.10239284814887717,0.035705226656091514,KGE
unified_1981_2015,hysets_11413000,3,1,RF_Signature_K5,5,12783,0.2707547334571544,0.1700415078550621,0.032003472282563304,KGE
unified_1981_2015,hysets_11413300,4,1,RF_Signature_K5,5,12783,0.12655249052253792,-0.08868719735823927,0.027467645203854717,KGE
unified_1981_2015,hysets_11428800,5,1,RF_Signature_K5,5,12783,-1.2948560375087599,-2.819898154950569,0.022763780087685634,KGE
unified_1981_2015,hysets_11433300,5,1,RF_Signature_K5,5,12783,-0.46701281644681125,0.053972288857962236,0.03278624215282108,KGE
unified_1981_2015,hysets_11451100,4,0,RF_Signature_K5,5,12783,0.6645590360571144,0.5860959868931286,0.02214606072145831,KGE
unified_1981_2015,hysets_11461000,1,0,RF_Signature_K5,5,12783,0.6280498063353469,0.5491749337975864,0.030393808146741093,KGE
unified_1981_2015,hysets_11468500,5,0,RF_Signature_K5,5,12783,0.8694771920662219,0.8675462437220469,0.013845661976279297,KGE
unified_1981_2015,hysets_11470500,1,1,RF_Signature_K5,5,12783,0.6079569518099934,0.4932607655188942,0.02442475849927158,KGE
unified_1981_2015,hysets_11473900,3,1,RF_Signature_K5,5,12783,0.7692414496831925,0.6014092165223689,0.01862193470042268,KGE
unified_1981_2015,hysets_11478500,4,1,RF_Signature_K5,5,12783,0.680327448772194,0.6009566490622049,0.03412893252363127,KGE
unified_1981_2015,hysets_11480390,3,1,RF_Signature_K5,5,12783,0.8576257230493661,0.743709487035588,0.019873925607236335,KGE
unified_1981_2015,hysets_11480410,1,1,RF_Signature_K5,5,12783,0.789891475816922,0.6831945281016787,0.022479212067177987,KGE
unified_1981_2015,hysets_11481200,4,1,RF_Signature_K5,5,12783,0.8270258779772863,0.7800844759731347,0.01823381670262167,KGE
unified_1981_2015,hysets_11482500,4,1,RF_Signature_K5,5,12783,0.8673634184783671,0.829871833692274,0.02022136709085485,KGE
unified_1981_2015,hysets_11521500,5,1,RF_Signature_K5,5,12600,0.6292644598614732,0.7757551754495968,0.021168726112327688,KGE
unified_1981_2015,hysets_11522500,3,1,RF_Signature_K5,5,12783,0.1763744067492884,0.3108769248161447,0.033808757253727936,KGE
unified_1981_2015,hysets_11523200,5,1,RF_Signature_K5,5,12783,0.48618978988947636,0.4552947332263141,0.029386153272865003,KGE
unified_1981_2015,hysets_11528700,2,1,RF_Signature_K5,5,12783,0.457618359698156,0.4233087895016391,0.03404899137512272,KGE
unified_1981_2015,hysets_11532500,3,1,RF_Signature_K5,5,12783,0.8132363980684889,0.7136717006777364,0.029241806791482663,KGE
unified_1981_2015,hysets_12025700,2,1,RF_Signature_K5,5,12783,0.7569796811958497,0.7007991642656902,0.022291741110293084,KGE
unified_1981_2015,hysets_12035000,3,1,RF_Signature_K5,5,12783,0.5553001116504349,0.6295021003969713,0.03709727747551188,KGE
unified_1981_2015,hysets_12039500,2,1,RF_Signature_K5,5,12783,0.5973092616335294,0.5727109776559466,0.045758467078266044,KGE
unified_1981_2015,hysets_12040500,5,1,RF_Signature_K5,5,12783,0.7825582654071488,0.5968221481735019,0.03230411045163067,KGE
unified_1981_2015,hysets_12041200,1,1,RF_Signature_K5,5,12783,0.6786423865352754,0.6460515835589297,0.038402349944822604,KGE
unified_1981_2015,hysets_12043000,3,1,RF_Signature_K5,5,11628,0.3682765365693541,0.4043555139275882,0.04728061656848125,KGE
unified_1981_2015,hysets_12048000,5,1,RF_Signature_K5,5,12783,-2.4575038280072317,-0.3475781350838072,0.12014726684796548,KGE
unified_1981_2015,hysets_12054000,1,1,RF_Signature_K5,5,12783,0.6025598848256772,0.7746137741547853,0.04196306855172586,KGE
unified_1981_2015,hysets_12056500,5,1,RF_Signature_K5,5,12783,0.3516432114269552,0.34456284209191157,0.03922768465542669,KGE
unified_1981_2015,hysets_12082500,2,0,RF_Signature_K5,5,12783,0.8738201974435886,0.8820095256422154,0.015094794038661501,KGE
unified_1981_2015,hysets_12092000,5,0,RF_Signature_K5,5,12783,0.8270517552102946,0.8926818984120876,0.016051958227857203,KGE
unified_1981_2015,hysets_12115000,1,1,RF_Signature_K5,5,12783,0.7829099466186034,0.6681723147889604,0.021502043038113688,KGE
unified_1981_2015,hysets_12134500,5,1,RF_Signature_K5,5,12783,0.4872222624011945,0.4633816902797657,0.03626444277756281,KGE
unified_1981_2015,hysets_12141300,5,1,RF_Signature_K5,5,12417,0.7278525507271988,0.6470254045835113,0.0296754540806535,KGE
unified_1981_2015,hysets_12142000,2,1,RF_Signature_K5,5,12418,0.6384549784481928,0.6107551766710285,0.028813220221163036,KGE
unified_1981_2015,hysets_12186000,1,1,RF_Signature_K5,5,12783,0.8278693877703636,0.8361683091502258,0.011704712119533786,KGE
unified_1981_2015,hysets_12189500,1,1,RF_Signature_K5,5,12783,0.6377313000587509,0.6622295426816194,0.031687106847276374,KGE
unified_1981_2015,hysets_12205000,4,1,RF_Signature_K5,5,12783,0.525694537426614,0.5913016506489297,0.04308971690806348,KGE
unified_1981_2015,hysets_12324590,1,1,RF_Signature_K5,5,12632,-0.6372524259977101,-0.12252822989820178,0.0415709703516696,KGE
unified_1981_2015,hysets_12330000,3,1,RF_Signature_K5,5,12663,0.2540686337147966,0.19486836042129385,0.04850632832034474,KGE
unified_1981_2015,hysets_12332000,4,1,RF_Signature_K5,5,12632,0.3863440917519301,0.5508339670749467,0.08641071135655867,KGE
unified_1981_2015,hysets_12370000,5,1,RF_Signature_K5,5,12783,0.6665482990654019,0.7605339607939757,0.07699681110832168,KGE
unified_1981_2015,hysets_12389500,1,1,RF_Signature_K5,5,12783,-1.2288512007193049,-0.11681539755089787,0.13145066511827688,KGE
unified_1981_2015,hysets_12411000,1,1,RF_Signature_K5,5,12783,0.48550174821690206,0.5610269992063257,0.04759450584087848,KGE
unified_1981_2015,hysets_12414900,1,1,RF_Signature_K5,5,12783,-0.7095806555537683,0.1619513332578354,0.0589988292837029,KGE
unified_1981_2015,hysets_12452800,4,1,RF_Signature_K5,5,12783,0.24396563112455916,0.49093203725316314,0.1013653668520033,KGE
unified_1981_2015,hysets_12488500,1,1,RF_Signature_K5,5,12783,0.6012698798267113,0.5519733535124969,0.05796029092174959,KGE
unified_1981_2015,hysets_13010065,5,1,RF_Signature_K5,5,11780,0.7990512172220756,0.7008847574917318,0.05240622386395926,KGE
unified_1981_2015,hysets_13011900,2,1,RF_Signature_K5,5,12445,0.562739410963047,0.5334496159285119,0.08758637195613342,KGE
unified_1981_2015,hysets_13023000,1,1,RF_Signature_K5,5,12783,0.7198085745663205,0.6536113819785248,0.06553840950482968,KGE
unified_1981_2015,hysets_13186000,5,1,RF_Signature_K5,5,12783,0.15434732755805247,0.11082125063626314,0.11297352341390537,KGE
unified_1981_2015,hysets_13235000,2,1,RF_Signature_K5,5,12783,0.6945996972574711,0.7136433000093763,0.06792841911790531,KGE
unified_1981_2015,hysets_13297355,3,1,RF_Signature_K5,5,12783,0.31055411052340753,0.35595776225770814,0.07915464685067733,KGE
unified_1981_2015,hysets_13331500,4,1,RF_Signature_K5,5,12783,0.47675908792425903,0.4439920841121281,0.08643905736060381,KGE
unified_1981_2015,hysets_13339500,3,1,RF_Signature_K5,5,12783,-0.7714768996660881,-0.18104608881593465,0.09866336411253213,KGE
unified_1981_2015,hysets_14013000,2,1,RF_Signature_K5,5,12783,-0.17406494721637467,-0.15461331080042107,0.03834987231058484,KGE
unified_1981_2015,hysets_14020000,3,1,RF_Signature_K5,5,12783,0.4076755830269122,0.5538132315075416,0.047262615656548074,KGE
unified_1981_2015,hysets_14020300,2,1,RF_Signature_K5,5,12600,-0.00814162699298926,0.15004850877178944,0.06997355870497934,KGE
unified_1981_2015,hysets_14038530,3,1,RF_Signature_K5,5,12198,0.15156859142878165,0.5416462365437327,0.0695163559120581,KGE
unified_1981_2015,hysets_14044000,5,1,RF_Signature_K5,5,12783,0.13011734697607935,0.4809207066775494,0.07795113571005365,KGE
unified_1981_2015,hysets_14091500,2,0,RF_Signature_K5,5,12783,-14.780316170986717,-0.03737585707585622,0.20414934157076628,KGE
unified_1981_2015,hysets_14096850,2,1,RF_Signature_K5,5,11780,-0.7608212952833191,-0.14651449226359836,0.04054203699140498,KGE
unified_1981_2015,hysets_14097100,1,1,RF_Signature_K5,5,12783,-1.733643422129258,-0.056362047282089156,0.041161325758044875,KGE
unified_1981_2015,hysets_14154500,4,1,RF_Signature_K5,5,12783,0.736333696143473,0.7588940435185281,0.029343029120548748,KGE
unified_1981_2015,hysets_14158500,1,1,RF_Signature_K5,5,12783,-0.8266686030687038,0.11950562927767039,0.1401450017802362,KGE
unified_1981_2015,hysets_14166500,5,1,RF_Signature_K5,5,12783,0.5438877827291593,0.6954205253980945,0.04497534935429895,KGE
unified_1981_2015,hysets_14178000,3,1,RF_Signature_K5,5,12783,-0.5596106181880811,-0.02809488169259411,0.05355773903373572,KGE
unified_1981_2015,hysets_14182500,5,1,RF_Signature_K5,5,12783,0.8398988282808062,0.883916345094703,0.013029823619909757,KGE
unified_1981_2015,hysets_14185000,4,0,RF_Signature_K5,5,12783,0.5360053679821486,0.5374871990917771,0.033079982967382786,KGE
unified_1981_2015,hysets_14185900,2,1,RF_Signature_K5,5,12783,0.8916553280888159,0.8636036747895361,0.019254989091226703,KGE
unified_1981_2015,hysets_14236200,3,1,RF_Signature_K5,5,12783,0.8452036164622263,0.7114235133883313,0.01982279099544147,KGE
unified_1981_2015,hysets_14301000,3,1,RF_Signature_K5,5,12783,0.7870292808764104,0.8518911624144467,0.029109715105964922,KGE
unified_1981_2015,hysets_14306500,1,1,RF_Signature_K5,5,12783,0.8940394750483337,0.7945507224618134,0.02297770976083915,KGE
unified_1981_2015,hysets_14308000,5,1,RF_Signature_K5,5,12783,0.6700503561114218,0.6188373534060319,0.031408007927470095,KGE
unified_1981_2015,hysets_14309500,2,1,RF_Signature_K5,5,12783,0.8470204635992769,0.8210318031818862,0.02576667022564605,KGE
unified_1981_2015,hysets_14316700,2,1,RF_Signature_K5,5,12783,0.9049915858572734,0.8712982160840759,0.02137317165363649,KGE
unified_1981_2015,hysets_14325000,4,0,RF_Signature_K5,5,12783,0.8386718065537645,0.6670785739224273,0.028162314527160785,KGE
unified_1981_2015,hysets_14338000,2,1,RF_Signature_K5,5,12672,-0.38020464930318854,0.08707042446622038,0.06097796339463691,KGE
unified_1981_2015,hysets_14377100,4,1,RF_Signature_K5,5,12783,0.696344010089092,0.7345055543745798,0.03521787403405417,KGE
unified_1981_2015,hysets_14400000,3,1,RF_Signature_K5,5,12783,0.6753403523554729,0.4951089859731648,0.03797156805169445,KGE
unified_1981_2015,lamah_12425002,3,1,RF_Signature_K5,5,12783,-1.0957995029563432,-0.0748055403227641,0.07855792675443073,KGE
unified_1981_2015,lamah_16000708,2,1,RF_Signature_K5,5,11819,0.5683955803122707,0.7688670746780254,0.03556548560398908,KGE
unified_1981_2015,lamah_16001303,5,1,RF_Signature_K5,5,12616,-5.391246777389269,-2.0298128536543145,0.06740596255327741,KGE
unified_1981_2015,lamah_16610709,4,1,RF_Signature_K5,5,12676,0.12422331812166898,0.31232904201065015,0.024093803529249974,KGE
unified_1981_2015,lamah_17404000,1,1,RF_Signature_K5,5,12699,-0.6745073844185137,0.11580729582601346,0.05924567488817705,KGE
unified_1981_2015,lamah_18481006,5,1,RF_Signature_K5,5,12782,0.5863272654407439,0.6116731070272218,0.02453081022315293,KGE
unified_1981_2015,lamah_18486000,4,1,RF_Signature_K5,5,12783,0.5742890743709888,0.5165494813213726,0.02807014989224515,KGE
unified_1981_2015,lamah_200253,4,1,RF_Signature_K5,5,12783,0.275692228872626,0.3057120481515938,0.048533053456088035,KGE
unified_1981_2015,lamah_200261,5,1,RF_Signature_K5,5,12783,0.3101568897465755,0.2931978058176432,0.04631869355752752,KGE
unified_1981_2015,lamah_200303,2,1,RF_Signature_K5,5,12783,0.12073633015425655,0.32824340255299056,0.04562809398082011,KGE
unified_1981_2015,lamah_201012,2,0,RF_Signature_K5,5,12783,0.6057513989866691,0.4984584053043516,0.04435229827136548,KGE
unified_1981_2015,lamah_201087,4,1,RF_Signature_K5,5,12783,0.5285388925174793,0.5130531363292401,0.03454957281361521,KGE
unified_1981_2015,lamah_201095,2,1,RF_Signature_K5,5,12783,0.47291062057765887,0.6788725698786657,0.036639580583215245,KGE
unified_1981_2015,lamah_201160,3,1,RF_Signature_K5,5,12783,0.7033107399296005,0.6950758811268662,0.028295744315496217,KGE
unified_1981_2015,lamah_201236,3,1,RF_Signature_K5,5,12783,0.5395733927975521,0.5904236045322657,0.030412023601028945,KGE
unified_1981_2015,lamah_201251,1,1,RF_Signature_K5,5,12783,0.7384798829265531,0.7137543946137966,0.02395799236572351,KGE
unified_1981_2015,lamah_201335,5,1,RF_Signature_K5,5,12783,-1.5843813658753718,-0.45408244147362287,0.12164595366388552,KGE
unified_1981_2015,lamah_201392,2,1,RF_Signature_K5,5,12783,0.5275739039392044,0.6986032245947258,0.07502569486139177,KGE
unified_1981_2015,lamah_201434,2,1,RF_Signature_K5,5,12783,0.7263355475265568,0.7524494549430223,0.05397643320421639,KGE
unified_1981_2015,lamah_201558,1,1,RF_Signature_K5,5,12783,0.7507286222915396,0.7868940068458571,0.0587355800722922,KGE
unified_1981_2015,lamah_201566,3,1,RF_Signature_K5,5,12783,0.7485410541849031,0.6643908655665607,0.04083397939482619,KGE
unified_1981_2015,lamah_201574,1,1,RF_Signature_K5,5,12783,0.8998142090498851,0.9478120447467238,0.031401213416264506,KGE
unified_1981_2015,lamah_201723,5,1,RF_Signature_K5,5,12783,0.7771756305631807,0.8023143150827733,0.026921121246460757,KGE
unified_1981_2015,lamah_201848,2,1,RF_Signature_K5,5,12054,0.6944195695050641,0.8383345166981189,0.03763074793063965,KGE
unified_1981_2015,lamah_202036,1,1,RF_Signature_K5,5,12783,0.7371590370182439,0.7883236804423337,0.029280214017574333,KGE
unified_1981_2015,lamah_203026,3,1,RF_Signature_K5,5,12783,0.7742900667826884,0.6601596437649064,0.02281335661283988,KGE
unified_1981_2015,lamah_203075,5,1,RF_Signature_K5,5,12783,0.7093118210826567,0.6219671805862927,0.04525557470640021,KGE
unified_1981_2015,lamah_203166,2,1,RF_Signature_K5,5,12783,0.817204822581627,0.8327227440014447,0.04274194897926519,KGE
unified_1981_2015,lamah_203224,3,1,RF_Signature_K5,5,12783,0.7647463251001285,0.6970985077245532,0.04163027185619917,KGE
unified_1981_2015,lamah_203265,2,1,RF_Signature_K5,5,12783,0.5009440359461834,0.5847727334825363,0.040260556904679404,KGE
unified_1981_2015,lamah_203307,4,1,RF_Signature_K5,5,12778,0.6022510813442633,0.513987223133397,0.029908702875899883,KGE
unified_1981_2015,lamah_203463,2,1,RF_Signature_K5,5,12783,0.6234395992159626,0.651231213633223,0.026448135410847697,KGE
unified_1981_2015,lamah_203505,1,1,RF_Signature_K5,5,12783,0.650437428105287,0.7801484430261842,0.0273911712513949,KGE
unified_1981_2015,lamah_203711,5,1,RF_Signature_K5,5,12783,0.8639165743372983,0.8345737282405365,0.025774109242059237,KGE
unified_1981_2015,lamah_203752,1,1,RF_Signature_K5,5,12783,0.7802498578699465,0.8897351247688192,0.039218272885309005,KGE
unified_1981_2015,lamah_203760,2,1,RF_Signature_K5,5,12783,0.581834219222746,0.568988054282271,0.059233115897403744,KGE
unified_1981_2015,lamah_203786,1,1,RF_Signature_K5,5,12775,0.8773505804568128,0.8040340669998083,0.04199535082714432,KGE
unified_1981_2015,lamah_203794,3,1,RF_Signature_K5,5,12783,0.7484699448976255,0.7783309137572998,0.04183631200414856,KGE
unified_1981_2015,lamah_203828,3,1,RF_Signature_K5,5,12783,0.7758766303574955,0.7921857962507485,0.04513971609622408,KGE
unified_1981_2015,lamah_204875,2,1,RF_Signature_K5,5,12419,-0.45689969836190136,-0.04511015392768747,0.05537579408646473,KGE
unified_1981_2015,lamah_204925,1,1,RF_Signature_K5,5,12783,-0.4701960253943993,-0.004823018037066307,0.0398739289009553,KGE
unified_1981_2015,lamah_205104,3,1,RF_Signature_K5,5,12783,0.3952478705925623,0.30984821974937626,0.06070644373964853,KGE
unified_1981_2015,lamah_205179,4,1,RF_Signature_K5,5,12783,0.38907174466485694,0.49938482745087054,0.09640318279976283,KGE
unified_1981_2015,lamah_205294,2,1,RF_Signature_K5,5,12783,-0.13097798582857334,0.13531937551747897,0.05353175449031219,KGE
unified_1981_2015,lamah_205500,4,1,RF_Signature_K5,5,12783,0.7976823805810913,0.823168550297986,0.022277660574571784,KGE
unified_1981_2015,lamah_205740,5,1,RF_Signature_K5,5,12783,0.7048615518877593,0.548646311228065,0.024791005540496073,KGE
unified_1981_2015,lamah_205799,1,0,RF_Signature_K5,5,12783,0.6314351728833765,0.5795243923661471,0.047293032101609254,KGE
unified_1981_2015,lamah_205823,5,1,RF_Signature_K5,5,12783,0.7909816487421641,0.8539465033643245,0.020222165527935234,KGE
unified_1981_2015,lamah_205831,5,1,RF_Signature_K5,5,12783,0.7675053724712018,0.738580593035749,0.023553289030388225,KGE
unified_1981_2015,lamah_205864,3,1,RF_Signature_K5,5,12783,0.5352319746647146,0.5237770599854086,0.04289895461402252,KGE
unified_1981_2015,lamah_205898,3,1,RF_Signature_K5,5,12783,0.5877158244516805,0.6932117935748203,0.03209324486346909,KGE
unified_1981_2015,lamah_206508,4,1,RF_Signature_K5,5,12783,0.5356814311480553,0.4830136554803569,0.04125449155842176,KGE
unified_1981_2015,lamah_207613,5,0,RF_Signature_K5,5,12783,-1.2634032564822824,0.02178722789844212,0.049847759359642675,KGE
unified_1981_2015,lamah_207654,2,1,RF_Signature_K5,5,12783,0.10095900580883022,0.12695479021609435,0.05135624058278804,KGE
unified_1981_2015,lamah_207738,2,1,RF_Signature_K5,5,12783,0.10452359127693478,0.18229643487432023,0.04137074881415832,KGE
unified_1981_2015,lamah_207852,2,1,RF_Signature_K5,5,12783,-0.3464871596430181,0.07293102450846911,0.04092984082813037,KGE
unified_1981_2015,lamah_208116,1,1,RF_Signature_K5,5,12783,-1.3207630774305454,-0.1498625333174517,0.05574397500452439,KGE
unified_1981_2015,lamah_208686,2,1,RF_Signature_K5,5,12783,-0.6714325264196872,0.023079451220646252,0.04459181334905406,KGE
unified_1981_2015,lamah_209361,1,1,RF_Signature_K5,5,12783,0.19738725387611278,0.46356564729235117,0.029572636991363938,KGE
unified_1981_2015,lamah_209551,1,1,RF_Signature_K5,5,11688,0.6067185593362754,0.5051892030780435,0.032126077676071625,KGE
unified_1981_2015,lamah_210526,4,1,RF_Signature_K5,5,12783,0.5490803616656244,0.5263230764981836,0.06435708310470846,KGE
unified_1981_2015,lamah_210641,1,1,RF_Signature_K5,5,12783,0.7678240406412302,0.8323842739702896,0.036859242309805786,KGE
unified_1981_2015,lamah_210732,2,0,RF_Signature_K5,5,12783,-1.715655829876645,-0.6244933781594146,0.0721364938997317,KGE
unified_1981_2015,lamah_210773,1,1,RF_Signature_K5,5,12783,0.7316868328498685,0.8481951372390708,0.04044556993387336,KGE
unified_1981_2015,lamah_210815,5,1,RF_Signature_K5,5,12783,0.6375684884293715,0.7015797697479639,0.05264129045351219,KGE
unified_1981_2015,lamah_210856,3,1,RF_Signature_K5,5,12783,0.32639522887904615,0.3529698979576915,0.0713317630782413,KGE
unified_1981_2015,lamah_210864,1,1,RF_Signature_K5,5,12783,-0.18988473899934633,0.2841352172348639,0.0485618572302827,KGE
unified_1981_2015,lamah_210898,1,1,RF_Signature_K5,5,12783,-0.2284434780169129,0.17082924865277038,0.07513516512871637,KGE
unified_1981_2015,lamah_211086,4,1,RF_Signature_K5,5,12783,0.6298753215754123,0.7397496856395047,0.050027002918276935,KGE
unified_1981_2015,lamah_211169,3,1,RF_Signature_K5,5,12783,0.30072473726569016,0.6690245585413629,0.07186901993939536,KGE
unified_1981_2015,lamah_211656,1,1,RF_Signature_K5,5,12418,-1.1546112507558863,-0.10345990571402819,0.05092756030972905,KGE
unified_1981_2015,lamah_212027,5,1,RF_Signature_K5,5,12783,0.2624171099541476,0.6356951433344029,0.08628503267552218,KGE
unified_1981_2015,lamah_212043,5,0,RF_Signature_K5,5,12783,0.7571693859876679,0.5817661529632574,0.04868383620853578,KGE
unified_1981_2015,lamah_212092,2,1,RF_Signature_K5,5,12783,0.8721356897728905,0.8189479013812927,0.028622977625884883,KGE
unified_1981_2015,lamah_212100,2,1,RF_Signature_K5,5,12783,0.6073715616698874,0.6184962035417916,0.04699180584832184,KGE
unified_1981_2015,lamah_212167,1,1,RF_Signature_K5,5,12783,0.6759125344789194,0.6881084199209022,0.061631454827942994,KGE
unified_1981_2015,lamah_212183,2,1,RF_Signature_K5,5,12783,0.8600853832378212,0.8630019288219606,0.03169608940943136,KGE
unified_1981_2015,lamah_212316,5,0,RF_Signature_K5,5,12783,0.5470536797243928,0.7346011561900823,0.07036322981337047,KGE
unified_1981_2015,lamah_212373,2,0,RF_Signature_K5,5,12783,0.280177433110428,0.3731932747907868,0.08338596711051971,KGE
unified_1981_2015,lamah_212399,5,1,RF_Signature_K5,5,12783,0.33966253102340216,0.6128741987126889,0.06638127760793823,KGE
unified_1981_2015,lamah_212431,3,1,RF_Signature_K5,5,12783,0.12839658065639725,0.47400975592734773,0.08662788880530692,KGE
unified_1981_2015,lamah_212522,1,0,RF_Signature_K5,5,12783,-0.7001727349049871,0.18541369201510205,0.13786380259290665,KGE
unified_1981_2015,lamah_212613,2,1,RF_Signature_K5,5,12783,0.601689201355103,0.6336336183197533,0.04968413715829846,KGE
unified_1981_2015,lamah_212647,5,1,RF_Signature_K5,5,12783,0.7697169915981517,0.7339530607839158,0.028379786665387364,KGE
unified_1981_2015,lamah_212670,3,1,RF_Signature_K5,5,12783,0.41282284847592043,0.42310874304860513,0.0411332020459433,KGE
unified_1981_2015,lamah_212860,1,1,RF_Signature_K5,5,12783,0.6085664860933281,0.5396427481130299,0.04713919034934871,KGE
unified_1981_2015,lamah_212878,3,1,RF_Signature_K5,5,12783,0.021335848785032918,0.11740211430387393,0.06252466817518662,KGE
unified_1981_2015,lamah_212886,4,1,RF_Signature_K5,5,12783,0.23803723188381665,0.4028720141870591,0.051294727037364804,KGE
unified_1981_2015,lamah_212894,5,0,RF_Signature_K5,5,12783,-2.294984852519695,-0.10770414674362438,0.14050838581748454,KGE
unified_1981_2015,lamah_212928,5,1,RF_Signature_K5,5,12783,-1.5382616871935224,0.15241380128414805,0.1551027724029624,KGE
unified_1981_2015,lamah_213124,2,1,RF_Signature_K5,5,12783,0.2915748360326992,0.5135954550489772,0.06800169609307169,KGE
unified_1981_2015,lamah_213181,4,1,RF_Signature_K5,5,12783,0.7761041845418603,0.731750511375191,0.0324502703017376,KGE
unified_1981_2015,lamah_213306,3,1,RF_Signature_K5,5,12343,-0.808595194073465,0.1354225009043316,0.12141754067632536,KGE
unified_1981_2015,lamah_2150,4,1,RF_Signature_K5,5,12783,0.6958881373611387,0.6491500223024667,0.045518903675840446,KGE
unified_1981_2015,lamah_2262,1,1,RF_Signature_K5,5,12783,0.47993023206197727,0.4220647276127871,0.03925949352283095,KGE
unified_1981_2015,lamah_403,2,1,RF_Signature_K5,5,12783,0.8127002216043349,0.9064290699846776,0.051155312421399625,KGE
