window,comparison,basin_id,method,valid_days,NSE,KGE,NRMSE,plotted_metric
unified_1981_2015,AUDIOSK5 vs KnobenK5,camelsbr_51940000,RF_Signature_K5,12689,-5.375610699017407,-0.6407290769918101,0.15116202235299855,NSE
unified_1981_2015,AUDIOSK5 vs KnobenK5,camelsbr_51940000,Knoben_K5,12689,-1.3281651680174664,-0.1403970976754363,0.09134582276726912,NSE
unified_1981_2015,AUDIOSK5 vs KnobenK5,camelsbr_57250000,RF_Signature_K5,12783,-1.589981927418111,0.08172725486016041,0.12554951258340577,NSE
unified_1981_2015,AUDIOSK5 vs KnobenK5,camelsbr_57250000,Knoben_K5,12783,-1.1948705091958254,0.15183639566107654,0.11557691973633409,NSE
unified_1981_2015,AUDIOSK5 vs KnobenK5,camelsbr_58060000,RF_Signature_K5,12725,-0.39220150713904856,-0.004642927177844758,0.021090814602288926,NSE
unified_1981_2015,AUDIOSK5 vs KnobenK5,camelsbr_58060000,Knoben_K5,12725,-0.44536293312901587,0.11561687165590673,0.021489720189031215,NSE
unified_1981_2015,AUDIOSK5 vs KnobenK5,camelsbr_58258000,RF_Signature_K5,12707,-0.685959836347461,-0.09923837611697617,0.046155976363906476,NSE
unified_1981_2015,AUDIOSK5 vs KnobenK5,camelsbr_58258000,Knoben_K5,12707,0.07844245836219732,0.10027780164975286,0.034124442020889004,NSE
unified_1981_2015,AUDIOSK5 vs KnobenK5,camelsbr_58530000,RF_Signature_K5,12749,-0.32979554044982407,0.1681504849538774,0.057520571044127417,NSE
unified_1981_2015,AUDIOSK5 vs KnobenK5,camelsbr_58530000,Knoben_K5,12749,-0.09428632946867355,0.26624900015065334,0.052179058635676866,NSE
unified_1981_2015,AUDIOSK5 vs KnobenK5,camelsbr_58535000,RF_Signature_K5,12718,-0.9515143152461618,-0.012185104982610495,0.10259426093407369,NSE
unified_1981_2015,AUDIOSK5 vs KnobenK5,camelsbr_58535000,Knoben_K5,12718,-0.10241612655804633,0.26264851652196075,0.07710987078936087,NSE
unified_1981_2015,AUDIOSK5 vs KnobenK5,camelsbr_58542000,RF_Signature_K5,12783,0.32451689619211943,0.540209719011028,0.06106542248140603,NSE
unified_1981_2015,AUDIOSK5 vs KnobenK5,camelsbr_58542000,Knoben_K5,12783,-0.3831544183017206,-0.06523400515375322,0.08738229668509474,NSE
unified_1981_2015,AUDIOSK5 vs KnobenK5,camelsbr_59370000,RF_Signature_K5,12783,0.011721701721521316,0.22417160755846066,0.03834102306506309,NSE
unified_1981_2015,AUDIOSK5 vs KnobenK5,camelsbr_59370000,Knoben_K5,12783,-0.1252688379755582,0.030504265078209802,0.040912141599293586,NSE
unified_1981_2015,AUDIOSK5 vs KnobenK5,camelsbr_70100000,RF_Signature_K5,12639,-0.26152648374611287,-0.1633450524182014,0.07046759081447791,NSE
unified_1981_2015,AUDIOSK5 vs KnobenK5,camelsbr_70100000,Knoben_K5,12639,0.24799579134403582,0.4539540784279259,0.05440657327269346,NSE
unified_1981_2015,AUDIOSK5 vs KnobenK5,camelsbr_71300000,RF_Signature_K5,12778,-0.6560962899967722,-0.10346808732230173,0.13392066744610942,NSE
unified_1981_2015,AUDIOSK5 vs KnobenK5,camelsbr_71300000,Knoben_K5,12778,-0.6366600386931303,-0.13566756330011542,0.13313248925132357,NSE
unified_1981_2015,AUDIOSK5 vs KnobenK5,camelsbr_73765000,RF_Signature_K5,12769,-0.18210407425345743,-0.18507605504142455,0.04705704817269158,NSE
unified_1981_2015,AUDIOSK5 vs KnobenK5,camelsbr_73765000,Knoben_K5,12769,0.11008138552093216,0.04214361364284325,0.040829303308182366,NSE
unified_1981_2015,AUDIOSK5 vs KnobenK5,camelscl_1050002,RF_Signature_K5,12252,-1927.501930607474,-40.45559981106983,0.8475950775581137,NSE
unified_1981_2015,AUDIOSK5 vs KnobenK5,camelscl_1050002,Knoben_K5,12252,-52565.24271313404,-211.2671089042253,4.42518931286151,NSE
unified_1981_2015,AUDIOSK5 vs KnobenK5,camelscl_1201005,RF_Signature_K5,12506,-151.5764651796659,-10.470362463455148,0.7076056472962672,NSE
unified_1981_2015,AUDIOSK5 vs KnobenK5,camelscl_1201005,Knoben_K5,12506,-2079.072296402397,-43.74860364790745,2.612683067389381,NSE
unified_1981_2015,AUDIOSK5 vs KnobenK5,camelscl_12284002,RF_Signature_K5,12365,-21.765355088123115,-3.3227449166137486,0.2815485955525141,NSE
unified_1981_2015,AUDIOSK5 vs KnobenK5,camelscl_12284002,Knoben_K5,12365,-325.12822824559436,-17.020434336933544,1.0656395892778792,NSE
unified_1981_2015,AUDIOSK5 vs KnobenK5,camelscl_12284003,RF_Signature_K5,11946,-55.60876579323116,-5.746200741350361,0.5151079190949774,NSE
unified_1981_2015,AUDIOSK5 vs KnobenK5,camelscl_12284003,Knoben_K5,11946,-107.51403557529645,-8.618182218589292,0.7131803043948655,NSE
unified_1981_2015,AUDIOSK5 vs KnobenK5,camelscl_12284006,RF_Signature_K5,12138,-23.245558841319205,-3.967078630534248,0.2526522339911509,NSE
unified_1981_2015,AUDIOSK5 vs KnobenK5,camelscl_12284006,Knoben_K5,12138,-5.25456503648745,-1.0874749879607908,0.1283233236951489,NSE
unified_1981_2015,AUDIOSK5 vs KnobenK5,camelscl_12582001,RF_Signature_K5,12031,-1.8796811544632024,-0.1561708872502796,0.11656396674696,NSE
unified_1981_2015,AUDIOSK5 vs KnobenK5,camelscl_12582001,Knoben_K5,12031,-0.7316364736005858,0.0641117765815562,0.0903900191955492,NSE
unified_1981_2015,AUDIOSK5 vs KnobenK5,camelscl_12600001,RF_Signature_K5,11975,-2.9559281648428404,-0.35059037896033973,0.19895222207317784,NSE
unified_1981_2015,AUDIOSK5 vs KnobenK5,camelscl_12600001,Knoben_K5,11975,-0.981752440619214,-0.003520285976068349,0.14081512226731316,NSE
unified_1981_2015,AUDIOSK5 vs KnobenK5,camelscl_12622001,RF_Signature_K5,12021,-8.17585204241533,-1.3300177857357527,0.2675888294435524,NSE
unified_1981_2015,AUDIOSK5 vs KnobenK5,camelscl_12622001,Knoben_K5,12021,-8.568665853202091,-1.7114614282717824,0.2732564822314026,NSE
unified_1981_2015,AUDIOSK5 vs KnobenK5,camelscl_12802001,RF_Signature_K5,12305,-79.5679778816463,-8.578599816608149,0.6956790841641574,NSE
unified_1981_2015,AUDIOSK5 vs KnobenK5,camelscl_12802001,Knoben_K5,12305,-66.96598900610856,-8.056995900111875,0.6389597991768073,NSE
unified_1981_2015,AUDIOSK5 vs KnobenK5,camelscl_12805001,RF_Signature_K5,12227,-6.994540426564929,-1.1930059394681045,0.2239007344799015,NSE
unified_1981_2015,AUDIOSK5 vs KnobenK5,camelscl_12805001,Knoben_K5,12227,-32.32085023481249,-3.7800640625544792,0.4571058759451543,NSE
unified_1981_2015,AUDIOSK5 vs KnobenK5,camelscl_12806001,RF_Signature_K5,12249,-20.348351792878656,-2.3805237094529663,0.3613905844993708,NSE
unified_1981_2015,AUDIOSK5 vs KnobenK5,camelscl_12806001,Knoben_K5,12249,-36.71614035819103,-3.5987875083262386,0.4803505360638594,NSE
unified_1981_2015,AUDIOSK5 vs KnobenK5,camelscl_4301002,RF_Signature_K5,12422,-0.6247038483895553,-0.35602317846694276,0.1652550663535945,NSE
unified_1981_2015,AUDIOSK5 vs KnobenK5,camelscl_4301002,Knoben_K5,12422,-6.6528983573344735,-1.5929806481057236,0.35865810614063454,NSE
unified_1981_2015,AUDIOSK5 vs KnobenK5,camelscl_4311001,RF_Signature_K5,11715,0.49594606468474,0.5056147212044693,0.06034920450858356,NSE
unified_1981_2015,AUDIOSK5 vs KnobenK5,camelscl_4311001,Knoben_K5,11715,-23.66040743759689,-4.603031663553796,0.422117316726012,NSE
unified_1981_2015,AUDIOSK5 vs KnobenK5,camelscl_4313001,RF_Signature_K5,11742,0.4789089948817784,0.5323949828657375,0.0714340218157538,NSE
unified_1981_2015,AUDIOSK5 vs KnobenK5,camelscl_4313001,Knoben_K5,11742,-203.43822019840707,-15.879394071006928,1.4149117706173728,NSE
unified_1981_2015,AUDIOSK5 vs KnobenK5,camelscl_4314002,RF_Signature_K5,12623,0.6772205179432573,0.6764754717086883,0.050915427190805995,NSE
unified_1981_2015,AUDIOSK5 vs KnobenK5,camelscl_4314002,Knoben_K5,12623,-101.2343243364861,-10.636495160047131,0.9061389469290275,NSE
unified_1981_2015,AUDIOSK5 vs KnobenK5,camelscl_4501001,RF_Signature_K5,11935,0.15295501408711465,0.24446656188043325,0.07385422174862068,NSE
unified_1981_2015,AUDIOSK5 vs KnobenK5,camelscl_4501001,Knoben_K5,11935,-65.90053525654311,-8.064618007824548,0.6563521078348113,NSE
unified_1981_2015,AUDIOSK5 vs KnobenK5,camelscl_4503001,RF_Signature_K5,11799,-7.286962750531366,-1.7758603769248804,0.1374227634425985,NSE
unified_1981_2015,AUDIOSK5 vs KnobenK5,camelscl_4503001,Knoben_K5,11799,-910.6218741291447,-39.01612634749976,1.4413463508072146,NSE
unified_1981_2015,AUDIOSK5 vs KnobenK5,camelscl_4511002,RF_Signature_K5,12069,0.05341336282547615,-0.020442345586832333,0.06759897050058403,NSE
unified_1981_2015,AUDIOSK5 vs KnobenK5,camelscl_4511002,Knoben_K5,12069,-18.927666816345702,-4.308807039892768,0.31016166824503233,NSE
unified_1981_2015,AUDIOSK5 vs KnobenK5,camelscl_4512001,RF_Signature_K5,12071,-0.20013951909155026,-0.5576549013855765,0.09852797763668705,NSE
unified_1981_2015,AUDIOSK5 vs KnobenK5,camelscl_4512001,Knoben_K5,12071,-7.123152459928974,-2.310565462756363,0.25633387480309944,NSE
unified_1981_2015,AUDIOSK5 vs KnobenK5,camelscl_4513001,RF_Signature_K5,12338,-0.1605181872237733,-0.3341944864865747,0.0820606910604088,NSE
unified_1981_2015,AUDIOSK5 vs KnobenK5,camelscl_4513001,Knoben_K5,12338,-1.208294640482158,-0.18047270686536931,0.11319772631541804,NSE
unified_1981_2015,AUDIOSK5 vs KnobenK5,camelscl_4514001,RF_Signature_K5,12218,0.08803796556794485,0.12998942438971972,0.08870426497180676,NSE
unified_1981_2015,AUDIOSK5 vs KnobenK5,camelscl_4514001,Knoben_K5,12218,-139.74427045907004,-14.462407627543334,1.1019743461640346,NSE
unified_1981_2015,AUDIOSK5 vs KnobenK5,camelscl_4520001,RF_Signature_K5,12054,-40.480171961520085,-19.348115241215478,0.2176359338042294,NSE
unified_1981_2015,AUDIOSK5 vs KnobenK5,camelscl_4520001,Knoben_K5,12054,-98.03569410540675,-34.42924852143811,0.33628399953111493,NSE
unified_1981_2015,AUDIOSK5 vs KnobenK5,camelscl_4530001,RF_Signature_K5,11812,-0.4553668837064613,-0.2173009855811292,0.044103130867148545,NSE
unified_1981_2015,AUDIOSK5 vs KnobenK5,camelscl_4530001,Knoben_K5,11812,-32.28560506133526,-7.065692523292052,0.21091691220427525,NSE
unified_1981_2015,AUDIOSK5 vs KnobenK5,camelscl_4703002,RF_Signature_K5,12660,-0.06627930067080112,-0.1432027186165239,0.1060925589273768,NSE
unified_1981_2015,AUDIOSK5 vs KnobenK5,camelscl_4703002,Knoben_K5,12660,-5.939025428460286,-1.1604457992888362,0.27064416910974554,NSE
unified_1981_2015,AUDIOSK5 vs KnobenK5,camelscl_4721001,RF_Signature_K5,12585,-0.05769455609821561,0.487516003641829,0.0686910812016278,NSE
unified_1981_2015,AUDIOSK5 vs KnobenK5,camelscl_4721001,Knoben_K5,12585,-13.819159211735684,-4.617660093667286,0.25711771489866625,NSE
unified_1981_2015,AUDIOSK5 vs KnobenK5,camelscl_4723001,RF_Signature_K5,12044,0.3055376479361618,0.13664400555871492,0.04759569447443768,NSE
unified_1981_2015,AUDIOSK5 vs KnobenK5,camelscl_4723001,Knoben_K5,12044,-327.46222147679714,-23.826375862334167,1.0351088637145804,NSE
unified_1981_2015,AUDIOSK5 vs KnobenK5,camelscl_5200001,RF_Signature_K5,11740,-7.578207422171067,-1.147049874471913,0.15010150963172514,NSE
unified_1981_2015,AUDIOSK5 vs KnobenK5,camelscl_5200001,Knoben_K5,11740,-387.32108889699924,-21.884430108691664,1.0099090799031685,NSE
unified_1981_2015,AUDIOSK5 vs KnobenK5,camelscl_5402001,RF_Signature_K5,11878,-0.42537340230163,-0.5963719498701501,0.14921989078374878,NSE
unified_1981_2015,AUDIOSK5 vs KnobenK5,camelscl_5402001,Knoben_K5,11878,-0.39651931561987186,-0.05551302150270887,0.1477018265317089,NSE
unified_1981_2015,AUDIOSK5 vs KnobenK5,camelscl_5406001,RF_Signature_K5,11768,-0.09387997867284592,-0.07680767943899514,0.10190488196869468,NSE
unified_1981_2015,AUDIOSK5 vs KnobenK5,camelscl_5406001,Knoben_K5,11768,-8.137152509293887,-3.446070734889207,0.2945205416196562,NSE
unified_1981_2015,AUDIOSK5 vs KnobenK5,camelscl_5706001,RF_Signature_K5,11640,-1.6062109058062246,-0.46871022839420107,0.15382733144281477,NSE
unified_1981_2015,AUDIOSK5 vs KnobenK5,camelscl_5706001,Knoben_K5,11640,-2.8730135786247972,-1.0713771195481763,0.1875224364055964,NSE
unified_1981_2015,AUDIOSK5 vs KnobenK5,camelscl_5707002,RF_Signature_K5,12054,-2.5919902546890428,-0.3396655583100101,0.31050697859555576,NSE
unified_1981_2015,AUDIOSK5 vs KnobenK5,camelscl_5707002,Knoben_K5,12054,-2.9166803961365426,-0.3119564084575095,0.32423721288285673,NSE
unified_1981_2015,AUDIOSK5 vs KnobenK5,camelscl_5722001,RF_Signature_K5,12272,-0.5289540601988927,-0.12459444032670475,0.0368780177807401,NSE
unified_1981_2015,AUDIOSK5 vs KnobenK5,camelscl_5722001,Knoben_K5,12272,-14.49613678103578,-2.8318324352190563,0.11740377776742607,NSE
unified_1981_2015,AUDIOSK5 vs KnobenK5,camelscl_5722002,RF_Signature_K5,12551,-2.4817848468140213,-0.45744217471341875,0.06263675394335934,NSE
unified_1981_2015,AUDIOSK5 vs KnobenK5,camelscl_5722002,Knoben_K5,12551,-29.971769046152474,-4.886250274727508,0.18681480184804247,NSE
unified_1981_2015,AUDIOSK5 vs KnobenK5,camelscl_6013001,RF_Signature_K5,11609,-0.547535132194884,-0.28215130980139813,0.05414528961234773,NSE
unified_1981_2015,AUDIOSK5 vs KnobenK5,camelscl_6013001,Knoben_K5,11609,-0.260186757104627,-0.09997528451461868,0.048860496766226016,NSE
unified_1981_2015,AUDIOSK5 vs KnobenK5,camelscl_7103001,RF_Signature_K5,12564,0.023297571029588182,-0.03880068016608207,0.04062170981445165,NSE
unified_1981_2015,AUDIOSK5 vs KnobenK5,camelscl_7103001,Knoben_K5,12564,-2.230948992448515,-0.2025999592855603,0.07388259083685772,NSE
unified_1981_2015,AUDIOSK5 vs KnobenK5,camelscl_7104002,RF_Signature_K5,12375,-0.05998693219844231,0.021027217977529267,0.05070470185487967,NSE
unified_1981_2015,AUDIOSK5 vs KnobenK5,camelscl_7104002,Knoben_K5,12375,-0.3477796695251465,0.20964869728939384,0.05717516522389454,NSE
unified_1981_2015,AUDIOSK5 vs KnobenK5,camelscl_7112001,RF_Signature_K5,11523,0.17021721365691433,0.3581885545175807,0.03141867509779517,NSE
unified_1981_2015,AUDIOSK5 vs KnobenK5,camelscl_7112001,Knoben_K5,11523,-2.5142200212985797,-0.22209845775347925,0.06465768199826745,NSE
unified_1981_2015,AUDIOSK5 vs KnobenK5,camelscl_7115001,RF_Signature_K5,11993,0.37948541872997343,0.3784679364511515,0.02327936176653432,NSE
unified_1981_2015,AUDIOSK5 vs KnobenK5,camelscl_7115001,Knoben_K5,11993,-3.8593026549333214,-0.4011255419890152,0.06514514400241253,NSE
unified_1981_2015,AUDIOSK5 vs KnobenK5,camelscl_7116001,RF_Signature_K5,12208,-0.24509295680234677,-0.2341211454801111,0.05094328586169527,NSE
unified_1981_2015,AUDIOSK5 vs KnobenK5,camelscl_7116001,Knoben_K5,12208,-2.026217859501172,-0.9191755837627629,0.07942114802634058,NSE
unified_1981_2015,AUDIOSK5 vs KnobenK5,camelscl_7355002,RF_Signature_K5,11800,-0.03268035995770413,-0.09646543432692645,0.042108846818074114,NSE
unified_1981_2015,AUDIOSK5 vs KnobenK5,camelscl_7355002,Knoben_K5,11800,-0.660396779476131,0.021350271079016214,0.05339447621344868,NSE
unified_1981_2015,AUDIOSK5 vs KnobenK5,camelscl_7374001,RF_Signature_K5,12076,-0.45915385983058843,-0.2861425005701066,0.05813366655685466,NSE
unified_1981_2015,AUDIOSK5 vs KnobenK5,camelscl_7374001,Knoben_K5,12076,-1.7533158379025586,-0.2611048289412954,0.07985556515148269,NSE
unified_1981_2015,AUDIOSK5 vs KnobenK5,camelscl_8130002,RF_Signature_K5,12446,0.10188026936162098,0.0058036759467582355,0.04632178248975035,NSE
unified_1981_2015,AUDIOSK5 vs KnobenK5,camelscl_8130002,Knoben_K5,12446,-0.45665597126940227,-0.1385244405416799,0.058992478234934906,NSE
unified_1981_2015,AUDIOSK5 vs KnobenK5,hysets_01010070,RF_Signature_K5,11780,0.19637795224070376,0.24796204661009147,0.07239619866252647,NSE
unified_1981_2015,AUDIOSK5 vs KnobenK5,hysets_01010070,Knoben_K5,11780,0.5881645355240823,0.6803764489578836,0.051826479955953866,NSE
unified_1981_2015,AUDIOSK5 vs KnobenK5,hysets_01022500,RF_Signature_K5,12783,0.3252715533936227,0.5136988661632726,0.0723654071046603,NSE
unified_1981_2015,AUDIOSK5 vs KnobenK5,hysets_01022500,Knoben_K5,12783,0.823460724054428,0.8773791461612725,0.03701580255682049,NSE
unified_1981_2015,AUDIOSK5 vs KnobenK5,hysets_01031500,RF_Signature_K5,12783,0.8985570801605692,0.857018395385543,0.01065217380057644,NSE
unified_1981_2015,AUDIOSK5 vs KnobenK5,hysets_01031500,Knoben_K5,12783,0.8861155785717892,0.889793924787489,0.011286506424469971,NSE
unified_1981_2015,AUDIOSK5 vs KnobenK5,hysets_01038000,RF_Signature_K5,12783,0.2895419089961999,0.38408658022948416,0.04499635194794353,NSE
unified_1981_2015,AUDIOSK5 vs KnobenK5,hysets_01038000,Knoben_K5,12783,0.6486814142053562,0.7437918377585558,0.03164161454459928,NSE
unified_1981_2015,AUDIOSK5 vs KnobenK5,hysets_01047000,RF_Signature_K5,12783,0.584126178379143,0.6057413362782365,0.022561302754040363,NSE
unified_1981_2015,AUDIOSK5 vs KnobenK5,hysets_01047000,Knoben_K5,12783,0.9312308727472531,0.9634079526794622,0.00917445211297582,NSE
unified_1981_2015,AUDIOSK5 vs KnobenK5,hysets_01054200,RF_Signature_K5,12783,0.20114558264164462,0.27751572323289075,0.042016528197271905,NSE
unified_1981_2015,AUDIOSK5 vs KnobenK5,hysets_01054200,Knoben_K5,12783,0.5467048780044124,0.4396897434205591,0.03165022970488536,NSE
unified_1981_2015,AUDIOSK5 vs KnobenK5,hysets_01055000,RF_Signature_K5,12783,0.6871522174877618,0.6263377571279218,0.024994986900645937,NSE
unified_1981_2015,AUDIOSK5 vs KnobenK5,hysets_01055000,Knoben_K5,12783,0.8310871616967235,0.7905827843995877,0.018366132061077303,NSE
unified_1981_2015,AUDIOSK5 vs KnobenK5,hysets_01057000,RF_Signature_K5,12783,0.44808780601860165,0.5613563601347584,0.025382100087021787,NSE
unified_1981_2015,AUDIOSK5 vs KnobenK5,hysets_01057000,Knoben_K5,12783,0.6564840175266888,0.6946268292030306,0.02002470060290417,NSE
unified_1981_2015,AUDIOSK5 vs KnobenK5,hysets_01064500,RF_Signature_K5,12783,0.27037328485703593,0.4299860454536545,0.037802652520853394,NSE
unified_1981_2015,AUDIOSK5 vs KnobenK5,hysets_01064500,Knoben_K5,12783,0.39518931208815666,0.4372344144321282,0.034417683716241015,NSE
unified_1981_2015,AUDIOSK5 vs KnobenK5,hysets_01076500,RF_Signature_K5,12783,0.3508708078814521,0.487931637080117,0.04193248721258587,NSE
unified_1981_2015,AUDIOSK5 vs KnobenK5,hysets_01076500,Knoben_K5,12783,0.7950372136557807,0.8242454687823766,0.023562564764371904,NSE
unified_1981_2015,AUDIOSK5 vs KnobenK5,hysets_01078000,RF_Signature_K5,12783,0.13811944715364843,0.4802923834919841,0.053594180924141976,NSE
unified_1981_2015,AUDIOSK5 vs KnobenK5,hysets_01078000,Knoben_K5,12783,0.463854330297901,0.6485124124690695,0.042270316396664294,NSE
unified_1981_2015,AUDIOSK5 vs KnobenK5,hysets_01118000,RF_Signature_K5,12783,-0.3292290337463424,0.27605849700096663,0.042156725621307914,NSE
unified_1981_2015,AUDIOSK5 vs KnobenK5,hysets_01118000,Knoben_K5,12783,-0.3342506830100396,0.19801043194442336,0.042236281785645584,NSE
unified_1981_2015,AUDIOSK5 vs KnobenK5,hysets_01134500,RF_Signature_K5,12783,0.5018513920882636,0.594639849657359,0.04057592448986289,NSE
unified_1981_2015,AUDIOSK5 vs KnobenK5,hysets_01134500,Knoben_K5,12783,0.7671012714943211,0.8522215357301743,0.027744220149830703,NSE
unified_1981_2015,AUDIOSK5 vs KnobenK5,hysets_01137500,RF_Signature_K5,12783,0.42321137540385023,0.5970684996425355,0.04754544135728384,NSE
unified_1981_2015,AUDIOSK5 vs KnobenK5,hysets_01137500,Knoben_K5,12783,0.6270690232201754,0.6340274562037056,0.038230921771317164,NSE
unified_1981_2015,AUDIOSK5 vs KnobenK5,hysets_01169000,RF_Signature_K5,12783,0.5400293381456571,0.6136747182486819,0.023915391832227125,NSE
unified_1981_2015,AUDIOSK5 vs KnobenK5,hysets_01169000,Knoben_K5,12783,0.6402308562195963,0.5480963433142425,0.021150682747349533,NSE
unified_1981_2015,AUDIOSK5 vs KnobenK5,hysets_01174500,RF_Signature_K5,12783,0.46292371652586284,0.6246086865350324,0.0442681089821275,NSE
unified_1981_2015,AUDIOSK5 vs KnobenK5,hysets_01174500,Knoben_K5,12783,0.28176029991993656,0.46748348362873937,0.051192658820152635,NSE
unified_1981_2015,AUDIOSK5 vs KnobenK5,hysets_01181000,RF_Signature_K5,12783,0.5631562370348209,0.6157507132680907,0.01672539909092549,NSE
unified_1981_2015,AUDIOSK5 vs KnobenK5,hysets_01181000,Knoben_K5,12783,0.06627721889595417,0.3389969541863739,0.024452450991784138,NSE
unified_1981_2015,AUDIOSK5 vs KnobenK5,hysets_01439500,RF_Signature_K5,12783,0.5281026043140444,0.558278446809346,0.04167576976041098,NSE
unified_1981_2015,AUDIOSK5 vs KnobenK5,hysets_01439500,Knoben_K5,12783,0.45924701608500085,0.5446414627200132,0.04461278158161722,NSE
unified_1981_2015,AUDIOSK5 vs KnobenK5,hysets_01440000,RF_Signature_K5,12783,0.14760465751083152,0.34211967151018596,0.03408286490514266,NSE
unified_1981_2015,AUDIOSK5 vs KnobenK5,hysets_01440000,Knoben_K5,12783,0.4267177433173912,0.5362915812489928,0.027951158267335824,NSE
unified_1981_2015,AUDIOSK5 vs KnobenK5,hysets_01447500,RF_Signature_K5,12783,0.39726741797475584,0.4985345528218328,0.029175917109712204,NSE
unified_1981_2015,AUDIOSK5 vs KnobenK5,hysets_01447500,Knoben_K5,12783,0.5518815830656563,0.6628227234842603,0.02515698429082415,NSE
unified_1981_2015,AUDIOSK5 vs KnobenK5,hysets_01543000,RF_Signature_K5,12783,0.7270460853702507,0.7424522150037074,0.02366773240888115,NSE
unified_1981_2015,AUDIOSK5 vs KnobenK5,hysets_01543000,Knoben_K5,12783,0.7992040626884639,0.8736171466093272,0.020299691953809783,NSE
unified_1981_2015,AUDIOSK5 vs KnobenK5,hysets_01543500,RF_Signature_K5,12783,0.9560733717107207,0.9722116268482689,0.009387214043708255,NSE
unified_1981_2015,AUDIOSK5 vs KnobenK5,hysets_01543500,Knoben_K5,12783,0.942878192093367,0.9506619840011967,0.010704681701191583,NSE
unified_1981_2015,AUDIOSK5 vs KnobenK5,hysets_01544500,RF_Signature_K5,12783,0.8401442206843692,0.7857300888550516,0.02040816126304934,NSE
unified_1981_2015,AUDIOSK5 vs KnobenK5,hysets_01544500,Knoben_K5,12783,0.685268834918721,0.6153896037033652,0.02863581717736944,NSE
unified_1981_2015,AUDIOSK5 vs KnobenK5,hysets_01550000,RF_Signature_K5,12783,0.6531093147683639,0.6645078865640653,0.02011765633413174,NSE
unified_1981_2015,AUDIOSK5 vs KnobenK5,hysets_01550000,Knoben_K5,12783,0.9016293171691443,0.8758639782916406,0.010713069165221016,NSE
unified_1981_2015,AUDIOSK5 vs KnobenK5,hysets_01605500,RF_Signature_K5,12783,0.6892754521649487,0.7225437041771902,0.009495077806301672,NSE
unified_1981_2015,AUDIOSK5 vs KnobenK5,hysets_01605500,Knoben_K5,12783,0.5674934625192201,0.43292624756855136,0.011202297025913553,NSE
unified_1981_2015,AUDIOSK5 vs KnobenK5,hysets_01606500,RF_Signature_K5,12782,0.38061164361472266,0.4872898528859557,0.014925882081482733,NSE
unified_1981_2015,AUDIOSK5 vs KnobenK5,hysets_01606500,Knoben_K5,12782,0.6601590151221256,0.667413692663771,0.01105595760260741,NSE
unified_1981_2015,AUDIOSK5 vs KnobenK5,hysets_01611500,RF_Signature_K5,12417,-0.39955157561267174,0.16583492139119538,0.04701827968543565,NSE
unified_1981_2015,AUDIOSK5 vs KnobenK5,hysets_01611500,Knoben_K5,12417,-0.2971186007768911,0.17944791429756035,0.04526495832578138,NSE
unified_1981_2015,AUDIOSK5 vs KnobenK5,hysets_01669520,RF_Signature_K5,12558,-1.0594082807382432,0.18138947057302435,0.04127341404510604,NSE
unified_1981_2015,AUDIOSK5 vs KnobenK5,hysets_01669520,Knoben_K5,12558,-0.16748252296946964,0.4067521296857233,0.031075946198193653,NSE
unified_1981_2015,AUDIOSK5 vs KnobenK5,hysets_01673800,RF_Signature_K5,12783,0.23773618774937832,0.37472120240433826,0.03767004278746571,NSE
unified_1981_2015,AUDIOSK5 vs KnobenK5,hysets_01673800,Knoben_K5,12783,0.23458258404658117,0.26326944530162055,0.037747885765349425,NSE
unified_1981_2015,AUDIOSK5 vs KnobenK5,hysets_01AJ010,RF_Signature_K5,12783,0.5117838809286509,0.6933842197191127,0.031116832862428945,NSE
unified_1981_2015,AUDIOSK5 vs KnobenK5,hysets_01AJ010,Knoben_K5,12783,0.18367160952134942,0.6047249315771102,0.04023664677325768,NSE
unified_1981_2015,AUDIOSK5 vs KnobenK5,hysets_01AK001,RF_Signature_K5,12783,0.6236018642562351,0.7312279561355337,0.052971389749862915,NSE
unified_1981_2015,AUDIOSK5 vs KnobenK5,hysets_01AK001,Knoben_K5,12783,0.6483495434915856,0.8235695321223909,0.05120038516700743,NSE
unified_1981_2015,AUDIOSK5 vs KnobenK5,hysets_01AK007,RF_Signature_K5,12783,0.7826829566064686,0.7429362957634744,0.02374323058178883,NSE
unified_1981_2015,AUDIOSK5 vs KnobenK5,hysets_01AK007,Knoben_K5,12783,0.6918610884689134,0.7703256863460501,0.028272628610935588,NSE
unified_1981_2015,AUDIOSK5 vs KnobenK5,hysets_01AL002,RF_Signature_K5,12783,0.19951208803167364,0.3319615571612755,0.04082397330678837,NSE
unified_1981_2015,AUDIOSK5 vs KnobenK5,hysets_01AL002,Knoben_K5,12783,0.21514564873055797,0.6273612145000906,0.04042336075780123,NSE
unified_1981_2015,AUDIOSK5 vs KnobenK5,hysets_01AM001,RF_Signature_K5,12783,0.48232280078309486,0.504869573110313,0.03857200322512909,NSE
unified_1981_2015,AUDIOSK5 vs KnobenK5,hysets_01AM001,Knoben_K5,12783,0.7487833921486081,0.7961225506346844,0.026869949447630867,NSE
unified_1981_2015,AUDIOSK5 vs KnobenK5,hysets_01AN002,RF_Signature_K5,12783,0.455894208710377,0.593536122323689,0.04514988844679419,NSE
unified_1981_2015,AUDIOSK5 vs KnobenK5,hysets_01AN002,Knoben_K5,12783,0.8362135603512904,0.8548555584954187,0.02477159543755812,NSE
unified_1981_2015,AUDIOSK5 vs KnobenK5,hysets_01AP002,RF_Signature_K5,12783,0.4857105873151014,0.4893565754727852,0.0383445867219347,NSE
unified_1981_2015,AUDIOSK5 vs KnobenK5,hysets_01AP002,Knoben_K5,12783,0.7819293170851693,0.7027464915823229,0.024968871319796023,NSE
unified_1981_2015,AUDIOSK5 vs KnobenK5,hysets_01AQ001,RF_Signature_K5,12783,0.08024326800500559,0.379372460435327,0.0482913758925674,NSE
unified_1981_2015,AUDIOSK5 vs KnobenK5,hysets_01AQ001,Knoben_K5,12783,0.34381105584397553,0.2846556987932396,0.040789421513050525,NSE
unified_1981_2015,AUDIOSK5 vs KnobenK5,hysets_01BJ003,RF_Signature_K5,12783,0.10191948194311984,0.3608379630780205,0.07284854622693486,NSE
unified_1981_2015,AUDIOSK5 vs KnobenK5,hysets_01BJ003,Knoben_K5,12783,0.32550999380904233,0.6177306244861764,0.06313221273243039,NSE
unified_1981_2015,AUDIOSK5 vs KnobenK5,hysets_01BL002,RF_Signature_K5,12783,-0.3058905430240273,0.2279429185715678,0.06461300218203099,NSE
unified_1981_2015,AUDIOSK5 vs KnobenK5,hysets_01BL002,Knoben_K5,12783,-0.31314522643818443,0.09666307245217154,0.06479222764092896,NSE
unified_1981_2015,AUDIOSK5 vs KnobenK5,hysets_01BQ001,RF_Signature_K5,12783,0.35655837611584085,0.5041750895085009,0.05170387357748901,NSE
unified_1981_2015,AUDIOSK5 vs KnobenK5,hysets_01BQ001,Knoben_K5,12783,0.4024139998720456,0.4472448098585995,0.04982745578147753,NSE
unified_1981_2015,AUDIOSK5 vs KnobenK5,hysets_01BS001,RF_Signature_K5,12783,0.5293128981877634,0.5492764625758051,0.03706229280615562,NSE
unified_1981_2015,AUDIOSK5 vs KnobenK5,hysets_01BS001,Knoben_K5,12783,0.7648154810209062,0.7595748133724929,0.02619814246580991,NSE
unified_1981_2015,AUDIOSK5 vs KnobenK5,hysets_01BU002,RF_Signature_K5,12783,0.32554891492767823,0.4912897008042628,0.04481616859800188,NSE
unified_1981_2015,AUDIOSK5 vs KnobenK5,hysets_01BU002,Knoben_K5,12783,0.73196962216457,0.6546273335100707,0.028252150151542765,NSE
unified_1981_2015,AUDIOSK5 vs KnobenK5,hysets_01BV006,RF_Signature_K5,12783,0.17696601167907722,0.2702175264308503,0.04874615761157822,NSE
unified_1981_2015,AUDIOSK5 vs KnobenK5,hysets_01BV006,Knoben_K5,12783,0.34840337061999205,0.30602983870594225,0.04337314536077739,NSE
unified_1981_2015,AUDIOSK5 vs KnobenK5,hysets_01DR001,RF_Signature_K5,12783,-0.0703051432829751,0.2599533725660801,0.06907480635182367,NSE
unified_1981_2015,AUDIOSK5 vs KnobenK5,hysets_01DR001,Knoben_K5,12783,-0.1504042671692356,0.11361575885707131,0.0716128753958295,NSE
unified_1981_2015,AUDIOSK5 vs KnobenK5,hysets_01EC001,RF_Signature_K5,12783,0.03324186061244949,0.21090790424396444,0.08087620036266788,NSE
unified_1981_2015,AUDIOSK5 vs KnobenK5,hysets_01EC001,Knoben_K5,12783,0.29757960881822854,0.6208482505787947,0.06893826929960722,NSE
unified_1981_2015,AUDIOSK5 vs KnobenK5,hysets_01ED007,RF_Signature_K5,12783,-0.25753569006806254,0.04801324694998932,0.07115873469483555,NSE
unified_1981_2015,AUDIOSK5 vs KnobenK5,hysets_01ED007,Knoben_K5,12783,0.4471514109516169,0.6470497571897449,0.047181436571948454,NSE
unified_1981_2015,AUDIOSK5 vs KnobenK5,hysets_01EF001,RF_Signature_K5,12783,0.33589660794530707,0.3845921474632431,0.049140006674883656,NSE
unified_1981_2015,AUDIOSK5 vs KnobenK5,hysets_01EF001,Knoben_K5,12783,0.5504271891461003,0.7397766911965338,0.040431269783515286,NSE
unified_1981_2015,AUDIOSK5 vs KnobenK5,hysets_01EO001,RF_Signature_K5,12783,0.15492610633332327,0.20857847684002218,0.04945177010978573,NSE
unified_1981_2015,AUDIOSK5 vs KnobenK5,hysets_01EO001,Knoben_K5,12783,0.40957113991718175,0.46213540248076235,0.04133503290339245,NSE
unified_1981_2015,AUDIOSK5 vs KnobenK5,hysets_01FB001,RF_Signature_K5,12783,-0.0015671446664409228,0.1221245256374982,0.0460273730026078,NSE
unified_1981_2015,AUDIOSK5 vs KnobenK5,hysets_01FB001,Knoben_K5,12783,0.1901309609223708,0.13769801688622207,0.04138886832031845,NSE
unified_1981_2015,AUDIOSK5 vs KnobenK5,hysets_01FB003,RF_Signature_K5,12783,-0.15055804398046946,0.4917333356505429,0.14440830163126187,NSE
unified_1981_2015,AUDIOSK5 vs KnobenK5,hysets_01FB003,Knoben_K5,12783,-0.1670984796863617,0.4711124420623174,0.14544260531025374,NSE
unified_1981_2015,AUDIOSK5 vs KnobenK5,hysets_02011400,RF_Signature_K5,12783,0.8127570793941923,0.817091670408065,0.013535100249023335,NSE
unified_1981_2015,AUDIOSK5 vs KnobenK5,hysets_02011400,Knoben_K5,12783,0.778484446579757,0.6070318235424645,0.01472179906980637,NSE
unified_1981_2015,AUDIOSK5 vs KnobenK5,hysets_02011460,RF_Signature_K5,12783,-0.016293157882035558,0.23099796257261818,0.029240800053447168,NSE
unified_1981_2015,AUDIOSK5 vs KnobenK5,hysets_02011460,Knoben_K5,12783,0.010474808649646228,0.3876342662038794,0.028853146292442882,NSE
unified_1981_2015,AUDIOSK5 vs KnobenK5,hysets_02013000,RF_Signature_K5,12783,0.7683074078198529,0.7257073888344089,0.017168223546054028,NSE
unified_1981_2015,AUDIOSK5 vs KnobenK5,hysets_02013000,Knoben_K5,12783,0.7886933281264141,0.7564932741819983,0.016395546235974813,NSE
unified_1981_2015,AUDIOSK5 vs KnobenK5,hysets_02014000,RF_Signature_K5,12783,0.8813179488961338,0.8814798258590825,0.014302751523951714,NSE
unified_1981_2015,AUDIOSK5 vs KnobenK5,hysets_02014000,Knoben_K5,12783,0.6890570757575827,0.8168082922216929,0.023150875075651046,NSE
unified_1981_2015,AUDIOSK5 vs KnobenK5,hysets_02015700,RF_Signature_K5,12783,0.42144618017159463,0.5041913365450648,0.023658811571010144,NSE
unified_1981_2015,AUDIOSK5 vs KnobenK5,hysets_02015700,Knoben_K5,12783,0.724412030710939,0.618382757446457,0.016328683457986937,NSE
unified_1981_2015,AUDIOSK5 vs KnobenK5,hysets_02016000,RF_Signature_K5,12783,0.7182099840067527,0.7560029559001155,0.016335951826070737,NSE
unified_1981_2015,AUDIOSK5 vs KnobenK5,hysets_02016000,Knoben_K5,12783,0.6213539484525078,0.7383520492918467,0.0189364410140822,NSE
unified_1981_2015,AUDIOSK5 vs KnobenK5,hysets_02017500,RF_Signature_K5,12783,0.8505069847461252,0.8733202848305391,0.01860532802457125,NSE
unified_1981_2015,AUDIOSK5 vs KnobenK5,hysets_02017500,Knoben_K5,12783,0.9221525077879286,0.9288457189136103,0.013426078863814955,NSE
unified_1981_2015,AUDIOSK5 vs KnobenK5,hysets_02018000,RF_Signature_K5,12783,0.6979304985578992,0.7636087390778253,0.018745710896728777,NSE
unified_1981_2015,AUDIOSK5 vs KnobenK5,hysets_02018000,Knoben_K5,12783,0.8723242249695743,0.9273939824254113,0.01218716600754688,NSE
unified_1981_2015,AUDIOSK5 vs KnobenK5,hysets_02020500,RF_Signature_K5,12053,0.4261028309458105,0.40722726563380296,0.015733103379061267,NSE
unified_1981_2015,AUDIOSK5 vs KnobenK5,hysets_02020500,Knoben_K5,12053,0.6579835472836524,0.5685295250251303,0.012145652581932221,NSE
unified_1981_2015,AUDIOSK5 vs KnobenK5,hysets_02021500,RF_Signature_K5,12783,0.29331419719751317,0.40093888725041427,0.017681060528602435,NSE
unified_1981_2015,AUDIOSK5 vs KnobenK5,hysets_02021500,Knoben_K5,12783,0.7425088610063417,0.7166578254226654,0.010672748408464662,NSE
unified_1981_2015,AUDIOSK5 vs KnobenK5,hysets_02030000,RF_Signature_K5,12427,-0.13225465964751693,0.350881559092985,0.03609178151107509,NSE
unified_1981_2015,AUDIOSK5 vs KnobenK5,hysets_02030000,Knoben_K5,12427,-0.5342689880819615,0.19351022208304403,0.04201332123272785,NSE
unified_1981_2015,AUDIOSK5 vs KnobenK5,hysets_02041000,RF_Signature_K5,12783,0.16500192172161954,0.4245822247872225,0.03521607006183217,NSE
unified_1981_2015,AUDIOSK5 vs KnobenK5,hysets_02041000,Knoben_K5,12783,0.22156120330037077,0.31183146468409906,0.03400246385084332,NSE
unified_1981_2015,AUDIOSK5 vs KnobenK5,hysets_02046000,RF_Signature_K5,12783,0.3997190407422071,0.5735343287695651,0.020706786390319327,NSE
unified_1981_2015,AUDIOSK5 vs KnobenK5,hysets_02046000,Knoben_K5,12783,0.3367881653715856,0.43243651845184117,0.021765144414677584,NSE
unified_1981_2015,AUDIOSK5 vs KnobenK5,hysets_02212600,RF_Signature_K5,12783,0.2965876118833005,0.3530463349487014,0.02841795654534084,NSE
unified_1981_2015,AUDIOSK5 vs KnobenK5,hysets_02212600,Knoben_K5,12783,-0.1908333326692322,0.22764845504179088,0.03697543830264861,NSE
unified_1981_2015,AUDIOSK5 vs KnobenK5,hysets_02325000,RF_Signature_K5,12228,-3.6818857687605107,-0.3718267412201457,0.2463712021725245,NSE
unified_1981_2015,AUDIOSK5 vs KnobenK5,hysets_02325000,Knoben_K5,12228,-9.051635787268177,-1.2466924373001471,0.36099227463613437,NSE
unified_1981_2015,AUDIOSK5 vs KnobenK5,hysets_02326000,RF_Signature_K5,12783,-2.3778004514990174,-0.2544901894969773,0.21541315029959143,NSE
unified_1981_2015,AUDIOSK5 vs KnobenK5,hysets_02326000,Knoben_K5,12783,-8.436054827165378,-1.2108419252969616,0.3600397448087439,NSE
unified_1981_2015,AUDIOSK5 vs KnobenK5,hysets_02327100,RF_Signature_K5,12783,0.14109585052939122,0.24783558280340068,0.030315648994635618,NSE
unified_1981_2015,AUDIOSK5 vs KnobenK5,hysets_02327100,Knoben_K5,12783,0.20102129281972436,0.06119360181746869,0.02923897354384634,NSE
unified_1981_2015,AUDIOSK5 vs KnobenK5,hysets_02331600,RF_Signature_K5,12783,-0.4600850247770154,0.3086609285559436,0.055840472841768074,NSE
unified_1981_2015,AUDIOSK5 vs KnobenK5,hysets_02331600,Knoben_K5,12783,0.3307513068835364,0.5919333988016974,0.03780539496780274,NSE
unified_1981_2015,AUDIOSK5 vs KnobenK5,hysets_02373000,RF_Signature_K5,12783,-0.12172225653986968,0.14704523751537824,0.04748744447554876,NSE
unified_1981_2015,AUDIOSK5 vs KnobenK5,hysets_02373000,Knoben_K5,12783,0.4000720458614492,0.38210686971365515,0.0347284723364348,NSE
unified_1981_2015,AUDIOSK5 vs KnobenK5,hysets_02374500,RF_Signature_K5,12783,-0.4625076177393519,0.2022308508660704,0.042360304476377855,NSE
unified_1981_2015,AUDIOSK5 vs KnobenK5,hysets_02374500,Knoben_K5,12783,0.6356766929105819,0.6505785709539131,0.02114236092110652,NSE
unified_1981_2015,AUDIOSK5 vs KnobenK5,hysets_02380500,RF_Signature_K5,12783,-0.2294443217876938,0.3958019985290874,0.04832262396390718,NSE
unified_1981_2015,AUDIOSK5 vs KnobenK5,hysets_02380500,Knoben_K5,12783,0.1219855889206013,0.5787382004808794,0.040836348192005795,NSE
unified_1981_2015,AUDIOSK5 vs KnobenK5,hysets_02401390,RF_Signature_K5,12783,0.18424066976907616,0.2675427435970521,0.04456515230407586,NSE
unified_1981_2015,AUDIOSK5 vs KnobenK5,hysets_02401390,Knoben_K5,12783,-0.0766808945383608,-0.11923591999573002,0.051198575005812486,NSE
unified_1981_2015,AUDIOSK5 vs KnobenK5,hysets_02450250,RF_Signature_K5,12783,0.12206406299241335,0.3850116236568162,0.04635776297142515,NSE
unified_1981_2015,AUDIOSK5 vs KnobenK5,hysets_02450250,Knoben_K5,12783,0.4607369913033865,0.28555343041560155,0.03633217292014547,NSE
unified_1981_2015,AUDIOSK5 vs KnobenK5,hysets_02469800,RF_Signature_K5,12783,0.20144775586438812,0.3990396022462198,0.035755873532861665,NSE
unified_1981_2015,AUDIOSK5 vs KnobenK5,hysets_02469800,Knoben_K5,12783,0.5690078214539492,0.4379097353106517,0.026268206378458565,NSE
unified_1981_2015,AUDIOSK5 vs KnobenK5,hysets_02479155,RF_Signature_K5,12783,0.2920628368363808,0.3466597030467844,0.022005741244467063,NSE
unified_1981_2015,AUDIOSK5 vs KnobenK5,hysets_02479155,Knoben_K5,12783,0.46491935710553534,0.418303594711258,0.019131466713093306,NSE
unified_1981_2015,AUDIOSK5 vs KnobenK5,hysets_02479560,RF_Signature_K5,12783,-0.3983280487191878,0.10598638270081506,0.06937137708935955,NSE
unified_1981_2015,AUDIOSK5 vs KnobenK5,hysets_02479560,Knoben_K5,12783,0.6933142690573969,0.6676120241478465,0.03248796931387334,NSE
unified_1981_2015,AUDIOSK5 vs KnobenK5,hysets_02AB017,RF_Signature_K5,12765,-0.2730976818385027,-0.1492156546274057,0.06763370724430695,NSE
unified_1981_2015,AUDIOSK5 vs KnobenK5,hysets_02AB017,Knoben_K5,12765,0.33861253223842525,0.35109768675719744,0.048748393751648245,NSE
unified_1981_2015,AUDIOSK5 vs KnobenK5,hysets_02AC001,RF_Signature_K5,11997,-0.3795192631066888,-0.04003121000646881,0.06176423084061609,NSE
unified_1981_2015,AUDIOSK5 vs KnobenK5,hysets_02AC001,Knoben_K5,11997,0.11084972849991037,0.3579529599051897,0.049586189476523955,NSE
unified_1981_2015,AUDIOSK5 vs KnobenK5,hysets_02AD010,RF_Signature_K5,12672,0.07767913117805048,0.04956534219582631,0.06569279707343809,NSE
unified_1981_2015,AUDIOSK5 vs KnobenK5,hysets_02AD010,Knoben_K5,12672,-0.10282789437096618,0.23899508672627146,0.07183409211577814,NSE
unified_1981_2015,AUDIOSK5 vs KnobenK5,hysets_02BA003,RF_Signature_K5,12782,-0.03425070977309397,-0.044756802534893225,0.07633965597653296,NSE
unified_1981_2015,AUDIOSK5 vs KnobenK5,hysets_02BA003,Knoben_K5,12782,-2.646771075013522,-0.3139038088435744,0.14334796612800274,NSE
unified_1981_2015,AUDIOSK5 vs KnobenK5,hysets_02BF001,RF_Signature_K5,12783,0.47261034297497106,0.4145275824318174,0.05361517571842772,NSE
unified_1981_2015,AUDIOSK5 vs KnobenK5,hysets_02BF001,Knoben_K5,12783,0.4123249109882713,0.5238089110711972,0.05659662976088073,NSE
unified_1981_2015,AUDIOSK5 vs KnobenK5,hysets_02BF002,RF_Signature_K5,12783,0.48877549514629104,0.5281308499370373,0.05544146146782593,NSE
unified_1981_2015,AUDIOSK5 vs KnobenK5,hysets_02BF002,Knoben_K5,12783,0.35444992824480925,0.2351724242849783,0.062300826100476416,NSE
unified_1981_2015,AUDIOSK5 vs KnobenK5,hysets_02CB003,RF_Signature_K5,12783,0.46242499034419837,0.54217167132954,0.06520346644272838,NSE
unified_1981_2015,AUDIOSK5 vs KnobenK5,hysets_02CB003,Knoben_K5,12783,0.6667958852459439,0.5168923657949978,0.0513341443153332,NSE
unified_1981_2015,AUDIOSK5 vs KnobenK5,hysets_02CD006,RF_Signature_K5,12783,0.21142195703968736,0.6217369628909353,0.10192032723247077,NSE
unified_1981_2015,AUDIOSK5 vs KnobenK5,hysets_02CD006,Knoben_K5,12783,-0.43133976134307517,0.3047434832507607,0.13731242498615462,NSE
unified_1981_2015,AUDIOSK5 vs KnobenK5,hysets_02DD015,RF_Signature_K5,12783,-0.40526931716124004,0.2390307875641151,0.09113149824995763,NSE
unified_1981_2015,AUDIOSK5 vs KnobenK5,hysets_02DD015,Knoben_K5,12783,-0.17252425910923463,0.4384770711820457,0.08324336867688213,NSE
unified_1981_2015,AUDIOSK5 vs KnobenK5,hysets_02HL003,RF_Signature_K5,12783,-0.5280578457896012,0.1737863407265986,0.12109709603969876,NSE
unified_1981_2015,AUDIOSK5 vs KnobenK5,hysets_02HL003,Knoben_K5,12783,-0.2928482248158082,0.37489939627339974,0.11138779397639262,NSE
unified_1981_2015,AUDIOSK5 vs KnobenK5,hysets_02HL004,RF_Signature_K5,12783,-0.29722334045361576,0.2659820530334679,0.09447590806217002,NSE
unified_1981_2015,AUDIOSK5 vs KnobenK5,hysets_02HL004,Knoben_K5,12783,0.12915453819644318,0.5102091129214577,0.07740771438720281,NSE
unified_1981_2015,AUDIOSK5 vs KnobenK5,hysets_02JC008,RF_Signature_K5,12781,0.32706136345741166,0.4435150424484604,0.08748593232386406,NSE
unified_1981_2015,AUDIOSK5 vs KnobenK5,hysets_02JC008,Knoben_K5,12781,0.22005512253014303,0.5159748555174624,0.09418515297063726,NSE
unified_1981_2015,AUDIOSK5 vs KnobenK5,hysets_02YC001,RF_Signature_K5,12783,0.2488594363985367,0.40713818455076767,0.06692414704993373,NSE
unified_1981_2015,AUDIOSK5 vs KnobenK5,hysets_02YC001,Knoben_K5,12783,0.3563649145484048,0.3035347395995366,0.06195011144661633,NSE
unified_1981_2015,AUDIOSK5 vs KnobenK5,hysets_02YD002,RF_Signature_K5,12783,0.09225003937750398,0.21503126651351578,0.10086312463209522,NSE
unified_1981_2015,AUDIOSK5 vs KnobenK5,hysets_02YD002,Knoben_K5,12783,0.06864176883534445,0.21689845156332277,0.10216630275573156,NSE
unified_1981_2015,AUDIOSK5 vs KnobenK5,hysets_02YJ001,RF_Signature_K5,12783,-0.18453479422121322,0.03359923764042072,0.09075897314201171,NSE
unified_1981_2015,AUDIOSK5 vs KnobenK5,hysets_02YJ001,Knoben_K5,12783,0.37908827080790597,0.32969962245250906,0.06570986795387133,NSE
unified_1981_2015,AUDIOSK5 vs KnobenK5,hysets_02YK002,RF_Signature_K5,12663,0.46638945586429026,0.49974341669922295,0.07328946074491899,NSE
unified_1981_2015,AUDIOSK5 vs KnobenK5,hysets_02YK002,Knoben_K5,12663,0.10413617089278082,0.2754424506972307,0.09496210347125297,NSE
unified_1981_2015,AUDIOSK5 vs KnobenK5,hysets_02YK005,RF_Signature_K5,12783,0.24930464724290113,0.36366411435791657,0.08605902779576721,NSE
unified_1981_2015,AUDIOSK5 vs KnobenK5,hysets_02YK005,Knoben_K5,12783,0.5682062088367237,0.5844431162030828,0.06526837025327185,NSE
unified_1981_2015,AUDIOSK5 vs KnobenK5,hysets_02YN002,RF_Signature_K5,12783,-0.012773886314175753,0.0902866408226527,0.07615313391984505,NSE
unified_1981_2015,AUDIOSK5 vs KnobenK5,hysets_02YN002,Knoben_K5,12783,-0.381370670438957,-0.003750920801976143,0.08893785449102143,NSE
unified_1981_2015,AUDIOSK5 vs KnobenK5,hysets_02YO006,RF_Signature_K5,12783,-0.13451732993855003,0.39238228399080566,0.04954216404455379,NSE
unified_1981_2015,AUDIOSK5 vs KnobenK5,hysets_02YO006,Knoben_K5,12783,0.5496870352294594,0.5706609803763274,0.031212361718738386,NSE
unified_1981_2015,AUDIOSK5 vs KnobenK5,hysets_02YO008,RF_Signature_K5,11688,0.1422704835951627,0.29682986668765887,0.0766644235757292,NSE
unified_1981_2015,AUDIOSK5 vs KnobenK5,hysets_02YO008,Knoben_K5,11688,0.5096223930998055,0.5070684232143898,0.057967425416593645,NSE
unified_1981_2015,AUDIOSK5 vs KnobenK5,hysets_02YR001,RF_Signature_K5,12783,0.03972226926758371,0.3707146287334261,0.10123014092070708,NSE
unified_1981_2015,AUDIOSK5 vs KnobenK5,hysets_02YR001,Knoben_K5,12783,0.3154068932953763,0.6609982007552873,0.08547274929467073,NSE
unified_1981_2015,AUDIOSK5 vs KnobenK5,hysets_02YR003,RF_Signature_K5,12783,-0.10508882369950356,0.3385495501528344,0.110284864650089,NSE
unified_1981_2015,AUDIOSK5 vs KnobenK5,hysets_02YR003,Knoben_K5,12783,0.2989984118097322,0.6454984332450776,0.0878368640334147,NSE
unified_1981_2015,AUDIOSK5 vs KnobenK5,hysets_02ZB001,RF_Signature_K5,12783,0.028538626183204907,0.029421305104675333,0.04881729470066324,NSE
unified_1981_2015,AUDIOSK5 vs KnobenK5,hysets_02ZB001,Knoben_K5,12783,-0.07660819131331009,-0.26057853386437824,0.05139132082335012,NSE
unified_1981_2015,AUDIOSK5 vs KnobenK5,hysets_02ZC002,RF_Signature_K5,12418,0.06652209588218072,0.09926217726568554,0.058767288854686205,NSE
unified_1981_2015,AUDIOSK5 vs KnobenK5,hysets_02ZC002,Knoben_K5,12418,-0.20453778160797098,-0.3759899804927631,0.06675654440740192,NSE
unified_1981_2015,AUDIOSK5 vs KnobenK5,hysets_02ZF001,RF_Signature_K5,12783,0.2381170241142042,0.4631801607987175,0.05188228832494294,NSE
unified_1981_2015,AUDIOSK5 vs KnobenK5,hysets_02ZF001,Knoben_K5,12783,-0.8375387725069703,0.2626886437171382,0.08057368825894527,NSE
unified_1981_2015,AUDIOSK5 vs KnobenK5,hysets_02ZG001,RF_Signature_K5,12783,0.1282687884494237,0.3405059053164369,0.04661196439465018,NSE
unified_1981_2015,AUDIOSK5 vs KnobenK5,hysets_02ZG001,Knoben_K5,12783,-0.07926503338465785,0.03787065926786848,0.05186449595181446,NSE
unified_1981_2015,AUDIOSK5 vs KnobenK5,hysets_02ZG003,RF_Signature_K5,12783,-0.39183665066386797,-0.009608189252506394,0.0696265912278429,NSE
unified_1981_2015,AUDIOSK5 vs KnobenK5,hysets_02ZG003,Knoben_K5,12783,-0.3644564332789624,-0.363745093751741,0.06893834228520347,NSE
unified_1981_2015,AUDIOSK5 vs KnobenK5,hysets_02ZH001,RF_Signature_K5,12783,0.30635281595227815,0.3382542807865606,0.045525876169942296,NSE
unified_1981_2015,AUDIOSK5 vs KnobenK5,hysets_02ZH001,Knoben_K5,12783,-0.39129265178301065,-0.35696986117212504,0.06447602346882098,NSE
unified_1981_2015,AUDIOSK5 vs KnobenK5,hysets_02ZK001,RF_Signature_K5,12783,-0.13457271520572323,-0.10568564928546409,0.06122410670453569,NSE
unified_1981_2015,AUDIOSK5 vs KnobenK5,hysets_02ZK001,Knoben_K5,12783,0.006851428236487878,0.011938719135839104,0.05728137057515998,NSE
unified_1981_2015,AUDIOSK5 vs KnobenK5,hysets_02ZK004,RF_Signature_K5,12053,-0.14726359139887601,-0.11177625590951235,0.06179133218205009,NSE
unified_1981_2015,AUDIOSK5 vs KnobenK5,hysets_02ZK004,Knoben_K5,12053,0.08519314584595872,0.08530559097437374,0.05517732698724857,NSE
unified_1981_2015,AUDIOSK5 vs KnobenK5,hysets_03010655,RF_Signature_K5,12783,0.8334326138642779,0.8769336042539503,0.027685322340573446,NSE
unified_1981_2015,AUDIOSK5 vs KnobenK5,hysets_03010655,Knoben_K5,12783,0.8396201152152672,0.7811806608870179,0.027166240906737093,NSE
unified_1981_2015,AUDIOSK5 vs KnobenK5,hysets_03028000,RF_Signature_K5,12783,0.6797383667990111,0.7631716670500274,0.02435241902738939,NSE
unified_1981_2015,AUDIOSK5 vs KnobenK5,hysets_03028000,Knoben_K5,12783,0.31309955622219954,0.639864930321564,0.03566453364032853,NSE
unified_1981_2015,AUDIOSK5 vs KnobenK5,hysets_03065000,RF_Signature_K5,12053,0.6060743362027913,0.6176831113975294,0.022165286719370486,NSE
unified_1981_2015,AUDIOSK5 vs KnobenK5,hysets_03065000,Knoben_K5,12053,0.7768123195826706,0.7337740518033093,0.016684043943281702,NSE
unified_1981_2015,AUDIOSK5 vs KnobenK5,hysets_03070500,RF_Signature_K5,12783,0.5315617759759168,0.6606736447354391,0.039672025934634626,NSE
unified_1981_2015,AUDIOSK5 vs KnobenK5,hysets_03070500,Knoben_K5,12783,0.5254062173866881,0.7411394166164433,0.039931832298247205,NSE
unified_1981_2015,AUDIOSK5 vs KnobenK5,hysets_03072000,RF_Signature_K5,12783,0.07924246928543432,0.3154436059138278,0.057288040089366804,NSE
unified_1981_2015,AUDIOSK5 vs KnobenK5,hysets_03072000,Knoben_K5,12783,0.16588116534378783,0.49847620123819414,0.05452620709949594,NSE
unified_1981_2015,AUDIOSK5 vs KnobenK5,hysets_03110000,RF_Signature_K5,12783,-0.17052686576741638,0.3601659995916704,0.0373158873877692,NSE
unified_1981_2015,AUDIOSK5 vs KnobenK5,hysets_03110000,Knoben_K5,12783,0.011330241517574557,0.41369345384776246,0.03429483406258813,NSE
unified_1981_2015,AUDIOSK5 vs KnobenK5,hysets_03151400,RF_Signature_K5,12052,0.526721835084607,0.5823064391390997,0.027825168668646424,NSE
unified_1981_2015,AUDIOSK5 vs KnobenK5,hysets_03151400,Knoben_K5,12052,0.2368259211740369,0.08680022001884669,0.03533388384062255,NSE
unified_1981_2015,AUDIOSK5 vs KnobenK5,hysets_03159540,RF_Signature_K5,12782,0.3304870681782497,0.46976169473056295,0.03189260058339392,NSE
unified_1981_2015,AUDIOSK5 vs KnobenK5,hysets_03159540,Knoben_K5,12782,0.348595186159972,0.5088133029083886,0.031458349328645115,NSE
unified_1981_2015,AUDIOSK5 vs KnobenK5,hysets_03180500,RF_Signature_K5,12783,0.4969247383516533,0.5640561728027385,0.024114724059702865,NSE
unified_1981_2015,AUDIOSK5 vs KnobenK5,hysets_03180500,Knoben_K5,12783,0.8968185242445936,0.8506907242014528,0.010921107534730386,NSE
unified_1981_2015,AUDIOSK5 vs KnobenK5,hysets_03182500,RF_Signature_K5,12783,0.23731377987708802,0.49195492458395385,0.03156382916634146,NSE
unified_1981_2015,AUDIOSK5 vs KnobenK5,hysets_03182500,Knoben_K5,12783,0.8003556373246223,0.7429653462158163,0.01614898607556453,NSE
unified_1981_2015,AUDIOSK5 vs KnobenK5,hysets_03186500,RF_Signature_K5,12783,0.35894973335924507,0.477164104201554,0.04652091090270945,NSE
unified_1981_2015,AUDIOSK5 vs KnobenK5,hysets_03186500,Knoben_K5,12783,0.8012852059612143,0.5966445583931796,0.025901043885099725,NSE
unified_1981_2015,AUDIOSK5 vs KnobenK5,hysets_03187500,RF_Signature_K5,12265,0.35139987354533153,0.4435941257611239,0.03961197983677003,NSE
unified_1981_2015,AUDIOSK5 vs KnobenK5,hysets_03187500,Knoben_K5,12265,0.7943299961260712,0.6191982703237491,0.02230609322471974,NSE
unified_1981_2015,AUDIOSK5 vs KnobenK5,hysets_03189100,RF_Signature_K5,11661,0.428279017044338,0.5630656346687544,0.050227624471217654,NSE
unified_1981_2015,AUDIOSK5 vs KnobenK5,hysets_03189100,Knoben_K5,11661,0.9033180581370462,0.8904245310113331,0.020654907530869435,NSE
unified_1981_2015,AUDIOSK5 vs KnobenK5,hysets_03194700,RF_Signature_K5,12052,0.4624249551024485,0.5388924771454712,0.04521599491130572,NSE
unified_1981_2015,AUDIOSK5 vs KnobenK5,hysets_03194700,Knoben_K5,12052,0.8095665669079901,0.678226249006366,0.026911886331787784,NSE
unified_1981_2015,AUDIOSK5 vs KnobenK5,hysets_03202400,RF_Signature_K5,12783,0.14107046478660823,0.4168530922489959,0.03219958486925665,NSE
unified_1981_2015,AUDIOSK5 vs KnobenK5,hysets_03202400,Knoben_K5,12783,0.5500702295265554,0.7476859502318494,0.02330471892359907,NSE
unified_1981_2015,AUDIOSK5 vs KnobenK5,hysets_03202750,RF_Signature_K5,12783,0.14991516962970186,0.5309430074910262,0.05382647462564391,NSE
unified_1981_2015,AUDIOSK5 vs KnobenK5,hysets_03202750,Knoben_K5,12783,0.6767567204800623,0.6284862703989385,0.03319170451239128,NSE
unified_1981_2015,AUDIOSK5 vs KnobenK5,hysets_03207800,RF_Signature_K5,12783,0.41214252405414964,0.6462799471719853,0.02674153941978836,NSE
unified_1981_2015,AUDIOSK5 vs KnobenK5,hysets_03207800,Knoben_K5,12783,0.5949077346880256,0.5762232902280686,0.02219869055165517,NSE
unified_1981_2015,AUDIOSK5 vs KnobenK5,hysets_03208500,RF_Signature_K5,12783,0.16012819940633216,0.4261792708019335,0.035244019439158426,NSE
unified_1981_2015,AUDIOSK5 vs KnobenK5,hysets_03208500,Knoben_K5,12783,0.4983429381732991,0.5164368947809683,0.02723845043112066,NSE
unified_1981_2015,AUDIOSK5 vs KnobenK5,hysets_03210000,RF_Signature_K5,12418,0.06345059584743495,0.3547628534791778,0.030521881300653135,NSE
unified_1981_2015,AUDIOSK5 vs KnobenK5,hysets_03210000,Knoben_K5,12418,-0.065857937392519,0.06143167362949542,0.0325608411045661,NSE
unified_1981_2015,AUDIOSK5 vs KnobenK5,hysets_03217000,RF_Signature_K5,12783,0.3141435722193421,0.4399201297899349,0.022886469387434622,NSE
unified_1981_2015,AUDIOSK5 vs KnobenK5,hysets_03217000,Knoben_K5,12783,-0.04930734879920551,0.06454267393896718,0.028308284487614053,NSE
unified_1981_2015,AUDIOSK5 vs KnobenK5,hysets_03280700,RF_Signature_K5,12783,0.24401353454021624,0.4208586789779428,0.035499086272891826,NSE
unified_1981_2015,AUDIOSK5 vs KnobenK5,hysets_03280700,Knoben_K5,12783,0.46845199513963975,0.2703314671612499,0.029766749364384327,NSE
unified_1981_2015,AUDIOSK5 vs KnobenK5,hysets_03460000,RF_Signature_K5,12783,-0.20418988147067707,0.3465726603281608,0.05550382797497667,NSE
unified_1981_2015,AUDIOSK5 vs KnobenK5,hysets_03460000,Knoben_K5,12783,-0.21025487913701335,-0.007405732327768977,0.055643427131942994,NSE
unified_1981_2015,AUDIOSK5 vs KnobenK5,hysets_03497300,RF_Signature_K5,12783,-0.10054480461462356,0.18167772828472661,0.04049906053206131,NSE
unified_1981_2015,AUDIOSK5 vs KnobenK5,hysets_03497300,Knoben_K5,12783,0.45788846139035333,0.3873322471634,0.028424014137129035,NSE
unified_1981_2015,AUDIOSK5 vs KnobenK5,hysets_03512000,RF_Signature_K5,12783,0.008481419022630998,0.4629875306223792,0.060049264986442016,NSE
unified_1981_2015,AUDIOSK5 vs KnobenK5,hysets_03512000,Knoben_K5,12783,0.5548053580737606,0.5232832597211583,0.040237615072762536,NSE
unified_1981_2015,AUDIOSK5 vs KnobenK5,hysets_03574500,RF_Signature_K5,12783,0.049198069111011655,0.13762151278562818,0.02797215011683668,NSE
unified_1981_2015,AUDIOSK5 vs KnobenK5,hysets_03574500,Knoben_K5,12783,0.3334133520961008,0.3055824724895081,0.023421199203991196,NSE
unified_1981_2015,AUDIOSK5 vs KnobenK5,hysets_04015330,RF_Signature_K5,12783,-0.06600188245406846,-0.25888033923284404,0.02021687061386061,NSE
unified_1981_2015,AUDIOSK5 vs KnobenK5,hysets_04015330,Knoben_K5,12783,-0.2836982915941948,-0.05766319707839718,0.022185357297196222,NSE
unified_1981_2015,AUDIOSK5 vs KnobenK5,hysets_04024430,RF_Signature_K5,12783,-0.7944476196837988,0.017035940968149754,0.052714976326655415,NSE
unified_1981_2015,AUDIOSK5 vs KnobenK5,hysets_04024430,Knoben_K5,12783,-1.5737206672622608,-0.3860231278221895,0.06313196803673898,NSE
unified_1981_2015,AUDIOSK5 vs KnobenK5,hysets_04025500,RF_Signature_K5,11961,-3.0659892309856556,-0.20538108285445733,0.09290247006309885,NSE
unified_1981_2015,AUDIOSK5 vs KnobenK5,hysets_04025500,Knoben_K5,11961,-2.8160007094759365,-0.16834680833459448,0.09000121500573723,NSE
unified_1981_2015,AUDIOSK5 vs KnobenK5,hysets_04057510,RF_Signature_K5,12783,-0.753202861322577,-0.21399122701484918,0.11285104695995352,NSE
unified_1981_2015,AUDIOSK5 vs KnobenK5,hysets_04057510,Knoben_K5,12783,-0.45370596203103863,0.3434511222214083,0.10276087484873994,NSE
unified_1981_2015,AUDIOSK5 vs KnobenK5,hysets_04063700,RF_Signature_K5,12783,-0.14122089321198317,0.21145128315077344,0.08015481836253084,NSE
unified_1981_2015,AUDIOSK5 vs KnobenK5,hysets_04063700,Knoben_K5,12783,0.7489195020638744,0.681983670396739,0.03759683339886473,NSE
unified_1981_2015,AUDIOSK5 vs KnobenK5,hysets_04256000,RF_Signature_K5,12783,0.2412254377049683,0.5250085932349597,0.04095923852411607,NSE
unified_1981_2015,AUDIOSK5 vs KnobenK5,hysets_04256000,Knoben_K5,12783,0.6232745584112236,0.7738410987508964,0.028860773596389055,NSE
unified_1981_2015,AUDIOSK5 vs KnobenK5,hysets_04262500,RF_Signature_K5,12783,0.0020818903588412097,0.5512513592877224,0.07557196311678911,NSE
unified_1981_2015,AUDIOSK5 vs KnobenK5,hysets_04262500,Knoben_K5,12783,-0.3737443949472641,0.418041938526603,0.08866785831957008,NSE
unified_1981_2015,AUDIOSK5 vs KnobenK5,hysets_04269000,RF_Signature_K5,12417,0.07059715747948969,0.47219774506194434,0.07747532166765728,NSE
unified_1981_2015,AUDIOSK5 vs KnobenK5,hysets_04269000,Knoben_K5,12417,0.021382729796831756,0.47170072277072905,0.07950012796580964,NSE
unified_1981_2015,AUDIOSK5 vs KnobenK5,hysets_04296000,RF_Signature_K5,12783,-0.08124138786680812,0.5057068240540592,0.08821876121239797,NSE
unified_1981_2015,AUDIOSK5 vs KnobenK5,hysets_04296000,Knoben_K5,12783,0.7477503378950873,0.7591207272379125,0.04261033228582995,NSE
unified_1981_2015,AUDIOSK5 vs KnobenK5,hysets_05AA008,RF_Signature_K5,12783,0.2785552469479825,0.24564396777613984,0.05282872771504234,NSE
unified_1981_2015,AUDIOSK5 vs KnobenK5,hysets_05AA008,Knoben_K5,12783,0.25675215167653,0.17497301779602603,0.05362106583927849,NSE
unified_1981_2015,AUDIOSK5 vs KnobenK5,hysets_05DC006,RF_Signature_K5,12783,-0.20409943792700624,0.04163650643270311,0.03198425601651891,NSE
unified_1981_2015,AUDIOSK5 vs KnobenK5,hysets_05DC006,Knoben_K5,12783,-3.6941878798188164,-1.0469806801747108,0.0631517384150146,NSE
unified_1981_2015,AUDIOSK5 vs KnobenK5,hysets_05QE008,RF_Signature_K5,12783,-0.9248476782005961,0.2277760058402296,0.23359047490571738,NSE
unified_1981_2015,AUDIOSK5 vs KnobenK5,hysets_05QE008,Knoben_K5,12783,-1.7387578804995916,0.03213284263443417,0.2786337795142756,NSE
unified_1981_2015,AUDIOSK5 vs KnobenK5,hysets_05QE009,RF_Signature_K5,12667,-0.0938722585247409,0.3568481819575746,0.1053704146430871,NSE
unified_1981_2015,AUDIOSK5 vs KnobenK5,hysets_05QE009,Knoben_K5,12667,0.41384606975773863,0.670945698402308,0.0771331780364869,NSE
unified_1981_2015,AUDIOSK5 vs KnobenK5,hysets_05QE012,RF_Signature_K5,12783,-0.5883059587454005,0.0483863553529027,0.2053133421568068,NSE
unified_1981_2015,AUDIOSK5 vs KnobenK5,hysets_05QE012,Knoben_K5,12783,-0.9857372047136226,0.09210796355089046,0.22956780218534317,NSE
unified_1981_2015,AUDIOSK5 vs KnobenK5,hysets_05TG002,RF_Signature_K5,12000,-0.3159247877653695,0.2653093425667924,0.11555720575072208,NSE
unified_1981_2015,AUDIOSK5 vs KnobenK5,hysets_05TG002,Knoben_K5,12000,-2.889861260527712,-0.9350508056425488,0.19867743924892303,NSE
unified_1981_2015,AUDIOSK5 vs KnobenK5,hysets_05UF004,RF_Signature_K5,12584,0.051180091920745685,-0.0508661269073265,0.09229552323611159,NSE
unified_1981_2015,AUDIOSK5 vs KnobenK5,hysets_05UF004,Knoben_K5,12584,0.0723697040409017,0.1762828036916606,0.09125910474676377,NSE
unified_1981_2015,AUDIOSK5 vs KnobenK5,hysets_06019500,RF_Signature_K5,12663,-0.9933564844755629,-0.18093964332539336,0.08767451810196383,NSE
unified_1981_2015,AUDIOSK5 vs KnobenK5,hysets_06019500,Knoben_K5,12663,-19.77796096119915,-3.120950479773783,0.28306251682018596,NSE
unified_1981_2015,AUDIOSK5 vs KnobenK5,hysets_06191000,RF_Signature_K5,11597,0.546327928306703,0.7315449750871337,0.08563564827141712,NSE
unified_1981_2015,AUDIOSK5 vs KnobenK5,hysets_06191000,Knoben_K5,11597,0.7889396752069826,0.7183503316941877,0.058409954570106455,NSE
unified_1981_2015,AUDIOSK5 vs KnobenK5,hysets_06200000,RF_Signature_K5,12782,-0.28819826717158215,-0.11785519105775677,0.11324879387617891,NSE
unified_1981_2015,AUDIOSK5 vs KnobenK5,hysets_06200000,Knoben_K5,12782,0.673442550522177,0.5686140938497823,0.05701931922080426,NSE
unified_1981_2015,AUDIOSK5 vs KnobenK5,hysets_06224000,RF_Signature_K5,12783,0.5968241669185044,0.588600664782337,0.06786798458125137,NSE
unified_1981_2015,AUDIOSK5 vs KnobenK5,hysets_06224000,Knoben_K5,12783,0.5771461679105635,0.7023763686840043,0.06950448693946255,NSE
unified_1981_2015,AUDIOSK5 vs KnobenK5,hysets_06289000,RF_Signature_K5,12783,0.4778218900354403,0.442422502641751,0.06784675827955697,NSE
unified_1981_2015,AUDIOSK5 vs KnobenK5,hysets_06289000,Knoben_K5,12783,0.3661706665261857,0.684752412847849,0.0747490948508329,NSE
unified_1981_2015,AUDIOSK5 vs KnobenK5,hysets_06309200,RF_Signature_K5,12783,0.16933480172492943,0.12041293226756411,0.058783820304954056,NSE
unified_1981_2015,AUDIOSK5 vs KnobenK5,hysets_06309200,Knoben_K5,12783,0.23852372392435917,0.18432335197734495,0.056282449188958604,NSE
unified_1981_2015,AUDIOSK5 vs KnobenK5,hysets_06332515,RF_Signature_K5,12783,-3.7560624982344253,-1.7069800801048167,0.08640634855172971,NSE
unified_1981_2015,AUDIOSK5 vs KnobenK5,hysets_06332515,Knoben_K5,12783,-0.25683705609144525,-2.539072288434664,0.04441824186544452,NSE
unified_1981_2015,AUDIOSK5 vs KnobenK5,hysets_06400875,RF_Signature_K5,11902,-0.6794291349657817,-0.26329576414178435,0.023247989210532394,NSE
unified_1981_2015,AUDIOSK5 vs KnobenK5,hysets_06400875,Knoben_K5,11902,-19.861081724653825,-25.451504232247945,0.08193566183403796,NSE
unified_1981_2015,AUDIOSK5 vs KnobenK5,hysets_06404000,RF_Signature_K5,12783,-0.5331964360279324,0.07846215546501878,0.033975608217458556,NSE
unified_1981_2015,AUDIOSK5 vs KnobenK5,hysets_06404000,Knoben_K5,12783,-1.799265748883239,-0.12025593302603266,0.045908214762755556,NSE
unified_1981_2015,AUDIOSK5 vs KnobenK5,hysets_06406000,RF_Signature_K5,12783,-12.396672191962185,-2.7304198821597137,0.13572531719499972,NSE
unified_1981_2015,AUDIOSK5 vs KnobenK5,hysets_06406000,Knoben_K5,12783,-35.15113539062962,-6.538896073364903,0.22295815957951423,NSE
unified_1981_2015,AUDIOSK5 vs KnobenK5,hysets_06409000,RF_Signature_K5,12783,-8.694518400647341,-1.0907299243898203,0.18865427212418331,NSE
unified_1981_2015,AUDIOSK5 vs KnobenK5,hysets_06409000,Knoben_K5,12783,-2.547840944110223,-0.17509703014995281,0.1141262626453028,NSE
unified_1981_2015,AUDIOSK5 vs KnobenK5,hysets_06422500,RF_Signature_K5,12783,-2.5548542530038283,-0.5252317853594,0.08051166370631892,NSE
unified_1981_2015,AUDIOSK5 vs KnobenK5,hysets_06422500,Knoben_K5,12783,-0.15658636962369754,0.11370255009253705,0.04592370686937851,NSE
unified_1981_2015,AUDIOSK5 vs KnobenK5,hysets_06623800,RF_Signature_K5,12783,0.4280638274791305,0.3020572656613294,0.08894690196614097,NSE
unified_1981_2015,AUDIOSK5 vs KnobenK5,hysets_06623800,Knoben_K5,12783,0.6239782478909455,0.3639481859542326,0.07212129697761391,NSE
unified_1981_2015,AUDIOSK5 vs KnobenK5,hysets_06712000,RF_Signature_K5,12783,-13.525549482510279,-2.594904110577592,0.1163061673525865,NSE
unified_1981_2015,AUDIOSK5 vs KnobenK5,hysets_06712000,Knoben_K5,12783,-19.271446704323996,-4.691528152671061,0.1373975002706159,NSE
unified_1981_2015,AUDIOSK5 vs KnobenK5,hysets_06719505,RF_Signature_K5,12782,-3.021180558924102,-1.0624202690988298,0.23551604927966563,NSE
unified_1981_2015,AUDIOSK5 vs KnobenK5,hysets_06719505,Knoben_K5,12782,-2.6956099813739156,-0.9657694070710587,0.22578068490649256,NSE
unified_1981_2015,AUDIOSK5 vs KnobenK5,hysets_06876700,RF_Signature_K5,12783,-3.850878675690738,-0.8124770634587775,0.07383932369317235,NSE
unified_1981_2015,AUDIOSK5 vs KnobenK5,hysets_06876700,Knoben_K5,12783,-1.161938489054466,-1.260075478412626,0.0492945799877378,NSE
unified_1981_2015,AUDIOSK5 vs KnobenK5,hysets_06FD002,RF_Signature_K5,11818,-0.06462065129769279,-0.16522160863417312,0.08897741076676675,NSE
unified_1981_2015,AUDIOSK5 vs KnobenK5,hysets_06FD002,Knoben_K5,11818,-2.319487968284446,-0.9440453912807134,0.15711507966564478,NSE
unified_1981_2015,AUDIOSK5 vs KnobenK5,hysets_07060710,RF_Signature_K5,12783,-0.1942392176116745,-0.18836380673797826,0.020610250753686204,NSE
unified_1981_2015,AUDIOSK5 vs KnobenK5,hysets_07060710,Knoben_K5,12783,-0.18155488793907715,-0.09587058989797526,0.020500505112141153,NSE
unified_1981_2015,AUDIOSK5 vs KnobenK5,hysets_07124200,RF_Signature_K5,12783,-0.839166349523409,-0.10024469796979751,0.040241767147168594,NSE
unified_1981_2015,AUDIOSK5 vs KnobenK5,hysets_07124200,Knoben_K5,12783,0.06538201312735092,0.4411113443109823,0.02868689904586213,NSE
unified_1981_2015,AUDIOSK5 vs KnobenK5,hysets_07203000,RF_Signature_K5,12783,-20.671692663350754,-6.5838317365886185,0.0895465425293852,NSE
unified_1981_2015,AUDIOSK5 vs KnobenK5,hysets_07203000,Knoben_K5,12783,-32.996885145487774,-7.519354785876931,0.11215585990439295,NSE
unified_1981_2015,AUDIOSK5 vs KnobenK5,hysets_07207500,RF_Signature_K5,12783,-11.336039639885128,-5.433205239660139,0.1465258792036677,NSE
unified_1981_2015,AUDIOSK5 vs KnobenK5,hysets_07207500,Knoben_K5,12783,-8.39745939810341,-4.598647575518896,0.12788855691735718,NSE
unified_1981_2015,AUDIOSK5 vs KnobenK5,hysets_07208500,RF_Signature_K5,12783,-1.6084912211494684,-0.2682880712094129,0.04911494730554355,NSE
unified_1981_2015,AUDIOSK5 vs KnobenK5,hysets_07208500,Knoben_K5,12783,0.35313207478411845,0.38744210464388096,0.024458330056959875,NSE
unified_1981_2015,AUDIOSK5 vs KnobenK5,hysets_07291000,RF_Signature_K5,12053,-0.00939480117636915,0.043333420743770446,0.0312492358366435,NSE
unified_1981_2015,AUDIOSK5 vs KnobenK5,hysets_07291000,Knoben_K5,12053,0.28368942487537896,0.2373924697967893,0.026324464855591225,NSE
unified_1981_2015,AUDIOSK5 vs KnobenK5,hysets_07299670,RF_Signature_K5,12783,-0.9720791226233834,-0.21155212101654675,0.028878696827014334,NSE
unified_1981_2015,AUDIOSK5 vs KnobenK5,hysets_07299670,Knoben_K5,12783,-3.323951841636215,-5.176407258611729,0.0427617871939202,NSE
unified_1981_2015,AUDIOSK5 vs KnobenK5,hysets_07315200,RF_Signature_K5,12783,0.21480449338964125,0.26570456393367614,0.016034889790551416,NSE
unified_1981_2015,AUDIOSK5 vs KnobenK5,hysets_07315200,Knoben_K5,12783,-0.8260947694436782,-5.479057592740081,0.024453370766802623,NSE
unified_1981_2015,AUDIOSK5 vs KnobenK5,hysets_07335700,RF_Signature_K5,12783,-0.13385289828387892,-0.046556402986679846,0.03197353940569226,NSE
unified_1981_2015,AUDIOSK5 vs KnobenK5,hysets_07335700,Knoben_K5,12783,0.2587573264077423,0.06487834853407437,0.02585190576167628,NSE
unified_1981_2015,AUDIOSK5 vs KnobenK5,hysets_07337900,RF_Signature_K5,12783,-0.08810923524409997,-0.06738786898434501,0.04432095579699802,NSE
unified_1981_2015,AUDIOSK5 vs KnobenK5,hysets_07337900,Knoben_K5,12783,0.4219095198678695,0.33595495307939305,0.0323050768222178,NSE
unified_1981_2015,AUDIOSK5 vs KnobenK5,hysets_07340300,RF_Signature_K5,12783,-0.07159516638460994,-0.10551735988763089,0.04971552056372681,NSE
unified_1981_2015,AUDIOSK5 vs KnobenK5,hysets_07340300,Knoben_K5,12783,0.33669570595245313,0.16454376524627368,0.03911407125791659,NSE
unified_1981_2015,AUDIOSK5 vs KnobenK5,hysets_07352000,RF_Signature_K5,12783,0.021684163425657266,0.3192958575752859,0.04390568963254169,NSE
unified_1981_2015,AUDIOSK5 vs KnobenK5,hysets_07352000,Knoben_K5,12783,-0.670228106318828,0.22827620184822517,0.05736792675510437,NSE
unified_1981_2015,AUDIOSK5 vs KnobenK5,hysets_07361500,RF_Signature_K5,12783,-0.11278178721431131,0.0927906331976186,0.0467721592594449,NSE
unified_1981_2015,AUDIOSK5 vs KnobenK5,hysets_07361500,Knoben_K5,12783,0.2907088193371855,0.38250001120458155,0.0373417524218055,NSE
unified_1981_2015,AUDIOSK5 vs KnobenK5,hysets_07362100,RF_Signature_K5,12783,0.12073749788402233,0.237219730194844,0.03150512391465652,NSE
unified_1981_2015,AUDIOSK5 vs KnobenK5,hysets_07362100,Knoben_K5,12783,0.2587315476985297,0.372958566405157,0.02892741823303333,NSE
unified_1981_2015,AUDIOSK5 vs KnobenK5,hysets_07373000,RF_Signature_K5,12783,-0.13087568363852697,0.001245079204254318,0.025569517150526366,NSE
unified_1981_2015,AUDIOSK5 vs KnobenK5,hysets_07373000,Knoben_K5,12783,0.2885965718825083,0.3191365050250654,0.02028023909650824,NSE
unified_1981_2015,AUDIOSK5 vs KnobenK5,hysets_07376000,RF_Signature_K5,12418,0.4609534499284704,0.48430840501644434,0.02904204367963399,NSE
unified_1981_2015,AUDIOSK5 vs KnobenK5,hysets_07376000,Knoben_K5,12418,0.5121134239732901,0.5942552088135489,0.02762952847169464,NSE
unified_1981_2015,AUDIOSK5 vs KnobenK5,hysets_07BJ001,RF_Signature_K5,12783,0.04788659736766343,0.1198705534186637,0.044040407470468765,NSE
unified_1981_2015,AUDIOSK5 vs KnobenK5,hysets_07BJ001,Knoben_K5,12783,0.23633620613198003,0.22984519898651323,0.03944192378295167,NSE
unified_1981_2015,AUDIOSK5 vs KnobenK5,hysets_07MA003,RF_Signature_K5,12728,-3.1363380679518764,-0.25226841826879354,0.23610439053005727,NSE
unified_1981_2015,AUDIOSK5 vs KnobenK5,hysets_07MA003,Knoben_K5,12728,-21.023319221253082,-2.3370059305551494,0.5448004236145065,NSE
unified_1981_2015,AUDIOSK5 vs KnobenK5,hysets_08013000,RF_Signature_K5,12768,0.1751323692331298,0.1666124216634285,0.03678928289881452,NSE
unified_1981_2015,AUDIOSK5 vs KnobenK5,hysets_08013000,Knoben_K5,12768,0.5183188540513047,0.5338072135253886,0.028113118005457002,NSE
unified_1981_2015,AUDIOSK5 vs KnobenK5,hysets_08013500,RF_Signature_K5,12417,0.2346116414992928,0.2802007190900241,0.040298643663928026,NSE
unified_1981_2015,AUDIOSK5 vs KnobenK5,hysets_08013500,Knoben_K5,12417,0.488055354992347,0.4816560232769759,0.03295801183891462,NSE
unified_1981_2015,AUDIOSK5 vs KnobenK5,hysets_08014500,RF_Signature_K5,12783,0.257574604422817,0.25891073472596837,0.030561525667824337,NSE
unified_1981_2015,AUDIOSK5 vs KnobenK5,hysets_08014500,Knoben_K5,12783,0.1505308068030542,0.3237534077923123,0.03269056586121065,NSE
unified_1981_2015,AUDIOSK5 vs KnobenK5,hysets_08025500,RF_Signature_K5,12052,0.19989302063222392,0.3156725867541337,0.029181767759151614,NSE
unified_1981_2015,AUDIOSK5 vs KnobenK5,hysets_08025500,Knoben_K5,12052,0.048651281499454746,0.42537055189479844,0.03182053199662329,NSE
unified_1981_2015,AUDIOSK5 vs KnobenK5,hysets_08029500,RF_Signature_K5,12783,-0.22905905199280774,0.026409248253184248,0.017958535399453062,NSE
unified_1981_2015,AUDIOSK5 vs KnobenK5,hysets_08029500,Knoben_K5,12783,0.3152068041727578,0.636464026845314,0.013404920987441197,NSE
unified_1981_2015,AUDIOSK5 vs KnobenK5,hysets_08065800,RF_Signature_K5,12783,-0.015191799238833958,0.15594082927903163,0.033117536498822576,NSE
unified_1981_2015,AUDIOSK5 vs KnobenK5,hysets_08065800,Knoben_K5,12783,0.09166305976737343,0.11852362702357555,0.03132618161251023,NSE
unified_1981_2015,AUDIOSK5 vs KnobenK5,hysets_08066200,RF_Signature_K5,12783,-0.01987712841755629,0.07257885142183995,0.020010041106059345,NSE
unified_1981_2015,AUDIOSK5 vs KnobenK5,hysets_08066200,Knoben_K5,12783,0.327249301110179,0.23109113305022466,0.01625178743549323,NSE
unified_1981_2015,AUDIOSK5 vs KnobenK5,hysets_08068720,RF_Signature_K5,12596,-0.1777546259686673,0.3227952749270673,0.08987920792305892,NSE
unified_1981_2015,AUDIOSK5 vs KnobenK5,hysets_08068720,Knoben_K5,12596,-0.0900557448131114,-0.3452165329073942,0.08646815275997016,NSE
unified_1981_2015,AUDIOSK5 vs KnobenK5,hysets_08070000,RF_Signature_K5,12695,-0.07324324813036309,0.2617227134910063,0.020464309690435584,NSE
unified_1981_2015,AUDIOSK5 vs KnobenK5,hysets_08070000,Knoben_K5,12695,0.2513680443051507,0.33971568792445606,0.017091579426890678,NSE
unified_1981_2015,AUDIOSK5 vs KnobenK5,hysets_08082700,RF_Signature_K5,12783,-0.13821240627115872,-0.18959593644386685,0.014526299874312544,NSE
unified_1981_2015,AUDIOSK5 vs KnobenK5,hysets_08082700,Knoben_K5,12783,-0.8928057273150569,-6.63607351082218,0.01873252705366435,NSE
unified_1981_2015,AUDIOSK5 vs KnobenK5,hysets_08084800,RF_Signature_K5,12783,-0.428135520413913,-0.09431645080467055,0.03709735478218937,NSE
unified_1981_2015,AUDIOSK5 vs KnobenK5,hysets_08084800,Knoben_K5,12783,-5.476676351029795,-7.127650575609103,0.07900131686950565,NSE
unified_1981_2015,AUDIOSK5 vs KnobenK5,hysets_08086212,RF_Signature_K5,12783,0.31014561611144953,0.1945945035036909,0.015778939511436774,NSE
unified_1981_2015,AUDIOSK5 vs KnobenK5,hysets_08086212,Knoben_K5,12783,0.09074992059827969,0.3049909292860965,0.018115101463708448,NSE
unified_1981_2015,AUDIOSK5 vs KnobenK5,hysets_08150800,RF_Signature_K5,12783,0.06630568542791959,-0.33694792627293824,0.014669486678394069,NSE
unified_1981_2015,AUDIOSK5 vs KnobenK5,hysets_08150800,Knoben_K5,12783,-4.804867174722871,-6.070840644481262,0.03657705230147809,NSE
unified_1981_2015,AUDIOSK5 vs KnobenK5,hysets_08164300,RF_Signature_K5,12783,0.5100925989466556,0.3374196214656482,0.01938746235283506,NSE
unified_1981_2015,AUDIOSK5 vs KnobenK5,hysets_08164300,Knoben_K5,12783,0.44060523513504746,-0.11159052896199362,0.020716823504946035,NSE
unified_1981_2015,AUDIOSK5 vs KnobenK5,hysets_08165300,RF_Signature_K5,12783,-0.02431388095604814,-0.40585401640262364,0.01571778862557792,NSE
unified_1981_2015,AUDIOSK5 vs KnobenK5,hysets_08165300,Knoben_K5,12783,-2.376709724508034,-4.86728113241372,0.02853788471986807,NSE
unified_1981_2015,AUDIOSK5 vs KnobenK5,hysets_08165500,RF_Signature_K5,12761,0.02819024615607757,0.16757966194832818,0.016198268857535943,NSE
unified_1981_2015,AUDIOSK5 vs KnobenK5,hysets_08165500,Knoben_K5,12761,-0.8965855374970635,-1.1963698769610516,0.022628939091994586,NSE
unified_1981_2015,AUDIOSK5 vs KnobenK5,hysets_08171000,RF_Signature_K5,12783,0.10461717256297842,-0.07521481514329964,0.01210868761367207,NSE
unified_1981_2015,AUDIOSK5 vs KnobenK5,hysets_08171000,Knoben_K5,12783,-0.37388422762406526,-0.4167595881861992,0.014999188520717936,NSE
unified_1981_2015,AUDIOSK5 vs KnobenK5,hysets_08175000,RF_Signature_K5,12783,0.35581812553539327,0.38362676038992505,0.012434006453655918,NSE
unified_1981_2015,AUDIOSK5 vs KnobenK5,hysets_08175000,Knoben_K5,12783,0.3996123492614183,0.4491650970277947,0.012003909524772748,NSE
unified_1981_2015,AUDIOSK5 vs KnobenK5,hysets_08178880,RF_Signature_K5,12145,0.5447339656911006,0.35740694420641594,0.007362733998358164,NSE
unified_1981_2015,AUDIOSK5 vs KnobenK5,hysets_08178880,Knoben_K5,12145,0.14182249827265814,-0.9099675070682618,0.010108693940543366,NSE
unified_1981_2015,AUDIOSK5 vs KnobenK5,hysets_08194200,RF_Signature_K5,12783,0.1830978081664062,0.22770478594379595,0.020410220015184125,NSE
unified_1981_2015,AUDIOSK5 vs KnobenK5,hysets_08194200,Knoben_K5,12783,-16.354537949108007,-17.745911346789935,0.09407390747099387,NSE
unified_1981_2015,AUDIOSK5 vs KnobenK5,hysets_08195000,RF_Signature_K5,12783,0.26375002234246503,0.45746572304726485,0.018383221315193817,NSE
unified_1981_2015,AUDIOSK5 vs KnobenK5,hysets_08195000,Knoben_K5,12783,-0.48235936635516197,-0.12560208970542308,0.02608469237376221,NSE
unified_1981_2015,AUDIOSK5 vs KnobenK5,hysets_08198000,RF_Signature_K5,12782,-0.11153513340792554,-0.043676198502465846,0.019181157557386024,NSE
unified_1981_2015,AUDIOSK5 vs KnobenK5,hysets_08198000,Knoben_K5,12782,-1.2743427966026353,-1.7330632033259312,0.027437287708021715,NSE
unified_1981_2015,AUDIOSK5 vs KnobenK5,hysets_08198500,RF_Signature_K5,12783,-0.1274060636181562,-0.17561584700700728,0.018166109912900092,NSE
unified_1981_2015,AUDIOSK5 vs KnobenK5,hysets_08198500,Knoben_K5,12783,-1.5743523577878458,-6.483703721191373,0.027450846997120252,NSE
unified_1981_2015,AUDIOSK5 vs KnobenK5,hysets_08247500,RF_Signature_K5,12783,-1.3323018247677743,-1.292419549174543,0.13433317700202077,NSE
unified_1981_2015,AUDIOSK5 vs KnobenK5,hysets_08247500,Knoben_K5,12783,0.4063578286371533,0.282849121149385,0.06777246507527722,NSE
unified_1981_2015,AUDIOSK5 vs KnobenK5,hysets_08269000,RF_Signature_K5,12783,0.26055792555204427,0.4635429162625938,0.0685725506638644,NSE
unified_1981_2015,AUDIOSK5 vs KnobenK5,hysets_08269000,Knoben_K5,12783,0.7366804616963833,0.4809642616117582,0.04092039029278983,NSE
unified_1981_2015,AUDIOSK5 vs KnobenK5,hysets_08279000,RF_Signature_K5,12560,-1.1511457176265263,-0.15410109899611202,0.0850450343747597,NSE
unified_1981_2015,AUDIOSK5 vs KnobenK5,hysets_08279000,Knoben_K5,12560,0.4653712372680634,0.6997080571854637,0.04239749579725922,NSE
unified_1981_2015,AUDIOSK5 vs KnobenK5,hysets_08284100,RF_Signature_K5,12783,0.5159283217533164,0.35670078249284576,0.06228717606615482,NSE
unified_1981_2015,AUDIOSK5 vs KnobenK5,hysets_08284100,Knoben_K5,12783,0.4304717889687214,0.48777019845606917,0.06756183322864087,NSE
unified_1981_2015,AUDIOSK5 vs KnobenK5,hysets_08289000,RF_Signature_K5,12783,-3.7436722600345016,-1.5716080207000234,0.20744394885461295,NSE
unified_1981_2015,AUDIOSK5 vs KnobenK5,hysets_08289000,Knoben_K5,12783,-0.7084350248329538,-0.6175606135453244,0.12449235031429655,NSE
unified_1981_2015,AUDIOSK5 vs KnobenK5,hysets_08291000,RF_Signature_K5,12783,0.10237338239614402,0.40390819986328863,0.06715019962256864,NSE
unified_1981_2015,AUDIOSK5 vs KnobenK5,hysets_08291000,Knoben_K5,12783,0.4605741289696911,0.722590291286988,0.052055345419608046,NSE
unified_1981_2015,AUDIOSK5 vs KnobenK5,hysets_08324000,RF_Signature_K5,12783,0.1725791893731401,0.34122875749297477,0.07084243809104177,NSE
unified_1981_2015,AUDIOSK5 vs KnobenK5,hysets_08324000,Knoben_K5,12783,0.4296090113649681,0.7145255077007066,0.05881886058639301,NSE
unified_1981_2015,AUDIOSK5 vs KnobenK5,hysets_08334000,RF_Signature_K5,12783,-13.40563151593144,-9.469040965615461,0.16831660271182372,NSE
unified_1981_2015,AUDIOSK5 vs KnobenK5,hysets_08334000,Knoben_K5,12783,-150.03356342229992,-32.59318287968165,0.5450013028667612,NSE
unified_1981_2015,AUDIOSK5 vs KnobenK5,hysets_08378500,RF_Signature_K5,12783,0.5724529318640146,0.6066073838707188,0.04873169297230722,NSE
unified_1981_2015,AUDIOSK5 vs KnobenK5,hysets_08378500,Knoben_K5,12783,0.7600590262742037,0.6109702964463237,0.036506629771676624,NSE
unified_1981_2015,AUDIOSK5 vs KnobenK5,hysets_08401200,RF_Signature_K5,12032,-2.401301158029862,-6.372165599634792,0.022663045933493123,NSE
unified_1981_2015,AUDIOSK5 vs KnobenK5,hysets_08401200,Knoben_K5,12032,-73.54254043520102,-147.9839253704409,0.10609571167435629,NSE
unified_1981_2015,AUDIOSK5 vs KnobenK5,hysets_08401900,RF_Signature_K5,12783,-2.3133192865166774,-4.5406412320429785,0.028356498856501856,NSE
unified_1981_2015,AUDIOSK5 vs KnobenK5,hysets_08401900,Knoben_K5,12783,-62.15096470176667,-101.01211562560789,0.12379723885448873,NSE
unified_1981_2015,AUDIOSK5 vs KnobenK5,hysets_08405150,RF_Signature_K5,12783,-3.1043043964277564,-7.226638065875315,0.030010664452721596,NSE
unified_1981_2015,AUDIOSK5 vs KnobenK5,hysets_08405150,Knoben_K5,12783,-94.75564838473682,-155.4983050128824,0.14495661213659958,NSE
unified_1981_2015,AUDIOSK5 vs KnobenK5,hysets_08405500,RF_Signature_K5,12783,-35.84435435862411,-4.3160033219058205,0.10001409143747443,NSE
unified_1981_2015,AUDIOSK5 vs KnobenK5,hysets_08405500,Knoben_K5,12783,-781.274549025813,-33.058214912646235,0.46084546612023297,NSE
unified_1981_2015,AUDIOSK5 vs KnobenK5,hysets_08AA008,RF_Signature_K5,12589,-1.123183104492326,-0.025630829176902292,0.1657551911953216,NSE
unified_1981_2015,AUDIOSK5 vs KnobenK5,hysets_08AA008,Knoben_K5,12589,-43.087554026644156,-6.024157687606427,0.7553207511616351,NSE
unified_1981_2015,AUDIOSK5 vs KnobenK5,hysets_08AA009,RF_Signature_K5,12695,-0.6640574312477183,-0.07106919005761303,0.09093750203728133,NSE
unified_1981_2015,AUDIOSK5 vs KnobenK5,hysets_08AA009,Knoben_K5,12695,-51.60734183884966,-8.554959104262153,0.5113073597768314,NSE
unified_1981_2015,AUDIOSK5 vs KnobenK5,hysets_08AC001,RF_Signature_K5,11614,-0.905897010649602,0.038809444734904885,0.11099338210626761,NSE
unified_1981_2015,AUDIOSK5 vs KnobenK5,hysets_08AC001,Knoben_K5,11614,-8.956370924077653,-2.5328992509955395,0.2536868200175342,NSE
unified_1981_2015,AUDIOSK5 vs KnobenK5,hysets_08EB004,RF_Signature_K5,12783,0.09278796396460143,0.44934341366760144,0.05836322997868102,NSE
unified_1981_2015,AUDIOSK5 vs KnobenK5,hysets_08EB004,Knoben_K5,12783,-0.49094462330207067,0.25257531698750346,0.0748196502638092,NSE
unified_1981_2015,AUDIOSK5 vs KnobenK5,hysets_08ED001,RF_Signature_K5,12699,0.7141965153961225,0.7208395300670126,0.06660148306121556,NSE
unified_1981_2015,AUDIOSK5 vs KnobenK5,hysets_08ED001,Knoben_K5,12699,0.73370064467425,0.7551811661768465,0.06428878199714719,NSE
unified_1981_2015,AUDIOSK5 vs KnobenK5,hysets_08EE008,RF_Signature_K5,12783,0.02161976701619417,0.3357403009615534,0.07616782319870544,NSE
unified_1981_2015,AUDIOSK5 vs KnobenK5,hysets_08EE008,Knoben_K5,12783,-2.8635650617212485,-0.8932039425907667,0.15136024577268464,NSE
unified_1981_2015,AUDIOSK5 vs KnobenK5,hysets_08EE013,RF_Signature_K5,12715,-0.2807146300700336,-0.06604371911770213,0.10181656853383844,NSE
unified_1981_2015,AUDIOSK5 vs KnobenK5,hysets_08EE013,Knoben_K5,12715,0.06595321666573939,0.013109025148291042,0.08695140129538899,NSE
unified_1981_2015,AUDIOSK5 vs KnobenK5,hysets_08EE020,RF_Signature_K5,12783,0.6197668937899814,0.599591061562776,0.042534336244727675,NSE
unified_1981_2015,AUDIOSK5 vs KnobenK5,hysets_08EE020,Knoben_K5,12783,-0.49257294340469593,0.2315278851193332,0.08427184041536746,NSE
unified_1981_2015,AUDIOSK5 vs KnobenK5,hysets_08EG012,RF_Signature_K5,12783,0.07030292556562279,0.17404661690866607,0.0747554688154763,NSE
unified_1981_2015,AUDIOSK5 vs KnobenK5,hysets_08EG012,Knoben_K5,12783,-0.05810284668719867,0.0639089106772911,0.07975100757950881,NSE
unified_1981_2015,AUDIOSK5 vs KnobenK5,hysets_08FE003,RF_Signature_K5,12783,-0.2702281003624145,0.25187314775566916,0.07016362461786955,NSE
unified_1981_2015,AUDIOSK5 vs KnobenK5,hysets_08FE003,Knoben_K5,12783,0.5242767752406647,0.5200514609334888,0.04293864499635818,NSE
unified_1981_2015,AUDIOSK5 vs KnobenK5,hysets_08FF001,RF_Signature_K5,12783,-1.5704654295410596,-0.04784419599821588,0.06949532853842544,NSE
unified_1981_2015,AUDIOSK5 vs KnobenK5,hysets_08FF001,Knoben_K5,12783,-0.21819522787208534,-0.021873780329415782,0.047841873196163176,NSE
unified_1981_2015,AUDIOSK5 vs KnobenK5,hysets_08FF002,RF_Signature_K5,12783,-1.5325477309057982,-0.07064667493188903,0.07178805141949852,NSE
unified_1981_2015,AUDIOSK5 vs KnobenK5,hysets_08FF002,Knoben_K5,12783,0.43152835320649563,0.42582917208667714,0.0340116538066158,NSE
unified_1981_2015,AUDIOSK5 vs KnobenK5,hysets_08FF003,RF_Signature_K5,12783,-0.6212982572254704,-0.08857321842861565,0.059280537258154214,NSE
unified_1981_2015,AUDIOSK5 vs KnobenK5,hysets_08FF003,Knoben_K5,12783,-0.2457284201221137,-0.15963677610433447,0.051962777803567554,NSE
unified_1981_2015,AUDIOSK5 vs KnobenK5,hysets_08GA071,RF_Signature_K5,12709,0.09414081026320487,0.2463272049550017,0.08431400427368031,NSE
unified_1981_2015,AUDIOSK5 vs KnobenK5,hysets_08GA071,Knoben_K5,12709,0.1732035026960591,0.23943658880393703,0.08055058192604886,NSE
unified_1981_2015,AUDIOSK5 vs KnobenK5,hysets_08HA001,RF_Signature_K5,12783,0.47565201409899205,0.5581795804722236,0.04193380018604217,NSE
unified_1981_2015,AUDIOSK5 vs KnobenK5,hysets_08HA001,Knoben_K5,12783,0.4578878801046976,0.60041118667667,0.04263821133142715,NSE
unified_1981_2015,AUDIOSK5 vs KnobenK5,hysets_08HA010,RF_Signature_K5,11578,0.22842045875996042,0.3114386734805875,0.07756136054380962,NSE
unified_1981_2015,AUDIOSK5 vs KnobenK5,hysets_08HA010,Knoben_K5,11578,0.6172488804362105,0.510685519402636,0.05462774855018126,NSE
unified_1981_2015,AUDIOSK5 vs KnobenK5,hysets_08HB014,RF_Signature_K5,12743,0.09249659538421595,-0.0065161783925398176,0.07718720103245531,NSE
unified_1981_2015,AUDIOSK5 vs KnobenK5,hysets_08HB014,Knoben_K5,12743,0.6121279477137614,0.5339659777999047,0.050462109927901615,NSE
unified_1981_2015,AUDIOSK5 vs KnobenK5,hysets_08HB074,RF_Signature_K5,12308,0.2807880070256905,0.35739125075537514,0.045130554900212644,NSE
unified_1981_2015,AUDIOSK5 vs KnobenK5,hysets_08HB074,Knoben_K5,12308,-0.4226676710495765,-0.4361240918033358,0.06347371892301501,NSE
unified_1981_2015,AUDIOSK5 vs KnobenK5,hysets_08HD011,RF_Signature_K5,12783,0.27129736799455806,0.39414757577676063,0.05325071380260638,NSE
unified_1981_2015,AUDIOSK5 vs KnobenK5,hysets_08HD011,Knoben_K5,12783,0.29409971420604375,0.5820823007032907,0.052410939340688294,NSE
unified_1981_2015,AUDIOSK5 vs KnobenK5,hysets_08HD015,RF_Signature_K5,12459,0.09041301302577576,0.32959192496560863,0.05839047657592653,NSE
unified_1981_2015,AUDIOSK5 vs KnobenK5,hysets_08HD015,Knoben_K5,12459,0.5350986334155539,0.6878572922529036,0.041744600780267926,NSE
unified_1981_2015,AUDIOSK5 vs KnobenK5,hysets_08HF004,RF_Signature_K5,12639,0.3153710775313281,0.4251781651669323,0.04537421001457435,NSE
unified_1981_2015,AUDIOSK5 vs KnobenK5,hysets_08HF004,Knoben_K5,12639,0.24003676545578578,0.10797115256965673,0.04780548702913038,NSE
unified_1981_2015,AUDIOSK5 vs KnobenK5,hysets_08JD006,RF_Signature_K5,11977,0.5587552129399476,0.49520246224819364,0.06037581607541758,NSE
unified_1981_2015,AUDIOSK5 vs KnobenK5,hysets_08JD006,Knoben_K5,11977,-0.3894553880464302,-0.3250743387946049,0.10713849064637826,NSE
unified_1981_2015,AUDIOSK5 vs KnobenK5,hysets_08KA007,RF_Signature_K5,12783,0.3751444846092742,0.6441322996083625,0.11354746215492328,NSE
unified_1981_2015,AUDIOSK5 vs KnobenK5,hysets_08KA007,Knoben_K5,12783,0.7489913723684558,0.691380068082289,0.07196676032384476,NSE
unified_1981_2015,AUDIOSK5 vs KnobenK5,hysets_08KH010,RF_Signature_K5,12686,0.41511637814042324,0.6038965467609011,0.10448451890670381,NSE
unified_1981_2015,AUDIOSK5 vs KnobenK5,hysets_08KH010,Knoben_K5,12686,0.18809480397131983,0.37400542468325704,0.12310335174165608,NSE
unified_1981_2015,AUDIOSK5 vs KnobenK5,hysets_08KH019,RF_Signature_K5,12518,-0.5496583194823985,0.07764648082605785,0.10043288436174767,NSE
unified_1981_2015,AUDIOSK5 vs KnobenK5,hysets_08KH019,Knoben_K5,12518,-3.2612672935864415,-1.0688471269438176,0.16654336978972947,NSE
unified_1981_2015,AUDIOSK5 vs KnobenK5,hysets_08LB038,RF_Signature_K5,11688,0.7189435649344933,0.6121767544887711,0.07568346432483983,NSE
unified_1981_2015,AUDIOSK5 vs KnobenK5,hysets_08LB038,Knoben_K5,11688,0.5246336035490942,0.295986347763713,0.0984279580894365,NSE
unified_1981_2015,AUDIOSK5 vs KnobenK5,hysets_08LB069,RF_Signature_K5,12783,0.17694469956949876,0.16240355673242557,0.108211977725471,NSE
unified_1981_2015,AUDIOSK5 vs KnobenK5,hysets_08LB069,Knoben_K5,12783,0.8937754318945478,0.8855259776870785,0.03887526060549163,NSE
unified_1981_2015,AUDIOSK5 vs KnobenK5,hysets_08LB076,RF_Signature_K5,12644,0.10247886650710136,0.023745072453539073,0.10298886350330852,NSE
unified_1981_2015,AUDIOSK5 vs KnobenK5,hysets_08LB076,Knoben_K5,12644,0.8122905545903851,0.665442948287789,0.047098924179625135,NSE
unified_1981_2015,AUDIOSK5 vs KnobenK5,hysets_08MA003,RF_Signature_K5,12096,-0.13710770120430937,0.4151529548867021,0.19182067952409249,NSE
unified_1981_2015,AUDIOSK5 vs KnobenK5,hysets_08MA003,Knoben_K5,12096,-0.32017086959966745,0.2638544086482053,0.20668535136146762,NSE
unified_1981_2015,AUDIOSK5 vs KnobenK5,hysets_08ME025,RF_Signature_K5,12053,-2.057483953478485,-0.18391043683336394,0.17607112738571626,NSE
unified_1981_2015,AUDIOSK5 vs KnobenK5,hysets_08ME025,Knoben_K5,12053,-4.21165696828742,-0.5777611805887992,0.22987617555162942,NSE
unified_1981_2015,AUDIOSK5 vs KnobenK5,hysets_08MH016,RF_Signature_K5,12783,0.44446154448912467,0.7173873610121051,0.06883288890385973,NSE
unified_1981_2015,AUDIOSK5 vs KnobenK5,hysets_08MH016,Knoben_K5,12783,0.40740615385213585,0.5610696363286272,0.07109147127255293,NSE
unified_1981_2015,AUDIOSK5 vs KnobenK5,hysets_08MH056,RF_Signature_K5,12620,0.49985837955660095,0.6712894447882161,0.031187052633961793,NSE
unified_1981_2015,AUDIOSK5 vs KnobenK5,hysets_08MH056,Knoben_K5,12620,0.7743926628251374,0.6928164025667843,0.020946161349137734,NSE
unified_1981_2015,AUDIOSK5 vs KnobenK5,hysets_08MH103,RF_Signature_K5,12783,-0.031635572010606516,0.4197164258639581,0.06621933423508408,NSE
unified_1981_2015,AUDIOSK5 vs KnobenK5,hysets_08MH103,Knoben_K5,12783,0.7244568705447161,0.8171253672823873,0.03422287168916891,NSE
unified_1981_2015,AUDIOSK5 vs KnobenK5,hysets_08MH147,RF_Signature_K5,11698,0.13137560487649502,0.17641441473095443,0.0594958686333283,NSE
unified_1981_2015,AUDIOSK5 vs KnobenK5,hysets_08MH147,Knoben_K5,11698,-0.07300059207239551,-0.01034276173108295,0.06612577563776229,NSE
unified_1981_2015,AUDIOSK5 vs KnobenK5,hysets_08NA006,RF_Signature_K5,12765,0.24975620233512363,0.640373667881655,0.11962946824853664,NSE
unified_1981_2015,AUDIOSK5 vs KnobenK5,hysets_08NA006,Knoben_K5,12765,0.5862161512837551,0.7008255303181219,0.08884310590192214,NSE
unified_1981_2015,AUDIOSK5 vs KnobenK5,hysets_08NB012,RF_Signature_K5,12179,0.7813659649524258,0.8733387153584382,0.06488952929148763,NSE
unified_1981_2015,AUDIOSK5 vs KnobenK5,hysets_08NB012,Knoben_K5,12179,0.1791196115621978,0.3977199265919238,0.12573485312635807,NSE
unified_1981_2015,AUDIOSK5 vs KnobenK5,hysets_08NB014,RF_Signature_K5,12783,0.7652854383448671,0.6714268965064539,0.06106313455333015,NSE
unified_1981_2015,AUDIOSK5 vs KnobenK5,hysets_08NB014,Knoben_K5,12783,0.5601834113795995,0.6281341035628629,0.08358818206873211,NSE
unified_1981_2015,AUDIOSK5 vs KnobenK5,hysets_08ND012,RF_Signature_K5,12783,0.8809620643457701,0.8472478599573052,0.04620190829560533,NSE
unified_1981_2015,AUDIOSK5 vs KnobenK5,hysets_08ND012,Knoben_K5,12783,0.6563306691970652,0.7309793242662799,0.07850324498956254,NSE
unified_1981_2015,AUDIOSK5 vs KnobenK5,hysets_08ND013,RF_Signature_K5,12783,0.7124718855354282,0.6236942632281033,0.07109047137553834,NSE
unified_1981_2015,AUDIOSK5 vs KnobenK5,hysets_08ND013,Knoben_K5,12783,-0.3539720924254175,0.29487794774219034,0.15426808631715414,NSE
unified_1981_2015,AUDIOSK5 vs KnobenK5,hysets_08NE039,RF_Signature_K5,12783,0.5075752959852963,0.5355321440512721,0.08737302731887858,NSE
unified_1981_2015,AUDIOSK5 vs KnobenK5,hysets_08NE039,Knoben_K5,12783,0.7207944946960989,0.7369716754908282,0.06579144967224933,NSE
unified_1981_2015,AUDIOSK5 vs KnobenK5,hysets_08NE074,RF_Signature_K5,12783,0.4973457530090031,0.3535322292558215,0.08305629412186034,NSE
unified_1981_2015,AUDIOSK5 vs KnobenK5,hysets_08NE074,Knoben_K5,12783,0.8095239635096464,0.6110281428358771,0.05112791047219227,NSE
unified_1981_2015,AUDIOSK5 vs KnobenK5,hysets_08NF001,RF_Signature_K5,12783,0.2507594862189948,0.3763397087539013,0.12471705481005353,NSE
unified_1981_2015,AUDIOSK5 vs KnobenK5,hysets_08NF001,Knoben_K5,12783,-0.08053663668004973,-0.1661881816569981,0.14977349638129472,NSE
unified_1981_2015,AUDIOSK5 vs KnobenK5,hysets_08NG076,RF_Signature_K5,12783,0.02999003526311017,0.2556114665928919,0.0804417847416863,NSE
unified_1981_2015,AUDIOSK5 vs KnobenK5,hysets_08NG076,Knoben_K5,12783,-1.086249525233863,-0.16386218596584867,0.1179713977834477,NSE
unified_1981_2015,AUDIOSK5 vs KnobenK5,hysets_08NG077,RF_Signature_K5,12783,0.6099797783954529,0.40083429582513086,0.06120124191099368,NSE
unified_1981_2015,AUDIOSK5 vs KnobenK5,hysets_08NG077,Knoben_K5,12783,0.4895346503049136,0.26664150358773464,0.07001640473761829,NSE
unified_1981_2015,AUDIOSK5 vs KnobenK5,hysets_08NH005,RF_Signature_K5,12783,0.6664069370566175,0.6242022267883134,0.06288856562940508,NSE
unified_1981_2015,AUDIOSK5 vs KnobenK5,hysets_08NH005,Knoben_K5,12783,0.8152944287932365,0.5751336567194092,0.04679540189387434,NSE
unified_1981_2015,AUDIOSK5 vs KnobenK5,hysets_08NH006,RF_Signature_K5,12783,0.4735619343153671,0.4774109628694728,0.08537510169501474,NSE
unified_1981_2015,AUDIOSK5 vs KnobenK5,hysets_08NH006,Knoben_K5,12783,0.9092486911657476,0.8602080842734134,0.035447371780680775,NSE
unified_1981_2015,AUDIOSK5 vs KnobenK5,hysets_08NH120,RF_Signature_K5,12783,0.5431753723631154,0.3401415908339397,0.0572168631613283,NSE
unified_1981_2015,AUDIOSK5 vs KnobenK5,hysets_08NH120,Knoben_K5,12783,0.45832683371501104,0.2967605601584812,0.06230428994981739,NSE
unified_1981_2015,AUDIOSK5 vs KnobenK5,hysets_08NH130,RF_Signature_K5,12783,0.6356853191277303,0.5653667794747774,0.05810059262179147,NSE
unified_1981_2015,AUDIOSK5 vs KnobenK5,hysets_08NH130,Knoben_K5,12783,0.5291681182547292,0.4602049466523639,0.06605035518514887,NSE
unified_1981_2015,AUDIOSK5 vs KnobenK5,hysets_08NJ160,RF_Signature_K5,12783,0.8180647303431141,0.7625549672839949,0.05801708539459032,NSE
unified_1981_2015,AUDIOSK5 vs KnobenK5,hysets_08NJ160,Knoben_K5,12783,0.7422471156771309,0.5858394003220089,0.0690556511726689,NSE
unified_1981_2015,AUDIOSK5 vs KnobenK5,hysets_08NK016,RF_Signature_K5,12783,0.28072066736338863,0.3837162476772321,0.0434322781234155,NSE
unified_1981_2015,AUDIOSK5 vs KnobenK5,hysets_08NK016,Knoben_K5,12783,0.29811919773294626,0.4249691050803561,0.042903774444004214,NSE
unified_1981_2015,AUDIOSK5 vs KnobenK5,hysets_08NK018,RF_Signature_K5,12783,0.6901674832514383,0.6953466222667075,0.0307167457544404,NSE
unified_1981_2015,AUDIOSK5 vs KnobenK5,hysets_08NK018,Knoben_K5,12783,-0.43597849279251877,0.3212885713213418,0.0661280434545722,NSE
unified_1981_2015,AUDIOSK5 vs KnobenK5,hysets_08NK022,RF_Signature_K5,12783,0.47868396286329273,0.5325201588440636,0.052246703722794316,NSE
unified_1981_2015,AUDIOSK5 vs KnobenK5,hysets_08NK022,Knoben_K5,12783,-0.46964364268956915,0.2710425683358165,0.08772318134306828,NSE
unified_1981_2015,AUDIOSK5 vs KnobenK5,hysets_08NL004,RF_Signature_K5,12783,-0.9658886720949176,-0.6607606698436763,0.13052005205423464,NSE
unified_1981_2015,AUDIOSK5 vs KnobenK5,hysets_08NL004,Knoben_K5,12783,-0.6401456441081865,-0.3960235681001607,0.11921721870551938,NSE
unified_1981_2015,AUDIOSK5 vs KnobenK5,hysets_08NL024,RF_Signature_K5,12783,0.45916480630543344,0.490837679636023,0.05979548212786691,NSE
unified_1981_2015,AUDIOSK5 vs KnobenK5,hysets_08NL024,Knoben_K5,12783,0.6915785955040146,0.6106114669277822,0.045155239998314584,NSE
unified_1981_2015,AUDIOSK5 vs KnobenK5,hysets_08NL050,RF_Signature_K5,12783,-0.03543106209283953,0.12681625146268827,0.07213076413968203,NSE
unified_1981_2015,AUDIOSK5 vs KnobenK5,hysets_08NL050,Knoben_K5,12783,0.5919584110530698,0.4789516530274891,0.04528059796643882,NSE
unified_1981_2015,AUDIOSK5 vs KnobenK5,hysets_08NL071,RF_Signature_K5,12783,0.5804914011321797,0.5642384550332153,0.050303574681465554,NSE
unified_1981_2015,AUDIOSK5 vs KnobenK5,hysets_08NL071,Knoben_K5,12783,0.6409938583576666,0.4697692396909213,0.04653496092746544,NSE
unified_1981_2015,AUDIOSK5 vs KnobenK5,hysets_08NN019,RF_Signature_K5,12783,0.0888017976483998,0.20434199869718062,0.11035536752181191,NSE
unified_1981_2015,AUDIOSK5 vs KnobenK5,hysets_08NN019,Knoben_K5,12783,0.3269721628038146,-0.1534255823142323,0.09484262116532832,NSE
unified_1981_2015,AUDIOSK5 vs KnobenK5,hysets_08OA002,RF_Signature_K5,12398,-0.014554030426896736,0.10048339798559491,0.09440574596276265,NSE
unified_1981_2015,AUDIOSK5 vs KnobenK5,hysets_08OA002,Knoben_K5,12398,-0.4635316087998953,-0.28280539550780603,0.11338664138602635,NSE
unified_1981_2015,AUDIOSK5 vs KnobenK5,hysets_09059500,RF_Signature_K5,12783,0.2663167940952138,0.29681141898201135,0.09072615165284667,NSE
unified_1981_2015,AUDIOSK5 vs KnobenK5,hysets_09059500,Knoben_K5,12783,0.7659728225592476,0.7674858836483738,0.05124026274432708,NSE
unified_1981_2015,AUDIOSK5 vs KnobenK5,hysets_09165000,RF_Signature_K5,12053,0.3197073134948363,0.40333380636776717,0.09912298902555164,NSE
unified_1981_2015,AUDIOSK5 vs KnobenK5,hysets_09165000,Knoben_K5,12053,0.5627066137488606,0.3141269726711887,0.07947178048299461,NSE
unified_1981_2015,AUDIOSK5 vs KnobenK5,hysets_09196500,RF_Signature_K5,11731,0.03613207788094508,-0.1106419415000035,0.1265020550851066,NSE
unified_1981_2015,AUDIOSK5 vs KnobenK5,hysets_09196500,Knoben_K5,11731,0.44080421389833113,0.3959194622563438,0.09635422495092921,NSE
unified_1981_2015,AUDIOSK5 vs KnobenK5,hysets_09223000,RF_Signature_K5,12783,0.6113764425390964,0.5541034111574512,0.05458766717849925,NSE
unified_1981_2015,AUDIOSK5 vs KnobenK5,hysets_09223000,Knoben_K5,12783,0.18303440264477822,0.10326038634210666,0.07914652614802195,NSE
unified_1981_2015,AUDIOSK5 vs KnobenK5,hysets_09253000,RF_Signature_K5,12231,0.5351183590096403,0.5155381699838983,0.07521999619575485,NSE
unified_1981_2015,AUDIOSK5 vs KnobenK5,hysets_09253000,Knoben_K5,12231,0.6892814618403329,0.5044536512895585,0.0614958334556121,NSE
unified_1981_2015,AUDIOSK5 vs KnobenK5,hysets_09255000,RF_Signature_K5,12783,0.3899144615429342,0.3668065196677961,0.07826440440754476,NSE
unified_1981_2015,AUDIOSK5 vs KnobenK5,hysets_09255000,Knoben_K5,12783,0.5420796660990186,0.40754153286512473,0.06780533776708207,NSE
unified_1981_2015,AUDIOSK5 vs KnobenK5,hysets_09266500,RF_Signature_K5,12783,0.39655887852796523,0.23532357839429052,0.04892330801618764,NSE
unified_1981_2015,AUDIOSK5 vs KnobenK5,hysets_09266500,Knoben_K5,12783,0.6465765622649013,0.4367570238488253,0.037440879103315665,NSE
unified_1981_2015,AUDIOSK5 vs KnobenK5,hysets_09289500,RF_Signature_K5,12783,0.4626542835565104,0.41896889856509223,0.0579122727734499,NSE
unified_1981_2015,AUDIOSK5 vs KnobenK5,hysets_09289500,Knoben_K5,12783,0.7989049749745392,0.8158447641985587,0.03542781571073248,NSE
unified_1981_2015,AUDIOSK5 vs KnobenK5,hysets_09292500,RF_Signature_K5,12783,0.12250263380495452,0.35413268517928653,0.08591562446475397,NSE
unified_1981_2015,AUDIOSK5 vs KnobenK5,hysets_09292500,Knoben_K5,12783,0.28917206083049185,0.4296408525718364,0.07732705759612339,NSE
unified_1981_2015,AUDIOSK5 vs KnobenK5,hysets_09299500,RF_Signature_K5,12783,0.16910999626168,0.1944438309612404,0.06639500541343779,NSE
unified_1981_2015,AUDIOSK5 vs KnobenK5,hysets_09299500,Knoben_K5,12783,0.6493176496881714,0.44944631322443884,0.043134085802039875,NSE
unified_1981_2015,AUDIOSK5 vs KnobenK5,hysets_09304200,RF_Signature_K5,12783,0.06346836931078126,0.39617669553367196,0.11611159832100117,NSE
unified_1981_2015,AUDIOSK5 vs KnobenK5,hysets_09304200,Knoben_K5,12783,-0.3043383133767066,0.0040963906436377595,0.13702805838029838,NSE
unified_1981_2015,AUDIOSK5 vs KnobenK5,hysets_09304500,RF_Signature_K5,12783,-0.3818180938835365,0.29866293076538286,0.1259087726644988,NSE
unified_1981_2015,AUDIOSK5 vs KnobenK5,hysets_09304500,Knoben_K5,12783,-0.5773064856712176,-0.14719490224298415,0.1345205385999611,NSE
unified_1981_2015,AUDIOSK5 vs KnobenK5,hysets_09306222,RF_Signature_K5,12783,-102.03585815743259,-10.323018419780782,0.9562104527010408,NSE
unified_1981_2015,AUDIOSK5 vs KnobenK5,hysets_09306222,Knoben_K5,12783,-318.81674667910823,-20.374770704238628,1.6846507944364135,NSE
unified_1981_2015,AUDIOSK5 vs KnobenK5,hysets_09310500,RF_Signature_K5,12783,0.3977302106177768,0.2659249841000002,0.06352916440009641,NSE
unified_1981_2015,AUDIOSK5 vs KnobenK5,hysets_09310500,Knoben_K5,12783,0.5426873065020605,0.38707326406056,0.05535848951781253,NSE
unified_1981_2015,AUDIOSK5 vs KnobenK5,hysets_09312600,RF_Signature_K5,12783,0.3822030818516686,0.1428013080688305,0.05055301910273907,NSE
unified_1981_2015,AUDIOSK5 vs KnobenK5,hysets_09312600,Knoben_K5,12783,-1.1999007901076602,-1.0562799349783498,0.09539503606153969,NSE
unified_1981_2015,AUDIOSK5 vs KnobenK5,hysets_09337000,RF_Signature_K5,12782,-34.38168552024163,-5.473126655073758,0.2863203071797391,NSE
unified_1981_2015,AUDIOSK5 vs KnobenK5,hysets_09337000,Knoben_K5,12782,-10.371207594131157,-2.5241748743159174,0.1623178144115677,NSE
unified_1981_2015,AUDIOSK5 vs KnobenK5,hysets_09342500,RF_Signature_K5,12783,0.3060372029630216,0.13523878783262488,0.10316955075223294,NSE
unified_1981_2015,AUDIOSK5 vs KnobenK5,hysets_09342500,Knoben_K5,12783,0.37479998129955083,0.2057756800353796,0.09792485478622413,NSE
unified_1981_2015,AUDIOSK5 vs KnobenK5,hysets_09352900,RF_Signature_K5,12783,0.4990496565345822,0.447846257707753,0.07403203351726516,NSE
unified_1981_2015,AUDIOSK5 vs KnobenK5,hysets_09352900,Knoben_K5,12783,0.7372365277709345,0.6522305023189701,0.05361728703734485,NSE
unified_1981_2015,AUDIOSK5 vs KnobenK5,hysets_09386900,RF_Signature_K5,12783,-0.2696714165048826,-0.006975217431725911,0.028032687943280944,NSE
unified_1981_2015,AUDIOSK5 vs KnobenK5,hysets_09386900,Knoben_K5,12783,-0.4228565593193403,-2.072975083292907,0.02967560839145864,NSE
unified_1981_2015,AUDIOSK5 vs KnobenK5,hysets_09403600,RF_Signature_K5,12783,-70.71871501135479,-6.745996677593932,0.19674439218326784,NSE
unified_1981_2015,AUDIOSK5 vs KnobenK5,hysets_09403600,Knoben_K5,12783,-470.66202926921676,-24.644597946635887,0.5045469326123347,NSE
unified_1981_2015,AUDIOSK5 vs KnobenK5,hysets_09404450,RF_Signature_K5,12783,-0.2440846748791301,-0.1507530368076928,0.03187612142768026,NSE
unified_1981_2015,AUDIOSK5 vs KnobenK5,hysets_09404450,Knoben_K5,12783,-5.746657489621423,-1.2862827840177506,0.07423091839567804,NSE
unified_1981_2015,AUDIOSK5 vs KnobenK5,hysets_09405500,RF_Signature_K5,12783,-0.1915188843933242,-0.025678211293986175,0.04712992110185196,NSE
unified_1981_2015,AUDIOSK5 vs KnobenK5,hysets_09405500,Knoben_K5,12783,-3.3350251580100077,-1.2221046503375361,0.0898963500348984,NSE
unified_1981_2015,AUDIOSK5 vs KnobenK5,hysets_09442680,RF_Signature_K5,12783,-5.00328517795881,-4.289626748750391,0.04315324270389777,NSE
unified_1981_2015,AUDIOSK5 vs KnobenK5,hysets_09442680,Knoben_K5,12783,-8.244103330609631,-2.7347367732837413,0.05354899745139459,NSE
unified_1981_2015,AUDIOSK5 vs KnobenK5,hysets_09447000,RF_Signature_K5,12783,-0.7691349097749935,-0.6907955046224181,0.023077520935268384,NSE
unified_1981_2015,AUDIOSK5 vs KnobenK5,hysets_09447000,Knoben_K5,12783,-0.38807153375841197,-0.8204957563493052,0.02044158661351093,NSE
unified_1981_2015,AUDIOSK5 vs KnobenK5,hysets_09447800,RF_Signature_K5,12571,-2.9860389463023735,-4.6591148389797485,0.021749562243010022,NSE
unified_1981_2015,AUDIOSK5 vs KnobenK5,hysets_09447800,Knoben_K5,12571,-45.48371443623278,-19.665460345945537,0.07427286276785193,NSE
unified_1981_2015,AUDIOSK5 vs KnobenK5,hysets_09473000,RF_Signature_K5,12052,-1.0421878861288754,-0.2771113721361784,0.02378514736582436,NSE
unified_1981_2015,AUDIOSK5 vs KnobenK5,hysets_09473000,Knoben_K5,12052,-28.6243427887378,-13.527295321824372,0.09059043829252969,NSE
unified_1981_2015,AUDIOSK5 vs KnobenK5,hysets_09494000,RF_Signature_K5,12783,0.2920496213059205,0.35567850015922586,0.03266107898089969,NSE
unified_1981_2015,AUDIOSK5 vs KnobenK5,hysets_09494000,Knoben_K5,12783,0.33028045312495236,0.6143041893652917,0.031766956330762056,NSE
unified_1981_2015,AUDIOSK5 vs KnobenK5,hysets_09496500,RF_Signature_K5,12783,-3.6923797027935263,-1.2470176427426796,0.049966481538291294,NSE
unified_1981_2015,AUDIOSK5 vs KnobenK5,hysets_09496500,Knoben_K5,12783,-14.231995222530964,-2.48747155477988,0.09002447403197342,NSE
unified_1981_2015,AUDIOSK5 vs KnobenK5,hysets_09497800,RF_Signature_K5,12418,-7.808041962783216,-1.311939956991731,0.07260422519647355,NSE
unified_1981_2015,AUDIOSK5 vs KnobenK5,hysets_09497800,Knoben_K5,12418,0.5108349561354526,0.3337587165664446,0.01710999627045548,NSE
unified_1981_2015,AUDIOSK5 vs KnobenK5,hysets_09497980,RF_Signature_K5,12783,-0.06506413710033487,-0.19139848959387917,0.025260907469240052,NSE
unified_1981_2015,AUDIOSK5 vs KnobenK5,hysets_09497980,Knoben_K5,12783,0.5298734788082545,0.5991345622435936,0.016782955506155862,NSE
unified_1981_2015,AUDIOSK5 vs KnobenK5,hysets_09504420,RF_Signature_K5,12510,-2.7014551027973077,-0.21899828539323485,0.05659983043891404,NSE
unified_1981_2015,AUDIOSK5 vs KnobenK5,hysets_09504420,Knoben_K5,12510,0.16486123644418849,-0.18456161328461218,0.026884886557952032,NSE
unified_1981_2015,AUDIOSK5 vs KnobenK5,hysets_09505800,RF_Signature_K5,12783,0.09955279072554857,0.28908766855163415,0.016406664325547396,NSE
unified_1981_2015,AUDIOSK5 vs KnobenK5,hysets_09505800,Knoben_K5,12783,0.5153817208511398,0.4594954706527773,0.012036246128546885,NSE
unified_1981_2015,AUDIOSK5 vs KnobenK5,hysets_09510200,RF_Signature_K5,12783,-0.20856563366321024,-0.03883251119348241,0.026988443573749247,NSE
unified_1981_2015,AUDIOSK5 vs KnobenK5,hysets_09510200,Knoben_K5,12783,0.041693968108546975,0.2670480714093728,0.024032271959974122,NSE
unified_1981_2015,AUDIOSK5 vs KnobenK5,hysets_09512280,RF_Signature_K5,12783,-1.8934609865885497,-1.8965357125191384,0.028660655390014545,NSE
unified_1981_2015,AUDIOSK5 vs KnobenK5,hysets_09512280,Knoben_K5,12783,-9.164100773934546,-15.874020898777552,0.05371700406187956,NSE
unified_1981_2015,AUDIOSK5 vs KnobenK5,hysets_09513780,RF_Signature_K5,12783,-0.15554194239970442,-0.41665074330412266,0.01919331282440068,NSE
unified_1981_2015,AUDIOSK5 vs KnobenK5,hysets_09513780,Knoben_K5,12783,-0.17293820505961,-1.857934747924061,0.019337247291389834,NSE
unified_1981_2015,AUDIOSK5 vs KnobenK5,hysets_09AA012,RF_Signature_K5,12657,-2.3463106442495043,-0.4789105519185235,0.19916595217452704,NSE
unified_1981_2015,AUDIOSK5 vs KnobenK5,hysets_09AA012,Knoben_K5,12657,-18.67177670833121,-3.877148902654321,0.4828961718409998,NSE
unified_1981_2015,AUDIOSK5 vs KnobenK5,hysets_09AA013,RF_Signature_K5,11625,-1.3878463829460053,-0.053803027894333555,0.26413832368836254,NSE
unified_1981_2015,AUDIOSK5 vs KnobenK5,hysets_09AA013,Knoben_K5,11625,-7.469664183634471,-1.7252899970515347,0.4974636143844931,NSE
unified_1981_2015,AUDIOSK5 vs KnobenK5,hysets_09AH003,RF_Signature_K5,12337,-0.4343019498001157,0.09458303165883031,0.07226424983428659,NSE
unified_1981_2015,AUDIOSK5 vs KnobenK5,hysets_09AH003,Knoben_K5,12337,-10.972934968916057,-3.9024460699147525,0.20878702981685748,NSE
unified_1981_2015,AUDIOSK5 vs KnobenK5,hysets_09CA004,RF_Signature_K5,12567,-0.03227429115188496,-0.15458987653062306,0.04677996823812892,NSE
unified_1981_2015,AUDIOSK5 vs KnobenK5,hysets_09CA004,Knoben_K5,12567,-3.9603576775155487,-1.7716702737411825,0.10254603283483978,NSE
unified_1981_2015,AUDIOSK5 vs KnobenK5,hysets_09EA004,RF_Signature_K5,12630,0.03477577415414301,0.06526022630510853,0.08864240856089882,NSE
unified_1981_2015,AUDIOSK5 vs KnobenK5,hysets_09EA004,Knoben_K5,12630,-2.9564985233049446,-0.5695721384773313,0.1794663148943525,NSE
unified_1981_2015,AUDIOSK5 vs KnobenK5,hysets_10011500,RF_Signature_K5,12783,0.8522158522348603,0.7656946937601027,0.041894393080118844,NSE
unified_1981_2015,AUDIOSK5 vs KnobenK5,hysets_10011500,Knoben_K5,12783,0.9093460552457151,0.8972121977828951,0.03281219855756149,NSE
unified_1981_2015,AUDIOSK5 vs KnobenK5,hysets_10032000,RF_Signature_K5,12783,0.6137195259627527,0.5709371150896867,0.07032750523904671,NSE
unified_1981_2015,AUDIOSK5 vs KnobenK5,hysets_10032000,Knoben_K5,12783,0.770189995818889,0.662881666812651,0.05424482334818232,NSE
unified_1981_2015,AUDIOSK5 vs KnobenK5,hysets_10113500,RF_Signature_K5,11506,-0.4530021754159561,0.3248725070946621,0.08863886085129757,NSE
unified_1981_2015,AUDIOSK5 vs KnobenK5,hysets_10113500,Knoben_K5,11506,-2.7005995301670023,-0.2888353512339874,0.1414578582928096,NSE
unified_1981_2015,AUDIOSK5 vs KnobenK5,hysets_10173450,RF_Signature_K5,12782,0.5453274782244006,0.5567890833918285,0.059821726297985274,NSE
unified_1981_2015,AUDIOSK5 vs KnobenK5,hysets_10173450,Knoben_K5,12782,0.7647382016943505,0.5615056011921397,0.04303138193575531,NSE
unified_1981_2015,AUDIOSK5 vs KnobenK5,hysets_10174500,RF_Signature_K5,12783,-0.24679308187869875,0.22809380514414657,0.09596005954884179,NSE
unified_1981_2015,AUDIOSK5 vs KnobenK5,hysets_10174500,Knoben_K5,12783,-3.7145124821998037,-1.1248570505652333,0.18660003112294957,NSE
unified_1981_2015,AUDIOSK5 vs KnobenK5,hysets_10194200,RF_Signature_K5,12467,-0.7901064612283089,-0.3480517360682611,0.12470271269997571,NSE
unified_1981_2015,AUDIOSK5 vs KnobenK5,hysets_10194200,Knoben_K5,12467,-5.12217123546749,-1.626143885506246,0.23061587895462984,NSE
unified_1981_2015,AUDIOSK5 vs KnobenK5,hysets_10234500,RF_Signature_K5,12783,0.6935651405589688,0.7037478963034733,0.0460580577975941,NSE
unified_1981_2015,AUDIOSK5 vs KnobenK5,hysets_10234500,Knoben_K5,12783,0.6001498996798563,0.5433923056348344,0.052612039918503384,NSE
unified_1981_2015,AUDIOSK5 vs KnobenK5,hysets_10258500,RF_Signature_K5,12783,-3.585254928675698,-2.653865825485053,0.04586886228434482,NSE
unified_1981_2015,AUDIOSK5 vs KnobenK5,hysets_10258500,Knoben_K5,12783,-1.7588986453077928,-2.03809037729933,0.035579848782256174,NSE
unified_1981_2015,AUDIOSK5 vs KnobenK5,hysets_10296000,RF_Signature_K5,12783,0.05546493186350676,-0.043119169174819394,0.048834276804987586,NSE
unified_1981_2015,AUDIOSK5 vs KnobenK5,hysets_10296000,Knoben_K5,12783,0.8918988873310525,0.9436812503128116,0.016520789559326798,NSE
unified_1981_2015,AUDIOSK5 vs KnobenK5,hysets_10296500,RF_Signature_K5,12783,0.25942633028796647,0.13766639709176764,0.041263417903528665,NSE
unified_1981_2015,AUDIOSK5 vs KnobenK5,hysets_10296500,Knoben_K5,12783,0.6757688503317756,0.42719260832494166,0.027302878275203557,NSE
unified_1981_2015,AUDIOSK5 vs KnobenK5,hysets_10329500,RF_Signature_K5,12783,-0.7487557408769494,-0.23662765277880315,0.05384541974956045,NSE
unified_1981_2015,AUDIOSK5 vs KnobenK5,hysets_10329500,Knoben_K5,12783,0.10899860082155355,-0.3340046727487682,0.03843469005999203,NSE
unified_1981_2015,AUDIOSK5 vs KnobenK5,hysets_10396000,RF_Signature_K5,12783,0.5189304088214857,0.5708751079946615,0.044722579258915686,NSE
unified_1981_2015,AUDIOSK5 vs KnobenK5,hysets_10396000,Knoben_K5,12783,0.32573209919733725,0.6277011287084995,0.05294672865873324,NSE
unified_1981_2015,AUDIOSK5 vs KnobenK5,hysets_10AC005,RF_Signature_K5,12783,0.5184472643556459,0.5981014040692342,0.0777993396240443,NSE
unified_1981_2015,AUDIOSK5 vs KnobenK5,hysets_10AC005,Knoben_K5,12783,-0.9201164839956717,-0.338555298447627,0.15535233006528534,NSE
unified_1981_2015,AUDIOSK5 vs KnobenK5,hysets_10BE007,RF_Signature_K5,12783,-0.28827884886707666,0.33559237855196933,0.12887258487857695,NSE
unified_1981_2015,AUDIOSK5 vs KnobenK5,hysets_10BE007,Knoben_K5,12783,-0.531893222595992,0.27003045359778943,0.14053025963393292,NSE
unified_1981_2015,AUDIOSK5 vs KnobenK5,hysets_10BE009,RF_Signature_K5,12715,-8.69441755608964,-1.1898456817304979,0.28698617236655727,NSE
unified_1981_2015,AUDIOSK5 vs KnobenK5,hysets_10BE009,Knoben_K5,12715,-102.82217425470206,-6.5345962254205965,0.9391720750868705,NSE
unified_1981_2015,AUDIOSK5 vs KnobenK5,hysets_10ED003,RF_Signature_K5,12782,-0.5658134804119204,0.012868336701317484,0.029271473858447552,NSE
unified_1981_2015,AUDIOSK5 vs KnobenK5,hysets_10ED003,Knoben_K5,12782,-0.2151341621482037,-0.21133792902026305,0.025786161113533455,NSE
unified_1981_2015,AUDIOSK5 vs KnobenK5,hysets_10GC003,RF_Signature_K5,12783,-0.5864344141254387,0.008003208904369008,0.031640163189736024,NSE
unified_1981_2015,AUDIOSK5 vs KnobenK5,hysets_10GC003,Knoben_K5,12783,0.05627203944820047,0.13263845161953391,0.024403440808778817,NSE
unified_1981_2015,AUDIOSK5 vs KnobenK5,hysets_10LC003,RF_Signature_K5,12112,-0.8251510227968499,0.0018395637631833939,0.0648035964700573,NSE
unified_1981_2015,AUDIOSK5 vs KnobenK5,hysets_10LC003,Knoben_K5,12112,-37.875576865562515,-13.076562404538691,0.29908052145865743,NSE
unified_1981_2015,AUDIOSK5 vs KnobenK5,hysets_10LC007,RF_Signature_K5,12242,-0.17523951680754868,0.21476747868221802,0.05041188456656421,NSE
unified_1981_2015,AUDIOSK5 vs KnobenK5,hysets_10LC007,Knoben_K5,12242,-56.89384344413506,-11.110723962144942,0.35382289479547885,NSE
unified_1981_2015,AUDIOSK5 vs KnobenK5,hysets_11012500,RF_Signature_K5,12783,-27.335995556997442,-4.541150598960207,0.1410538719392825,NSE
unified_1981_2015,AUDIOSK5 vs KnobenK5,hysets_11012500,Knoben_K5,12783,-9.921642729811301,-3.146422319579111,0.08757088869212455,NSE
unified_1981_2015,AUDIOSK5 vs KnobenK5,hysets_11015000,RF_Signature_K5,12783,-0.3657723241974318,-0.10081443268589485,0.026848159233498904,NSE
unified_1981_2015,AUDIOSK5 vs KnobenK5,hysets_11015000,Knoben_K5,12783,0.3648936093638131,0.28533695101803924,0.0183083245404318,NSE
unified_1981_2015,AUDIOSK5 vs KnobenK5,hysets_11042400,RF_Signature_K5,12419,-6.517351584611114,-3.6892280482169326,0.04179764644505014,NSE
unified_1981_2015,AUDIOSK5 vs KnobenK5,hysets_11042400,Knoben_K5,12419,-3.487308198921732,-1.5670397545563834,0.032293293986081,NSE
unified_1981_2015,AUDIOSK5 vs KnobenK5,hysets_11123000,RF_Signature_K5,12783,0.047298508416742435,0.2551296897323292,0.03243065974413753,NSE
unified_1981_2015,AUDIOSK5 vs KnobenK5,hysets_11123000,Knoben_K5,12783,0.4331293580493718,0.06013559783234612,0.02501608500236526,NSE
unified_1981_2015,AUDIOSK5 vs KnobenK5,hysets_11123500,RF_Signature_K5,12783,0.1987205342184929,0.23243600238582773,0.029441123024874127,NSE
unified_1981_2015,AUDIOSK5 vs KnobenK5,hysets_11123500,Knoben_K5,12783,0.5120463111061537,0.28221934030210083,0.0229747962293175,NSE
unified_1981_2015,AUDIOSK5 vs KnobenK5,hysets_11124500,RF_Signature_K5,12783,-1.2494048835044147,0.08761225660120131,0.049442950138262234,NSE
unified_1981_2015,AUDIOSK5 vs KnobenK5,hysets_11124500,Knoben_K5,12783,0.8793536720179432,0.8187382292876539,0.011450583376467574,NSE
unified_1981_2015,AUDIOSK5 vs KnobenK5,hysets_11132500,RF_Signature_K5,12783,-0.4097330861660162,0.010343489763385838,0.02058618442597039,NSE
unified_1981_2015,AUDIOSK5 vs KnobenK5,hysets_11132500,Knoben_K5,12783,-0.044959504302895636,-0.29368268263921893,0.017723812339181234,NSE
unified_1981_2015,AUDIOSK5 vs KnobenK5,hysets_11140000,RF_Signature_K5,12783,-3.4723357923655414,-1.1416170455002517,0.060419859674445235,NSE
unified_1981_2015,AUDIOSK5 vs KnobenK5,hysets_11140000,Knoben_K5,12783,-8.459333390397141,-3.39037803154784,0.0878704350265598,NSE
unified_1981_2015,AUDIOSK5 vs KnobenK5,hysets_11143000,RF_Signature_K5,12783,-0.023610071904140773,-0.16574733251039064,0.052918284967264806,NSE
unified_1981_2015,AUDIOSK5 vs KnobenK5,hysets_11143000,Knoben_K5,12783,-0.2759923621441087,-0.18266475258849257,0.059082997802534745,NSE
unified_1981_2015,AUDIOSK5 vs KnobenK5,hysets_11143200,RF_Signature_K5,12783,0.36246845136943817,0.3765028880767519,0.02627780813278218,NSE
unified_1981_2015,AUDIOSK5 vs KnobenK5,hysets_11143200,Knoben_K5,12783,0.59302876228517,0.7674014607682362,0.02099520673163834,NSE
unified_1981_2015,AUDIOSK5 vs KnobenK5,hysets_11143250,RF_Signature_K5,12783,0.2709441224831297,0.541972046535935,0.03049159282812802,NSE
unified_1981_2015,AUDIOSK5 vs KnobenK5,hysets_11143250,Knoben_K5,12783,-0.24795726963403752,-0.11009845961948894,0.03989326313731169,NSE
unified_1981_2015,AUDIOSK5 vs KnobenK5,hysets_11148900,RF_Signature_K5,12783,0.07922945632195011,-0.06951754597891657,0.02739786058441904,NSE
unified_1981_2015,AUDIOSK5 vs KnobenK5,hysets_11148900,Knoben_K5,12783,0.4953254317423399,0.20620467964763756,0.020283675442252836,NSE
unified_1981_2015,AUDIOSK5 vs KnobenK5,hysets_11149900,RF_Signature_K5,12783,-0.8236096900930547,0.03608175791697121,0.038461486485721334,NSE
unified_1981_2015,AUDIOSK5 vs KnobenK5,hysets_11149900,Knoben_K5,12783,0.45447215754313675,0.5469858437078644,0.02103626242471488,NSE
unified_1981_2015,AUDIOSK5 vs KnobenK5,hysets_11151300,RF_Signature_K5,12682,-8.896264548230612,-3.0737220040116746,0.05049958501957817,NSE
unified_1981_2015,AUDIOSK5 vs KnobenK5,hysets_11151300,Knoben_K5,12682,-13.77279501527475,-15.25533206201932,0.06169976315997557,NSE
unified_1981_2015,AUDIOSK5 vs KnobenK5,hysets_11152000,RF_Signature_K5,12783,-0.0327332512439964,-0.0006671107050282288,0.032678320834671974,NSE
unified_1981_2015,AUDIOSK5 vs KnobenK5,hysets_11152000,Knoben_K5,12783,0.6885879209587735,0.6387163188563724,0.017944583354687068,NSE
unified_1981_2015,AUDIOSK5 vs KnobenK5,hysets_11202000,RF_Signature_K5,12783,0.33237331654543956,0.22839490002880836,0.023219380793506116,NSE
unified_1981_2015,AUDIOSK5 vs KnobenK5,hysets_11202000,Knoben_K5,12783,0.45774458682542896,0.31440974993644033,0.020925976774911086,NSE
unified_1981_2015,AUDIOSK5 vs KnobenK5,hysets_11202001,RF_Signature_K5,12783,0.08776721830321599,0.01990095968449901,0.031673657798442,NSE
unified_1981_2015,AUDIOSK5 vs KnobenK5,hysets_11202001,Knoben_K5,12783,0.10475708825440522,-0.047780157689051084,0.03137731866711019,NSE
unified_1981_2015,AUDIOSK5 vs KnobenK5,hysets_11224500,RF_Signature_K5,12783,-2.5894679278723585,-2.7380823273707597,0.02968080015251845,NSE
unified_1981_2015,AUDIOSK5 vs KnobenK5,hysets_11224500,Knoben_K5,12783,-3.993796511542026,-9.41347331617023,0.03500870022539624,NSE
unified_1981_2015,AUDIOSK5 vs KnobenK5,hysets_11230500,RF_Signature_K5,12783,-0.07365392164765217,-0.23142744655759429,0.05979660321634615,NSE
unified_1981_2015,AUDIOSK5 vs KnobenK5,hysets_11230500,Knoben_K5,12783,0.813512690704896,0.8100728903194205,0.024921202744220817,NSE
unified_1981_2015,AUDIOSK5 vs KnobenK5,hysets_11253310,RF_Signature_K5,12783,-8.45568616581086,-3.2386015908803136,0.0535835833228735,NSE
unified_1981_2015,AUDIOSK5 vs KnobenK5,hysets_11253310,Knoben_K5,12783,-17.928989898501005,-11.534331953553671,0.07581391918886352,NSE
unified_1981_2015,AUDIOSK5 vs KnobenK5,hysets_11264500,RF_Signature_K5,12783,0.9595552115660417,0.8497934399276782,0.013446647647106888,NSE
unified_1981_2015,AUDIOSK5 vs KnobenK5,hysets_11264500,Knoben_K5,12783,0.9423846278321661,0.7814872640079433,0.0160491459555492,NSE
unified_1981_2015,AUDIOSK5 vs KnobenK5,hysets_11266500,RF_Signature_K5,12783,0.914497668364256,0.8496453731132881,0.01488236471739974,NSE
unified_1981_2015,AUDIOSK5 vs KnobenK5,hysets_11266500,Knoben_K5,12783,0.7241115423157665,0.6550143471465754,0.026733125062098333,NSE
unified_1981_2015,AUDIOSK5 vs KnobenK5,hysets_11314500,RF_Signature_K5,12783,0.24838047435314947,0.1967979681994102,0.03967045740197565,NSE
unified_1981_2015,AUDIOSK5 vs KnobenK5,hysets_11314500,Knoben_K5,12783,0.6139335668585931,0.5836682177712009,0.028431462664522275,NSE
unified_1981_2015,AUDIOSK5 vs KnobenK5,hysets_11317000,RF_Signature_K5,12783,-0.3790473645899681,0.13228832625260667,0.04505336229561697,NSE
unified_1981_2015,AUDIOSK5 vs KnobenK5,hysets_11317000,Knoben_K5,12783,0.27906744465302724,0.044811299534258886,0.03257503829950403,NSE
unified_1981_2015,AUDIOSK5 vs KnobenK5,hysets_11318500,RF_Signature_K5,12783,0.3143007330896491,0.4031754779293374,0.02672670282992948,NSE
unified_1981_2015,AUDIOSK5 vs KnobenK5,hysets_11318500,Knoben_K5,12783,-0.5400572943324908,0.024617341747244614,0.040054100325968775,NSE
unified_1981_2015,AUDIOSK5 vs KnobenK5,hysets_11367500,RF_Signature_K5,12783,-2.319271030605515,-0.0996968610636435,0.05577360087906833,NSE
unified_1981_2015,AUDIOSK5 vs KnobenK5,hysets_11367500,Knoben_K5,12783,-2.949010514679745,0.1501915068963936,0.06083471415349919,NSE
unified_1981_2015,AUDIOSK5 vs KnobenK5,hysets_11374000,RF_Signature_K5,12783,0.028332725222582233,0.0649918666640743,0.06612902330097757,NSE
unified_1981_2015,AUDIOSK5 vs KnobenK5,hysets_11374000,Knoben_K5,12783,0.47980553450224406,0.649468260671384,0.048385605918230004,NSE
unified_1981_2015,AUDIOSK5 vs KnobenK5,hysets_11376550,RF_Signature_K5,12673,-1.7419991538281625,-0.010019769000402023,0.10564622708951536,NSE
unified_1981_2015,AUDIOSK5 vs KnobenK5,hysets_11376550,Knoben_K5,12673,-3.433557504310258,-0.9137723635270782,0.13433726634119084,NSE
unified_1981_2015,AUDIOSK5 vs KnobenK5,hysets_11379500,RF_Signature_K5,12783,0.17945872015401854,0.23407441932633044,0.043058639738285505,NSE
unified_1981_2015,AUDIOSK5 vs KnobenK5,hysets_11379500,Knoben_K5,12783,0.6067364773143153,0.5073496373046207,0.029809309849024804,NSE
unified_1981_2015,AUDIOSK5 vs KnobenK5,hysets_11381500,RF_Signature_K5,12783,-0.20992766217457537,0.0076501951160615755,0.031039911183612587,NSE
unified_1981_2015,AUDIOSK5 vs KnobenK5,hysets_11381500,Knoben_K5,12783,0.8234075542253156,0.799430228179458,0.011858419989435392,NSE
unified_1981_2015,AUDIOSK5 vs KnobenK5,hysets_11383500,RF_Signature_K5,12783,-0.3501558239498199,0.10427609023999973,0.03330431533355036,NSE
unified_1981_2015,AUDIOSK5 vs KnobenK5,hysets_11383500,Knoben_K5,12783,0.8758135135296854,0.6883907054436331,0.010100566513534704,NSE
unified_1981_2015,AUDIOSK5 vs KnobenK5,hysets_11402000,RF_Signature_K5,12783,-0.25824224411794217,-0.10239284814887717,0.035705226656091514,NSE
unified_1981_2015,AUDIOSK5 vs KnobenK5,hysets_11402000,Knoben_K5,12783,0.36529213363271806,0.35972593151518384,0.025359261595039106,NSE
unified_1981_2015,AUDIOSK5 vs KnobenK5,hysets_11413000,RF_Signature_K5,12783,0.2707547334571544,0.1700415078550621,0.032003472282563304,NSE
unified_1981_2015,AUDIOSK5 vs KnobenK5,hysets_11413000,Knoben_K5,12783,0.15939430649184916,-0.013106010110236266,0.03436026105246696,NSE
unified_1981_2015,AUDIOSK5 vs KnobenK5,hysets_11413300,RF_Signature_K5,12783,0.12655249052253792,-0.08868719735823927,0.027467645203854717,NSE
unified_1981_2015,AUDIOSK5 vs KnobenK5,hysets_11413300,Knoben_K5,12783,0.015554563924161213,-0.22945445092556382,0.029160760672295127,NSE
unified_1981_2015,AUDIOSK5 vs KnobenK5,hysets_11428800,RF_Signature_K5,12783,-1.2948560375087599,-2.819898154950569,0.022763780087685634,NSE
unified_1981_2015,AUDIOSK5 vs KnobenK5,hysets_11428800,Knoben_K5,12783,-0.2780789586983692,-1.9687627800753185,0.016988127068174187,NSE
unified_1981_2015,AUDIOSK5 vs KnobenK5,hysets_11433300,RF_Signature_K5,12783,-0.46701281644681125,0.053972288857962236,0.03278624215282108,NSE
unified_1981_2015,AUDIOSK5 vs KnobenK5,hysets_11433300,Knoben_K5,12783,0.004710695326757941,0.5072769596366973,0.027005321798109636,NSE
unified_1981_2015,AUDIOSK5 vs KnobenK5,hysets_11470500,RF_Signature_K5,12735,0.6080123907197419,0.49141130501385144,0.024446800761887474,NSE
unified_1981_2015,AUDIOSK5 vs KnobenK5,hysets_11470500,Knoben_K5,12735,-0.16923104966045788,-0.16733496621685418,0.04222173089528823,NSE
unified_1981_2015,AUDIOSK5 vs KnobenK5,hysets_11473900,RF_Signature_K5,12783,0.7692414496831925,0.6014092165223689,0.01862193470042268,NSE
unified_1981_2015,AUDIOSK5 vs KnobenK5,hysets_11473900,Knoben_K5,12783,0.5039212392973341,0.4770236821222873,0.02730368187267913,NSE
unified_1981_2015,AUDIOSK5 vs KnobenK5,hysets_11478500,RF_Signature_K5,12783,0.680327448772194,0.6009566490622049,0.03412893252363127,NSE
unified_1981_2015,AUDIOSK5 vs KnobenK5,hysets_11478500,Knoben_K5,12783,0.7003901274039037,0.5191623306650798,0.033040612620422204,NSE
unified_1981_2015,AUDIOSK5 vs KnobenK5,hysets_11480390,RF_Signature_K5,12783,0.8576257230493661,0.743709487035588,0.019873925607236335,NSE
unified_1981_2015,AUDIOSK5 vs KnobenK5,hysets_11480390,Knoben_K5,12783,0.8201201085645087,0.6115127298568981,0.022338767212018575,NSE
unified_1981_2015,AUDIOSK5 vs KnobenK5,hysets_11480410,RF_Signature_K5,12783,0.789891475816922,0.6831945281016787,0.022479212067177987,NSE
unified_1981_2015,AUDIOSK5 vs KnobenK5,hysets_11480410,Knoben_K5,12783,0.8217232989008386,0.6491654507131839,0.020706492665351156,NSE
unified_1981_2015,AUDIOSK5 vs KnobenK5,hysets_11481200,RF_Signature_K5,12783,0.8270258779772863,0.7800844759731347,0.01823381670262167,NSE
unified_1981_2015,AUDIOSK5 vs KnobenK5,hysets_11481200,Knoben_K5,12783,0.5164360102426593,0.41297664517684285,0.030486951041004278,NSE
unified_1981_2015,AUDIOSK5 vs KnobenK5,hysets_11482500,RF_Signature_K5,12783,0.8673634184783671,0.829871833692274,0.02022136709085485,NSE
unified_1981_2015,AUDIOSK5 vs KnobenK5,hysets_11482500,Knoben_K5,12783,0.7548010033309009,0.6619420424229352,0.02749401704461928,NSE
unified_1981_2015,AUDIOSK5 vs KnobenK5,hysets_11521500,RF_Signature_K5,12600,0.6292644598614732,0.7757551754495968,0.021168726112327688,NSE
unified_1981_2015,AUDIOSK5 vs KnobenK5,hysets_11521500,Knoben_K5,12600,-0.2053641007428333,0.12224818458353248,0.0381699630655874,NSE
unified_1981_2015,AUDIOSK5 vs KnobenK5,hysets_11522500,RF_Signature_K5,12783,0.1763744067492884,0.3108769248161447,0.033808757253727936,NSE
unified_1981_2015,AUDIOSK5 vs KnobenK5,hysets_11522500,Knoben_K5,12783,0.3951931502693645,0.663179191598152,0.028971610717115077,NSE
unified_1981_2015,AUDIOSK5 vs KnobenK5,hysets_11523200,RF_Signature_K5,12783,0.48618978988947636,0.4552947332263141,0.029386153272865003,NSE
unified_1981_2015,AUDIOSK5 vs KnobenK5,hysets_11523200,Knoben_K5,12783,0.27676407219628263,0.09305336297120237,0.03486433376697835,NSE
unified_1981_2015,AUDIOSK5 vs KnobenK5,hysets_11528700,RF_Signature_K5,12783,0.457618359698156,0.4233087895016391,0.03404899137512272,NSE
unified_1981_2015,AUDIOSK5 vs KnobenK5,hysets_11528700,Knoben_K5,12783,0.7771038057384838,0.584179806100979,0.021827454321654904,NSE
unified_1981_2015,AUDIOSK5 vs KnobenK5,hysets_11532500,RF_Signature_K5,12783,0.8132363980684889,0.7136717006777364,0.029241806791482663,NSE
unified_1981_2015,AUDIOSK5 vs KnobenK5,hysets_11532500,Knoben_K5,12783,0.8786921926046953,0.6866290081659421,0.023566900012177483,NSE
unified_1981_2015,AUDIOSK5 vs KnobenK5,hysets_12025700,RF_Signature_K5,12783,0.7569796811958497,0.7007991642656902,0.022291741110293084,NSE
unified_1981_2015,AUDIOSK5 vs KnobenK5,hysets_12025700,Knoben_K5,12783,0.7430545779351063,0.5830529185670723,0.022921505537721435,NSE
unified_1981_2015,AUDIOSK5 vs KnobenK5,hysets_12035000,RF_Signature_K5,12783,0.5553001116504349,0.6295021003969713,0.03709727747551188,NSE
unified_1981_2015,AUDIOSK5 vs KnobenK5,hysets_12035000,Knoben_K5,12783,0.6922423583625279,0.5535925384121579,0.03086121007714999,NSE
unified_1981_2015,AUDIOSK5 vs KnobenK5,hysets_12039500,RF_Signature_K5,12783,0.5973092616335294,0.5727109776559466,0.045758467078266044,NSE
unified_1981_2015,AUDIOSK5 vs KnobenK5,hysets_12039500,Knoben_K5,12783,0.597235608073672,0.4628423803896634,0.04576265157964412,NSE
unified_1981_2015,AUDIOSK5 vs KnobenK5,hysets_12040500,RF_Signature_K5,12783,0.7825582654071488,0.5968221481735019,0.03230411045163067,NSE
unified_1981_2015,AUDIOSK5 vs KnobenK5,hysets_12040500,Knoben_K5,12783,0.8293816840748848,0.6012840683278138,0.028615356445911715,NSE
unified_1981_2015,AUDIOSK5 vs KnobenK5,hysets_12041200,RF_Signature_K5,12783,0.6786423865352754,0.6460515835589297,0.038402349944822604,NSE
unified_1981_2015,AUDIOSK5 vs KnobenK5,hysets_12041200,Knoben_K5,12783,0.7864171839261704,0.6565462043903705,0.031307375217702466,NSE
unified_1981_2015,AUDIOSK5 vs KnobenK5,hysets_12043000,RF_Signature_K5,11628,0.3682765365693541,0.4043555139275882,0.04728061656848125,NSE
unified_1981_2015,AUDIOSK5 vs KnobenK5,hysets_12043000,Knoben_K5,11628,0.8708729581005921,0.7992408861086939,0.02137608799486936,NSE
unified_1981_2015,AUDIOSK5 vs KnobenK5,hysets_12048000,RF_Signature_K5,12783,-2.4575038280072317,-0.3475781350838072,0.12014726684796548,NSE
unified_1981_2015,AUDIOSK5 vs KnobenK5,hysets_12048000,Knoben_K5,12783,-0.35198704419606375,0.3944702496754571,0.07513094058029753,NSE
unified_1981_2015,AUDIOSK5 vs KnobenK5,hysets_12054000,RF_Signature_K5,12783,0.6025598848256772,0.7746137741547853,0.04196306855172586,NSE
unified_1981_2015,AUDIOSK5 vs KnobenK5,hysets_12054000,Knoben_K5,12783,0.5303653194350142,0.6986482578731901,0.04561539801314081,NSE
unified_1981_2015,AUDIOSK5 vs KnobenK5,hysets_12056500,RF_Signature_K5,12783,0.3516432114269552,0.34456284209191157,0.03922768465542669,NSE
unified_1981_2015,AUDIOSK5 vs KnobenK5,hysets_12056500,Knoben_K5,12783,0.28620361716748377,0.21196259525963024,0.041159758280874224,NSE
unified_1981_2015,AUDIOSK5 vs KnobenK5,hysets_12115000,RF_Signature_K5,12783,0.7829099466186034,0.6681723147889604,0.021502043038113688,NSE
unified_1981_2015,AUDIOSK5 vs KnobenK5,hysets_12115000,Knoben_K5,12783,0.7867771222774773,0.7605235079814887,0.021309667055201528,NSE
unified_1981_2015,AUDIOSK5 vs KnobenK5,hysets_12134500,RF_Signature_K5,12783,0.4872222624011945,0.4633816902797657,0.03626444277756281,NSE
unified_1981_2015,AUDIOSK5 vs KnobenK5,hysets_12134500,Knoben_K5,12783,-0.5650075006637498,-0.5288012627301304,0.06335408740238255,NSE
unified_1981_2015,AUDIOSK5 vs KnobenK5,hysets_12141300,RF_Signature_K5,12417,0.7278525507271988,0.6470254045835113,0.0296754540806535,NSE
unified_1981_2015,AUDIOSK5 vs KnobenK5,hysets_12141300,Knoben_K5,12417,0.8523896040459185,0.7276724417683043,0.021855145973933805,NSE
unified_1981_2015,AUDIOSK5 vs KnobenK5,hysets_12142000,RF_Signature_K5,12418,0.6384549784481928,0.6107551766710285,0.028813220221163036,NSE
unified_1981_2015,AUDIOSK5 vs KnobenK5,hysets_12142000,Knoben_K5,12418,0.7549123690056163,0.5484919905204724,0.023723092526049087,NSE
unified_1981_2015,AUDIOSK5 vs KnobenK5,hysets_12186000,RF_Signature_K5,12783,0.8278693877703636,0.8361683091502258,0.011704712119533786,NSE
unified_1981_2015,AUDIOSK5 vs KnobenK5,hysets_12186000,Knoben_K5,12783,0.5538395986788104,0.4330061600444446,0.018844177697951343,NSE
unified_1981_2015,AUDIOSK5 vs KnobenK5,hysets_12189500,RF_Signature_K5,12783,0.6377313000587509,0.6622295426816194,0.031687106847276374,NSE
unified_1981_2015,AUDIOSK5 vs KnobenK5,hysets_12189500,Knoben_K5,12783,0.6562746556982673,0.6211101842703513,0.030865474641149325,NSE
unified_1981_2015,AUDIOSK5 vs KnobenK5,hysets_12205000,RF_Signature_K5,12783,0.525694537426614,0.5913016506489297,0.04308971690806348,NSE
unified_1981_2015,AUDIOSK5 vs KnobenK5,hysets_12205000,Knoben_K5,12783,0.4538508186350497,0.47731677163315034,0.04623812568439831,NSE
unified_1981_2015,AUDIOSK5 vs KnobenK5,hysets_12324590,RF_Signature_K5,12632,-0.6372524259977101,-0.12252822989820178,0.0415709703516696,NSE
unified_1981_2015,AUDIOSK5 vs KnobenK5,hysets_12324590,Knoben_K5,12632,-27.9295893937953,-4.412068633277626,0.17474448391748013,NSE
unified_1981_2015,AUDIOSK5 vs KnobenK5,hysets_12330000,RF_Signature_K5,12663,0.2540686337147966,0.19486836042129385,0.04850632832034474,NSE
unified_1981_2015,AUDIOSK5 vs KnobenK5,hysets_12330000,Knoben_K5,12663,0.4500144715368313,0.725193576147587,0.04165091996752304,NSE
unified_1981_2015,AUDIOSK5 vs KnobenK5,hysets_12332000,RF_Signature_K5,12632,0.3863440917519301,0.5508339670749467,0.08641071135655867,NSE
unified_1981_2015,AUDIOSK5 vs KnobenK5,hysets_12332000,Knoben_K5,12632,0.6672118347270783,0.5786193960869703,0.06363397560020016,NSE
unified_1981_2015,AUDIOSK5 vs KnobenK5,hysets_12370000,RF_Signature_K5,12783,0.6665482990654019,0.7605339607939757,0.07699681110832168,NSE
unified_1981_2015,AUDIOSK5 vs KnobenK5,hysets_12370000,Knoben_K5,12783,0.2638655674253174,0.33779055493632004,0.11440232123766476,NSE
unified_1981_2015,AUDIOSK5 vs KnobenK5,hysets_12389500,RF_Signature_K5,12783,-1.2288512007193049,-0.11681539755089787,0.13145066511827688,NSE
unified_1981_2015,AUDIOSK5 vs KnobenK5,hysets_12389500,Knoben_K5,12783,-6.169963669246793,-1.298171237009491,0.23576575693167928,NSE
unified_1981_2015,AUDIOSK5 vs KnobenK5,hysets_12411000,RF_Signature_K5,12783,0.48550174821690206,0.5610269992063257,0.04759450584087848,NSE
unified_1981_2015,AUDIOSK5 vs KnobenK5,hysets_12411000,Knoben_K5,12783,0.39280825567954003,0.2933792865242818,0.051704435311080106,NSE
unified_1981_2015,AUDIOSK5 vs KnobenK5,hysets_12414900,RF_Signature_K5,12783,-0.7095806555537683,0.1619513332578354,0.0589988292837029,NSE
unified_1981_2015,AUDIOSK5 vs KnobenK5,hysets_12414900,Knoben_K5,12783,0.00041300307911473766,0.18171636351848008,0.04511374656634143,NSE
unified_1981_2015,AUDIOSK5 vs KnobenK5,hysets_12452800,RF_Signature_K5,12783,0.24396563112455916,0.49093203725316314,0.1013653668520033,NSE
unified_1981_2015,AUDIOSK5 vs KnobenK5,hysets_12452800,Knoben_K5,12783,0.8362447046589437,0.790928203022715,0.04717549908790156,NSE
unified_1981_2015,AUDIOSK5 vs KnobenK5,hysets_12488500,RF_Signature_K5,12783,0.6012698798267113,0.5519733535124969,0.05796029092174959,NSE
unified_1981_2015,AUDIOSK5 vs KnobenK5,hysets_12488500,Knoben_K5,12783,0.7268930494273773,0.6229688280063637,0.047968640642385714,NSE
unified_1981_2015,AUDIOSK5 vs KnobenK5,hysets_13010065,RF_Signature_K5,11780,0.7990512172220756,0.7008847574917318,0.05240622386395926,NSE
unified_1981_2015,AUDIOSK5 vs KnobenK5,hysets_13010065,Knoben_K5,11780,0.7754793732993073,0.6176890665759555,0.055394710963050584,NSE
unified_1981_2015,AUDIOSK5 vs KnobenK5,hysets_13011900,RF_Signature_K5,12445,0.562739410963047,0.5334496159285119,0.08758637195613342,NSE
unified_1981_2015,AUDIOSK5 vs KnobenK5,hysets_13011900,Knoben_K5,12445,0.32468737987310403,0.6599423880098578,0.1088475861360872,NSE
unified_1981_2015,AUDIOSK5 vs KnobenK5,hysets_13023000,RF_Signature_K5,12783,0.7198085745663205,0.6536113819785248,0.06553840950482968,NSE
unified_1981_2015,AUDIOSK5 vs KnobenK5,hysets_13023000,Knoben_K5,12783,0.24721224305136313,0.5979963634620699,0.10742484877133651,NSE
unified_1981_2015,AUDIOSK5 vs KnobenK5,hysets_13186000,RF_Signature_K5,12783,0.15434732755805247,0.11082125063626314,0.11297352341390537,NSE
unified_1981_2015,AUDIOSK5 vs KnobenK5,hysets_13186000,Knoben_K5,12783,0.2569797213160191,0.21015306487162932,0.10589635074075304,NSE
unified_1981_2015,AUDIOSK5 vs KnobenK5,hysets_13235000,RF_Signature_K5,12783,0.6945996972574711,0.7136433000093763,0.06792841911790531,NSE
unified_1981_2015,AUDIOSK5 vs KnobenK5,hysets_13235000,Knoben_K5,12783,0.9156318071242531,0.8622994463558354,0.03570311832904066,NSE
unified_1981_2015,AUDIOSK5 vs KnobenK5,hysets_13297355,RF_Signature_K5,12783,0.31055411052340753,0.35595776225770814,0.07915464685067733,NSE
unified_1981_2015,AUDIOSK5 vs KnobenK5,hysets_13297355,Knoben_K5,12783,0.3275329298767552,0.1620645201616654,0.07817390981978017,NSE
unified_1981_2015,AUDIOSK5 vs KnobenK5,hysets_13331500,RF_Signature_K5,12783,0.47675908792425903,0.4439920841121281,0.08643905736060381,NSE
unified_1981_2015,AUDIOSK5 vs KnobenK5,hysets_13331500,Knoben_K5,12783,0.8998296936825378,0.7775691713343816,0.03782062278866681,NSE
unified_1981_2015,AUDIOSK5 vs KnobenK5,hysets_13339500,RF_Signature_K5,12783,-0.7714768996660881,-0.18104608881593465,0.09866336411253213,NSE
unified_1981_2015,AUDIOSK5 vs KnobenK5,hysets_13339500,Knoben_K5,12783,-0.29748465614299624,0.4261154787990995,0.08443826247879621,NSE
unified_1981_2015,AUDIOSK5 vs KnobenK5,hysets_14013000,RF_Signature_K5,12783,-0.17406494721637467,-0.15461331080042107,0.03834987231058484,NSE
unified_1981_2015,AUDIOSK5 vs KnobenK5,hysets_14013000,Knoben_K5,12783,-0.2560588144203051,-0.16440919377391272,0.039666405662851394,NSE
unified_1981_2015,AUDIOSK5 vs KnobenK5,hysets_14020000,RF_Signature_K5,12783,0.4076755830269122,0.5538132315075416,0.047262615656548074,NSE
unified_1981_2015,AUDIOSK5 vs KnobenK5,hysets_14020000,Knoben_K5,12783,0.4725346046253548,0.32696496403163766,0.04460000647100929,NSE
unified_1981_2015,AUDIOSK5 vs KnobenK5,hysets_14020300,RF_Signature_K5,12600,-0.00814162699298926,0.15004850877178944,0.06997355870497934,NSE
unified_1981_2015,AUDIOSK5 vs KnobenK5,hysets_14020300,Knoben_K5,12600,0.7483561104904659,0.5609461422335849,0.03495959418192149,NSE
unified_1981_2015,AUDIOSK5 vs KnobenK5,hysets_14038530,RF_Signature_K5,12198,0.15156859142878165,0.5416462365437327,0.0695163559120581,NSE
unified_1981_2015,AUDIOSK5 vs KnobenK5,hysets_14038530,Knoben_K5,12198,-4.025007559468909,-1.0063548000796496,0.16917920858536903,NSE
unified_1981_2015,AUDIOSK5 vs KnobenK5,hysets_14044000,RF_Signature_K5,12783,0.13011734697607935,0.4809207066775494,0.07795113571005365,NSE
unified_1981_2015,AUDIOSK5 vs KnobenK5,hysets_14044000,Knoben_K5,12783,-5.246660116476863,-1.5038300814660643,0.2088892305096117,NSE
unified_1981_2015,AUDIOSK5 vs KnobenK5,hysets_14096850,RF_Signature_K5,11780,-0.7608212952833191,-0.14651449226359836,0.04054203699140498,NSE
unified_1981_2015,AUDIOSK5 vs KnobenK5,hysets_14096850,Knoben_K5,11780,0.1902161824200468,0.3264840046207239,0.027493654543824575,NSE
unified_1981_2015,AUDIOSK5 vs KnobenK5,hysets_14097100,RF_Signature_K5,12783,-1.733643422129258,-0.056362047282089156,0.041161325758044875,NSE
unified_1981_2015,AUDIOSK5 vs KnobenK5,hysets_14097100,Knoben_K5,12783,-0.024484157229570647,0.1902990494400134,0.025198288599789558,NSE
unified_1981_2015,AUDIOSK5 vs KnobenK5,hysets_14154500,RF_Signature_K5,12783,0.736333696143473,0.7588940435185281,0.029343029120548748,NSE
unified_1981_2015,AUDIOSK5 vs KnobenK5,hysets_14154500,Knoben_K5,12783,0.7885000754193209,0.7281586751205734,0.026280446374457388,NSE
unified_1981_2015,AUDIOSK5 vs KnobenK5,hysets_14158500,RF_Signature_K5,12783,-0.8266686030687038,0.11950562927767039,0.1401450017802362,NSE
unified_1981_2015,AUDIOSK5 vs KnobenK5,hysets_14158500,Knoben_K5,12783,0.17340166801054624,0.488275727512839,0.09427466408715492,NSE
unified_1981_2015,AUDIOSK5 vs KnobenK5,hysets_14166500,RF_Signature_K5,12783,0.5438877827291593,0.6954205253980945,0.04497534935429895,NSE
unified_1981_2015,AUDIOSK5 vs KnobenK5,hysets_14166500,Knoben_K5,12783,-2.900622185202826,-1.1378171185750707,0.13152419008359045,NSE
unified_1981_2015,AUDIOSK5 vs KnobenK5,hysets_14178000,RF_Signature_K5,12783,-0.5596106181880811,-0.02809488169259411,0.05355773903373572,NSE
unified_1981_2015,AUDIOSK5 vs KnobenK5,hysets_14178000,Knoben_K5,12783,0.04321868122908912,0.23140672779219484,0.04194889126707175,NSE
unified_1981_2015,AUDIOSK5 vs KnobenK5,hysets_14182500,RF_Signature_K5,12783,0.8398988282808062,0.883916345094703,0.013029823619909757,NSE
unified_1981_2015,AUDIOSK5 vs KnobenK5,hysets_14182500,Knoben_K5,12783,0.8191958002988863,0.7478537661345804,0.01384667626992193,NSE
unified_1981_2015,AUDIOSK5 vs KnobenK5,hysets_14185900,RF_Signature_K5,12783,0.8916553280888159,0.8636036747895361,0.019254989091226703,NSE
unified_1981_2015,AUDIOSK5 vs KnobenK5,hysets_14185900,Knoben_K5,12783,0.8123356129041122,0.6384616718209286,0.025341389837864603,NSE
unified_1981_2015,AUDIOSK5 vs KnobenK5,hysets_14236200,RF_Signature_K5,12783,0.8452036164622263,0.7114235133883313,0.01982279099544147,NSE
unified_1981_2015,AUDIOSK5 vs KnobenK5,hysets_14236200,Knoben_K5,12783,0.7592053621982944,0.8145448667773124,0.024723377640868724,NSE
unified_1981_2015,AUDIOSK5 vs KnobenK5,hysets_14301000,RF_Signature_K5,12783,0.7870292808764104,0.8518911624144467,0.029109715105964922,NSE
unified_1981_2015,AUDIOSK5 vs KnobenK5,hysets_14301000,Knoben_K5,12783,0.8717395991801593,0.8742700036032953,0.02259041986453815,NSE
unified_1981_2015,AUDIOSK5 vs KnobenK5,hysets_14306500,RF_Signature_K5,12783,0.8940394750483337,0.7945507224618134,0.02297770976083915,NSE
unified_1981_2015,AUDIOSK5 vs KnobenK5,hysets_14306500,Knoben_K5,12783,0.7145984113416175,0.8246337932677087,0.037710551336103286,NSE
unified_1981_2015,AUDIOSK5 vs KnobenK5,hysets_14308000,RF_Signature_K5,12783,0.6700503561114218,0.6188373534060319,0.031408007927470095,NSE
unified_1981_2015,AUDIOSK5 vs KnobenK5,hysets_14308000,Knoben_K5,12783,-3.045799464349569,-1.1517081430294374,0.10998127147220153,NSE
unified_1981_2015,AUDIOSK5 vs KnobenK5,hysets_14309500,RF_Signature_K5,12783,0.8470204635992769,0.8210318031818862,0.02576667022564605,NSE
unified_1981_2015,AUDIOSK5 vs KnobenK5,hysets_14309500,Knoben_K5,12783,0.7293937031895964,0.35847812615847796,0.0342697217315944,NSE
unified_1981_2015,AUDIOSK5 vs KnobenK5,hysets_14316700,RF_Signature_K5,12783,0.9049915858572734,0.8712982160840759,0.02137317165363649,NSE
unified_1981_2015,AUDIOSK5 vs KnobenK5,hysets_14316700,Knoben_K5,12783,0.8608417471001215,0.8861267386218948,0.025866783195375196,NSE
unified_1981_2015,AUDIOSK5 vs KnobenK5,hysets_14338000,RF_Signature_K5,12672,-0.38020464930318854,0.08707042446622038,0.06097796339463691,NSE
unified_1981_2015,AUDIOSK5 vs KnobenK5,hysets_14338000,Knoben_K5,12672,-2.455758293067241,-1.0543540252766657,0.09648789941000577,NSE
unified_1981_2015,AUDIOSK5 vs KnobenK5,hysets_14377100,RF_Signature_K5,12783,0.696344010089092,0.7345055543745798,0.03521787403405417,NSE
unified_1981_2015,AUDIOSK5 vs KnobenK5,hysets_14377100,Knoben_K5,12783,0.8804734138205834,0.7226256089624663,0.022095532241841527,NSE
unified_1981_2015,AUDIOSK5 vs KnobenK5,hysets_14400000,RF_Signature_K5,12783,0.6753403523554729,0.4951089859731648,0.03797156805169445,NSE
unified_1981_2015,AUDIOSK5 vs KnobenK5,hysets_14400000,Knoben_K5,12783,0.6207864479783305,0.2850047502862457,0.041038010673604394,NSE
unified_1981_2015,AUDIOSK5 vs KnobenK5,lamah_12425002,RF_Signature_K5,12783,-1.0957995029563432,-0.0748055403227641,0.07855792675443073,NSE
unified_1981_2015,AUDIOSK5 vs KnobenK5,lamah_12425002,Knoben_K5,12783,-0.24869416290553947,0.39997910191049946,0.06063776528195639,NSE
unified_1981_2015,AUDIOSK5 vs KnobenK5,lamah_16000708,RF_Signature_K5,11819,0.5683955803122707,0.7688670746780254,0.03556548560398908,NSE
unified_1981_2015,AUDIOSK5 vs KnobenK5,lamah_16000708,Knoben_K5,11819,0.5054477498158704,0.7491072100989571,0.038070790302055436,NSE
unified_1981_2015,AUDIOSK5 vs KnobenK5,lamah_16001303,RF_Signature_K5,12616,-5.391246777389269,-2.0298128536543145,0.06740596255327741,NSE
unified_1981_2015,AUDIOSK5 vs KnobenK5,lamah_16001303,Knoben_K5,12616,-7.063270391484785,-2.563590821711849,0.07571137494183493,NSE
unified_1981_2015,AUDIOSK5 vs KnobenK5,lamah_16610709,RF_Signature_K5,12676,0.12422331812166898,0.31232904201065015,0.024093803529249974,NSE
unified_1981_2015,AUDIOSK5 vs KnobenK5,lamah_16610709,Knoben_K5,12676,0.153182745713217,0.48428651567477543,0.023692098250406978,NSE
unified_1981_2015,AUDIOSK5 vs KnobenK5,lamah_17404000,RF_Signature_K5,12699,-0.6745073844185137,0.11580729582601346,0.05924567488817705,NSE
unified_1981_2015,AUDIOSK5 vs KnobenK5,lamah_17404000,Knoben_K5,12699,-1.226916364856422,-0.0883130045367615,0.06832270790788245,NSE
unified_1981_2015,AUDIOSK5 vs KnobenK5,lamah_18481006,RF_Signature_K5,12782,0.5863272654407439,0.6116731070272218,0.02453081022315293,NSE
unified_1981_2015,AUDIOSK5 vs KnobenK5,lamah_18481006,Knoben_K5,12782,0.623384712429744,0.685941592167965,0.023406281105285292,NSE
unified_1981_2015,AUDIOSK5 vs KnobenK5,lamah_18486000,RF_Signature_K5,12783,0.5742890743709888,0.5165494813213726,0.02807014989224515,NSE
unified_1981_2015,AUDIOSK5 vs KnobenK5,lamah_18486000,Knoben_K5,12783,0.5314650973541618,0.4988481184817445,0.029448169745735005,NSE
unified_1981_2015,AUDIOSK5 vs KnobenK5,lamah_200253,RF_Signature_K5,12783,0.275692228872626,0.3057120481515938,0.048533053456088035,NSE
unified_1981_2015,AUDIOSK5 vs KnobenK5,lamah_200253,Knoben_K5,12783,0.7178685271435934,0.668468771390196,0.030290177022415217,NSE
unified_1981_2015,AUDIOSK5 vs KnobenK5,lamah_200261,RF_Signature_K5,12783,0.3101568897465755,0.2931978058176432,0.04631869355752752,NSE
unified_1981_2015,AUDIOSK5 vs KnobenK5,lamah_200261,Knoben_K5,12783,0.6266144503743821,0.5356300646101009,0.03407688502579963,NSE
unified_1981_2015,AUDIOSK5 vs KnobenK5,lamah_200303,RF_Signature_K5,12783,0.12073633015425655,0.32824340255299056,0.04562809398082011,NSE
unified_1981_2015,AUDIOSK5 vs KnobenK5,lamah_200303,Knoben_K5,12783,0.2423324917369637,0.3285795849606902,0.04235572253067951,NSE
unified_1981_2015,AUDIOSK5 vs KnobenK5,lamah_201087,RF_Signature_K5,12783,0.5285388925174793,0.5130531363292401,0.03454957281361521,NSE
unified_1981_2015,AUDIOSK5 vs KnobenK5,lamah_201087,Knoben_K5,12783,0.611990596344425,0.5763688029451861,0.031343022285339694,NSE
unified_1981_2015,AUDIOSK5 vs KnobenK5,lamah_201095,RF_Signature_K5,12783,0.47291062057765887,0.6788725698786657,0.036639580583215245,NSE
unified_1981_2015,AUDIOSK5 vs KnobenK5,lamah_201095,Knoben_K5,12783,0.4553419716324746,0.6957174511102133,0.03724520042609008,NSE
unified_1981_2015,AUDIOSK5 vs KnobenK5,lamah_201160,RF_Signature_K5,12783,0.7033107399296005,0.6950758811268662,0.028295744315496217,NSE
unified_1981_2015,AUDIOSK5 vs KnobenK5,lamah_201160,Knoben_K5,12783,0.6199381750922435,0.4952795241370408,0.03202560438057359,NSE
unified_1981_2015,AUDIOSK5 vs KnobenK5,lamah_201236,RF_Signature_K5,12783,0.5395733927975521,0.5904236045322657,0.030412023601028945,NSE
unified_1981_2015,AUDIOSK5 vs KnobenK5,lamah_201236,Knoben_K5,12783,0.2040267454595357,0.18739176766045973,0.03998658819651916,NSE
unified_1981_2015,AUDIOSK5 vs KnobenK5,lamah_201251,RF_Signature_K5,12783,0.7384798829265531,0.7137543946137966,0.02395799236572351,NSE
unified_1981_2015,AUDIOSK5 vs KnobenK5,lamah_201251,Knoben_K5,12783,0.8902310403054731,0.8283973663033931,0.015521641390715851,NSE
unified_1981_2015,AUDIOSK5 vs KnobenK5,lamah_201335,RF_Signature_K5,12783,-1.5843813658753718,-0.45408244147362287,0.12164595366388552,NSE
unified_1981_2015,AUDIOSK5 vs KnobenK5,lamah_201335,Knoben_K5,12783,-1.0018402009502694,-0.20372542683284944,0.10706168400033042,NSE
unified_1981_2015,AUDIOSK5 vs KnobenK5,lamah_201392,RF_Signature_K5,12783,0.5275739039392044,0.6986032245947258,0.07502569486139177,NSE
unified_1981_2015,AUDIOSK5 vs KnobenK5,lamah_201392,Knoben_K5,12783,0.3969532729044164,0.538367959999156,0.08476539089661339,NSE
unified_1981_2015,AUDIOSK5 vs KnobenK5,lamah_201434,RF_Signature_K5,12783,0.7263355475265568,0.7524494549430223,0.05397643320421639,NSE
unified_1981_2015,AUDIOSK5 vs KnobenK5,lamah_201434,Knoben_K5,12783,0.5966403436545653,0.5679020166202027,0.06553015837852284,NSE
unified_1981_2015,AUDIOSK5 vs KnobenK5,lamah_201558,RF_Signature_K5,12783,0.7507286222915396,0.7868940068458571,0.0587355800722922,NSE
unified_1981_2015,AUDIOSK5 vs KnobenK5,lamah_201558,Knoben_K5,12783,0.7416010193104028,0.7901314550280849,0.05980127634369621,NSE
unified_1981_2015,AUDIOSK5 vs KnobenK5,lamah_201566,RF_Signature_K5,12783,0.7485410541849031,0.6643908655665607,0.04083397939482619,NSE
unified_1981_2015,AUDIOSK5 vs KnobenK5,lamah_201566,Knoben_K5,12783,0.5344327670616345,0.6157725665836927,0.05556219103759934,NSE
unified_1981_2015,AUDIOSK5 vs KnobenK5,lamah_201574,RF_Signature_K5,12783,0.8998142090498851,0.9478120447467238,0.031401213416264506,NSE
unified_1981_2015,AUDIOSK5 vs KnobenK5,lamah_201574,Knoben_K5,12783,0.5157200218127825,0.7013943107003047,0.06903854373850575,NSE
unified_1981_2015,AUDIOSK5 vs KnobenK5,lamah_201723,RF_Signature_K5,12783,0.7771756305631807,0.8023143150827733,0.026921121246460757,NSE
unified_1981_2015,AUDIOSK5 vs KnobenK5,lamah_201723,Knoben_K5,12783,0.785902218680161,0.8655811932221873,0.026388693218924893,NSE
unified_1981_2015,AUDIOSK5 vs KnobenK5,lamah_201848,RF_Signature_K5,12054,0.6944195695050641,0.8383345166981189,0.03763074793063965,NSE
unified_1981_2015,AUDIOSK5 vs KnobenK5,lamah_201848,Knoben_K5,12054,0.5133721384032335,0.5381504255104603,0.04748741906053851,NSE
unified_1981_2015,AUDIOSK5 vs KnobenK5,lamah_202036,RF_Signature_K5,12783,0.7371590370182439,0.7883236804423337,0.029280214017574333,NSE
unified_1981_2015,AUDIOSK5 vs KnobenK5,lamah_202036,Knoben_K5,12783,0.6610548143576905,0.5362557647545227,0.03325006179306179,NSE
unified_1981_2015,AUDIOSK5 vs KnobenK5,lamah_203026,RF_Signature_K5,12783,0.7742900667826884,0.6601596437649064,0.02281335661283988,NSE
unified_1981_2015,AUDIOSK5 vs KnobenK5,lamah_203026,Knoben_K5,12783,0.4983629827227706,0.6055532617139909,0.034010157381145885,NSE
unified_1981_2015,AUDIOSK5 vs KnobenK5,lamah_203075,RF_Signature_K5,12783,0.7093118210826567,0.6219671805862927,0.04525557470640021,NSE
unified_1981_2015,AUDIOSK5 vs KnobenK5,lamah_203075,Knoben_K5,12783,0.7479411711469008,0.7222946464298388,0.04214143846889502,NSE
unified_1981_2015,AUDIOSK5 vs KnobenK5,lamah_203166,RF_Signature_K5,12783,0.817204822581627,0.8327227440014447,0.04274194897926519,NSE
unified_1981_2015,AUDIOSK5 vs KnobenK5,lamah_203166,Knoben_K5,12783,0.016293804822368863,0.3294795838144299,0.09915272581066736,NSE
unified_1981_2015,AUDIOSK5 vs KnobenK5,lamah_203224,RF_Signature_K5,12783,0.7647463251001285,0.6970985077245532,0.04163027185619917,NSE
unified_1981_2015,AUDIOSK5 vs KnobenK5,lamah_203224,Knoben_K5,12783,0.6773187322316795,0.521606806981141,0.04875598290397155,NSE
unified_1981_2015,AUDIOSK5 vs KnobenK5,lamah_203265,RF_Signature_K5,12783,0.5009440359461834,0.5847727334825363,0.040260556904679404,NSE
unified_1981_2015,AUDIOSK5 vs KnobenK5,lamah_203265,Knoben_K5,12783,-0.4528144014463362,0.16047934001898712,0.06869264214302614,NSE
unified_1981_2015,AUDIOSK5 vs KnobenK5,lamah_203307,RF_Signature_K5,12778,0.6022510813442633,0.513987223133397,0.029908702875899883,NSE
unified_1981_2015,AUDIOSK5 vs KnobenK5,lamah_203307,Knoben_K5,12778,0.7838082681746357,0.8025967941540301,0.022050204153169137,NSE
unified_1981_2015,AUDIOSK5 vs KnobenK5,lamah_203463,RF_Signature_K5,12783,0.6234395992159626,0.651231213633223,0.026448135410847697,NSE
unified_1981_2015,AUDIOSK5 vs KnobenK5,lamah_203463,Knoben_K5,12783,0.7206189935943352,0.6618942636052206,0.0227811778592565,NSE
unified_1981_2015,AUDIOSK5 vs KnobenK5,lamah_203505,RF_Signature_K5,12783,0.650437428105287,0.7801484430261842,0.0273911712513949,NSE
unified_1981_2015,AUDIOSK5 vs KnobenK5,lamah_203505,Knoben_K5,12783,0.6741679614174787,0.8280126456483283,0.026445089000435462,NSE
unified_1981_2015,AUDIOSK5 vs KnobenK5,lamah_203711,RF_Signature_K5,12783,0.8639165743372983,0.8345737282405365,0.025774109242059237,NSE
unified_1981_2015,AUDIOSK5 vs KnobenK5,lamah_203711,Knoben_K5,12783,0.8725332015739955,0.8161597395687175,0.024944774779275165,NSE
unified_1981_2015,AUDIOSK5 vs KnobenK5,lamah_203752,RF_Signature_K5,12783,0.7802498578699465,0.8897351247688192,0.039218272885309005,NSE
unified_1981_2015,AUDIOSK5 vs KnobenK5,lamah_203752,Knoben_K5,12783,0.9128788440989032,0.9517751675011104,0.02469367319256416,NSE
unified_1981_2015,AUDIOSK5 vs KnobenK5,lamah_203760,RF_Signature_K5,12783,0.581834219222746,0.568988054282271,0.059233115897403744,NSE
unified_1981_2015,AUDIOSK5 vs KnobenK5,lamah_203760,Knoben_K5,12783,0.7883521187161616,0.7463670234110349,0.04214026827173415,NSE
unified_1981_2015,AUDIOSK5 vs KnobenK5,lamah_203786,RF_Signature_K5,12775,0.8773505804568128,0.8040340669998083,0.04199535082714432,NSE
unified_1981_2015,AUDIOSK5 vs KnobenK5,lamah_203786,Knoben_K5,12775,0.8555810325123481,0.8332002931604168,0.04557016309844652,NSE
unified_1981_2015,AUDIOSK5 vs KnobenK5,lamah_203794,RF_Signature_K5,12783,0.7484699448976255,0.7783309137572998,0.04183631200414856,NSE
unified_1981_2015,AUDIOSK5 vs KnobenK5,lamah_203794,Knoben_K5,12783,0.8070861431781283,0.8284471763198018,0.03663870896591967,NSE
unified_1981_2015,AUDIOSK5 vs KnobenK5,lamah_203828,RF_Signature_K5,12783,0.7758766303574955,0.7921857962507485,0.04513971609622408,NSE
unified_1981_2015,AUDIOSK5 vs KnobenK5,lamah_203828,Knoben_K5,12783,0.8067590686833961,0.7894169857109079,0.04191455044994515,NSE
unified_1981_2015,AUDIOSK5 vs KnobenK5,lamah_204875,RF_Signature_K5,12419,-0.45689969836190136,-0.04511015392768747,0.05537579408646473,NSE
unified_1981_2015,AUDIOSK5 vs KnobenK5,lamah_204875,Knoben_K5,12419,-0.028383378414561955,0.39352644648641677,0.046524601791108657,NSE
unified_1981_2015,AUDIOSK5 vs KnobenK5,lamah_204925,RF_Signature_K5,12783,-0.4701960253943993,-0.004823018037066307,0.0398739289009553,NSE
unified_1981_2015,AUDIOSK5 vs KnobenK5,lamah_204925,Knoben_K5,12783,-2.5814440909325858,-0.6501007768740918,0.06223439842916344,NSE
unified_1981_2015,AUDIOSK5 vs KnobenK5,lamah_205104,RF_Signature_K5,12783,0.3952478705925623,0.30984821974937626,0.06070644373964853,NSE
unified_1981_2015,AUDIOSK5 vs KnobenK5,lamah_205104,Knoben_K5,12783,0.5243264107842951,0.4292410747073693,0.053839449218391226,NSE
unified_1981_2015,AUDIOSK5 vs KnobenK5,lamah_205179,RF_Signature_K5,12783,0.38907174466485694,0.49938482745087054,0.09640318279976283,NSE
unified_1981_2015,AUDIOSK5 vs KnobenK5,lamah_205179,Knoben_K5,12783,0.3852803878703529,0.41017699906122906,0.0967018541656576,NSE
unified_1981_2015,AUDIOSK5 vs KnobenK5,lamah_205294,RF_Signature_K5,12783,-0.13097798582857334,0.13531937551747897,0.05353175449031219,NSE
unified_1981_2015,AUDIOSK5 vs KnobenK5,lamah_205294,Knoben_K5,12783,0.6568837924054913,0.6344320718135755,0.029485263838132464,NSE
unified_1981_2015,AUDIOSK5 vs KnobenK5,lamah_205500,RF_Signature_K5,12783,0.7976823805810913,0.823168550297986,0.022277660574571784,NSE
unified_1981_2015,AUDIOSK5 vs KnobenK5,lamah_205500,Knoben_K5,12783,0.4744402961817794,0.4721897215107864,0.035905729866778945,NSE
unified_1981_2015,AUDIOSK5 vs KnobenK5,lamah_205740,RF_Signature_K5,12783,0.7048615518877593,0.548646311228065,0.024791005540496073,NSE
unified_1981_2015,AUDIOSK5 vs KnobenK5,lamah_205740,Knoben_K5,12783,0.6286022606565307,0.4767818305654564,0.02780999275289219,NSE
unified_1981_2015,AUDIOSK5 vs KnobenK5,lamah_205823,RF_Signature_K5,12783,0.7909816487421641,0.8539465033643245,0.020222165527935234,NSE
unified_1981_2015,AUDIOSK5 vs KnobenK5,lamah_205823,Knoben_K5,12783,0.8296624550532443,0.8657873277631696,0.01825537017776648,NSE
unified_1981_2015,AUDIOSK5 vs KnobenK5,lamah_205831,RF_Signature_K5,12783,0.7675053724712018,0.738580593035749,0.023553289030388225,NSE
unified_1981_2015,AUDIOSK5 vs KnobenK5,lamah_205831,Knoben_K5,12783,0.7920137491894638,0.784174173804826,0.022277292841084022,NSE
unified_1981_2015,AUDIOSK5 vs KnobenK5,lamah_205864,RF_Signature_K5,12783,0.5352319746647146,0.5237770599854086,0.04289895461402252,NSE
unified_1981_2015,AUDIOSK5 vs KnobenK5,lamah_205864,Knoben_K5,12783,0.384700629948715,0.33996055883947096,0.04935962178567754,NSE
unified_1981_2015,AUDIOSK5 vs KnobenK5,lamah_205898,RF_Signature_K5,12783,0.5877158244516805,0.6932117935748203,0.03209324486346909,NSE
unified_1981_2015,AUDIOSK5 vs KnobenK5,lamah_205898,Knoben_K5,12783,0.8325812318478494,0.8609030079747897,0.02045113275213785,NSE
unified_1981_2015,AUDIOSK5 vs KnobenK5,lamah_206508,RF_Signature_K5,12783,0.5356814311480553,0.4830136554803569,0.04125449155842176,NSE
unified_1981_2015,AUDIOSK5 vs KnobenK5,lamah_206508,Knoben_K5,12783,-0.13656559191067075,0.026732895653466926,0.0645446819377139,NSE
unified_1981_2015,AUDIOSK5 vs KnobenK5,lamah_207654,RF_Signature_K5,12783,0.10095900580883022,0.12695479021609435,0.05135624058278804,NSE
unified_1981_2015,AUDIOSK5 vs KnobenK5,lamah_207654,Knoben_K5,12783,0.6293795116063595,0.5131017702631874,0.03297373848236402,NSE
unified_1981_2015,AUDIOSK5 vs KnobenK5,lamah_207738,RF_Signature_K5,12783,0.10452359127693478,0.18229643487432023,0.04137074881415832,NSE
unified_1981_2015,AUDIOSK5 vs KnobenK5,lamah_207738,Knoben_K5,12783,0.6347673955853839,0.6392876475852263,0.02642111110770648,NSE
unified_1981_2015,AUDIOSK5 vs KnobenK5,lamah_207852,RF_Signature_K5,12783,-0.3464871596430181,0.07293102450846911,0.04092984082813037,NSE
unified_1981_2015,AUDIOSK5 vs KnobenK5,lamah_207852,Knoben_K5,12783,0.3428792425891727,0.38011537407813945,0.028593119586293705,NSE
unified_1981_2015,AUDIOSK5 vs KnobenK5,lamah_208116,RF_Signature_K5,12783,-1.3207630774305454,-0.1498625333174517,0.05574397500452439,NSE
unified_1981_2015,AUDIOSK5 vs KnobenK5,lamah_208116,Knoben_K5,12783,-1.9501060107026773,-0.9269436558555688,0.062849429853964,NSE
unified_1981_2015,AUDIOSK5 vs KnobenK5,lamah_208686,RF_Signature_K5,12783,-0.6714325264196872,0.023079451220646252,0.04459181334905406,NSE
unified_1981_2015,AUDIOSK5 vs KnobenK5,lamah_208686,Knoben_K5,12783,-0.32826153740281905,0.09555803063664725,0.039751407199980354,NSE
unified_1981_2015,AUDIOSK5 vs KnobenK5,lamah_209361,RF_Signature_K5,12783,0.19738725387611278,0.46356564729235117,0.029572636991363938,NSE
unified_1981_2015,AUDIOSK5 vs KnobenK5,lamah_209361,Knoben_K5,12783,0.5767979174921884,0.47431988893838417,0.021473899891176266,NSE
unified_1981_2015,AUDIOSK5 vs KnobenK5,lamah_209551,RF_Signature_K5,11688,0.6067185593362754,0.5051892030780435,0.032126077676071625,NSE
unified_1981_2015,AUDIOSK5 vs KnobenK5,lamah_209551,Knoben_K5,11688,0.6929046403353323,0.5926059697473238,0.028388510480974394,NSE
unified_1981_2015,AUDIOSK5 vs KnobenK5,lamah_210526,RF_Signature_K5,12783,0.5490803616656244,0.5263230764981836,0.06435708310470846,NSE
unified_1981_2015,AUDIOSK5 vs KnobenK5,lamah_210526,Knoben_K5,12783,0.4258073394982518,0.3467842872168272,0.0726232358186319,NSE
unified_1981_2015,AUDIOSK5 vs KnobenK5,lamah_210641,RF_Signature_K5,12783,0.7678240406412302,0.8323842739702896,0.036859242309805786,NSE
unified_1981_2015,AUDIOSK5 vs KnobenK5,lamah_210641,Knoben_K5,12783,0.8668749121634832,0.8038532059794408,0.027910507460661052,NSE
unified_1981_2015,AUDIOSK5 vs KnobenK5,lamah_210773,RF_Signature_K5,12783,0.7316868328498685,0.8481951372390708,0.04044556993387336,NSE
unified_1981_2015,AUDIOSK5 vs KnobenK5,lamah_210773,Knoben_K5,12783,0.849386140057643,0.9041291436425962,0.030302777441030687,NSE
unified_1981_2015,AUDIOSK5 vs KnobenK5,lamah_210815,RF_Signature_K5,12783,0.6375684884293715,0.7015797697479639,0.05264129045351219,NSE
unified_1981_2015,AUDIOSK5 vs KnobenK5,lamah_210815,Knoben_K5,12783,0.6912980392121746,0.7708822014563793,0.048582878840733215,NSE
unified_1981_2015,AUDIOSK5 vs KnobenK5,lamah_210856,RF_Signature_K5,12783,0.32639522887904615,0.3529698979576915,0.0713317630782413,NSE
unified_1981_2015,AUDIOSK5 vs KnobenK5,lamah_210856,Knoben_K5,12783,0.22647891390196329,0.29547840236714673,0.07643925746493006,NSE
unified_1981_2015,AUDIOSK5 vs KnobenK5,lamah_210864,RF_Signature_K5,12783,-0.18988473899934633,0.2841352172348639,0.0485618572302827,NSE
unified_1981_2015,AUDIOSK5 vs KnobenK5,lamah_210864,Knoben_K5,12783,-0.10848047585151499,0.4188313208748178,0.04687128549071777,NSE
unified_1981_2015,AUDIOSK5 vs KnobenK5,lamah_210898,RF_Signature_K5,12783,-0.2284434780169129,0.17082924865277038,0.07513516512871637,NSE
unified_1981_2015,AUDIOSK5 vs KnobenK5,lamah_210898,Knoben_K5,12783,0.4839952310999175,0.7407834476930345,0.048695913068429644,NSE
unified_1981_2015,AUDIOSK5 vs KnobenK5,lamah_211086,RF_Signature_K5,12783,0.6298753215754123,0.7397496856395047,0.050027002918276935,NSE
unified_1981_2015,AUDIOSK5 vs KnobenK5,lamah_211086,Knoben_K5,12783,0.518849114323095,0.6276119708603363,0.0570388956813776,NSE
unified_1981_2015,AUDIOSK5 vs KnobenK5,lamah_211169,RF_Signature_K5,12783,0.30072473726569016,0.6690245585413629,0.07186901993939536,NSE
unified_1981_2015,AUDIOSK5 vs KnobenK5,lamah_211169,Knoben_K5,12783,-0.37618844548074293,0.38640188531164443,0.10082229838605698,NSE
unified_1981_2015,AUDIOSK5 vs KnobenK5,lamah_211656,RF_Signature_K5,12418,-1.1546112507558863,-0.10345990571402819,0.05092756030972905,NSE
unified_1981_2015,AUDIOSK5 vs KnobenK5,lamah_211656,Knoben_K5,12418,-2.0119683768477454,-0.6906804647365556,0.06021346423821518,NSE
unified_1981_2015,AUDIOSK5 vs KnobenK5,lamah_212027,RF_Signature_K5,12783,0.2624171099541476,0.6356951433344029,0.08628503267552218,NSE
unified_1981_2015,AUDIOSK5 vs KnobenK5,lamah_212027,Knoben_K5,12783,0.07608416415171493,0.42534945070874686,0.09657089503398654,NSE
unified_1981_2015,AUDIOSK5 vs KnobenK5,lamah_212092,RF_Signature_K5,12783,0.8721356897728905,0.8189479013812927,0.028622977625884883,NSE
unified_1981_2015,AUDIOSK5 vs KnobenK5,lamah_212092,Knoben_K5,12783,0.7218498741890269,0.6769829211037856,0.042216261504574366,NSE
unified_1981_2015,AUDIOSK5 vs KnobenK5,lamah_212100,RF_Signature_K5,12783,0.6073715616698874,0.6184962035417916,0.04699180584832184,NSE
unified_1981_2015,AUDIOSK5 vs KnobenK5,lamah_212100,Knoben_K5,12783,0.8235074932515741,0.7737819185886364,0.03150608165780735,NSE
unified_1981_2015,AUDIOSK5 vs KnobenK5,lamah_212167,RF_Signature_K5,12783,0.6759125344789194,0.6881084199209022,0.061631454827942994,NSE
unified_1981_2015,AUDIOSK5 vs KnobenK5,lamah_212167,Knoben_K5,12783,0.949087524453659,0.8383633024140914,0.024427746784865933,NSE
unified_1981_2015,AUDIOSK5 vs KnobenK5,lamah_212183,RF_Signature_K5,12783,0.8600853832378212,0.8630019288219606,0.03169608940943136,NSE
unified_1981_2015,AUDIOSK5 vs KnobenK5,lamah_212183,Knoben_K5,12783,0.8304294612568203,0.790072910682735,0.03489388614133769,NSE
unified_1981_2015,AUDIOSK5 vs KnobenK5,lamah_212399,RF_Signature_K5,12783,0.33966253102340216,0.6128741987126889,0.06638127760793823,NSE
unified_1981_2015,AUDIOSK5 vs KnobenK5,lamah_212399,Knoben_K5,12783,-0.7881304139586198,0.02362564192493677,0.10923510524653876,NSE
unified_1981_2015,AUDIOSK5 vs KnobenK5,lamah_212431,RF_Signature_K5,12783,0.12839658065639725,0.47400975592734773,0.08662788880530692,NSE
unified_1981_2015,AUDIOSK5 vs KnobenK5,lamah_212431,Knoben_K5,12783,0.32103841387007304,0.5267381684854977,0.07645763665115074,NSE
unified_1981_2015,AUDIOSK5 vs KnobenK5,lamah_212613,RF_Signature_K5,12783,0.601689201355103,0.6336336183197533,0.04968413715829846,NSE
unified_1981_2015,AUDIOSK5 vs KnobenK5,lamah_212613,Knoben_K5,12783,0.6133809219695352,0.6945175847018343,0.048949510374459576,NSE
unified_1981_2015,AUDIOSK5 vs KnobenK5,lamah_212647,RF_Signature_K5,12783,0.7697169915981517,0.7339530607839158,0.028379786665387364,NSE
unified_1981_2015,AUDIOSK5 vs KnobenK5,lamah_212647,Knoben_K5,12783,0.4840944265451368,0.6084634105192033,0.0424779245441088,NSE
unified_1981_2015,AUDIOSK5 vs KnobenK5,lamah_212670,RF_Signature_K5,12783,0.41282284847592043,0.42310874304860513,0.0411332020459433,NSE
unified_1981_2015,AUDIOSK5 vs KnobenK5,lamah_212670,Knoben_K5,12783,0.19284379095963866,0.3629913972997715,0.048226610644969664,NSE
unified_1981_2015,AUDIOSK5 vs KnobenK5,lamah_212860,RF_Signature_K5,12783,0.6085664860933281,0.5396427481130299,0.04713919034934871,NSE
unified_1981_2015,AUDIOSK5 vs KnobenK5,lamah_212860,Knoben_K5,12783,0.3207408341616016,0.5771710248961026,0.06209703576455349,NSE
unified_1981_2015,AUDIOSK5 vs KnobenK5,lamah_212878,RF_Signature_K5,12783,0.021335848785032918,0.11740211430387393,0.06252466817518662,NSE
unified_1981_2015,AUDIOSK5 vs KnobenK5,lamah_212878,Knoben_K5,12783,-0.4018791315912891,0.354723396599812,0.07483242875359862,NSE
unified_1981_2015,AUDIOSK5 vs KnobenK5,lamah_212886,RF_Signature_K5,12783,0.23803723188381665,0.4028720141870591,0.051294727037364804,NSE
unified_1981_2015,AUDIOSK5 vs KnobenK5,lamah_212886,Knoben_K5,12783,-0.4670345684552395,0.30573519576891384,0.0711747616362339,NSE
unified_1981_2015,AUDIOSK5 vs KnobenK5,lamah_212928,RF_Signature_K5,12783,-1.5382616871935224,0.15241380128414805,0.1551027724029624,NSE
unified_1981_2015,AUDIOSK5 vs KnobenK5,lamah_212928,Knoben_K5,12783,-3.301174927477464,-0.27596314468731653,0.2019039968511004,NSE
unified_1981_2015,AUDIOSK5 vs KnobenK5,lamah_213124,RF_Signature_K5,12783,0.2915748360326992,0.5135954550489772,0.06800169609307169,NSE
unified_1981_2015,AUDIOSK5 vs KnobenK5,lamah_213124,Knoben_K5,12783,0.08738916470817926,0.4089199192139996,0.07718191781099658,NSE
unified_1981_2015,AUDIOSK5 vs KnobenK5,lamah_213181,RF_Signature_K5,12783,0.7761041845418603,0.731750511375191,0.0324502703017376,NSE
unified_1981_2015,AUDIOSK5 vs KnobenK5,lamah_213181,Knoben_K5,12783,-1.909965506384038,-0.05671753857050543,0.11698744357519475,NSE
unified_1981_2015,AUDIOSK5 vs KnobenK5,lamah_213306,RF_Signature_K5,12343,-0.808595194073465,0.1354225009043316,0.12141754067632536,NSE
unified_1981_2015,AUDIOSK5 vs KnobenK5,lamah_213306,Knoben_K5,12343,-15.289184640471266,-1.8318381695900001,0.3643849395490673,NSE
unified_1981_2015,AUDIOSK5 vs KnobenK5,lamah_2150,RF_Signature_K5,12783,0.6958881373611387,0.6491500223024667,0.045518903675840446,NSE
unified_1981_2015,AUDIOSK5 vs KnobenK5,lamah_2150,Knoben_K5,12783,0.8588947918961708,0.8761439771043388,0.031006063683991884,NSE
unified_1981_2015,AUDIOSK5 vs KnobenK5,lamah_2262,RF_Signature_K5,12783,0.47993023206197727,0.4220647276127871,0.03925949352283095,NSE
unified_1981_2015,AUDIOSK5 vs KnobenK5,lamah_2262,Knoben_K5,12783,0.4289657818993149,0.5025306126563454,0.04113816870795108,NSE
unified_1981_2015,AUDIOSK5 vs KnobenK5,lamah_403,RF_Signature_K5,12783,0.8127002216043349,0.9064290699846776,0.051155312421399625,NSE
unified_1981_2015,AUDIOSK5 vs KnobenK5,lamah_403,Knoben_K5,12783,0.3794984800059773,0.3878399085414982,0.09310940137408515,NSE
unified_1981_2015,AUDIOSK5 vs KnobenK5,camelscl_4532001,RF_Signature_K5,11668,-0.2613392699145083,0.2951159398961941,0.05714430414699448,NSE
unified_1981_2015,AUDIOSK5 vs KnobenK5,camelscl_4532001,Knoben_K5,11668,-34.77061238817431,-8.56438853735695,0.3043127703675654,NSE
unified_1981_2015,AUDIOSK5 vs KnobenK5,camelscl_5401003,RF_Signature_K5,11808,-0.22725831668352625,0.027116081662350133,0.12311640627863461,NSE
unified_1981_2015,AUDIOSK5 vs KnobenK5,camelscl_5401003,Knoben_K5,11808,-0.8688888966303656,0.1320146306899872,0.1519286504492709,NSE
unified_1981_2015,AUDIOSK5 vs KnobenK5,camelscl_8351001,RF_Signature_K5,11583,-0.5535105768784143,-0.3401241547638618,0.07142920968408624,NSE
unified_1981_2015,AUDIOSK5 vs KnobenK5,camelscl_8351001,Knoben_K5,11583,-1.2186852495107452,-0.19516211814411588,0.08536239387245897,NSE
unified_1981_2015,AUDIOSK5 vs KnobenK5,hysets_01096000,RF_Signature_K5,12783,0.17770645125240303,0.3626358831721551,0.04132510803553979,NSE
unified_1981_2015,AUDIOSK5 vs KnobenK5,hysets_01096000,Knoben_K5,12783,0.31448759934602255,0.3152960496316133,0.037731859950789495,NSE
unified_1981_2015,AUDIOSK5 vs KnobenK5,hysets_01545600,RF_Signature_K5,12783,0.5308397864170371,0.682584970530432,0.029695290685045634,NSE
unified_1981_2015,AUDIOSK5 vs KnobenK5,hysets_01545600,Knoben_K5,12783,0.5686162792028149,0.7221699171107723,0.028474681121844266,NSE
unified_1981_2015,AUDIOSK5 vs KnobenK5,hysets_01552000,RF_Signature_K5,12783,0.7131652907014927,0.6951317890662845,0.014737405405833527,NSE
unified_1981_2015,AUDIOSK5 vs KnobenK5,hysets_01552000,Knoben_K5,12783,0.4865599361181441,0.6207206229298452,0.019717418563131955,NSE
unified_1981_2015,AUDIOSK5 vs KnobenK5,hysets_01665500,RF_Signature_K5,11595,0.1324155792918308,0.18888120873594827,0.012625571167680557,NSE
unified_1981_2015,AUDIOSK5 vs KnobenK5,hysets_01665500,Knoben_K5,11595,-0.005031299707743964,0.21327743464741733,0.01358892042563541,NSE
unified_1981_2015,AUDIOSK5 vs KnobenK5,hysets_02027000,RF_Signature_K5,12783,0.7224304065374227,0.6614725703656275,0.018230261723828734,NSE
unified_1981_2015,AUDIOSK5 vs KnobenK5,hysets_02027000,Knoben_K5,12783,0.47396225687095495,0.3151298961287827,0.025096630232380974,NSE
unified_1981_2015,AUDIOSK5 vs KnobenK5,hysets_02028500,RF_Signature_K5,12783,0.5418049185422433,0.6051082672838684,0.027665004464910443,NSE
unified_1981_2015,AUDIOSK5 vs KnobenK5,hysets_02028500,Knoben_K5,12783,-0.270714748959777,0.4168655320191941,0.046071204693595984,NSE
unified_1981_2015,AUDIOSK5 vs KnobenK5,hysets_02479300,RF_Signature_K5,12783,-0.3788473055049675,0.07530139511093992,0.06095665703358902,NSE
unified_1981_2015,AUDIOSK5 vs KnobenK5,hysets_02479300,Knoben_K5,12783,0.531969494691297,0.37123868872169286,0.035514044487309035,NSE
unified_1981_2015,AUDIOSK5 vs KnobenK5,hysets_03010500,RF_Signature_K5,12783,0.490386813811304,0.7337365467176713,0.051511801708990015,NSE
unified_1981_2015,AUDIOSK5 vs KnobenK5,hysets_03010500,Knoben_K5,12783,0.6347381245044229,0.8053712408310761,0.04361025079893599,NSE
unified_1981_2015,AUDIOSK5 vs KnobenK5,hysets_03021350,RF_Signature_K5,12783,0.14964211262594396,0.32444900837303636,0.070184266243886,NSE
unified_1981_2015,AUDIOSK5 vs KnobenK5,hysets_03021350,Knoben_K5,12783,0.5355188281067822,0.5525802372500768,0.0518708003185613,NSE
unified_1981_2015,AUDIOSK5 vs KnobenK5,hysets_03198500,RF_Signature_K5,12783,0.2676873471137863,0.5252860126176826,0.043166081096236035,NSE
unified_1981_2015,AUDIOSK5 vs KnobenK5,hysets_03198500,Knoben_K5,12783,0.6020441289553038,0.7272149147547832,0.03182085257149421,NSE
unified_1981_2015,AUDIOSK5 vs KnobenK5,hysets_04287000,RF_Signature_K5,12783,0.4823766476037503,0.6323994348352187,0.024828353117869212,NSE
unified_1981_2015,AUDIOSK5 vs KnobenK5,hysets_04287000,Knoben_K5,12783,0.35184254991282304,0.6109524785309591,0.027783134509404634,NSE
unified_1981_2015,AUDIOSK5 vs KnobenK5,hysets_05BG006,RF_Signature_K5,12783,0.18070044422981635,0.19437237775051242,0.020317439833531816,NSE
unified_1981_2015,AUDIOSK5 vs KnobenK5,hysets_05BG006,Knoben_K5,12783,-2.4043030530649476,-0.9438994997957013,0.04141538756049305,NSE
unified_1981_2015,AUDIOSK5 vs KnobenK5,hysets_05DA009,RF_Signature_K5,12783,0.06156731860917575,0.3795413248892916,0.19746999399449955,NSE
unified_1981_2015,AUDIOSK5 vs KnobenK5,hysets_05DA009,Knoben_K5,12783,-0.5185605520230094,0.10452980858548377,0.2511976707055518,NSE
unified_1981_2015,AUDIOSK5 vs KnobenK5,hysets_06339100,RF_Signature_K5,12783,-0.21867985585609273,0.03318784758462001,0.026733184940516668,NSE
unified_1981_2015,AUDIOSK5 vs KnobenK5,hysets_06339100,Knoben_K5,12783,-1.9738674169117831,-3.402347674066595,0.041760595968166815,NSE
unified_1981_2015,AUDIOSK5 vs KnobenK5,hysets_06344600,RF_Signature_K5,12783,0.21460941365712483,0.22632917313734646,0.022636943281552368,NSE
unified_1981_2015,AUDIOSK5 vs KnobenK5,hysets_06344600,Knoben_K5,12783,-1.09048301248973,-2.71031392358488,0.036931611494762255,NSE
unified_1981_2015,AUDIOSK5 vs KnobenK5,hysets_07377000,RF_Signature_K5,12783,-0.010973366010766705,0.18527250988453725,0.03074732213730189,NSE
unified_1981_2015,AUDIOSK5 vs KnobenK5,hysets_07377000,Knoben_K5,12783,0.23354459207342182,0.4729883472347477,0.026772004369733204,NSE
unified_1981_2015,AUDIOSK5 vs KnobenK5,hysets_07SB013,RF_Signature_K5,11791,-2.3507387766973165,-0.29209214255753224,0.13269037011822726,NSE
unified_1981_2015,AUDIOSK5 vs KnobenK5,hysets_07SB013,Knoben_K5,11791,-153.11796808759328,-21.14521002149575,0.8999031188457153,NSE
unified_1981_2015,AUDIOSK5 vs KnobenK5,hysets_08176900,RF_Signature_K5,12568,0.025734597781878477,0.28947331092673545,0.022001149966305946,NSE
unified_1981_2015,AUDIOSK5 vs KnobenK5,hysets_08176900,Knoben_K5,12568,0.044479445332444634,0.12436702491864327,0.02178847116329146,NSE
unified_1981_2015,AUDIOSK5 vs KnobenK5,hysets_08189500,RF_Signature_K5,12783,-0.037757960151620695,0.31460620140490814,0.025499523227556133,NSE
unified_1981_2015,AUDIOSK5 vs KnobenK5,hysets_08189500,Knoben_K5,12783,-0.2714367568003637,-1.7333846518711336,0.028224834560733113,NSE
unified_1981_2015,AUDIOSK5 vs KnobenK5,hysets_08201500,RF_Signature_K5,12782,-0.07504306309249253,-0.19775328209880705,0.018383346341508434,NSE
unified_1981_2015,AUDIOSK5 vs KnobenK5,hysets_08201500,Knoben_K5,12782,-1.2565422980144474,-1.5077423293271472,0.026633814957239325,NSE
unified_1981_2015,AUDIOSK5 vs KnobenK5,hysets_08202700,RF_Signature_K5,12783,-1.1868748291946698,-4.3662065411150595,0.02103005973054337,NSE
unified_1981_2015,AUDIOSK5 vs KnobenK5,hysets_08202700,Knoben_K5,12783,-1.7020040549440458,-22.166197934770334,0.023376072280269167,NSE
unified_1981_2015,AUDIOSK5 vs KnobenK5,hysets_08ED002,RF_Signature_K5,12783,0.6239164973897419,0.8120480199411024,0.10345660412517409,NSE
unified_1981_2015,AUDIOSK5 vs KnobenK5,hysets_08ED002,Knoben_K5,12783,0.18833238813455766,0.6061665226995008,0.15198656010524011,NSE
unified_1981_2015,AUDIOSK5 vs KnobenK5,hysets_08GA072,RF_Signature_K5,12356,-0.2779867890795058,0.15196720457244162,0.07753469217891958,NSE
unified_1981_2015,AUDIOSK5 vs KnobenK5,hysets_08GA072,Knoben_K5,12356,0.34949605454929766,0.37873960989733535,0.05531690234186225,NSE
unified_1981_2015,AUDIOSK5 vs KnobenK5,hysets_08LE024,RF_Signature_K5,12783,0.7426432912409471,0.7589969852500783,0.07196767965025991,NSE
unified_1981_2015,AUDIOSK5 vs KnobenK5,hysets_08LE024,Knoben_K5,12783,0.45132448404267145,0.25310538741456623,0.10508180981468176,NSE
unified_1981_2015,AUDIOSK5 vs KnobenK5,hysets_08LE027,RF_Signature_K5,12783,0.7239918757582404,0.6376216167576051,0.06151274137828509,NSE
unified_1981_2015,AUDIOSK5 vs KnobenK5,hysets_08LE027,Knoben_K5,12783,0.6059760172836806,0.378552556025206,0.07349630026400081,NSE
unified_1981_2015,AUDIOSK5 vs KnobenK5,hysets_08LG048,RF_Signature_K5,12783,0.7275666421076432,0.7405734427022626,0.05033283913960214,NSE
unified_1981_2015,AUDIOSK5 vs KnobenK5,hysets_08LG048,Knoben_K5,12783,0.6980208033961202,0.4909550060384196,0.05299193761303999,NSE
unified_1981_2015,AUDIOSK5 vs KnobenK5,hysets_08ME023,RF_Signature_K5,12694,0.10314677818217544,0.06752107629872217,0.08499369941610987,NSE
unified_1981_2015,AUDIOSK5 vs KnobenK5,hysets_08ME023,Knoben_K5,12694,0.11753823535089958,0.07532580648992138,0.08430901104599202,NSE
unified_1981_2015,AUDIOSK5 vs KnobenK5,hysets_09430600,RF_Signature_K5,12783,0.3910677033899026,0.2650966515994073,0.014986058055895988,NSE
unified_1981_2015,AUDIOSK5 vs KnobenK5,hysets_09430600,Knoben_K5,12783,0.37780537388826363,0.05744304229263719,0.015148374532882083,NSE
unified_1981_2015,AUDIOSK5 vs KnobenK5,hysets_09499000,RF_Signature_K5,12783,-0.1997175445092445,-0.18122243065973853,0.024521465045997892,NSE
unified_1981_2015,AUDIOSK5 vs KnobenK5,hysets_09499000,Knoben_K5,12783,0.38401617511959263,0.1606516942616817,0.017570801110059805,NSE
unified_1981_2015,AUDIOSK5 vs KnobenK5,hysets_11451100,RF_Signature_K5,12783,0.6645590360571144,0.5860959868931286,0.02214606072145831,NSE
unified_1981_2015,AUDIOSK5 vs KnobenK5,hysets_11451100,Knoben_K5,12783,0.5375325302002346,0.14869958355127644,0.026003333889880766,NSE
unified_1981_2015,AUDIOSK5 vs KnobenK5,hysets_11461000,RF_Signature_K5,12783,0.6280498063353469,0.5491749337975864,0.030393808146741093,NSE
unified_1981_2015,AUDIOSK5 vs KnobenK5,hysets_11461000,Knoben_K5,12783,0.3804185518518566,0.40253841882470276,0.03922761695282055,NSE
unified_1981_2015,AUDIOSK5 vs KnobenK5,hysets_11468500,RF_Signature_K5,12783,0.8694771920662219,0.8675462437220469,0.013845661976279297,NSE
unified_1981_2015,AUDIOSK5 vs KnobenK5,hysets_11468500,Knoben_K5,12783,0.6676488402829299,0.6578155180301833,0.022093733943670407,NSE
unified_1981_2015,AUDIOSK5 vs KnobenK5,hysets_12082500,RF_Signature_K5,12783,0.8738201974435886,0.8820095256422154,0.015094794038661501,NSE
unified_1981_2015,AUDIOSK5 vs KnobenK5,hysets_12082500,Knoben_K5,12783,0.7026851764682122,0.5662730062798779,0.023170774535923026,NSE
unified_1981_2015,AUDIOSK5 vs KnobenK5,hysets_12092000,RF_Signature_K5,12783,0.8270517552102946,0.8926818984120876,0.016051958227857203,NSE
unified_1981_2015,AUDIOSK5 vs KnobenK5,hysets_12092000,Knoben_K5,12783,0.6712427091668454,0.6778188151743014,0.022131336317073116,NSE
unified_1981_2015,AUDIOSK5 vs KnobenK5,hysets_14091500,RF_Signature_K5,12783,-14.780316170986717,-0.03737585707585622,0.20414934157076628,NSE
unified_1981_2015,AUDIOSK5 vs KnobenK5,hysets_14091500,Knoben_K5,12783,-18.325700158091824,-0.449131220304972,0.22592159834128162,NSE
unified_1981_2015,AUDIOSK5 vs KnobenK5,hysets_14185000,RF_Signature_K5,12783,0.5360053679821486,0.5374871990917771,0.033079982967382786,NSE
unified_1981_2015,AUDIOSK5 vs KnobenK5,hysets_14185000,Knoben_K5,12783,-0.09076566784738493,0.3221544291739411,0.050719449265598356,NSE
unified_1981_2015,AUDIOSK5 vs KnobenK5,hysets_14325000,RF_Signature_K5,12783,0.8386718065537645,0.6670785739224273,0.028162314527160785,NSE
unified_1981_2015,AUDIOSK5 vs KnobenK5,hysets_14325000,Knoben_K5,12783,0.9391041006231874,0.7985264382836966,0.01730243529211152,NSE
unified_1981_2015,AUDIOSK5 vs KnobenK5,lamah_201012,RF_Signature_K5,12783,0.6057513989866691,0.4984584053043516,0.04435229827136548,NSE
unified_1981_2015,AUDIOSK5 vs KnobenK5,lamah_201012,Knoben_K5,12783,0.5566347332962757,0.41771716367523526,0.04703399649972489,NSE
unified_1981_2015,AUDIOSK5 vs KnobenK5,lamah_205799,RF_Signature_K5,12783,0.6314351728833765,0.5795243923661471,0.047293032101609254,NSE
unified_1981_2015,AUDIOSK5 vs KnobenK5,lamah_205799,Knoben_K5,12783,0.6214829353740303,0.7360813345274384,0.047927298170674267,NSE
unified_1981_2015,AUDIOSK5 vs KnobenK5,lamah_207613,RF_Signature_K5,12783,-1.2634032564822824,0.02178722789844212,0.049847759359642675,NSE
unified_1981_2015,AUDIOSK5 vs KnobenK5,lamah_207613,Knoben_K5,12783,-2.593045773073057,-0.5737346709359241,0.06280526442452951,NSE
unified_1981_2015,AUDIOSK5 vs KnobenK5,lamah_210732,RF_Signature_K5,12783,-1.715655829876645,-0.6244933781594146,0.0721364938997317,NSE
unified_1981_2015,AUDIOSK5 vs KnobenK5,lamah_210732,Knoben_K5,12783,-0.9997178009293697,-0.3533190799696697,0.06190162104068062,NSE
unified_1981_2015,AUDIOSK5 vs KnobenK5,lamah_212043,RF_Signature_K5,12783,0.7571693859876679,0.5817661529632574,0.04868383620853578,NSE
unified_1981_2015,AUDIOSK5 vs KnobenK5,lamah_212043,Knoben_K5,12783,0.7322027617314174,0.4742751514837137,0.05112532956470647,NSE
unified_1981_2015,AUDIOSK5 vs KnobenK5,lamah_212316,RF_Signature_K5,12783,0.5470536797243928,0.7346011561900823,0.07036322981337047,NSE
unified_1981_2015,AUDIOSK5 vs KnobenK5,lamah_212316,Knoben_K5,12783,-0.13016599114370964,0.3325957383075515,0.11114591756874828,NSE
unified_1981_2015,AUDIOSK5 vs KnobenK5,lamah_212373,RF_Signature_K5,12783,0.280177433110428,0.3731932747907868,0.08338596711051971,NSE
unified_1981_2015,AUDIOSK5 vs KnobenK5,lamah_212373,Knoben_K5,12783,-1.3090375578490496,-0.3002210807028092,0.1493467374301858,NSE
unified_1981_2015,AUDIOSK5 vs KnobenK5,lamah_212522,RF_Signature_K5,12783,-0.7001727349049871,0.18541369201510205,0.13786380259290665,NSE
unified_1981_2015,AUDIOSK5 vs KnobenK5,lamah_212522,Knoben_K5,12783,-2.2321851470792398,-0.0916462225106498,0.19008674964865704,NSE
unified_1981_2015,AUDIOSK5 vs KnobenK5,lamah_212894,RF_Signature_K5,12783,-2.294984852519695,-0.10770414674362438,0.14050838581748454,NSE
unified_1981_2015,AUDIOSK5 vs KnobenK5,lamah_212894,Knoben_K5,12783,-3.035151212694223,-0.4499905373394637,0.15549106579158814,NSE
unified_1981_2015,AUDIOSK5 vs KnobenK5,camelsbr_51940000,RF_Signature_K5,12689,-5.375610699017407,-0.6407290769918101,0.15116202235299855,KGE
unified_1981_2015,AUDIOSK5 vs KnobenK5,camelsbr_51940000,Knoben_K5,12689,-1.3281651680174664,-0.1403970976754363,0.09134582276726912,KGE
unified_1981_2015,AUDIOSK5 vs KnobenK5,camelsbr_57250000,RF_Signature_K5,12783,-1.589981927418111,0.08172725486016041,0.12554951258340577,KGE
unified_1981_2015,AUDIOSK5 vs KnobenK5,camelsbr_57250000,Knoben_K5,12783,-1.1948705091958254,0.15183639566107654,0.11557691973633409,KGE
unified_1981_2015,AUDIOSK5 vs KnobenK5,camelsbr_58060000,RF_Signature_K5,12725,-0.39220150713904856,-0.004642927177844758,0.021090814602288926,KGE
unified_1981_2015,AUDIOSK5 vs KnobenK5,camelsbr_58060000,Knoben_K5,12725,-0.44536293312901587,0.11561687165590673,0.021489720189031215,KGE
unified_1981_2015,AUDIOSK5 vs KnobenK5,camelsbr_58258000,RF_Signature_K5,12707,-0.685959836347461,-0.09923837611697617,0.046155976363906476,KGE
unified_1981_2015,AUDIOSK5 vs KnobenK5,camelsbr_58258000,Knoben_K5,12707,0.07844245836219732,0.10027780164975286,0.034124442020889004,KGE
unified_1981_2015,AUDIOSK5 vs KnobenK5,camelsbr_58530000,RF_Signature_K5,12749,-0.32979554044982407,0.1681504849538774,0.057520571044127417,KGE
unified_1981_2015,AUDIOSK5 vs KnobenK5,camelsbr_58530000,Knoben_K5,12749,-0.09428632946867355,0.26624900015065334,0.052179058635676866,KGE
unified_1981_2015,AUDIOSK5 vs KnobenK5,camelsbr_58535000,RF_Signature_K5,12718,-0.9515143152461618,-0.012185104982610495,0.10259426093407369,KGE
unified_1981_2015,AUDIOSK5 vs KnobenK5,camelsbr_58535000,Knoben_K5,12718,-0.10241612655804633,0.26264851652196075,0.07710987078936087,KGE
unified_1981_2015,AUDIOSK5 vs KnobenK5,camelsbr_58542000,RF_Signature_K5,12783,0.32451689619211943,0.540209719011028,0.06106542248140603,KGE
unified_1981_2015,AUDIOSK5 vs KnobenK5,camelsbr_58542000,Knoben_K5,12783,-0.3831544183017206,-0.06523400515375322,0.08738229668509474,KGE
unified_1981_2015,AUDIOSK5 vs KnobenK5,camelsbr_59370000,RF_Signature_K5,12783,0.011721701721521316,0.22417160755846066,0.03834102306506309,KGE
unified_1981_2015,AUDIOSK5 vs KnobenK5,camelsbr_59370000,Knoben_K5,12783,-0.1252688379755582,0.030504265078209802,0.040912141599293586,KGE
unified_1981_2015,AUDIOSK5 vs KnobenK5,camelsbr_70100000,RF_Signature_K5,12639,-0.26152648374611287,-0.1633450524182014,0.07046759081447791,KGE
unified_1981_2015,AUDIOSK5 vs KnobenK5,camelsbr_70100000,Knoben_K5,12639,0.24799579134403582,0.4539540784279259,0.05440657327269346,KGE
unified_1981_2015,AUDIOSK5 vs KnobenK5,camelsbr_71300000,RF_Signature_K5,12778,-0.6560962899967722,-0.10346808732230173,0.13392066744610942,KGE
unified_1981_2015,AUDIOSK5 vs KnobenK5,camelsbr_71300000,Knoben_K5,12778,-0.6366600386931303,-0.13566756330011542,0.13313248925132357,KGE
unified_1981_2015,AUDIOSK5 vs KnobenK5,camelsbr_73765000,RF_Signature_K5,12769,-0.18210407425345743,-0.18507605504142455,0.04705704817269158,KGE
unified_1981_2015,AUDIOSK5 vs KnobenK5,camelsbr_73765000,Knoben_K5,12769,0.11008138552093216,0.04214361364284325,0.040829303308182366,KGE
unified_1981_2015,AUDIOSK5 vs KnobenK5,camelscl_1050002,RF_Signature_K5,12252,-1927.501930607474,-40.45559981106983,0.8475950775581137,KGE
unified_1981_2015,AUDIOSK5 vs KnobenK5,camelscl_1050002,Knoben_K5,12252,-52565.24271313404,-211.2671089042253,4.42518931286151,KGE
unified_1981_2015,AUDIOSK5 vs KnobenK5,camelscl_1201005,RF_Signature_K5,12506,-151.5764651796659,-10.470362463455148,0.7076056472962672,KGE
unified_1981_2015,AUDIOSK5 vs KnobenK5,camelscl_1201005,Knoben_K5,12506,-2079.072296402397,-43.74860364790745,2.612683067389381,KGE
unified_1981_2015,AUDIOSK5 vs KnobenK5,camelscl_12284002,RF_Signature_K5,12365,-21.765355088123115,-3.3227449166137486,0.2815485955525141,KGE
unified_1981_2015,AUDIOSK5 vs KnobenK5,camelscl_12284002,Knoben_K5,12365,-325.12822824559436,-17.020434336933544,1.0656395892778792,KGE
unified_1981_2015,AUDIOSK5 vs KnobenK5,camelscl_12284003,RF_Signature_K5,11946,-55.60876579323116,-5.746200741350361,0.5151079190949774,KGE
unified_1981_2015,AUDIOSK5 vs KnobenK5,camelscl_12284003,Knoben_K5,11946,-107.51403557529645,-8.618182218589292,0.7131803043948655,KGE
unified_1981_2015,AUDIOSK5 vs KnobenK5,camelscl_12284006,RF_Signature_K5,12138,-23.245558841319205,-3.967078630534248,0.2526522339911509,KGE
unified_1981_2015,AUDIOSK5 vs KnobenK5,camelscl_12284006,Knoben_K5,12138,-5.25456503648745,-1.0874749879607908,0.1283233236951489,KGE
unified_1981_2015,AUDIOSK5 vs KnobenK5,camelscl_12582001,RF_Signature_K5,12031,-1.8796811544632024,-0.1561708872502796,0.11656396674696,KGE
unified_1981_2015,AUDIOSK5 vs KnobenK5,camelscl_12582001,Knoben_K5,12031,-0.7316364736005858,0.0641117765815562,0.0903900191955492,KGE
unified_1981_2015,AUDIOSK5 vs KnobenK5,camelscl_12600001,RF_Signature_K5,11975,-2.9559281648428404,-0.35059037896033973,0.19895222207317784,KGE
unified_1981_2015,AUDIOSK5 vs KnobenK5,camelscl_12600001,Knoben_K5,11975,-0.981752440619214,-0.003520285976068349,0.14081512226731316,KGE
unified_1981_2015,AUDIOSK5 vs KnobenK5,camelscl_12622001,RF_Signature_K5,12021,-8.17585204241533,-1.3300177857357527,0.2675888294435524,KGE
unified_1981_2015,AUDIOSK5 vs KnobenK5,camelscl_12622001,Knoben_K5,12021,-8.568665853202091,-1.7114614282717824,0.2732564822314026,KGE
unified_1981_2015,AUDIOSK5 vs KnobenK5,camelscl_12802001,RF_Signature_K5,12305,-79.5679778816463,-8.578599816608149,0.6956790841641574,KGE
unified_1981_2015,AUDIOSK5 vs KnobenK5,camelscl_12802001,Knoben_K5,12305,-66.96598900610856,-8.056995900111875,0.6389597991768073,KGE
unified_1981_2015,AUDIOSK5 vs KnobenK5,camelscl_12805001,RF_Signature_K5,12227,-6.994540426564929,-1.1930059394681045,0.2239007344799015,KGE
unified_1981_2015,AUDIOSK5 vs KnobenK5,camelscl_12805001,Knoben_K5,12227,-32.32085023481249,-3.7800640625544792,0.4571058759451543,KGE
unified_1981_2015,AUDIOSK5 vs KnobenK5,camelscl_12806001,RF_Signature_K5,12249,-20.348351792878656,-2.3805237094529663,0.3613905844993708,KGE
unified_1981_2015,AUDIOSK5 vs KnobenK5,camelscl_12806001,Knoben_K5,12249,-36.71614035819103,-3.5987875083262386,0.4803505360638594,KGE
unified_1981_2015,AUDIOSK5 vs KnobenK5,camelscl_4301002,RF_Signature_K5,12422,-0.6247038483895553,-0.35602317846694276,0.1652550663535945,KGE
unified_1981_2015,AUDIOSK5 vs KnobenK5,camelscl_4301002,Knoben_K5,12422,-6.6528983573344735,-1.5929806481057236,0.35865810614063454,KGE
unified_1981_2015,AUDIOSK5 vs KnobenK5,camelscl_4311001,RF_Signature_K5,11715,0.49594606468474,0.5056147212044693,0.06034920450858356,KGE
unified_1981_2015,AUDIOSK5 vs KnobenK5,camelscl_4311001,Knoben_K5,11715,-23.66040743759689,-4.603031663553796,0.422117316726012,KGE
unified_1981_2015,AUDIOSK5 vs KnobenK5,camelscl_4313001,RF_Signature_K5,11742,0.4789089948817784,0.5323949828657375,0.0714340218157538,KGE
unified_1981_2015,AUDIOSK5 vs KnobenK5,camelscl_4313001,Knoben_K5,11742,-203.43822019840707,-15.879394071006928,1.4149117706173728,KGE
unified_1981_2015,AUDIOSK5 vs KnobenK5,camelscl_4314002,RF_Signature_K5,12623,0.6772205179432573,0.6764754717086883,0.050915427190805995,KGE
unified_1981_2015,AUDIOSK5 vs KnobenK5,camelscl_4314002,Knoben_K5,12623,-101.2343243364861,-10.636495160047131,0.9061389469290275,KGE
unified_1981_2015,AUDIOSK5 vs KnobenK5,camelscl_4501001,RF_Signature_K5,11935,0.15295501408711465,0.24446656188043325,0.07385422174862068,KGE
unified_1981_2015,AUDIOSK5 vs KnobenK5,camelscl_4501001,Knoben_K5,11935,-65.90053525654311,-8.064618007824548,0.6563521078348113,KGE
unified_1981_2015,AUDIOSK5 vs KnobenK5,camelscl_4503001,RF_Signature_K5,11799,-7.286962750531366,-1.7758603769248804,0.1374227634425985,KGE
unified_1981_2015,AUDIOSK5 vs KnobenK5,camelscl_4503001,Knoben_K5,11799,-910.6218741291447,-39.01612634749976,1.4413463508072146,KGE
unified_1981_2015,AUDIOSK5 vs KnobenK5,camelscl_4511002,RF_Signature_K5,12069,0.05341336282547615,-0.020442345586832333,0.06759897050058403,KGE
unified_1981_2015,AUDIOSK5 vs KnobenK5,camelscl_4511002,Knoben_K5,12069,-18.927666816345702,-4.308807039892768,0.31016166824503233,KGE
unified_1981_2015,AUDIOSK5 vs KnobenK5,camelscl_4512001,RF_Signature_K5,12071,-0.20013951909155026,-0.5576549013855765,0.09852797763668705,KGE
unified_1981_2015,AUDIOSK5 vs KnobenK5,camelscl_4512001,Knoben_K5,12071,-7.123152459928974,-2.310565462756363,0.25633387480309944,KGE
unified_1981_2015,AUDIOSK5 vs KnobenK5,camelscl_4513001,RF_Signature_K5,12338,-0.1605181872237733,-0.3341944864865747,0.0820606910604088,KGE
unified_1981_2015,AUDIOSK5 vs KnobenK5,camelscl_4513001,Knoben_K5,12338,-1.208294640482158,-0.18047270686536931,0.11319772631541804,KGE
unified_1981_2015,AUDIOSK5 vs KnobenK5,camelscl_4514001,RF_Signature_K5,12218,0.08803796556794485,0.12998942438971972,0.08870426497180676,KGE
unified_1981_2015,AUDIOSK5 vs KnobenK5,camelscl_4514001,Knoben_K5,12218,-139.74427045907004,-14.462407627543334,1.1019743461640346,KGE
unified_1981_2015,AUDIOSK5 vs KnobenK5,camelscl_4520001,RF_Signature_K5,12054,-40.480171961520085,-19.348115241215478,0.2176359338042294,KGE
unified_1981_2015,AUDIOSK5 vs KnobenK5,camelscl_4520001,Knoben_K5,12054,-98.03569410540675,-34.42924852143811,0.33628399953111493,KGE
unified_1981_2015,AUDIOSK5 vs KnobenK5,camelscl_4530001,RF_Signature_K5,11812,-0.4553668837064613,-0.2173009855811292,0.044103130867148545,KGE
unified_1981_2015,AUDIOSK5 vs KnobenK5,camelscl_4530001,Knoben_K5,11812,-32.28560506133526,-7.065692523292052,0.21091691220427525,KGE
unified_1981_2015,AUDIOSK5 vs KnobenK5,camelscl_4703002,RF_Signature_K5,12660,-0.06627930067080112,-0.1432027186165239,0.1060925589273768,KGE
unified_1981_2015,AUDIOSK5 vs KnobenK5,camelscl_4703002,Knoben_K5,12660,-5.939025428460286,-1.1604457992888362,0.27064416910974554,KGE
unified_1981_2015,AUDIOSK5 vs KnobenK5,camelscl_4721001,RF_Signature_K5,12585,-0.05769455609821561,0.487516003641829,0.0686910812016278,KGE
unified_1981_2015,AUDIOSK5 vs KnobenK5,camelscl_4721001,Knoben_K5,12585,-13.819159211735684,-4.617660093667286,0.25711771489866625,KGE
unified_1981_2015,AUDIOSK5 vs KnobenK5,camelscl_4723001,RF_Signature_K5,12044,0.3055376479361618,0.13664400555871492,0.04759569447443768,KGE
unified_1981_2015,AUDIOSK5 vs KnobenK5,camelscl_4723001,Knoben_K5,12044,-327.46222147679714,-23.826375862334167,1.0351088637145804,KGE
unified_1981_2015,AUDIOSK5 vs KnobenK5,camelscl_5200001,RF_Signature_K5,11740,-7.578207422171067,-1.147049874471913,0.15010150963172514,KGE
unified_1981_2015,AUDIOSK5 vs KnobenK5,camelscl_5200001,Knoben_K5,11740,-387.32108889699924,-21.884430108691664,1.0099090799031685,KGE
unified_1981_2015,AUDIOSK5 vs KnobenK5,camelscl_5402001,RF_Signature_K5,11878,-0.42537340230163,-0.5963719498701501,0.14921989078374878,KGE
unified_1981_2015,AUDIOSK5 vs KnobenK5,camelscl_5402001,Knoben_K5,11878,-0.39651931561987186,-0.05551302150270887,0.1477018265317089,KGE
unified_1981_2015,AUDIOSK5 vs KnobenK5,camelscl_5406001,RF_Signature_K5,11768,-0.09387997867284592,-0.07680767943899514,0.10190488196869468,KGE
unified_1981_2015,AUDIOSK5 vs KnobenK5,camelscl_5406001,Knoben_K5,11768,-8.137152509293887,-3.446070734889207,0.2945205416196562,KGE
unified_1981_2015,AUDIOSK5 vs KnobenK5,camelscl_5706001,RF_Signature_K5,11640,-1.6062109058062246,-0.46871022839420107,0.15382733144281477,KGE
unified_1981_2015,AUDIOSK5 vs KnobenK5,camelscl_5706001,Knoben_K5,11640,-2.8730135786247972,-1.0713771195481763,0.1875224364055964,KGE
unified_1981_2015,AUDIOSK5 vs KnobenK5,camelscl_5707002,RF_Signature_K5,12054,-2.5919902546890428,-0.3396655583100101,0.31050697859555576,KGE
unified_1981_2015,AUDIOSK5 vs KnobenK5,camelscl_5707002,Knoben_K5,12054,-2.9166803961365426,-0.3119564084575095,0.32423721288285673,KGE
unified_1981_2015,AUDIOSK5 vs KnobenK5,camelscl_5722001,RF_Signature_K5,12272,-0.5289540601988927,-0.12459444032670475,0.0368780177807401,KGE
unified_1981_2015,AUDIOSK5 vs KnobenK5,camelscl_5722001,Knoben_K5,12272,-14.49613678103578,-2.8318324352190563,0.11740377776742607,KGE
unified_1981_2015,AUDIOSK5 vs KnobenK5,camelscl_5722002,RF_Signature_K5,12551,-2.4817848468140213,-0.45744217471341875,0.06263675394335934,KGE
unified_1981_2015,AUDIOSK5 vs KnobenK5,camelscl_5722002,Knoben_K5,12551,-29.971769046152474,-4.886250274727508,0.18681480184804247,KGE
unified_1981_2015,AUDIOSK5 vs KnobenK5,camelscl_6013001,RF_Signature_K5,11609,-0.547535132194884,-0.28215130980139813,0.05414528961234773,KGE
unified_1981_2015,AUDIOSK5 vs KnobenK5,camelscl_6013001,Knoben_K5,11609,-0.260186757104627,-0.09997528451461868,0.048860496766226016,KGE
unified_1981_2015,AUDIOSK5 vs KnobenK5,camelscl_7103001,RF_Signature_K5,12564,0.023297571029588182,-0.03880068016608207,0.04062170981445165,KGE
unified_1981_2015,AUDIOSK5 vs KnobenK5,camelscl_7103001,Knoben_K5,12564,-2.230948992448515,-0.2025999592855603,0.07388259083685772,KGE
unified_1981_2015,AUDIOSK5 vs KnobenK5,camelscl_7104002,RF_Signature_K5,12375,-0.05998693219844231,0.021027217977529267,0.05070470185487967,KGE
unified_1981_2015,AUDIOSK5 vs KnobenK5,camelscl_7104002,Knoben_K5,12375,-0.3477796695251465,0.20964869728939384,0.05717516522389454,KGE
unified_1981_2015,AUDIOSK5 vs KnobenK5,camelscl_7112001,RF_Signature_K5,11523,0.17021721365691433,0.3581885545175807,0.03141867509779517,KGE
unified_1981_2015,AUDIOSK5 vs KnobenK5,camelscl_7112001,Knoben_K5,11523,-2.5142200212985797,-0.22209845775347925,0.06465768199826745,KGE
unified_1981_2015,AUDIOSK5 vs KnobenK5,camelscl_7115001,RF_Signature_K5,11993,0.37948541872997343,0.3784679364511515,0.02327936176653432,KGE
unified_1981_2015,AUDIOSK5 vs KnobenK5,camelscl_7115001,Knoben_K5,11993,-3.8593026549333214,-0.4011255419890152,0.06514514400241253,KGE
unified_1981_2015,AUDIOSK5 vs KnobenK5,camelscl_7116001,RF_Signature_K5,12208,-0.24509295680234677,-0.2341211454801111,0.05094328586169527,KGE
unified_1981_2015,AUDIOSK5 vs KnobenK5,camelscl_7116001,Knoben_K5,12208,-2.026217859501172,-0.9191755837627629,0.07942114802634058,KGE
unified_1981_2015,AUDIOSK5 vs KnobenK5,camelscl_7355002,RF_Signature_K5,11800,-0.03268035995770413,-0.09646543432692645,0.042108846818074114,KGE
unified_1981_2015,AUDIOSK5 vs KnobenK5,camelscl_7355002,Knoben_K5,11800,-0.660396779476131,0.021350271079016214,0.05339447621344868,KGE
unified_1981_2015,AUDIOSK5 vs KnobenK5,camelscl_7374001,RF_Signature_K5,12076,-0.45915385983058843,-0.2861425005701066,0.05813366655685466,KGE
unified_1981_2015,AUDIOSK5 vs KnobenK5,camelscl_7374001,Knoben_K5,12076,-1.7533158379025586,-0.2611048289412954,0.07985556515148269,KGE
unified_1981_2015,AUDIOSK5 vs KnobenK5,camelscl_8130002,RF_Signature_K5,12446,0.10188026936162098,0.0058036759467582355,0.04632178248975035,KGE
unified_1981_2015,AUDIOSK5 vs KnobenK5,camelscl_8130002,Knoben_K5,12446,-0.45665597126940227,-0.1385244405416799,0.058992478234934906,KGE
unified_1981_2015,AUDIOSK5 vs KnobenK5,hysets_01010070,RF_Signature_K5,11780,0.19637795224070376,0.24796204661009147,0.07239619866252647,KGE
unified_1981_2015,AUDIOSK5 vs KnobenK5,hysets_01010070,Knoben_K5,11780,0.5881645355240823,0.6803764489578836,0.051826479955953866,KGE
unified_1981_2015,AUDIOSK5 vs KnobenK5,hysets_01022500,RF_Signature_K5,12783,0.3252715533936227,0.5136988661632726,0.0723654071046603,KGE
unified_1981_2015,AUDIOSK5 vs KnobenK5,hysets_01022500,Knoben_K5,12783,0.823460724054428,0.8773791461612725,0.03701580255682049,KGE
unified_1981_2015,AUDIOSK5 vs KnobenK5,hysets_01031500,RF_Signature_K5,12783,0.8985570801605692,0.857018395385543,0.01065217380057644,KGE
unified_1981_2015,AUDIOSK5 vs KnobenK5,hysets_01031500,Knoben_K5,12783,0.8861155785717892,0.889793924787489,0.011286506424469971,KGE
unified_1981_2015,AUDIOSK5 vs KnobenK5,hysets_01038000,RF_Signature_K5,12783,0.2895419089961999,0.38408658022948416,0.04499635194794353,KGE
unified_1981_2015,AUDIOSK5 vs KnobenK5,hysets_01038000,Knoben_K5,12783,0.6486814142053562,0.7437918377585558,0.03164161454459928,KGE
unified_1981_2015,AUDIOSK5 vs KnobenK5,hysets_01047000,RF_Signature_K5,12783,0.584126178379143,0.6057413362782365,0.022561302754040363,KGE
unified_1981_2015,AUDIOSK5 vs KnobenK5,hysets_01047000,Knoben_K5,12783,0.9312308727472531,0.9634079526794622,0.00917445211297582,KGE
unified_1981_2015,AUDIOSK5 vs KnobenK5,hysets_01054200,RF_Signature_K5,12783,0.20114558264164462,0.27751572323289075,0.042016528197271905,KGE
unified_1981_2015,AUDIOSK5 vs KnobenK5,hysets_01054200,Knoben_K5,12783,0.5467048780044124,0.4396897434205591,0.03165022970488536,KGE
unified_1981_2015,AUDIOSK5 vs KnobenK5,hysets_01055000,RF_Signature_K5,12783,0.6871522174877618,0.6263377571279218,0.024994986900645937,KGE
unified_1981_2015,AUDIOSK5 vs KnobenK5,hysets_01055000,Knoben_K5,12783,0.8310871616967235,0.7905827843995877,0.018366132061077303,KGE
unified_1981_2015,AUDIOSK5 vs KnobenK5,hysets_01057000,RF_Signature_K5,12783,0.44808780601860165,0.5613563601347584,0.025382100087021787,KGE
unified_1981_2015,AUDIOSK5 vs KnobenK5,hysets_01057000,Knoben_K5,12783,0.6564840175266888,0.6946268292030306,0.02002470060290417,KGE
unified_1981_2015,AUDIOSK5 vs KnobenK5,hysets_01064500,RF_Signature_K5,12783,0.27037328485703593,0.4299860454536545,0.037802652520853394,KGE
unified_1981_2015,AUDIOSK5 vs KnobenK5,hysets_01064500,Knoben_K5,12783,0.39518931208815666,0.4372344144321282,0.034417683716241015,KGE
unified_1981_2015,AUDIOSK5 vs KnobenK5,hysets_01076500,RF_Signature_K5,12783,0.3508708078814521,0.487931637080117,0.04193248721258587,KGE
unified_1981_2015,AUDIOSK5 vs KnobenK5,hysets_01076500,Knoben_K5,12783,0.7950372136557807,0.8242454687823766,0.023562564764371904,KGE
unified_1981_2015,AUDIOSK5 vs KnobenK5,hysets_01078000,RF_Signature_K5,12783,0.13811944715364843,0.4802923834919841,0.053594180924141976,KGE
unified_1981_2015,AUDIOSK5 vs KnobenK5,hysets_01078000,Knoben_K5,12783,0.463854330297901,0.6485124124690695,0.042270316396664294,KGE
unified_1981_2015,AUDIOSK5 vs KnobenK5,hysets_01118000,RF_Signature_K5,12783,-0.3292290337463424,0.27605849700096663,0.042156725621307914,KGE
unified_1981_2015,AUDIOSK5 vs KnobenK5,hysets_01118000,Knoben_K5,12783,-0.3342506830100396,0.19801043194442336,0.042236281785645584,KGE
unified_1981_2015,AUDIOSK5 vs KnobenK5,hysets_01134500,RF_Signature_K5,12783,0.5018513920882636,0.594639849657359,0.04057592448986289,KGE
unified_1981_2015,AUDIOSK5 vs KnobenK5,hysets_01134500,Knoben_K5,12783,0.7671012714943211,0.8522215357301743,0.027744220149830703,KGE
unified_1981_2015,AUDIOSK5 vs KnobenK5,hysets_01137500,RF_Signature_K5,12783,0.42321137540385023,0.5970684996425355,0.04754544135728384,KGE
unified_1981_2015,AUDIOSK5 vs KnobenK5,hysets_01137500,Knoben_K5,12783,0.6270690232201754,0.6340274562037056,0.038230921771317164,KGE
unified_1981_2015,AUDIOSK5 vs KnobenK5,hysets_01169000,RF_Signature_K5,12783,0.5400293381456571,0.6136747182486819,0.023915391832227125,KGE
unified_1981_2015,AUDIOSK5 vs KnobenK5,hysets_01169000,Knoben_K5,12783,0.6402308562195963,0.5480963433142425,0.021150682747349533,KGE
unified_1981_2015,AUDIOSK5 vs KnobenK5,hysets_01174500,RF_Signature_K5,12783,0.46292371652586284,0.6246086865350324,0.0442681089821275,KGE
unified_1981_2015,AUDIOSK5 vs KnobenK5,hysets_01174500,Knoben_K5,12783,0.28176029991993656,0.46748348362873937,0.051192658820152635,KGE
unified_1981_2015,AUDIOSK5 vs KnobenK5,hysets_01181000,RF_Signature_K5,12783,0.5631562370348209,0.6157507132680907,0.01672539909092549,KGE
unified_1981_2015,AUDIOSK5 vs KnobenK5,hysets_01181000,Knoben_K5,12783,0.06627721889595417,0.3389969541863739,0.024452450991784138,KGE
unified_1981_2015,AUDIOSK5 vs KnobenK5,hysets_01439500,RF_Signature_K5,12783,0.5281026043140444,0.558278446809346,0.04167576976041098,KGE
unified_1981_2015,AUDIOSK5 vs KnobenK5,hysets_01439500,Knoben_K5,12783,0.45924701608500085,0.5446414627200132,0.04461278158161722,KGE
unified_1981_2015,AUDIOSK5 vs KnobenK5,hysets_01440000,RF_Signature_K5,12783,0.14760465751083152,0.34211967151018596,0.03408286490514266,KGE
unified_1981_2015,AUDIOSK5 vs KnobenK5,hysets_01440000,Knoben_K5,12783,0.4267177433173912,0.5362915812489928,0.027951158267335824,KGE
unified_1981_2015,AUDIOSK5 vs KnobenK5,hysets_01447500,RF_Signature_K5,12783,0.39726741797475584,0.4985345528218328,0.029175917109712204,KGE
unified_1981_2015,AUDIOSK5 vs KnobenK5,hysets_01447500,Knoben_K5,12783,0.5518815830656563,0.6628227234842603,0.02515698429082415,KGE
unified_1981_2015,AUDIOSK5 vs KnobenK5,hysets_01543000,RF_Signature_K5,12783,0.7270460853702507,0.7424522150037074,0.02366773240888115,KGE
unified_1981_2015,AUDIOSK5 vs KnobenK5,hysets_01543000,Knoben_K5,12783,0.7992040626884639,0.8736171466093272,0.020299691953809783,KGE
unified_1981_2015,AUDIOSK5 vs KnobenK5,hysets_01543500,RF_Signature_K5,12783,0.9560733717107207,0.9722116268482689,0.009387214043708255,KGE
unified_1981_2015,AUDIOSK5 vs KnobenK5,hysets_01543500,Knoben_K5,12783,0.942878192093367,0.9506619840011967,0.010704681701191583,KGE
unified_1981_2015,AUDIOSK5 vs KnobenK5,hysets_01544500,RF_Signature_K5,12783,0.8401442206843692,0.7857300888550516,0.02040816126304934,KGE
unified_1981_2015,AUDIOSK5 vs KnobenK5,hysets_01544500,Knoben_K5,12783,0.685268834918721,0.6153896037033652,0.02863581717736944,KGE
unified_1981_2015,AUDIOSK5 vs KnobenK5,hysets_01550000,RF_Signature_K5,12783,0.6531093147683639,0.6645078865640653,0.02011765633413174,KGE
unified_1981_2015,AUDIOSK5 vs KnobenK5,hysets_01550000,Knoben_K5,12783,0.9016293171691443,0.8758639782916406,0.010713069165221016,KGE
unified_1981_2015,AUDIOSK5 vs KnobenK5,hysets_01605500,RF_Signature_K5,12783,0.6892754521649487,0.7225437041771902,0.009495077806301672,KGE
unified_1981_2015,AUDIOSK5 vs KnobenK5,hysets_01605500,Knoben_K5,12783,0.5674934625192201,0.43292624756855136,0.011202297025913553,KGE
unified_1981_2015,AUDIOSK5 vs KnobenK5,hysets_01606500,RF_Signature_K5,12782,0.38061164361472266,0.4872898528859557,0.014925882081482733,KGE
unified_1981_2015,AUDIOSK5 vs KnobenK5,hysets_01606500,Knoben_K5,12782,0.6601590151221256,0.667413692663771,0.01105595760260741,KGE
unified_1981_2015,AUDIOSK5 vs KnobenK5,hysets_01611500,RF_Signature_K5,12417,-0.39955157561267174,0.16583492139119538,0.04701827968543565,KGE
unified_1981_2015,AUDIOSK5 vs KnobenK5,hysets_01611500,Knoben_K5,12417,-0.2971186007768911,0.17944791429756035,0.04526495832578138,KGE
unified_1981_2015,AUDIOSK5 vs KnobenK5,hysets_01669520,RF_Signature_K5,12558,-1.0594082807382432,0.18138947057302435,0.04127341404510604,KGE
unified_1981_2015,AUDIOSK5 vs KnobenK5,hysets_01669520,Knoben_K5,12558,-0.16748252296946964,0.4067521296857233,0.031075946198193653,KGE
unified_1981_2015,AUDIOSK5 vs KnobenK5,hysets_01673800,RF_Signature_K5,12783,0.23773618774937832,0.37472120240433826,0.03767004278746571,KGE
unified_1981_2015,AUDIOSK5 vs KnobenK5,hysets_01673800,Knoben_K5,12783,0.23458258404658117,0.26326944530162055,0.037747885765349425,KGE
unified_1981_2015,AUDIOSK5 vs KnobenK5,hysets_01AJ010,RF_Signature_K5,12783,0.5117838809286509,0.6933842197191127,0.031116832862428945,KGE
unified_1981_2015,AUDIOSK5 vs KnobenK5,hysets_01AJ010,Knoben_K5,12783,0.18367160952134942,0.6047249315771102,0.04023664677325768,KGE
unified_1981_2015,AUDIOSK5 vs KnobenK5,hysets_01AK001,RF_Signature_K5,12783,0.6236018642562351,0.7312279561355337,0.052971389749862915,KGE
unified_1981_2015,AUDIOSK5 vs KnobenK5,hysets_01AK001,Knoben_K5,12783,0.6483495434915856,0.8235695321223909,0.05120038516700743,KGE
unified_1981_2015,AUDIOSK5 vs KnobenK5,hysets_01AK007,RF_Signature_K5,12783,0.7826829566064686,0.7429362957634744,0.02374323058178883,KGE
unified_1981_2015,AUDIOSK5 vs KnobenK5,hysets_01AK007,Knoben_K5,12783,0.6918610884689134,0.7703256863460501,0.028272628610935588,KGE
unified_1981_2015,AUDIOSK5 vs KnobenK5,hysets_01AL002,RF_Signature_K5,12783,0.19951208803167364,0.3319615571612755,0.04082397330678837,KGE
unified_1981_2015,AUDIOSK5 vs KnobenK5,hysets_01AL002,Knoben_K5,12783,0.21514564873055797,0.6273612145000906,0.04042336075780123,KGE
unified_1981_2015,AUDIOSK5 vs KnobenK5,hysets_01AM001,RF_Signature_K5,12783,0.48232280078309486,0.504869573110313,0.03857200322512909,KGE
unified_1981_2015,AUDIOSK5 vs KnobenK5,hysets_01AM001,Knoben_K5,12783,0.7487833921486081,0.7961225506346844,0.026869949447630867,KGE
unified_1981_2015,AUDIOSK5 vs KnobenK5,hysets_01AN002,RF_Signature_K5,12783,0.455894208710377,0.593536122323689,0.04514988844679419,KGE
unified_1981_2015,AUDIOSK5 vs KnobenK5,hysets_01AN002,Knoben_K5,12783,0.8362135603512904,0.8548555584954187,0.02477159543755812,KGE
unified_1981_2015,AUDIOSK5 vs KnobenK5,hysets_01AP002,RF_Signature_K5,12783,0.4857105873151014,0.4893565754727852,0.0383445867219347,KGE
unified_1981_2015,AUDIOSK5 vs KnobenK5,hysets_01AP002,Knoben_K5,12783,0.7819293170851693,0.7027464915823229,0.024968871319796023,KGE
unified_1981_2015,AUDIOSK5 vs KnobenK5,hysets_01AQ001,RF_Signature_K5,12783,0.08024326800500559,0.379372460435327,0.0482913758925674,KGE
unified_1981_2015,AUDIOSK5 vs KnobenK5,hysets_01AQ001,Knoben_K5,12783,0.34381105584397553,0.2846556987932396,0.040789421513050525,KGE
unified_1981_2015,AUDIOSK5 vs KnobenK5,hysets_01BJ003,RF_Signature_K5,12783,0.10191948194311984,0.3608379630780205,0.07284854622693486,KGE
unified_1981_2015,AUDIOSK5 vs KnobenK5,hysets_01BJ003,Knoben_K5,12783,0.32550999380904233,0.6177306244861764,0.06313221273243039,KGE
unified_1981_2015,AUDIOSK5 vs KnobenK5,hysets_01BL002,RF_Signature_K5,12783,-0.3058905430240273,0.2279429185715678,0.06461300218203099,KGE
unified_1981_2015,AUDIOSK5 vs KnobenK5,hysets_01BL002,Knoben_K5,12783,-0.31314522643818443,0.09666307245217154,0.06479222764092896,KGE
unified_1981_2015,AUDIOSK5 vs KnobenK5,hysets_01BQ001,RF_Signature_K5,12783,0.35655837611584085,0.5041750895085009,0.05170387357748901,KGE
unified_1981_2015,AUDIOSK5 vs KnobenK5,hysets_01BQ001,Knoben_K5,12783,0.4024139998720456,0.4472448098585995,0.04982745578147753,KGE
unified_1981_2015,AUDIOSK5 vs KnobenK5,hysets_01BS001,RF_Signature_K5,12783,0.5293128981877634,0.5492764625758051,0.03706229280615562,KGE
unified_1981_2015,AUDIOSK5 vs KnobenK5,hysets_01BS001,Knoben_K5,12783,0.7648154810209062,0.7595748133724929,0.02619814246580991,KGE
unified_1981_2015,AUDIOSK5 vs KnobenK5,hysets_01BU002,RF_Signature_K5,12783,0.32554891492767823,0.4912897008042628,0.04481616859800188,KGE
unified_1981_2015,AUDIOSK5 vs KnobenK5,hysets_01BU002,Knoben_K5,12783,0.73196962216457,0.6546273335100707,0.028252150151542765,KGE
unified_1981_2015,AUDIOSK5 vs KnobenK5,hysets_01BV006,RF_Signature_K5,12783,0.17696601167907722,0.2702175264308503,0.04874615761157822,KGE
unified_1981_2015,AUDIOSK5 vs KnobenK5,hysets_01BV006,Knoben_K5,12783,0.34840337061999205,0.30602983870594225,0.04337314536077739,KGE
unified_1981_2015,AUDIOSK5 vs KnobenK5,hysets_01DR001,RF_Signature_K5,12783,-0.0703051432829751,0.2599533725660801,0.06907480635182367,KGE
unified_1981_2015,AUDIOSK5 vs KnobenK5,hysets_01DR001,Knoben_K5,12783,-0.1504042671692356,0.11361575885707131,0.0716128753958295,KGE
unified_1981_2015,AUDIOSK5 vs KnobenK5,hysets_01EC001,RF_Signature_K5,12783,0.03324186061244949,0.21090790424396444,0.08087620036266788,KGE
unified_1981_2015,AUDIOSK5 vs KnobenK5,hysets_01EC001,Knoben_K5,12783,0.29757960881822854,0.6208482505787947,0.06893826929960722,KGE
unified_1981_2015,AUDIOSK5 vs KnobenK5,hysets_01ED007,RF_Signature_K5,12783,-0.25753569006806254,0.04801324694998932,0.07115873469483555,KGE
unified_1981_2015,AUDIOSK5 vs KnobenK5,hysets_01ED007,Knoben_K5,12783,0.4471514109516169,0.6470497571897449,0.047181436571948454,KGE
unified_1981_2015,AUDIOSK5 vs KnobenK5,hysets_01EF001,RF_Signature_K5,12783,0.33589660794530707,0.3845921474632431,0.049140006674883656,KGE
unified_1981_2015,AUDIOSK5 vs KnobenK5,hysets_01EF001,Knoben_K5,12783,0.5504271891461003,0.7397766911965338,0.040431269783515286,KGE
unified_1981_2015,AUDIOSK5 vs KnobenK5,hysets_01EO001,RF_Signature_K5,12783,0.15492610633332327,0.20857847684002218,0.04945177010978573,KGE
unified_1981_2015,AUDIOSK5 vs KnobenK5,hysets_01EO001,Knoben_K5,12783,0.40957113991718175,0.46213540248076235,0.04133503290339245,KGE
unified_1981_2015,AUDIOSK5 vs KnobenK5,hysets_01FB001,RF_Signature_K5,12783,-0.0015671446664409228,0.1221245256374982,0.0460273730026078,KGE
unified_1981_2015,AUDIOSK5 vs KnobenK5,hysets_01FB001,Knoben_K5,12783,0.1901309609223708,0.13769801688622207,0.04138886832031845,KGE
unified_1981_2015,AUDIOSK5 vs KnobenK5,hysets_01FB003,RF_Signature_K5,12783,-0.15055804398046946,0.4917333356505429,0.14440830163126187,KGE
unified_1981_2015,AUDIOSK5 vs KnobenK5,hysets_01FB003,Knoben_K5,12783,-0.1670984796863617,0.4711124420623174,0.14544260531025374,KGE
unified_1981_2015,AUDIOSK5 vs KnobenK5,hysets_02011400,RF_Signature_K5,12783,0.8127570793941923,0.817091670408065,0.013535100249023335,KGE
unified_1981_2015,AUDIOSK5 vs KnobenK5,hysets_02011400,Knoben_K5,12783,0.778484446579757,0.6070318235424645,0.01472179906980637,KGE
unified_1981_2015,AUDIOSK5 vs KnobenK5,hysets_02011460,RF_Signature_K5,12783,-0.016293157882035558,0.23099796257261818,0.029240800053447168,KGE
unified_1981_2015,AUDIOSK5 vs KnobenK5,hysets_02011460,Knoben_K5,12783,0.010474808649646228,0.3876342662038794,0.028853146292442882,KGE
unified_1981_2015,AUDIOSK5 vs KnobenK5,hysets_02013000,RF_Signature_K5,12783,0.7683074078198529,0.7257073888344089,0.017168223546054028,KGE
unified_1981_2015,AUDIOSK5 vs KnobenK5,hysets_02013000,Knoben_K5,12783,0.7886933281264141,0.7564932741819983,0.016395546235974813,KGE
unified_1981_2015,AUDIOSK5 vs KnobenK5,hysets_02014000,RF_Signature_K5,12783,0.8813179488961338,0.8814798258590825,0.014302751523951714,KGE
unified_1981_2015,AUDIOSK5 vs KnobenK5,hysets_02014000,Knoben_K5,12783,0.6890570757575827,0.8168082922216929,0.023150875075651046,KGE
unified_1981_2015,AUDIOSK5 vs KnobenK5,hysets_02015700,RF_Signature_K5,12783,0.42144618017159463,0.5041913365450648,0.023658811571010144,KGE
unified_1981_2015,AUDIOSK5 vs KnobenK5,hysets_02015700,Knoben_K5,12783,0.724412030710939,0.618382757446457,0.016328683457986937,KGE
unified_1981_2015,AUDIOSK5 vs KnobenK5,hysets_02016000,RF_Signature_K5,12783,0.7182099840067527,0.7560029559001155,0.016335951826070737,KGE
unified_1981_2015,AUDIOSK5 vs KnobenK5,hysets_02016000,Knoben_K5,12783,0.6213539484525078,0.7383520492918467,0.0189364410140822,KGE
unified_1981_2015,AUDIOSK5 vs KnobenK5,hysets_02017500,RF_Signature_K5,12783,0.8505069847461252,0.8733202848305391,0.01860532802457125,KGE
unified_1981_2015,AUDIOSK5 vs KnobenK5,hysets_02017500,Knoben_K5,12783,0.9221525077879286,0.9288457189136103,0.013426078863814955,KGE
unified_1981_2015,AUDIOSK5 vs KnobenK5,hysets_02018000,RF_Signature_K5,12783,0.6979304985578992,0.7636087390778253,0.018745710896728777,KGE
unified_1981_2015,AUDIOSK5 vs KnobenK5,hysets_02018000,Knoben_K5,12783,0.8723242249695743,0.9273939824254113,0.01218716600754688,KGE
unified_1981_2015,AUDIOSK5 vs KnobenK5,hysets_02020500,RF_Signature_K5,12053,0.4261028309458105,0.40722726563380296,0.015733103379061267,KGE
unified_1981_2015,AUDIOSK5 vs KnobenK5,hysets_02020500,Knoben_K5,12053,0.6579835472836524,0.5685295250251303,0.012145652581932221,KGE
unified_1981_2015,AUDIOSK5 vs KnobenK5,hysets_02021500,RF_Signature_K5,12783,0.29331419719751317,0.40093888725041427,0.017681060528602435,KGE
unified_1981_2015,AUDIOSK5 vs KnobenK5,hysets_02021500,Knoben_K5,12783,0.7425088610063417,0.7166578254226654,0.010672748408464662,KGE
unified_1981_2015,AUDIOSK5 vs KnobenK5,hysets_02030000,RF_Signature_K5,12427,-0.13225465964751693,0.350881559092985,0.03609178151107509,KGE
unified_1981_2015,AUDIOSK5 vs KnobenK5,hysets_02030000,Knoben_K5,12427,-0.5342689880819615,0.19351022208304403,0.04201332123272785,KGE
unified_1981_2015,AUDIOSK5 vs KnobenK5,hysets_02041000,RF_Signature_K5,12783,0.16500192172161954,0.4245822247872225,0.03521607006183217,KGE
unified_1981_2015,AUDIOSK5 vs KnobenK5,hysets_02041000,Knoben_K5,12783,0.22156120330037077,0.31183146468409906,0.03400246385084332,KGE
unified_1981_2015,AUDIOSK5 vs KnobenK5,hysets_02046000,RF_Signature_K5,12783,0.3997190407422071,0.5735343287695651,0.020706786390319327,KGE
unified_1981_2015,AUDIOSK5 vs KnobenK5,hysets_02046000,Knoben_K5,12783,0.3367881653715856,0.43243651845184117,0.021765144414677584,KGE
unified_1981_2015,AUDIOSK5 vs KnobenK5,hysets_02212600,RF_Signature_K5,12783,0.2965876118833005,0.3530463349487014,0.02841795654534084,KGE
unified_1981_2015,AUDIOSK5 vs KnobenK5,hysets_02212600,Knoben_K5,12783,-0.1908333326692322,0.22764845504179088,0.03697543830264861,KGE
unified_1981_2015,AUDIOSK5 vs KnobenK5,hysets_02325000,RF_Signature_K5,12228,-3.6818857687605107,-0.3718267412201457,0.2463712021725245,KGE
unified_1981_2015,AUDIOSK5 vs KnobenK5,hysets_02325000,Knoben_K5,12228,-9.051635787268177,-1.2466924373001471,0.36099227463613437,KGE
unified_1981_2015,AUDIOSK5 vs KnobenK5,hysets_02326000,RF_Signature_K5,12783,-2.3778004514990174,-0.2544901894969773,0.21541315029959143,KGE
unified_1981_2015,AUDIOSK5 vs KnobenK5,hysets_02326000,Knoben_K5,12783,-8.436054827165378,-1.2108419252969616,0.3600397448087439,KGE
unified_1981_2015,AUDIOSK5 vs KnobenK5,hysets_02327100,RF_Signature_K5,12783,0.14109585052939122,0.24783558280340068,0.030315648994635618,KGE
unified_1981_2015,AUDIOSK5 vs KnobenK5,hysets_02327100,Knoben_K5,12783,0.20102129281972436,0.06119360181746869,0.02923897354384634,KGE
unified_1981_2015,AUDIOSK5 vs KnobenK5,hysets_02331600,RF_Signature_K5,12783,-0.4600850247770154,0.3086609285559436,0.055840472841768074,KGE
unified_1981_2015,AUDIOSK5 vs KnobenK5,hysets_02331600,Knoben_K5,12783,0.3307513068835364,0.5919333988016974,0.03780539496780274,KGE
unified_1981_2015,AUDIOSK5 vs KnobenK5,hysets_02373000,RF_Signature_K5,12783,-0.12172225653986968,0.14704523751537824,0.04748744447554876,KGE
unified_1981_2015,AUDIOSK5 vs KnobenK5,hysets_02373000,Knoben_K5,12783,0.4000720458614492,0.38210686971365515,0.0347284723364348,KGE
unified_1981_2015,AUDIOSK5 vs KnobenK5,hysets_02374500,RF_Signature_K5,12783,-0.4625076177393519,0.2022308508660704,0.042360304476377855,KGE
unified_1981_2015,AUDIOSK5 vs KnobenK5,hysets_02374500,Knoben_K5,12783,0.6356766929105819,0.6505785709539131,0.02114236092110652,KGE
unified_1981_2015,AUDIOSK5 vs KnobenK5,hysets_02380500,RF_Signature_K5,12783,-0.2294443217876938,0.3958019985290874,0.04832262396390718,KGE
unified_1981_2015,AUDIOSK5 vs KnobenK5,hysets_02380500,Knoben_K5,12783,0.1219855889206013,0.5787382004808794,0.040836348192005795,KGE
unified_1981_2015,AUDIOSK5 vs KnobenK5,hysets_02401390,RF_Signature_K5,12783,0.18424066976907616,0.2675427435970521,0.04456515230407586,KGE
unified_1981_2015,AUDIOSK5 vs KnobenK5,hysets_02401390,Knoben_K5,12783,-0.0766808945383608,-0.11923591999573002,0.051198575005812486,KGE
unified_1981_2015,AUDIOSK5 vs KnobenK5,hysets_02450250,RF_Signature_K5,12783,0.12206406299241335,0.3850116236568162,0.04635776297142515,KGE
unified_1981_2015,AUDIOSK5 vs KnobenK5,hysets_02450250,Knoben_K5,12783,0.4607369913033865,0.28555343041560155,0.03633217292014547,KGE
unified_1981_2015,AUDIOSK5 vs KnobenK5,hysets_02469800,RF_Signature_K5,12783,0.20144775586438812,0.3990396022462198,0.035755873532861665,KGE
unified_1981_2015,AUDIOSK5 vs KnobenK5,hysets_02469800,Knoben_K5,12783,0.5690078214539492,0.4379097353106517,0.026268206378458565,KGE
unified_1981_2015,AUDIOSK5 vs KnobenK5,hysets_02479155,RF_Signature_K5,12783,0.2920628368363808,0.3466597030467844,0.022005741244467063,KGE
unified_1981_2015,AUDIOSK5 vs KnobenK5,hysets_02479155,Knoben_K5,12783,0.46491935710553534,0.418303594711258,0.019131466713093306,KGE
unified_1981_2015,AUDIOSK5 vs KnobenK5,hysets_02479560,RF_Signature_K5,12783,-0.3983280487191878,0.10598638270081506,0.06937137708935955,KGE
unified_1981_2015,AUDIOSK5 vs KnobenK5,hysets_02479560,Knoben_K5,12783,0.6933142690573969,0.6676120241478465,0.03248796931387334,KGE
unified_1981_2015,AUDIOSK5 vs KnobenK5,hysets_02AB017,RF_Signature_K5,12765,-0.2730976818385027,-0.1492156546274057,0.06763370724430695,KGE
unified_1981_2015,AUDIOSK5 vs KnobenK5,hysets_02AB017,Knoben_K5,12765,0.33861253223842525,0.35109768675719744,0.048748393751648245,KGE
unified_1981_2015,AUDIOSK5 vs KnobenK5,hysets_02AC001,RF_Signature_K5,11997,-0.3795192631066888,-0.04003121000646881,0.06176423084061609,KGE
unified_1981_2015,AUDIOSK5 vs KnobenK5,hysets_02AC001,Knoben_K5,11997,0.11084972849991037,0.3579529599051897,0.049586189476523955,KGE
unified_1981_2015,AUDIOSK5 vs KnobenK5,hysets_02AD010,RF_Signature_K5,12672,0.07767913117805048,0.04956534219582631,0.06569279707343809,KGE
unified_1981_2015,AUDIOSK5 vs KnobenK5,hysets_02AD010,Knoben_K5,12672,-0.10282789437096618,0.23899508672627146,0.07183409211577814,KGE
unified_1981_2015,AUDIOSK5 vs KnobenK5,hysets_02BA003,RF_Signature_K5,12782,-0.03425070977309397,-0.044756802534893225,0.07633965597653296,KGE
unified_1981_2015,AUDIOSK5 vs KnobenK5,hysets_02BA003,Knoben_K5,12782,-2.646771075013522,-0.3139038088435744,0.14334796612800274,KGE
unified_1981_2015,AUDIOSK5 vs KnobenK5,hysets_02BF001,RF_Signature_K5,12783,0.47261034297497106,0.4145275824318174,0.05361517571842772,KGE
unified_1981_2015,AUDIOSK5 vs KnobenK5,hysets_02BF001,Knoben_K5,12783,0.4123249109882713,0.5238089110711972,0.05659662976088073,KGE
unified_1981_2015,AUDIOSK5 vs KnobenK5,hysets_02BF002,RF_Signature_K5,12783,0.48877549514629104,0.5281308499370373,0.05544146146782593,KGE
unified_1981_2015,AUDIOSK5 vs KnobenK5,hysets_02BF002,Knoben_K5,12783,0.35444992824480925,0.2351724242849783,0.062300826100476416,KGE
unified_1981_2015,AUDIOSK5 vs KnobenK5,hysets_02CB003,RF_Signature_K5,12783,0.46242499034419837,0.54217167132954,0.06520346644272838,KGE
unified_1981_2015,AUDIOSK5 vs KnobenK5,hysets_02CB003,Knoben_K5,12783,0.6667958852459439,0.5168923657949978,0.0513341443153332,KGE
unified_1981_2015,AUDIOSK5 vs KnobenK5,hysets_02CD006,RF_Signature_K5,12783,0.21142195703968736,0.6217369628909353,0.10192032723247077,KGE
unified_1981_2015,AUDIOSK5 vs KnobenK5,hysets_02CD006,Knoben_K5,12783,-0.43133976134307517,0.3047434832507607,0.13731242498615462,KGE
unified_1981_2015,AUDIOSK5 vs KnobenK5,hysets_02DD015,RF_Signature_K5,12783,-0.40526931716124004,0.2390307875641151,0.09113149824995763,KGE
unified_1981_2015,AUDIOSK5 vs KnobenK5,hysets_02DD015,Knoben_K5,12783,-0.17252425910923463,0.4384770711820457,0.08324336867688213,KGE
unified_1981_2015,AUDIOSK5 vs KnobenK5,hysets_02HL003,RF_Signature_K5,12783,-0.5280578457896012,0.1737863407265986,0.12109709603969876,KGE
unified_1981_2015,AUDIOSK5 vs KnobenK5,hysets_02HL003,Knoben_K5,12783,-0.2928482248158082,0.37489939627339974,0.11138779397639262,KGE
unified_1981_2015,AUDIOSK5 vs KnobenK5,hysets_02HL004,RF_Signature_K5,12783,-0.29722334045361576,0.2659820530334679,0.09447590806217002,KGE
unified_1981_2015,AUDIOSK5 vs KnobenK5,hysets_02HL004,Knoben_K5,12783,0.12915453819644318,0.5102091129214577,0.07740771438720281,KGE
unified_1981_2015,AUDIOSK5 vs KnobenK5,hysets_02JC008,RF_Signature_K5,12781,0.32706136345741166,0.4435150424484604,0.08748593232386406,KGE
unified_1981_2015,AUDIOSK5 vs KnobenK5,hysets_02JC008,Knoben_K5,12781,0.22005512253014303,0.5159748555174624,0.09418515297063726,KGE
unified_1981_2015,AUDIOSK5 vs KnobenK5,hysets_02YC001,RF_Signature_K5,12783,0.2488594363985367,0.40713818455076767,0.06692414704993373,KGE
unified_1981_2015,AUDIOSK5 vs KnobenK5,hysets_02YC001,Knoben_K5,12783,0.3563649145484048,0.3035347395995366,0.06195011144661633,KGE
unified_1981_2015,AUDIOSK5 vs KnobenK5,hysets_02YD002,RF_Signature_K5,12783,0.09225003937750398,0.21503126651351578,0.10086312463209522,KGE
unified_1981_2015,AUDIOSK5 vs KnobenK5,hysets_02YD002,Knoben_K5,12783,0.06864176883534445,0.21689845156332277,0.10216630275573156,KGE
unified_1981_2015,AUDIOSK5 vs KnobenK5,hysets_02YJ001,RF_Signature_K5,12783,-0.18453479422121322,0.03359923764042072,0.09075897314201171,KGE
unified_1981_2015,AUDIOSK5 vs KnobenK5,hysets_02YJ001,Knoben_K5,12783,0.37908827080790597,0.32969962245250906,0.06570986795387133,KGE
unified_1981_2015,AUDIOSK5 vs KnobenK5,hysets_02YK002,RF_Signature_K5,12663,0.46638945586429026,0.49974341669922295,0.07328946074491899,KGE
unified_1981_2015,AUDIOSK5 vs KnobenK5,hysets_02YK002,Knoben_K5,12663,0.10413617089278082,0.2754424506972307,0.09496210347125297,KGE
unified_1981_2015,AUDIOSK5 vs KnobenK5,hysets_02YK005,RF_Signature_K5,12783,0.24930464724290113,0.36366411435791657,0.08605902779576721,KGE
unified_1981_2015,AUDIOSK5 vs KnobenK5,hysets_02YK005,Knoben_K5,12783,0.5682062088367237,0.5844431162030828,0.06526837025327185,KGE
unified_1981_2015,AUDIOSK5 vs KnobenK5,hysets_02YN002,RF_Signature_K5,12783,-0.012773886314175753,0.0902866408226527,0.07615313391984505,KGE
unified_1981_2015,AUDIOSK5 vs KnobenK5,hysets_02YN002,Knoben_K5,12783,-0.381370670438957,-0.003750920801976143,0.08893785449102143,KGE
unified_1981_2015,AUDIOSK5 vs KnobenK5,hysets_02YO006,RF_Signature_K5,12783,-0.13451732993855003,0.39238228399080566,0.04954216404455379,KGE
unified_1981_2015,AUDIOSK5 vs KnobenK5,hysets_02YO006,Knoben_K5,12783,0.5496870352294594,0.5706609803763274,0.031212361718738386,KGE
unified_1981_2015,AUDIOSK5 vs KnobenK5,hysets_02YO008,RF_Signature_K5,11688,0.1422704835951627,0.29682986668765887,0.0766644235757292,KGE
unified_1981_2015,AUDIOSK5 vs KnobenK5,hysets_02YO008,Knoben_K5,11688,0.5096223930998055,0.5070684232143898,0.057967425416593645,KGE
unified_1981_2015,AUDIOSK5 vs KnobenK5,hysets_02YR001,RF_Signature_K5,12783,0.03972226926758371,0.3707146287334261,0.10123014092070708,KGE
unified_1981_2015,AUDIOSK5 vs KnobenK5,hysets_02YR001,Knoben_K5,12783,0.3154068932953763,0.6609982007552873,0.08547274929467073,KGE
unified_1981_2015,AUDIOSK5 vs KnobenK5,hysets_02YR003,RF_Signature_K5,12783,-0.10508882369950356,0.3385495501528344,0.110284864650089,KGE
unified_1981_2015,AUDIOSK5 vs KnobenK5,hysets_02YR003,Knoben_K5,12783,0.2989984118097322,0.6454984332450776,0.0878368640334147,KGE
unified_1981_2015,AUDIOSK5 vs KnobenK5,hysets_02ZB001,RF_Signature_K5,12783,0.028538626183204907,0.029421305104675333,0.04881729470066324,KGE
unified_1981_2015,AUDIOSK5 vs KnobenK5,hysets_02ZB001,Knoben_K5,12783,-0.07660819131331009,-0.26057853386437824,0.05139132082335012,KGE
unified_1981_2015,AUDIOSK5 vs KnobenK5,hysets_02ZC002,RF_Signature_K5,12418,0.06652209588218072,0.09926217726568554,0.058767288854686205,KGE
unified_1981_2015,AUDIOSK5 vs KnobenK5,hysets_02ZC002,Knoben_K5,12418,-0.20453778160797098,-0.3759899804927631,0.06675654440740192,KGE
unified_1981_2015,AUDIOSK5 vs KnobenK5,hysets_02ZF001,RF_Signature_K5,12783,0.2381170241142042,0.4631801607987175,0.05188228832494294,KGE
unified_1981_2015,AUDIOSK5 vs KnobenK5,hysets_02ZF001,Knoben_K5,12783,-0.8375387725069703,0.2626886437171382,0.08057368825894527,KGE
unified_1981_2015,AUDIOSK5 vs KnobenK5,hysets_02ZG001,RF_Signature_K5,12783,0.1282687884494237,0.3405059053164369,0.04661196439465018,KGE
unified_1981_2015,AUDIOSK5 vs KnobenK5,hysets_02ZG001,Knoben_K5,12783,-0.07926503338465785,0.03787065926786848,0.05186449595181446,KGE
unified_1981_2015,AUDIOSK5 vs KnobenK5,hysets_02ZG003,RF_Signature_K5,12783,-0.39183665066386797,-0.009608189252506394,0.0696265912278429,KGE
unified_1981_2015,AUDIOSK5 vs KnobenK5,hysets_02ZG003,Knoben_K5,12783,-0.3644564332789624,-0.363745093751741,0.06893834228520347,KGE
unified_1981_2015,AUDIOSK5 vs KnobenK5,hysets_02ZH001,RF_Signature_K5,12783,0.30635281595227815,0.3382542807865606,0.045525876169942296,KGE
unified_1981_2015,AUDIOSK5 vs KnobenK5,hysets_02ZH001,Knoben_K5,12783,-0.39129265178301065,-0.35696986117212504,0.06447602346882098,KGE
unified_1981_2015,AUDIOSK5 vs KnobenK5,hysets_02ZK001,RF_Signature_K5,12783,-0.13457271520572323,-0.10568564928546409,0.06122410670453569,KGE
unified_1981_2015,AUDIOSK5 vs KnobenK5,hysets_02ZK001,Knoben_K5,12783,0.006851428236487878,0.011938719135839104,0.05728137057515998,KGE
unified_1981_2015,AUDIOSK5 vs KnobenK5,hysets_02ZK004,RF_Signature_K5,12053,-0.14726359139887601,-0.11177625590951235,0.06179133218205009,KGE
unified_1981_2015,AUDIOSK5 vs KnobenK5,hysets_02ZK004,Knoben_K5,12053,0.08519314584595872,0.08530559097437374,0.05517732698724857,KGE
unified_1981_2015,AUDIOSK5 vs KnobenK5,hysets_03010655,RF_Signature_K5,12783,0.8334326138642779,0.8769336042539503,0.027685322340573446,KGE
unified_1981_2015,AUDIOSK5 vs KnobenK5,hysets_03010655,Knoben_K5,12783,0.8396201152152672,0.7811806608870179,0.027166240906737093,KGE
unified_1981_2015,AUDIOSK5 vs KnobenK5,hysets_03028000,RF_Signature_K5,12783,0.6797383667990111,0.7631716670500274,0.02435241902738939,KGE
unified_1981_2015,AUDIOSK5 vs KnobenK5,hysets_03028000,Knoben_K5,12783,0.31309955622219954,0.639864930321564,0.03566453364032853,KGE
unified_1981_2015,AUDIOSK5 vs KnobenK5,hysets_03065000,RF_Signature_K5,12053,0.6060743362027913,0.6176831113975294,0.022165286719370486,KGE
unified_1981_2015,AUDIOSK5 vs KnobenK5,hysets_03065000,Knoben_K5,12053,0.7768123195826706,0.7337740518033093,0.016684043943281702,KGE
unified_1981_2015,AUDIOSK5 vs KnobenK5,hysets_03070500,RF_Signature_K5,12783,0.5315617759759168,0.6606736447354391,0.039672025934634626,KGE
unified_1981_2015,AUDIOSK5 vs KnobenK5,hysets_03070500,Knoben_K5,12783,0.5254062173866881,0.7411394166164433,0.039931832298247205,KGE
unified_1981_2015,AUDIOSK5 vs KnobenK5,hysets_03072000,RF_Signature_K5,12783,0.07924246928543432,0.3154436059138278,0.057288040089366804,KGE
unified_1981_2015,AUDIOSK5 vs KnobenK5,hysets_03072000,Knoben_K5,12783,0.16588116534378783,0.49847620123819414,0.05452620709949594,KGE
unified_1981_2015,AUDIOSK5 vs KnobenK5,hysets_03110000,RF_Signature_K5,12783,-0.17052686576741638,0.3601659995916704,0.0373158873877692,KGE
unified_1981_2015,AUDIOSK5 vs KnobenK5,hysets_03110000,Knoben_K5,12783,0.011330241517574557,0.41369345384776246,0.03429483406258813,KGE
unified_1981_2015,AUDIOSK5 vs KnobenK5,hysets_03151400,RF_Signature_K5,12052,0.526721835084607,0.5823064391390997,0.027825168668646424,KGE
unified_1981_2015,AUDIOSK5 vs KnobenK5,hysets_03151400,Knoben_K5,12052,0.2368259211740369,0.08680022001884669,0.03533388384062255,KGE
unified_1981_2015,AUDIOSK5 vs KnobenK5,hysets_03159540,RF_Signature_K5,12782,0.3304870681782497,0.46976169473056295,0.03189260058339392,KGE
unified_1981_2015,AUDIOSK5 vs KnobenK5,hysets_03159540,Knoben_K5,12782,0.348595186159972,0.5088133029083886,0.031458349328645115,KGE
unified_1981_2015,AUDIOSK5 vs KnobenK5,hysets_03180500,RF_Signature_K5,12783,0.4969247383516533,0.5640561728027385,0.024114724059702865,KGE
unified_1981_2015,AUDIOSK5 vs KnobenK5,hysets_03180500,Knoben_K5,12783,0.8968185242445936,0.8506907242014528,0.010921107534730386,KGE
unified_1981_2015,AUDIOSK5 vs KnobenK5,hysets_03182500,RF_Signature_K5,12783,0.23731377987708802,0.49195492458395385,0.03156382916634146,KGE
unified_1981_2015,AUDIOSK5 vs KnobenK5,hysets_03182500,Knoben_K5,12783,0.8003556373246223,0.7429653462158163,0.01614898607556453,KGE
unified_1981_2015,AUDIOSK5 vs KnobenK5,hysets_03186500,RF_Signature_K5,12783,0.35894973335924507,0.477164104201554,0.04652091090270945,KGE
unified_1981_2015,AUDIOSK5 vs KnobenK5,hysets_03186500,Knoben_K5,12783,0.8012852059612143,0.5966445583931796,0.025901043885099725,KGE
unified_1981_2015,AUDIOSK5 vs KnobenK5,hysets_03187500,RF_Signature_K5,12265,0.35139987354533153,0.4435941257611239,0.03961197983677003,KGE
unified_1981_2015,AUDIOSK5 vs KnobenK5,hysets_03187500,Knoben_K5,12265,0.7943299961260712,0.6191982703237491,0.02230609322471974,KGE
unified_1981_2015,AUDIOSK5 vs KnobenK5,hysets_03189100,RF_Signature_K5,11661,0.428279017044338,0.5630656346687544,0.050227624471217654,KGE
unified_1981_2015,AUDIOSK5 vs KnobenK5,hysets_03189100,Knoben_K5,11661,0.9033180581370462,0.8904245310113331,0.020654907530869435,KGE
unified_1981_2015,AUDIOSK5 vs KnobenK5,hysets_03194700,RF_Signature_K5,12052,0.4624249551024485,0.5388924771454712,0.04521599491130572,KGE
unified_1981_2015,AUDIOSK5 vs KnobenK5,hysets_03194700,Knoben_K5,12052,0.8095665669079901,0.678226249006366,0.026911886331787784,KGE
unified_1981_2015,AUDIOSK5 vs KnobenK5,hysets_03202400,RF_Signature_K5,12783,0.14107046478660823,0.4168530922489959,0.03219958486925665,KGE
unified_1981_2015,AUDIOSK5 vs KnobenK5,hysets_03202400,Knoben_K5,12783,0.5500702295265554,0.7476859502318494,0.02330471892359907,KGE
unified_1981_2015,AUDIOSK5 vs KnobenK5,hysets_03202750,RF_Signature_K5,12783,0.14991516962970186,0.5309430074910262,0.05382647462564391,KGE
unified_1981_2015,AUDIOSK5 vs KnobenK5,hysets_03202750,Knoben_K5,12783,0.6767567204800623,0.6284862703989385,0.03319170451239128,KGE
unified_1981_2015,AUDIOSK5 vs KnobenK5,hysets_03207800,RF_Signature_K5,12783,0.41214252405414964,0.6462799471719853,0.02674153941978836,KGE
unified_1981_2015,AUDIOSK5 vs KnobenK5,hysets_03207800,Knoben_K5,12783,0.5949077346880256,0.5762232902280686,0.02219869055165517,KGE
unified_1981_2015,AUDIOSK5 vs KnobenK5,hysets_03208500,RF_Signature_K5,12783,0.16012819940633216,0.4261792708019335,0.035244019439158426,KGE
unified_1981_2015,AUDIOSK5 vs KnobenK5,hysets_03208500,Knoben_K5,12783,0.4983429381732991,0.5164368947809683,0.02723845043112066,KGE
unified_1981_2015,AUDIOSK5 vs KnobenK5,hysets_03210000,RF_Signature_K5,12418,0.06345059584743495,0.3547628534791778,0.030521881300653135,KGE
unified_1981_2015,AUDIOSK5 vs KnobenK5,hysets_03210000,Knoben_K5,12418,-0.065857937392519,0.06143167362949542,0.0325608411045661,KGE
unified_1981_2015,AUDIOSK5 vs KnobenK5,hysets_03217000,RF_Signature_K5,12783,0.3141435722193421,0.4399201297899349,0.022886469387434622,KGE
unified_1981_2015,AUDIOSK5 vs KnobenK5,hysets_03217000,Knoben_K5,12783,-0.04930734879920551,0.06454267393896718,0.028308284487614053,KGE
unified_1981_2015,AUDIOSK5 vs KnobenK5,hysets_03280700,RF_Signature_K5,12783,0.24401353454021624,0.4208586789779428,0.035499086272891826,KGE
unified_1981_2015,AUDIOSK5 vs KnobenK5,hysets_03280700,Knoben_K5,12783,0.46845199513963975,0.2703314671612499,0.029766749364384327,KGE
unified_1981_2015,AUDIOSK5 vs KnobenK5,hysets_03460000,RF_Signature_K5,12783,-0.20418988147067707,0.3465726603281608,0.05550382797497667,KGE
unified_1981_2015,AUDIOSK5 vs KnobenK5,hysets_03460000,Knoben_K5,12783,-0.21025487913701335,-0.007405732327768977,0.055643427131942994,KGE
unified_1981_2015,AUDIOSK5 vs KnobenK5,hysets_03497300,RF_Signature_K5,12783,-0.10054480461462356,0.18167772828472661,0.04049906053206131,KGE
unified_1981_2015,AUDIOSK5 vs KnobenK5,hysets_03497300,Knoben_K5,12783,0.45788846139035333,0.3873322471634,0.028424014137129035,KGE
unified_1981_2015,AUDIOSK5 vs KnobenK5,hysets_03512000,RF_Signature_K5,12783,0.008481419022630998,0.4629875306223792,0.060049264986442016,KGE
unified_1981_2015,AUDIOSK5 vs KnobenK5,hysets_03512000,Knoben_K5,12783,0.5548053580737606,0.5232832597211583,0.040237615072762536,KGE
unified_1981_2015,AUDIOSK5 vs KnobenK5,hysets_03574500,RF_Signature_K5,12783,0.049198069111011655,0.13762151278562818,0.02797215011683668,KGE
unified_1981_2015,AUDIOSK5 vs KnobenK5,hysets_03574500,Knoben_K5,12783,0.3334133520961008,0.3055824724895081,0.023421199203991196,KGE
unified_1981_2015,AUDIOSK5 vs KnobenK5,hysets_04015330,RF_Signature_K5,12783,-0.06600188245406846,-0.25888033923284404,0.02021687061386061,KGE
unified_1981_2015,AUDIOSK5 vs KnobenK5,hysets_04015330,Knoben_K5,12783,-0.2836982915941948,-0.05766319707839718,0.022185357297196222,KGE
unified_1981_2015,AUDIOSK5 vs KnobenK5,hysets_04024430,RF_Signature_K5,12783,-0.7944476196837988,0.017035940968149754,0.052714976326655415,KGE
unified_1981_2015,AUDIOSK5 vs KnobenK5,hysets_04024430,Knoben_K5,12783,-1.5737206672622608,-0.3860231278221895,0.06313196803673898,KGE
unified_1981_2015,AUDIOSK5 vs KnobenK5,hysets_04025500,RF_Signature_K5,11961,-3.0659892309856556,-0.20538108285445733,0.09290247006309885,KGE
unified_1981_2015,AUDIOSK5 vs KnobenK5,hysets_04025500,Knoben_K5,11961,-2.8160007094759365,-0.16834680833459448,0.09000121500573723,KGE
unified_1981_2015,AUDIOSK5 vs KnobenK5,hysets_04057510,RF_Signature_K5,12783,-0.753202861322577,-0.21399122701484918,0.11285104695995352,KGE
unified_1981_2015,AUDIOSK5 vs KnobenK5,hysets_04057510,Knoben_K5,12783,-0.45370596203103863,0.3434511222214083,0.10276087484873994,KGE
unified_1981_2015,AUDIOSK5 vs KnobenK5,hysets_04063700,RF_Signature_K5,12783,-0.14122089321198317,0.21145128315077344,0.08015481836253084,KGE
unified_1981_2015,AUDIOSK5 vs KnobenK5,hysets_04063700,Knoben_K5,12783,0.7489195020638744,0.681983670396739,0.03759683339886473,KGE
unified_1981_2015,AUDIOSK5 vs KnobenK5,hysets_04256000,RF_Signature_K5,12783,0.2412254377049683,0.5250085932349597,0.04095923852411607,KGE
unified_1981_2015,AUDIOSK5 vs KnobenK5,hysets_04256000,Knoben_K5,12783,0.6232745584112236,0.7738410987508964,0.028860773596389055,KGE
unified_1981_2015,AUDIOSK5 vs KnobenK5,hysets_04262500,RF_Signature_K5,12783,0.0020818903588412097,0.5512513592877224,0.07557196311678911,KGE
unified_1981_2015,AUDIOSK5 vs KnobenK5,hysets_04262500,Knoben_K5,12783,-0.3737443949472641,0.418041938526603,0.08866785831957008,KGE
unified_1981_2015,AUDIOSK5 vs KnobenK5,hysets_04269000,RF_Signature_K5,12417,0.07059715747948969,0.47219774506194434,0.07747532166765728,KGE
unified_1981_2015,AUDIOSK5 vs KnobenK5,hysets_04269000,Knoben_K5,12417,0.021382729796831756,0.47170072277072905,0.07950012796580964,KGE
unified_1981_2015,AUDIOSK5 vs KnobenK5,hysets_04296000,RF_Signature_K5,12783,-0.08124138786680812,0.5057068240540592,0.08821876121239797,KGE
unified_1981_2015,AUDIOSK5 vs KnobenK5,hysets_04296000,Knoben_K5,12783,0.7477503378950873,0.7591207272379125,0.04261033228582995,KGE
unified_1981_2015,AUDIOSK5 vs KnobenK5,hysets_05AA008,RF_Signature_K5,12783,0.2785552469479825,0.24564396777613984,0.05282872771504234,KGE
unified_1981_2015,AUDIOSK5 vs KnobenK5,hysets_05AA008,Knoben_K5,12783,0.25675215167653,0.17497301779602603,0.05362106583927849,KGE
unified_1981_2015,AUDIOSK5 vs KnobenK5,hysets_05DC006,RF_Signature_K5,12783,-0.20409943792700624,0.04163650643270311,0.03198425601651891,KGE
unified_1981_2015,AUDIOSK5 vs KnobenK5,hysets_05DC006,Knoben_K5,12783,-3.6941878798188164,-1.0469806801747108,0.0631517384150146,KGE
unified_1981_2015,AUDIOSK5 vs KnobenK5,hysets_05QE008,RF_Signature_K5,12783,-0.9248476782005961,0.2277760058402296,0.23359047490571738,KGE
unified_1981_2015,AUDIOSK5 vs KnobenK5,hysets_05QE008,Knoben_K5,12783,-1.7387578804995916,0.03213284263443417,0.2786337795142756,KGE
unified_1981_2015,AUDIOSK5 vs KnobenK5,hysets_05QE009,RF_Signature_K5,12667,-0.0938722585247409,0.3568481819575746,0.1053704146430871,KGE
unified_1981_2015,AUDIOSK5 vs KnobenK5,hysets_05QE009,Knoben_K5,12667,0.41384606975773863,0.670945698402308,0.0771331780364869,KGE
unified_1981_2015,AUDIOSK5 vs KnobenK5,hysets_05QE012,RF_Signature_K5,12783,-0.5883059587454005,0.0483863553529027,0.2053133421568068,KGE
unified_1981_2015,AUDIOSK5 vs KnobenK5,hysets_05QE012,Knoben_K5,12783,-0.9857372047136226,0.09210796355089046,0.22956780218534317,KGE
unified_1981_2015,AUDIOSK5 vs KnobenK5,hysets_05TG002,RF_Signature_K5,12000,-0.3159247877653695,0.2653093425667924,0.11555720575072208,KGE
unified_1981_2015,AUDIOSK5 vs KnobenK5,hysets_05TG002,Knoben_K5,12000,-2.889861260527712,-0.9350508056425488,0.19867743924892303,KGE
unified_1981_2015,AUDIOSK5 vs KnobenK5,hysets_05UF004,RF_Signature_K5,12584,0.051180091920745685,-0.0508661269073265,0.09229552323611159,KGE
unified_1981_2015,AUDIOSK5 vs KnobenK5,hysets_05UF004,Knoben_K5,12584,0.0723697040409017,0.1762828036916606,0.09125910474676377,KGE
unified_1981_2015,AUDIOSK5 vs KnobenK5,hysets_06019500,RF_Signature_K5,12663,-0.9933564844755629,-0.18093964332539336,0.08767451810196383,KGE
unified_1981_2015,AUDIOSK5 vs KnobenK5,hysets_06019500,Knoben_K5,12663,-19.77796096119915,-3.120950479773783,0.28306251682018596,KGE
unified_1981_2015,AUDIOSK5 vs KnobenK5,hysets_06191000,RF_Signature_K5,11597,0.546327928306703,0.7315449750871337,0.08563564827141712,KGE
unified_1981_2015,AUDIOSK5 vs KnobenK5,hysets_06191000,Knoben_K5,11597,0.7889396752069826,0.7183503316941877,0.058409954570106455,KGE
unified_1981_2015,AUDIOSK5 vs KnobenK5,hysets_06200000,RF_Signature_K5,12782,-0.28819826717158215,-0.11785519105775677,0.11324879387617891,KGE
unified_1981_2015,AUDIOSK5 vs KnobenK5,hysets_06200000,Knoben_K5,12782,0.673442550522177,0.5686140938497823,0.05701931922080426,KGE
unified_1981_2015,AUDIOSK5 vs KnobenK5,hysets_06224000,RF_Signature_K5,12783,0.5968241669185044,0.588600664782337,0.06786798458125137,KGE
unified_1981_2015,AUDIOSK5 vs KnobenK5,hysets_06224000,Knoben_K5,12783,0.5771461679105635,0.7023763686840043,0.06950448693946255,KGE
unified_1981_2015,AUDIOSK5 vs KnobenK5,hysets_06289000,RF_Signature_K5,12783,0.4778218900354403,0.442422502641751,0.06784675827955697,KGE
unified_1981_2015,AUDIOSK5 vs KnobenK5,hysets_06289000,Knoben_K5,12783,0.3661706665261857,0.684752412847849,0.0747490948508329,KGE
unified_1981_2015,AUDIOSK5 vs KnobenK5,hysets_06309200,RF_Signature_K5,12783,0.16933480172492943,0.12041293226756411,0.058783820304954056,KGE
unified_1981_2015,AUDIOSK5 vs KnobenK5,hysets_06309200,Knoben_K5,12783,0.23852372392435917,0.18432335197734495,0.056282449188958604,KGE
unified_1981_2015,AUDIOSK5 vs KnobenK5,hysets_06332515,RF_Signature_K5,12783,-3.7560624982344253,-1.7069800801048167,0.08640634855172971,KGE
unified_1981_2015,AUDIOSK5 vs KnobenK5,hysets_06332515,Knoben_K5,12783,-0.25683705609144525,-2.539072288434664,0.04441824186544452,KGE
unified_1981_2015,AUDIOSK5 vs KnobenK5,hysets_06400875,RF_Signature_K5,11902,-0.6794291349657817,-0.26329576414178435,0.023247989210532394,KGE
unified_1981_2015,AUDIOSK5 vs KnobenK5,hysets_06400875,Knoben_K5,11902,-19.861081724653825,-25.451504232247945,0.08193566183403796,KGE
unified_1981_2015,AUDIOSK5 vs KnobenK5,hysets_06404000,RF_Signature_K5,12783,-0.5331964360279324,0.07846215546501878,0.033975608217458556,KGE
unified_1981_2015,AUDIOSK5 vs KnobenK5,hysets_06404000,Knoben_K5,12783,-1.799265748883239,-0.12025593302603266,0.045908214762755556,KGE
unified_1981_2015,AUDIOSK5 vs KnobenK5,hysets_06406000,RF_Signature_K5,12783,-12.396672191962185,-2.7304198821597137,0.13572531719499972,KGE
unified_1981_2015,AUDIOSK5 vs KnobenK5,hysets_06406000,Knoben_K5,12783,-35.15113539062962,-6.538896073364903,0.22295815957951423,KGE
unified_1981_2015,AUDIOSK5 vs KnobenK5,hysets_06409000,RF_Signature_K5,12783,-8.694518400647341,-1.0907299243898203,0.18865427212418331,KGE
unified_1981_2015,AUDIOSK5 vs KnobenK5,hysets_06409000,Knoben_K5,12783,-2.547840944110223,-0.17509703014995281,0.1141262626453028,KGE
unified_1981_2015,AUDIOSK5 vs KnobenK5,hysets_06422500,RF_Signature_K5,12783,-2.5548542530038283,-0.5252317853594,0.08051166370631892,KGE
unified_1981_2015,AUDIOSK5 vs KnobenK5,hysets_06422500,Knoben_K5,12783,-0.15658636962369754,0.11370255009253705,0.04592370686937851,KGE
unified_1981_2015,AUDIOSK5 vs KnobenK5,hysets_06623800,RF_Signature_K5,12783,0.4280638274791305,0.3020572656613294,0.08894690196614097,KGE
unified_1981_2015,AUDIOSK5 vs KnobenK5,hysets_06623800,Knoben_K5,12783,0.6239782478909455,0.3639481859542326,0.07212129697761391,KGE
unified_1981_2015,AUDIOSK5 vs KnobenK5,hysets_06712000,RF_Signature_K5,12783,-13.525549482510279,-2.594904110577592,0.1163061673525865,KGE
unified_1981_2015,AUDIOSK5 vs KnobenK5,hysets_06712000,Knoben_K5,12783,-19.271446704323996,-4.691528152671061,0.1373975002706159,KGE
unified_1981_2015,AUDIOSK5 vs KnobenK5,hysets_06719505,RF_Signature_K5,12782,-3.021180558924102,-1.0624202690988298,0.23551604927966563,KGE
unified_1981_2015,AUDIOSK5 vs KnobenK5,hysets_06719505,Knoben_K5,12782,-2.6956099813739156,-0.9657694070710587,0.22578068490649256,KGE
unified_1981_2015,AUDIOSK5 vs KnobenK5,hysets_06876700,RF_Signature_K5,12783,-3.850878675690738,-0.8124770634587775,0.07383932369317235,KGE
unified_1981_2015,AUDIOSK5 vs KnobenK5,hysets_06876700,Knoben_K5,12783,-1.161938489054466,-1.260075478412626,0.0492945799877378,KGE
unified_1981_2015,AUDIOSK5 vs KnobenK5,hysets_06FD002,RF_Signature_K5,11818,-0.06462065129769279,-0.16522160863417312,0.08897741076676675,KGE
unified_1981_2015,AUDIOSK5 vs KnobenK5,hysets_06FD002,Knoben_K5,11818,-2.319487968284446,-0.9440453912807134,0.15711507966564478,KGE
unified_1981_2015,AUDIOSK5 vs KnobenK5,hysets_07060710,RF_Signature_K5,12783,-0.1942392176116745,-0.18836380673797826,0.020610250753686204,KGE
unified_1981_2015,AUDIOSK5 vs KnobenK5,hysets_07060710,Knoben_K5,12783,-0.18155488793907715,-0.09587058989797526,0.020500505112141153,KGE
unified_1981_2015,AUDIOSK5 vs KnobenK5,hysets_07124200,RF_Signature_K5,12783,-0.839166349523409,-0.10024469796979751,0.040241767147168594,KGE
unified_1981_2015,AUDIOSK5 vs KnobenK5,hysets_07124200,Knoben_K5,12783,0.06538201312735092,0.4411113443109823,0.02868689904586213,KGE
unified_1981_2015,AUDIOSK5 vs KnobenK5,hysets_07203000,RF_Signature_K5,12783,-20.671692663350754,-6.5838317365886185,0.0895465425293852,KGE
unified_1981_2015,AUDIOSK5 vs KnobenK5,hysets_07203000,Knoben_K5,12783,-32.996885145487774,-7.519354785876931,0.11215585990439295,KGE
unified_1981_2015,AUDIOSK5 vs KnobenK5,hysets_07207500,RF_Signature_K5,12783,-11.336039639885128,-5.433205239660139,0.1465258792036677,KGE
unified_1981_2015,AUDIOSK5 vs KnobenK5,hysets_07207500,Knoben_K5,12783,-8.39745939810341,-4.598647575518896,0.12788855691735718,KGE
unified_1981_2015,AUDIOSK5 vs KnobenK5,hysets_07208500,RF_Signature_K5,12783,-1.6084912211494684,-0.2682880712094129,0.04911494730554355,KGE
unified_1981_2015,AUDIOSK5 vs KnobenK5,hysets_07208500,Knoben_K5,12783,0.35313207478411845,0.38744210464388096,0.024458330056959875,KGE
unified_1981_2015,AUDIOSK5 vs KnobenK5,hysets_07291000,RF_Signature_K5,12053,-0.00939480117636915,0.043333420743770446,0.0312492358366435,KGE
unified_1981_2015,AUDIOSK5 vs KnobenK5,hysets_07291000,Knoben_K5,12053,0.28368942487537896,0.2373924697967893,0.026324464855591225,KGE
unified_1981_2015,AUDIOSK5 vs KnobenK5,hysets_07299670,RF_Signature_K5,12783,-0.9720791226233834,-0.21155212101654675,0.028878696827014334,KGE
unified_1981_2015,AUDIOSK5 vs KnobenK5,hysets_07299670,Knoben_K5,12783,-3.323951841636215,-5.176407258611729,0.0427617871939202,KGE
unified_1981_2015,AUDIOSK5 vs KnobenK5,hysets_07315200,RF_Signature_K5,12783,0.21480449338964125,0.26570456393367614,0.016034889790551416,KGE
unified_1981_2015,AUDIOSK5 vs KnobenK5,hysets_07315200,Knoben_K5,12783,-0.8260947694436782,-5.479057592740081,0.024453370766802623,KGE
unified_1981_2015,AUDIOSK5 vs KnobenK5,hysets_07335700,RF_Signature_K5,12783,-0.13385289828387892,-0.046556402986679846,0.03197353940569226,KGE
unified_1981_2015,AUDIOSK5 vs KnobenK5,hysets_07335700,Knoben_K5,12783,0.2587573264077423,0.06487834853407437,0.02585190576167628,KGE
unified_1981_2015,AUDIOSK5 vs KnobenK5,hysets_07337900,RF_Signature_K5,12783,-0.08810923524409997,-0.06738786898434501,0.04432095579699802,KGE
unified_1981_2015,AUDIOSK5 vs KnobenK5,hysets_07337900,Knoben_K5,12783,0.4219095198678695,0.33595495307939305,0.0323050768222178,KGE
unified_1981_2015,AUDIOSK5 vs KnobenK5,hysets_07340300,RF_Signature_K5,12783,-0.07159516638460994,-0.10551735988763089,0.04971552056372681,KGE
unified_1981_2015,AUDIOSK5 vs KnobenK5,hysets_07340300,Knoben_K5,12783,0.33669570595245313,0.16454376524627368,0.03911407125791659,KGE
unified_1981_2015,AUDIOSK5 vs KnobenK5,hysets_07352000,RF_Signature_K5,12783,0.021684163425657266,0.3192958575752859,0.04390568963254169,KGE
unified_1981_2015,AUDIOSK5 vs KnobenK5,hysets_07352000,Knoben_K5,12783,-0.670228106318828,0.22827620184822517,0.05736792675510437,KGE
unified_1981_2015,AUDIOSK5 vs KnobenK5,hysets_07361500,RF_Signature_K5,12783,-0.11278178721431131,0.0927906331976186,0.0467721592594449,KGE
unified_1981_2015,AUDIOSK5 vs KnobenK5,hysets_07361500,Knoben_K5,12783,0.2907088193371855,0.38250001120458155,0.0373417524218055,KGE
unified_1981_2015,AUDIOSK5 vs KnobenK5,hysets_07362100,RF_Signature_K5,12783,0.12073749788402233,0.237219730194844,0.03150512391465652,KGE
unified_1981_2015,AUDIOSK5 vs KnobenK5,hysets_07362100,Knoben_K5,12783,0.2587315476985297,0.372958566405157,0.02892741823303333,KGE
unified_1981_2015,AUDIOSK5 vs KnobenK5,hysets_07373000,RF_Signature_K5,12783,-0.13087568363852697,0.001245079204254318,0.025569517150526366,KGE
unified_1981_2015,AUDIOSK5 vs KnobenK5,hysets_07373000,Knoben_K5,12783,0.2885965718825083,0.3191365050250654,0.02028023909650824,KGE
unified_1981_2015,AUDIOSK5 vs KnobenK5,hysets_07376000,RF_Signature_K5,12418,0.4609534499284704,0.48430840501644434,0.02904204367963399,KGE
unified_1981_2015,AUDIOSK5 vs KnobenK5,hysets_07376000,Knoben_K5,12418,0.5121134239732901,0.5942552088135489,0.02762952847169464,KGE
unified_1981_2015,AUDIOSK5 vs KnobenK5,hysets_07BJ001,RF_Signature_K5,12783,0.04788659736766343,0.1198705534186637,0.044040407470468765,KGE
unified_1981_2015,AUDIOSK5 vs KnobenK5,hysets_07BJ001,Knoben_K5,12783,0.23633620613198003,0.22984519898651323,0.03944192378295167,KGE
unified_1981_2015,AUDIOSK5 vs KnobenK5,hysets_07MA003,RF_Signature_K5,12728,-3.1363380679518764,-0.25226841826879354,0.23610439053005727,KGE
unified_1981_2015,AUDIOSK5 vs KnobenK5,hysets_07MA003,Knoben_K5,12728,-21.023319221253082,-2.3370059305551494,0.5448004236145065,KGE
unified_1981_2015,AUDIOSK5 vs KnobenK5,hysets_08013000,RF_Signature_K5,12768,0.1751323692331298,0.1666124216634285,0.03678928289881452,KGE
unified_1981_2015,AUDIOSK5 vs KnobenK5,hysets_08013000,Knoben_K5,12768,0.5183188540513047,0.5338072135253886,0.028113118005457002,KGE
unified_1981_2015,AUDIOSK5 vs KnobenK5,hysets_08013500,RF_Signature_K5,12417,0.2346116414992928,0.2802007190900241,0.040298643663928026,KGE
unified_1981_2015,AUDIOSK5 vs KnobenK5,hysets_08013500,Knoben_K5,12417,0.488055354992347,0.4816560232769759,0.03295801183891462,KGE
unified_1981_2015,AUDIOSK5 vs KnobenK5,hysets_08014500,RF_Signature_K5,12783,0.257574604422817,0.25891073472596837,0.030561525667824337,KGE
unified_1981_2015,AUDIOSK5 vs KnobenK5,hysets_08014500,Knoben_K5,12783,0.1505308068030542,0.3237534077923123,0.03269056586121065,KGE
unified_1981_2015,AUDIOSK5 vs KnobenK5,hysets_08025500,RF_Signature_K5,12052,0.19989302063222392,0.3156725867541337,0.029181767759151614,KGE
unified_1981_2015,AUDIOSK5 vs KnobenK5,hysets_08025500,Knoben_K5,12052,0.048651281499454746,0.42537055189479844,0.03182053199662329,KGE
unified_1981_2015,AUDIOSK5 vs KnobenK5,hysets_08029500,RF_Signature_K5,12783,-0.22905905199280774,0.026409248253184248,0.017958535399453062,KGE
unified_1981_2015,AUDIOSK5 vs KnobenK5,hysets_08029500,Knoben_K5,12783,0.3152068041727578,0.636464026845314,0.013404920987441197,KGE
unified_1981_2015,AUDIOSK5 vs KnobenK5,hysets_08065800,RF_Signature_K5,12783,-0.015191799238833958,0.15594082927903163,0.033117536498822576,KGE
unified_1981_2015,AUDIOSK5 vs KnobenK5,hysets_08065800,Knoben_K5,12783,0.09166305976737343,0.11852362702357555,0.03132618161251023,KGE
unified_1981_2015,AUDIOSK5 vs KnobenK5,hysets_08066200,RF_Signature_K5,12783,-0.01987712841755629,0.07257885142183995,0.020010041106059345,KGE
unified_1981_2015,AUDIOSK5 vs KnobenK5,hysets_08066200,Knoben_K5,12783,0.327249301110179,0.23109113305022466,0.01625178743549323,KGE
unified_1981_2015,AUDIOSK5 vs KnobenK5,hysets_08068720,RF_Signature_K5,12596,-0.1777546259686673,0.3227952749270673,0.08987920792305892,KGE
unified_1981_2015,AUDIOSK5 vs KnobenK5,hysets_08068720,Knoben_K5,12596,-0.0900557448131114,-0.3452165329073942,0.08646815275997016,KGE
unified_1981_2015,AUDIOSK5 vs KnobenK5,hysets_08070000,RF_Signature_K5,12695,-0.07324324813036309,0.2617227134910063,0.020464309690435584,KGE
unified_1981_2015,AUDIOSK5 vs KnobenK5,hysets_08070000,Knoben_K5,12695,0.2513680443051507,0.33971568792445606,0.017091579426890678,KGE
unified_1981_2015,AUDIOSK5 vs KnobenK5,hysets_08082700,RF_Signature_K5,12783,-0.13821240627115872,-0.18959593644386685,0.014526299874312544,KGE
unified_1981_2015,AUDIOSK5 vs KnobenK5,hysets_08082700,Knoben_K5,12783,-0.8928057273150569,-6.63607351082218,0.01873252705366435,KGE
unified_1981_2015,AUDIOSK5 vs KnobenK5,hysets_08084800,RF_Signature_K5,12783,-0.428135520413913,-0.09431645080467055,0.03709735478218937,KGE
unified_1981_2015,AUDIOSK5 vs KnobenK5,hysets_08084800,Knoben_K5,12783,-5.476676351029795,-7.127650575609103,0.07900131686950565,KGE
unified_1981_2015,AUDIOSK5 vs KnobenK5,hysets_08086212,RF_Signature_K5,12783,0.31014561611144953,0.1945945035036909,0.015778939511436774,KGE
unified_1981_2015,AUDIOSK5 vs KnobenK5,hysets_08086212,Knoben_K5,12783,0.09074992059827969,0.3049909292860965,0.018115101463708448,KGE
unified_1981_2015,AUDIOSK5 vs KnobenK5,hysets_08150800,RF_Signature_K5,12783,0.06630568542791959,-0.33694792627293824,0.014669486678394069,KGE
unified_1981_2015,AUDIOSK5 vs KnobenK5,hysets_08150800,Knoben_K5,12783,-4.804867174722871,-6.070840644481262,0.03657705230147809,KGE
unified_1981_2015,AUDIOSK5 vs KnobenK5,hysets_08164300,RF_Signature_K5,12783,0.5100925989466556,0.3374196214656482,0.01938746235283506,KGE
unified_1981_2015,AUDIOSK5 vs KnobenK5,hysets_08164300,Knoben_K5,12783,0.44060523513504746,-0.11159052896199362,0.020716823504946035,KGE
unified_1981_2015,AUDIOSK5 vs KnobenK5,hysets_08165300,RF_Signature_K5,12783,-0.02431388095604814,-0.40585401640262364,0.01571778862557792,KGE
unified_1981_2015,AUDIOSK5 vs KnobenK5,hysets_08165300,Knoben_K5,12783,-2.376709724508034,-4.86728113241372,0.02853788471986807,KGE
unified_1981_2015,AUDIOSK5 vs KnobenK5,hysets_08165500,RF_Signature_K5,12761,0.02819024615607757,0.16757966194832818,0.016198268857535943,KGE
unified_1981_2015,AUDIOSK5 vs KnobenK5,hysets_08165500,Knoben_K5,12761,-0.8965855374970635,-1.1963698769610516,0.022628939091994586,KGE
unified_1981_2015,AUDIOSK5 vs KnobenK5,hysets_08171000,RF_Signature_K5,12783,0.10461717256297842,-0.07521481514329964,0.01210868761367207,KGE
unified_1981_2015,AUDIOSK5 vs KnobenK5,hysets_08171000,Knoben_K5,12783,-0.37388422762406526,-0.4167595881861992,0.014999188520717936,KGE
unified_1981_2015,AUDIOSK5 vs KnobenK5,hysets_08175000,RF_Signature_K5,12783,0.35581812553539327,0.38362676038992505,0.012434006453655918,KGE
unified_1981_2015,AUDIOSK5 vs KnobenK5,hysets_08175000,Knoben_K5,12783,0.3996123492614183,0.4491650970277947,0.012003909524772748,KGE
unified_1981_2015,AUDIOSK5 vs KnobenK5,hysets_08178880,RF_Signature_K5,12145,0.5447339656911006,0.35740694420641594,0.007362733998358164,KGE
unified_1981_2015,AUDIOSK5 vs KnobenK5,hysets_08178880,Knoben_K5,12145,0.14182249827265814,-0.9099675070682618,0.010108693940543366,KGE
unified_1981_2015,AUDIOSK5 vs KnobenK5,hysets_08194200,RF_Signature_K5,12783,0.1830978081664062,0.22770478594379595,0.020410220015184125,KGE
unified_1981_2015,AUDIOSK5 vs KnobenK5,hysets_08194200,Knoben_K5,12783,-16.354537949108007,-17.745911346789935,0.09407390747099387,KGE
unified_1981_2015,AUDIOSK5 vs KnobenK5,hysets_08195000,RF_Signature_K5,12783,0.26375002234246503,0.45746572304726485,0.018383221315193817,KGE
unified_1981_2015,AUDIOSK5 vs KnobenK5,hysets_08195000,Knoben_K5,12783,-0.48235936635516197,-0.12560208970542308,0.02608469237376221,KGE
unified_1981_2015,AUDIOSK5 vs KnobenK5,hysets_08198000,RF_Signature_K5,12782,-0.11153513340792554,-0.043676198502465846,0.019181157557386024,KGE
unified_1981_2015,AUDIOSK5 vs KnobenK5,hysets_08198000,Knoben_K5,12782,-1.2743427966026353,-1.7330632033259312,0.027437287708021715,KGE
unified_1981_2015,AUDIOSK5 vs KnobenK5,hysets_08198500,RF_Signature_K5,12783,-0.1274060636181562,-0.17561584700700728,0.018166109912900092,KGE
unified_1981_2015,AUDIOSK5 vs KnobenK5,hysets_08198500,Knoben_K5,12783,-1.5743523577878458,-6.483703721191373,0.027450846997120252,KGE
unified_1981_2015,AUDIOSK5 vs KnobenK5,hysets_08247500,RF_Signature_K5,12783,-1.3323018247677743,-1.292419549174543,0.13433317700202077,KGE
unified_1981_2015,AUDIOSK5 vs KnobenK5,hysets_08247500,Knoben_K5,12783,0.4063578286371533,0.282849121149385,0.06777246507527722,KGE
unified_1981_2015,AUDIOSK5 vs KnobenK5,hysets_08269000,RF_Signature_K5,12783,0.26055792555204427,0.4635429162625938,0.0685725506638644,KGE
unified_1981_2015,AUDIOSK5 vs KnobenK5,hysets_08269000,Knoben_K5,12783,0.7366804616963833,0.4809642616117582,0.04092039029278983,KGE
unified_1981_2015,AUDIOSK5 vs KnobenK5,hysets_08279000,RF_Signature_K5,12560,-1.1511457176265263,-0.15410109899611202,0.0850450343747597,KGE
unified_1981_2015,AUDIOSK5 vs KnobenK5,hysets_08279000,Knoben_K5,12560,0.4653712372680634,0.6997080571854637,0.04239749579725922,KGE
unified_1981_2015,AUDIOSK5 vs KnobenK5,hysets_08284100,RF_Signature_K5,12783,0.5159283217533164,0.35670078249284576,0.06228717606615482,KGE
unified_1981_2015,AUDIOSK5 vs KnobenK5,hysets_08284100,Knoben_K5,12783,0.4304717889687214,0.48777019845606917,0.06756183322864087,KGE
unified_1981_2015,AUDIOSK5 vs KnobenK5,hysets_08289000,RF_Signature_K5,12783,-3.7436722600345016,-1.5716080207000234,0.20744394885461295,KGE
unified_1981_2015,AUDIOSK5 vs KnobenK5,hysets_08289000,Knoben_K5,12783,-0.7084350248329538,-0.6175606135453244,0.12449235031429655,KGE
unified_1981_2015,AUDIOSK5 vs KnobenK5,hysets_08291000,RF_Signature_K5,12783,0.10237338239614402,0.40390819986328863,0.06715019962256864,KGE
unified_1981_2015,AUDIOSK5 vs KnobenK5,hysets_08291000,Knoben_K5,12783,0.4605741289696911,0.722590291286988,0.052055345419608046,KGE
unified_1981_2015,AUDIOSK5 vs KnobenK5,hysets_08324000,RF_Signature_K5,12783,0.1725791893731401,0.34122875749297477,0.07084243809104177,KGE
unified_1981_2015,AUDIOSK5 vs KnobenK5,hysets_08324000,Knoben_K5,12783,0.4296090113649681,0.7145255077007066,0.05881886058639301,KGE
unified_1981_2015,AUDIOSK5 vs KnobenK5,hysets_08334000,RF_Signature_K5,12783,-13.40563151593144,-9.469040965615461,0.16831660271182372,KGE
unified_1981_2015,AUDIOSK5 vs KnobenK5,hysets_08334000,Knoben_K5,12783,-150.03356342229992,-32.59318287968165,0.5450013028667612,KGE
unified_1981_2015,AUDIOSK5 vs KnobenK5,hysets_08378500,RF_Signature_K5,12783,0.5724529318640146,0.6066073838707188,0.04873169297230722,KGE
unified_1981_2015,AUDIOSK5 vs KnobenK5,hysets_08378500,Knoben_K5,12783,0.7600590262742037,0.6109702964463237,0.036506629771676624,KGE
unified_1981_2015,AUDIOSK5 vs KnobenK5,hysets_08401200,RF_Signature_K5,12032,-2.401301158029862,-6.372165599634792,0.022663045933493123,KGE
unified_1981_2015,AUDIOSK5 vs KnobenK5,hysets_08401200,Knoben_K5,12032,-73.54254043520102,-147.9839253704409,0.10609571167435629,KGE
unified_1981_2015,AUDIOSK5 vs KnobenK5,hysets_08401900,RF_Signature_K5,12783,-2.3133192865166774,-4.5406412320429785,0.028356498856501856,KGE
unified_1981_2015,AUDIOSK5 vs KnobenK5,hysets_08401900,Knoben_K5,12783,-62.15096470176667,-101.01211562560789,0.12379723885448873,KGE
unified_1981_2015,AUDIOSK5 vs KnobenK5,hysets_08405150,RF_Signature_K5,12783,-3.1043043964277564,-7.226638065875315,0.030010664452721596,KGE
unified_1981_2015,AUDIOSK5 vs KnobenK5,hysets_08405150,Knoben_K5,12783,-94.75564838473682,-155.4983050128824,0.14495661213659958,KGE
unified_1981_2015,AUDIOSK5 vs KnobenK5,hysets_08405500,RF_Signature_K5,12783,-35.84435435862411,-4.3160033219058205,0.10001409143747443,KGE
unified_1981_2015,AUDIOSK5 vs KnobenK5,hysets_08405500,Knoben_K5,12783,-781.274549025813,-33.058214912646235,0.46084546612023297,KGE
unified_1981_2015,AUDIOSK5 vs KnobenK5,hysets_08AA008,RF_Signature_K5,12589,-1.123183104492326,-0.025630829176902292,0.1657551911953216,KGE
unified_1981_2015,AUDIOSK5 vs KnobenK5,hysets_08AA008,Knoben_K5,12589,-43.087554026644156,-6.024157687606427,0.7553207511616351,KGE
unified_1981_2015,AUDIOSK5 vs KnobenK5,hysets_08AA009,RF_Signature_K5,12695,-0.6640574312477183,-0.07106919005761303,0.09093750203728133,KGE
unified_1981_2015,AUDIOSK5 vs KnobenK5,hysets_08AA009,Knoben_K5,12695,-51.60734183884966,-8.554959104262153,0.5113073597768314,KGE
unified_1981_2015,AUDIOSK5 vs KnobenK5,hysets_08AC001,RF_Signature_K5,11614,-0.905897010649602,0.038809444734904885,0.11099338210626761,KGE
unified_1981_2015,AUDIOSK5 vs KnobenK5,hysets_08AC001,Knoben_K5,11614,-8.956370924077653,-2.5328992509955395,0.2536868200175342,KGE
unified_1981_2015,AUDIOSK5 vs KnobenK5,hysets_08EB004,RF_Signature_K5,12783,0.09278796396460143,0.44934341366760144,0.05836322997868102,KGE
unified_1981_2015,AUDIOSK5 vs KnobenK5,hysets_08EB004,Knoben_K5,12783,-0.49094462330207067,0.25257531698750346,0.0748196502638092,KGE
unified_1981_2015,AUDIOSK5 vs KnobenK5,hysets_08ED001,RF_Signature_K5,12699,0.7141965153961225,0.7208395300670126,0.06660148306121556,KGE
unified_1981_2015,AUDIOSK5 vs KnobenK5,hysets_08ED001,Knoben_K5,12699,0.73370064467425,0.7551811661768465,0.06428878199714719,KGE
unified_1981_2015,AUDIOSK5 vs KnobenK5,hysets_08EE008,RF_Signature_K5,12783,0.02161976701619417,0.3357403009615534,0.07616782319870544,KGE
unified_1981_2015,AUDIOSK5 vs KnobenK5,hysets_08EE008,Knoben_K5,12783,-2.8635650617212485,-0.8932039425907667,0.15136024577268464,KGE
unified_1981_2015,AUDIOSK5 vs KnobenK5,hysets_08EE013,RF_Signature_K5,12715,-0.2807146300700336,-0.06604371911770213,0.10181656853383844,KGE
unified_1981_2015,AUDIOSK5 vs KnobenK5,hysets_08EE013,Knoben_K5,12715,0.06595321666573939,0.013109025148291042,0.08695140129538899,KGE
unified_1981_2015,AUDIOSK5 vs KnobenK5,hysets_08EE020,RF_Signature_K5,12783,0.6197668937899814,0.599591061562776,0.042534336244727675,KGE
unified_1981_2015,AUDIOSK5 vs KnobenK5,hysets_08EE020,Knoben_K5,12783,-0.49257294340469593,0.2315278851193332,0.08427184041536746,KGE
unified_1981_2015,AUDIOSK5 vs KnobenK5,hysets_08EG012,RF_Signature_K5,12783,0.07030292556562279,0.17404661690866607,0.0747554688154763,KGE
unified_1981_2015,AUDIOSK5 vs KnobenK5,hysets_08EG012,Knoben_K5,12783,-0.05810284668719867,0.0639089106772911,0.07975100757950881,KGE
unified_1981_2015,AUDIOSK5 vs KnobenK5,hysets_08FE003,RF_Signature_K5,12783,-0.2702281003624145,0.25187314775566916,0.07016362461786955,KGE
unified_1981_2015,AUDIOSK5 vs KnobenK5,hysets_08FE003,Knoben_K5,12783,0.5242767752406647,0.5200514609334888,0.04293864499635818,KGE
unified_1981_2015,AUDIOSK5 vs KnobenK5,hysets_08FF001,RF_Signature_K5,12783,-1.5704654295410596,-0.04784419599821588,0.06949532853842544,KGE
unified_1981_2015,AUDIOSK5 vs KnobenK5,hysets_08FF001,Knoben_K5,12783,-0.21819522787208534,-0.021873780329415782,0.047841873196163176,KGE
unified_1981_2015,AUDIOSK5 vs KnobenK5,hysets_08FF002,RF_Signature_K5,12783,-1.5325477309057982,-0.07064667493188903,0.07178805141949852,KGE
unified_1981_2015,AUDIOSK5 vs KnobenK5,hysets_08FF002,Knoben_K5,12783,0.43152835320649563,0.42582917208667714,0.0340116538066158,KGE
unified_1981_2015,AUDIOSK5 vs KnobenK5,hysets_08FF003,RF_Signature_K5,12783,-0.6212982572254704,-0.08857321842861565,0.059280537258154214,KGE
unified_1981_2015,AUDIOSK5 vs KnobenK5,hysets_08FF003,Knoben_K5,12783,-0.2457284201221137,-0.15963677610433447,0.051962777803567554,KGE
unified_1981_2015,AUDIOSK5 vs KnobenK5,hysets_08GA071,RF_Signature_K5,12709,0.09414081026320487,0.2463272049550017,0.08431400427368031,KGE
unified_1981_2015,AUDIOSK5 vs KnobenK5,hysets_08GA071,Knoben_K5,12709,0.1732035026960591,0.23943658880393703,0.08055058192604886,KGE
unified_1981_2015,AUDIOSK5 vs KnobenK5,hysets_08HA001,RF_Signature_K5,12783,0.47565201409899205,0.5581795804722236,0.04193380018604217,KGE
unified_1981_2015,AUDIOSK5 vs KnobenK5,hysets_08HA001,Knoben_K5,12783,0.4578878801046976,0.60041118667667,0.04263821133142715,KGE
unified_1981_2015,AUDIOSK5 vs KnobenK5,hysets_08HA010,RF_Signature_K5,11578,0.22842045875996042,0.3114386734805875,0.07756136054380962,KGE
unified_1981_2015,AUDIOSK5 vs KnobenK5,hysets_08HA010,Knoben_K5,11578,0.6172488804362105,0.510685519402636,0.05462774855018126,KGE
unified_1981_2015,AUDIOSK5 vs KnobenK5,hysets_08HB014,RF_Signature_K5,12743,0.09249659538421595,-0.0065161783925398176,0.07718720103245531,KGE
unified_1981_2015,AUDIOSK5 vs KnobenK5,hysets_08HB014,Knoben_K5,12743,0.6121279477137614,0.5339659777999047,0.050462109927901615,KGE
unified_1981_2015,AUDIOSK5 vs KnobenK5,hysets_08HB074,RF_Signature_K5,12308,0.2807880070256905,0.35739125075537514,0.045130554900212644,KGE
unified_1981_2015,AUDIOSK5 vs KnobenK5,hysets_08HB074,Knoben_K5,12308,-0.4226676710495765,-0.4361240918033358,0.06347371892301501,KGE
unified_1981_2015,AUDIOSK5 vs KnobenK5,hysets_08HD011,RF_Signature_K5,12783,0.27129736799455806,0.39414757577676063,0.05325071380260638,KGE
unified_1981_2015,AUDIOSK5 vs KnobenK5,hysets_08HD011,Knoben_K5,12783,0.29409971420604375,0.5820823007032907,0.052410939340688294,KGE
unified_1981_2015,AUDIOSK5 vs KnobenK5,hysets_08HD015,RF_Signature_K5,12459,0.09041301302577576,0.32959192496560863,0.05839047657592653,KGE
unified_1981_2015,AUDIOSK5 vs KnobenK5,hysets_08HD015,Knoben_K5,12459,0.5350986334155539,0.6878572922529036,0.041744600780267926,KGE
unified_1981_2015,AUDIOSK5 vs KnobenK5,hysets_08HF004,RF_Signature_K5,12639,0.3153710775313281,0.4251781651669323,0.04537421001457435,KGE
unified_1981_2015,AUDIOSK5 vs KnobenK5,hysets_08HF004,Knoben_K5,12639,0.24003676545578578,0.10797115256965673,0.04780548702913038,KGE
unified_1981_2015,AUDIOSK5 vs KnobenK5,hysets_08JD006,RF_Signature_K5,11977,0.5587552129399476,0.49520246224819364,0.06037581607541758,KGE
unified_1981_2015,AUDIOSK5 vs KnobenK5,hysets_08JD006,Knoben_K5,11977,-0.3894553880464302,-0.3250743387946049,0.10713849064637826,KGE
unified_1981_2015,AUDIOSK5 vs KnobenK5,hysets_08KA007,RF_Signature_K5,12783,0.3751444846092742,0.6441322996083625,0.11354746215492328,KGE
unified_1981_2015,AUDIOSK5 vs KnobenK5,hysets_08KA007,Knoben_K5,12783,0.7489913723684558,0.691380068082289,0.07196676032384476,KGE
unified_1981_2015,AUDIOSK5 vs KnobenK5,hysets_08KH010,RF_Signature_K5,12686,0.41511637814042324,0.6038965467609011,0.10448451890670381,KGE
unified_1981_2015,AUDIOSK5 vs KnobenK5,hysets_08KH010,Knoben_K5,12686,0.18809480397131983,0.37400542468325704,0.12310335174165608,KGE
unified_1981_2015,AUDIOSK5 vs KnobenK5,hysets_08KH019,RF_Signature_K5,12518,-0.5496583194823985,0.07764648082605785,0.10043288436174767,KGE
unified_1981_2015,AUDIOSK5 vs KnobenK5,hysets_08KH019,Knoben_K5,12518,-3.2612672935864415,-1.0688471269438176,0.16654336978972947,KGE
unified_1981_2015,AUDIOSK5 vs KnobenK5,hysets_08LB038,RF_Signature_K5,11688,0.7189435649344933,0.6121767544887711,0.07568346432483983,KGE
unified_1981_2015,AUDIOSK5 vs KnobenK5,hysets_08LB038,Knoben_K5,11688,0.5246336035490942,0.295986347763713,0.0984279580894365,KGE
unified_1981_2015,AUDIOSK5 vs KnobenK5,hysets_08LB069,RF_Signature_K5,12783,0.17694469956949876,0.16240355673242557,0.108211977725471,KGE
unified_1981_2015,AUDIOSK5 vs KnobenK5,hysets_08LB069,Knoben_K5,12783,0.8937754318945478,0.8855259776870785,0.03887526060549163,KGE
unified_1981_2015,AUDIOSK5 vs KnobenK5,hysets_08LB076,RF_Signature_K5,12644,0.10247886650710136,0.023745072453539073,0.10298886350330852,KGE
unified_1981_2015,AUDIOSK5 vs KnobenK5,hysets_08LB076,Knoben_K5,12644,0.8122905545903851,0.665442948287789,0.047098924179625135,KGE
unified_1981_2015,AUDIOSK5 vs KnobenK5,hysets_08MA003,RF_Signature_K5,12096,-0.13710770120430937,0.4151529548867021,0.19182067952409249,KGE
unified_1981_2015,AUDIOSK5 vs KnobenK5,hysets_08MA003,Knoben_K5,12096,-0.32017086959966745,0.2638544086482053,0.20668535136146762,KGE
unified_1981_2015,AUDIOSK5 vs KnobenK5,hysets_08ME025,RF_Signature_K5,12053,-2.057483953478485,-0.18391043683336394,0.17607112738571626,KGE
unified_1981_2015,AUDIOSK5 vs KnobenK5,hysets_08ME025,Knoben_K5,12053,-4.21165696828742,-0.5777611805887992,0.22987617555162942,KGE
unified_1981_2015,AUDIOSK5 vs KnobenK5,hysets_08MH016,RF_Signature_K5,12783,0.44446154448912467,0.7173873610121051,0.06883288890385973,KGE
unified_1981_2015,AUDIOSK5 vs KnobenK5,hysets_08MH016,Knoben_K5,12783,0.40740615385213585,0.5610696363286272,0.07109147127255293,KGE
unified_1981_2015,AUDIOSK5 vs KnobenK5,hysets_08MH056,RF_Signature_K5,12620,0.49985837955660095,0.6712894447882161,0.031187052633961793,KGE
unified_1981_2015,AUDIOSK5 vs KnobenK5,hysets_08MH056,Knoben_K5,12620,0.7743926628251374,0.6928164025667843,0.020946161349137734,KGE
unified_1981_2015,AUDIOSK5 vs KnobenK5,hysets_08MH103,RF_Signature_K5,12783,-0.031635572010606516,0.4197164258639581,0.06621933423508408,KGE
unified_1981_2015,AUDIOSK5 vs KnobenK5,hysets_08MH103,Knoben_K5,12783,0.7244568705447161,0.8171253672823873,0.03422287168916891,KGE
unified_1981_2015,AUDIOSK5 vs KnobenK5,hysets_08MH147,RF_Signature_K5,11698,0.13137560487649502,0.17641441473095443,0.0594958686333283,KGE
unified_1981_2015,AUDIOSK5 vs KnobenK5,hysets_08MH147,Knoben_K5,11698,-0.07300059207239551,-0.01034276173108295,0.06612577563776229,KGE
unified_1981_2015,AUDIOSK5 vs KnobenK5,hysets_08NA006,RF_Signature_K5,12765,0.24975620233512363,0.640373667881655,0.11962946824853664,KGE
unified_1981_2015,AUDIOSK5 vs KnobenK5,hysets_08NA006,Knoben_K5,12765,0.5862161512837551,0.7008255303181219,0.08884310590192214,KGE
unified_1981_2015,AUDIOSK5 vs KnobenK5,hysets_08NB012,RF_Signature_K5,12179,0.7813659649524258,0.8733387153584382,0.06488952929148763,KGE
unified_1981_2015,AUDIOSK5 vs KnobenK5,hysets_08NB012,Knoben_K5,12179,0.1791196115621978,0.3977199265919238,0.12573485312635807,KGE
unified_1981_2015,AUDIOSK5 vs KnobenK5,hysets_08NB014,RF_Signature_K5,12783,0.7652854383448671,0.6714268965064539,0.06106313455333015,KGE
unified_1981_2015,AUDIOSK5 vs KnobenK5,hysets_08NB014,Knoben_K5,12783,0.5601834113795995,0.6281341035628629,0.08358818206873211,KGE
unified_1981_2015,AUDIOSK5 vs KnobenK5,hysets_08ND012,RF_Signature_K5,12783,0.8809620643457701,0.8472478599573052,0.04620190829560533,KGE
unified_1981_2015,AUDIOSK5 vs KnobenK5,hysets_08ND012,Knoben_K5,12783,0.6563306691970652,0.7309793242662799,0.07850324498956254,KGE
unified_1981_2015,AUDIOSK5 vs KnobenK5,hysets_08ND013,RF_Signature_K5,12783,0.7124718855354282,0.6236942632281033,0.07109047137553834,KGE
unified_1981_2015,AUDIOSK5 vs KnobenK5,hysets_08ND013,Knoben_K5,12783,-0.3539720924254175,0.29487794774219034,0.15426808631715414,KGE
unified_1981_2015,AUDIOSK5 vs KnobenK5,hysets_08NE039,RF_Signature_K5,12783,0.5075752959852963,0.5355321440512721,0.08737302731887858,KGE
unified_1981_2015,AUDIOSK5 vs KnobenK5,hysets_08NE039,Knoben_K5,12783,0.7207944946960989,0.7369716754908282,0.06579144967224933,KGE
unified_1981_2015,AUDIOSK5 vs KnobenK5,hysets_08NE074,RF_Signature_K5,12783,0.4973457530090031,0.3535322292558215,0.08305629412186034,KGE
unified_1981_2015,AUDIOSK5 vs KnobenK5,hysets_08NE074,Knoben_K5,12783,0.8095239635096464,0.6110281428358771,0.05112791047219227,KGE
unified_1981_2015,AUDIOSK5 vs KnobenK5,hysets_08NF001,RF_Signature_K5,12783,0.2507594862189948,0.3763397087539013,0.12471705481005353,KGE
unified_1981_2015,AUDIOSK5 vs KnobenK5,hysets_08NF001,Knoben_K5,12783,-0.08053663668004973,-0.1661881816569981,0.14977349638129472,KGE
unified_1981_2015,AUDIOSK5 vs KnobenK5,hysets_08NG076,RF_Signature_K5,12783,0.02999003526311017,0.2556114665928919,0.0804417847416863,KGE
unified_1981_2015,AUDIOSK5 vs KnobenK5,hysets_08NG076,Knoben_K5,12783,-1.086249525233863,-0.16386218596584867,0.1179713977834477,KGE
unified_1981_2015,AUDIOSK5 vs KnobenK5,hysets_08NG077,RF_Signature_K5,12783,0.6099797783954529,0.40083429582513086,0.06120124191099368,KGE
unified_1981_2015,AUDIOSK5 vs KnobenK5,hysets_08NG077,Knoben_K5,12783,0.4895346503049136,0.26664150358773464,0.07001640473761829,KGE
unified_1981_2015,AUDIOSK5 vs KnobenK5,hysets_08NH005,RF_Signature_K5,12783,0.6664069370566175,0.6242022267883134,0.06288856562940508,KGE
unified_1981_2015,AUDIOSK5 vs KnobenK5,hysets_08NH005,Knoben_K5,12783,0.8152944287932365,0.5751336567194092,0.04679540189387434,KGE
unified_1981_2015,AUDIOSK5 vs KnobenK5,hysets_08NH006,RF_Signature_K5,12783,0.4735619343153671,0.4774109628694728,0.08537510169501474,KGE
unified_1981_2015,AUDIOSK5 vs KnobenK5,hysets_08NH006,Knoben_K5,12783,0.9092486911657476,0.8602080842734134,0.035447371780680775,KGE
unified_1981_2015,AUDIOSK5 vs KnobenK5,hysets_08NH120,RF_Signature_K5,12783,0.5431753723631154,0.3401415908339397,0.0572168631613283,KGE
unified_1981_2015,AUDIOSK5 vs KnobenK5,hysets_08NH120,Knoben_K5,12783,0.45832683371501104,0.2967605601584812,0.06230428994981739,KGE
unified_1981_2015,AUDIOSK5 vs KnobenK5,hysets_08NH130,RF_Signature_K5,12783,0.6356853191277303,0.5653667794747774,0.05810059262179147,KGE
unified_1981_2015,AUDIOSK5 vs KnobenK5,hysets_08NH130,Knoben_K5,12783,0.5291681182547292,0.4602049466523639,0.06605035518514887,KGE
unified_1981_2015,AUDIOSK5 vs KnobenK5,hysets_08NJ160,RF_Signature_K5,12783,0.8180647303431141,0.7625549672839949,0.05801708539459032,KGE
unified_1981_2015,AUDIOSK5 vs KnobenK5,hysets_08NJ160,Knoben_K5,12783,0.7422471156771309,0.5858394003220089,0.0690556511726689,KGE
unified_1981_2015,AUDIOSK5 vs KnobenK5,hysets_08NK016,RF_Signature_K5,12783,0.28072066736338863,0.3837162476772321,0.0434322781234155,KGE
unified_1981_2015,AUDIOSK5 vs KnobenK5,hysets_08NK016,Knoben_K5,12783,0.29811919773294626,0.4249691050803561,0.042903774444004214,KGE
unified_1981_2015,AUDIOSK5 vs KnobenK5,hysets_08NK018,RF_Signature_K5,12783,0.6901674832514383,0.6953466222667075,0.0307167457544404,KGE
unified_1981_2015,AUDIOSK5 vs KnobenK5,hysets_08NK018,Knoben_K5,12783,-0.43597849279251877,0.3212885713213418,0.0661280434545722,KGE
unified_1981_2015,AUDIOSK5 vs KnobenK5,hysets_08NK022,RF_Signature_K5,12783,0.47868396286329273,0.5325201588440636,0.052246703722794316,KGE
unified_1981_2015,AUDIOSK5 vs KnobenK5,hysets_08NK022,Knoben_K5,12783,-0.46964364268956915,0.2710425683358165,0.08772318134306828,KGE
unified_1981_2015,AUDIOSK5 vs KnobenK5,hysets_08NL004,RF_Signature_K5,12783,-0.9658886720949176,-0.6607606698436763,0.13052005205423464,KGE
unified_1981_2015,AUDIOSK5 vs KnobenK5,hysets_08NL004,Knoben_K5,12783,-0.6401456441081865,-0.3960235681001607,0.11921721870551938,KGE
unified_1981_2015,AUDIOSK5 vs KnobenK5,hysets_08NL024,RF_Signature_K5,12783,0.45916480630543344,0.490837679636023,0.05979548212786691,KGE
unified_1981_2015,AUDIOSK5 vs KnobenK5,hysets_08NL024,Knoben_K5,12783,0.6915785955040146,0.6106114669277822,0.045155239998314584,KGE
unified_1981_2015,AUDIOSK5 vs KnobenK5,hysets_08NL050,RF_Signature_K5,12783,-0.03543106209283953,0.12681625146268827,0.07213076413968203,KGE
unified_1981_2015,AUDIOSK5 vs KnobenK5,hysets_08NL050,Knoben_K5,12783,0.5919584110530698,0.4789516530274891,0.04528059796643882,KGE
unified_1981_2015,AUDIOSK5 vs KnobenK5,hysets_08NL071,RF_Signature_K5,12783,0.5804914011321797,0.5642384550332153,0.050303574681465554,KGE
unified_1981_2015,AUDIOSK5 vs KnobenK5,hysets_08NL071,Knoben_K5,12783,0.6409938583576666,0.4697692396909213,0.04653496092746544,KGE
unified_1981_2015,AUDIOSK5 vs KnobenK5,hysets_08NN019,RF_Signature_K5,12783,0.0888017976483998,0.20434199869718062,0.11035536752181191,KGE
unified_1981_2015,AUDIOSK5 vs KnobenK5,hysets_08NN019,Knoben_K5,12783,0.3269721628038146,-0.1534255823142323,0.09484262116532832,KGE
unified_1981_2015,AUDIOSK5 vs KnobenK5,hysets_08OA002,RF_Signature_K5,12398,-0.014554030426896736,0.10048339798559491,0.09440574596276265,KGE
unified_1981_2015,AUDIOSK5 vs KnobenK5,hysets_08OA002,Knoben_K5,12398,-0.4635316087998953,-0.28280539550780603,0.11338664138602635,KGE
unified_1981_2015,AUDIOSK5 vs KnobenK5,hysets_09059500,RF_Signature_K5,12783,0.2663167940952138,0.29681141898201135,0.09072615165284667,KGE
unified_1981_2015,AUDIOSK5 vs KnobenK5,hysets_09059500,Knoben_K5,12783,0.7659728225592476,0.7674858836483738,0.05124026274432708,KGE
unified_1981_2015,AUDIOSK5 vs KnobenK5,hysets_09165000,RF_Signature_K5,12053,0.3197073134948363,0.40333380636776717,0.09912298902555164,KGE
unified_1981_2015,AUDIOSK5 vs KnobenK5,hysets_09165000,Knoben_K5,12053,0.5627066137488606,0.3141269726711887,0.07947178048299461,KGE
unified_1981_2015,AUDIOSK5 vs KnobenK5,hysets_09196500,RF_Signature_K5,11731,0.03613207788094508,-0.1106419415000035,0.1265020550851066,KGE
unified_1981_2015,AUDIOSK5 vs KnobenK5,hysets_09196500,Knoben_K5,11731,0.44080421389833113,0.3959194622563438,0.09635422495092921,KGE
unified_1981_2015,AUDIOSK5 vs KnobenK5,hysets_09223000,RF_Signature_K5,12783,0.6113764425390964,0.5541034111574512,0.05458766717849925,KGE
unified_1981_2015,AUDIOSK5 vs KnobenK5,hysets_09223000,Knoben_K5,12783,0.18303440264477822,0.10326038634210666,0.07914652614802195,KGE
unified_1981_2015,AUDIOSK5 vs KnobenK5,hysets_09253000,RF_Signature_K5,12231,0.5351183590096403,0.5155381699838983,0.07521999619575485,KGE
unified_1981_2015,AUDIOSK5 vs KnobenK5,hysets_09253000,Knoben_K5,12231,0.6892814618403329,0.5044536512895585,0.0614958334556121,KGE
unified_1981_2015,AUDIOSK5 vs KnobenK5,hysets_09255000,RF_Signature_K5,12783,0.3899144615429342,0.3668065196677961,0.07826440440754476,KGE
unified_1981_2015,AUDIOSK5 vs KnobenK5,hysets_09255000,Knoben_K5,12783,0.5420796660990186,0.40754153286512473,0.06780533776708207,KGE
unified_1981_2015,AUDIOSK5 vs KnobenK5,hysets_09266500,RF_Signature_K5,12783,0.39655887852796523,0.23532357839429052,0.04892330801618764,KGE
unified_1981_2015,AUDIOSK5 vs KnobenK5,hysets_09266500,Knoben_K5,12783,0.6465765622649013,0.4367570238488253,0.037440879103315665,KGE
unified_1981_2015,AUDIOSK5 vs KnobenK5,hysets_09289500,RF_Signature_K5,12783,0.4626542835565104,0.41896889856509223,0.0579122727734499,KGE
unified_1981_2015,AUDIOSK5 vs KnobenK5,hysets_09289500,Knoben_K5,12783,0.7989049749745392,0.8158447641985587,0.03542781571073248,KGE
unified_1981_2015,AUDIOSK5 vs KnobenK5,hysets_09292500,RF_Signature_K5,12783,0.12250263380495452,0.35413268517928653,0.08591562446475397,KGE
unified_1981_2015,AUDIOSK5 vs KnobenK5,hysets_09292500,Knoben_K5,12783,0.28917206083049185,0.4296408525718364,0.07732705759612339,KGE
unified_1981_2015,AUDIOSK5 vs KnobenK5,hysets_09299500,RF_Signature_K5,12783,0.16910999626168,0.1944438309612404,0.06639500541343779,KGE
unified_1981_2015,AUDIOSK5 vs KnobenK5,hysets_09299500,Knoben_K5,12783,0.6493176496881714,0.44944631322443884,0.043134085802039875,KGE
unified_1981_2015,AUDIOSK5 vs KnobenK5,hysets_09304200,RF_Signature_K5,12783,0.06346836931078126,0.39617669553367196,0.11611159832100117,KGE
unified_1981_2015,AUDIOSK5 vs KnobenK5,hysets_09304200,Knoben_K5,12783,-0.3043383133767066,0.0040963906436377595,0.13702805838029838,KGE
unified_1981_2015,AUDIOSK5 vs KnobenK5,hysets_09304500,RF_Signature_K5,12783,-0.3818180938835365,0.29866293076538286,0.1259087726644988,KGE
unified_1981_2015,AUDIOSK5 vs KnobenK5,hysets_09304500,Knoben_K5,12783,-0.5773064856712176,-0.14719490224298415,0.1345205385999611,KGE
unified_1981_2015,AUDIOSK5 vs KnobenK5,hysets_09306222,RF_Signature_K5,12783,-102.03585815743259,-10.323018419780782,0.9562104527010408,KGE
unified_1981_2015,AUDIOSK5 vs KnobenK5,hysets_09306222,Knoben_K5,12783,-318.81674667910823,-20.374770704238628,1.6846507944364135,KGE
unified_1981_2015,AUDIOSK5 vs KnobenK5,hysets_09310500,RF_Signature_K5,12783,0.3977302106177768,0.2659249841000002,0.06352916440009641,KGE
unified_1981_2015,AUDIOSK5 vs KnobenK5,hysets_09310500,Knoben_K5,12783,0.5426873065020605,0.38707326406056,0.05535848951781253,KGE
unified_1981_2015,AUDIOSK5 vs KnobenK5,hysets_09312600,RF_Signature_K5,12783,0.3822030818516686,0.1428013080688305,0.05055301910273907,KGE
unified_1981_2015,AUDIOSK5 vs KnobenK5,hysets_09312600,Knoben_K5,12783,-1.1999007901076602,-1.0562799349783498,0.09539503606153969,KGE
unified_1981_2015,AUDIOSK5 vs KnobenK5,hysets_09337000,RF_Signature_K5,12782,-34.38168552024163,-5.473126655073758,0.2863203071797391,KGE
unified_1981_2015,AUDIOSK5 vs KnobenK5,hysets_09337000,Knoben_K5,12782,-10.371207594131157,-2.5241748743159174,0.1623178144115677,KGE
unified_1981_2015,AUDIOSK5 vs KnobenK5,hysets_09342500,RF_Signature_K5,12783,0.3060372029630216,0.13523878783262488,0.10316955075223294,KGE
unified_1981_2015,AUDIOSK5 vs KnobenK5,hysets_09342500,Knoben_K5,12783,0.37479998129955083,0.2057756800353796,0.09792485478622413,KGE
unified_1981_2015,AUDIOSK5 vs KnobenK5,hysets_09352900,RF_Signature_K5,12783,0.4990496565345822,0.447846257707753,0.07403203351726516,KGE
unified_1981_2015,AUDIOSK5 vs KnobenK5,hysets_09352900,Knoben_K5,12783,0.7372365277709345,0.6522305023189701,0.05361728703734485,KGE
unified_1981_2015,AUDIOSK5 vs KnobenK5,hysets_09386900,RF_Signature_K5,12783,-0.2696714165048826,-0.006975217431725911,0.028032687943280944,KGE
unified_1981_2015,AUDIOSK5 vs KnobenK5,hysets_09386900,Knoben_K5,12783,-0.4228565593193403,-2.072975083292907,0.02967560839145864,KGE
unified_1981_2015,AUDIOSK5 vs KnobenK5,hysets_09403600,RF_Signature_K5,12783,-70.71871501135479,-6.745996677593932,0.19674439218326784,KGE
unified_1981_2015,AUDIOSK5 vs KnobenK5,hysets_09403600,Knoben_K5,12783,-470.66202926921676,-24.644597946635887,0.5045469326123347,KGE
unified_1981_2015,AUDIOSK5 vs KnobenK5,hysets_09404450,RF_Signature_K5,12783,-0.2440846748791301,-0.1507530368076928,0.03187612142768026,KGE
unified_1981_2015,AUDIOSK5 vs KnobenK5,hysets_09404450,Knoben_K5,12783,-5.746657489621423,-1.2862827840177506,0.07423091839567804,KGE
unified_1981_2015,AUDIOSK5 vs KnobenK5,hysets_09405500,RF_Signature_K5,12783,-0.1915188843933242,-0.025678211293986175,0.04712992110185196,KGE
unified_1981_2015,AUDIOSK5 vs KnobenK5,hysets_09405500,Knoben_K5,12783,-3.3350251580100077,-1.2221046503375361,0.0898963500348984,KGE
unified_1981_2015,AUDIOSK5 vs KnobenK5,hysets_09442680,RF_Signature_K5,12783,-5.00328517795881,-4.289626748750391,0.04315324270389777,KGE
unified_1981_2015,AUDIOSK5 vs KnobenK5,hysets_09442680,Knoben_K5,12783,-8.244103330609631,-2.7347367732837413,0.05354899745139459,KGE
unified_1981_2015,AUDIOSK5 vs KnobenK5,hysets_09447000,RF_Signature_K5,12783,-0.7691349097749935,-0.6907955046224181,0.023077520935268384,KGE
unified_1981_2015,AUDIOSK5 vs KnobenK5,hysets_09447000,Knoben_K5,12783,-0.38807153375841197,-0.8204957563493052,0.02044158661351093,KGE
unified_1981_2015,AUDIOSK5 vs KnobenK5,hysets_09447800,RF_Signature_K5,12571,-2.9860389463023735,-4.6591148389797485,0.021749562243010022,KGE
unified_1981_2015,AUDIOSK5 vs KnobenK5,hysets_09447800,Knoben_K5,12571,-45.48371443623278,-19.665460345945537,0.07427286276785193,KGE
unified_1981_2015,AUDIOSK5 vs KnobenK5,hysets_09473000,RF_Signature_K5,12052,-1.0421878861288754,-0.2771113721361784,0.02378514736582436,KGE
unified_1981_2015,AUDIOSK5 vs KnobenK5,hysets_09473000,Knoben_K5,12052,-28.6243427887378,-13.527295321824372,0.09059043829252969,KGE
unified_1981_2015,AUDIOSK5 vs KnobenK5,hysets_09494000,RF_Signature_K5,12783,0.2920496213059205,0.35567850015922586,0.03266107898089969,KGE
unified_1981_2015,AUDIOSK5 vs KnobenK5,hysets_09494000,Knoben_K5,12783,0.33028045312495236,0.6143041893652917,0.031766956330762056,KGE
unified_1981_2015,AUDIOSK5 vs KnobenK5,hysets_09496500,RF_Signature_K5,12783,-3.6923797027935263,-1.2470176427426796,0.049966481538291294,KGE
unified_1981_2015,AUDIOSK5 vs KnobenK5,hysets_09496500,Knoben_K5,12783,-14.231995222530964,-2.48747155477988,0.09002447403197342,KGE
unified_1981_2015,AUDIOSK5 vs KnobenK5,hysets_09497800,RF_Signature_K5,12418,-7.808041962783216,-1.311939956991731,0.07260422519647355,KGE
unified_1981_2015,AUDIOSK5 vs KnobenK5,hysets_09497800,Knoben_K5,12418,0.5108349561354526,0.3337587165664446,0.01710999627045548,KGE
unified_1981_2015,AUDIOSK5 vs KnobenK5,hysets_09497980,RF_Signature_K5,12783,-0.06506413710033487,-0.19139848959387917,0.025260907469240052,KGE
unified_1981_2015,AUDIOSK5 vs KnobenK5,hysets_09497980,Knoben_K5,12783,0.5298734788082545,0.5991345622435936,0.016782955506155862,KGE
unified_1981_2015,AUDIOSK5 vs KnobenK5,hysets_09504420,RF_Signature_K5,12510,-2.7014551027973077,-0.21899828539323485,0.05659983043891404,KGE
unified_1981_2015,AUDIOSK5 vs KnobenK5,hysets_09504420,Knoben_K5,12510,0.16486123644418849,-0.18456161328461218,0.026884886557952032,KGE
unified_1981_2015,AUDIOSK5 vs KnobenK5,hysets_09505800,RF_Signature_K5,12783,0.09955279072554857,0.28908766855163415,0.016406664325547396,KGE
unified_1981_2015,AUDIOSK5 vs KnobenK5,hysets_09505800,Knoben_K5,12783,0.5153817208511398,0.4594954706527773,0.012036246128546885,KGE
unified_1981_2015,AUDIOSK5 vs KnobenK5,hysets_09510200,RF_Signature_K5,12783,-0.20856563366321024,-0.03883251119348241,0.026988443573749247,KGE
unified_1981_2015,AUDIOSK5 vs KnobenK5,hysets_09510200,Knoben_K5,12783,0.041693968108546975,0.2670480714093728,0.024032271959974122,KGE
unified_1981_2015,AUDIOSK5 vs KnobenK5,hysets_09512280,RF_Signature_K5,12783,-1.8934609865885497,-1.8965357125191384,0.028660655390014545,KGE
unified_1981_2015,AUDIOSK5 vs KnobenK5,hysets_09512280,Knoben_K5,12783,-9.164100773934546,-15.874020898777552,0.05371700406187956,KGE
unified_1981_2015,AUDIOSK5 vs KnobenK5,hysets_09513780,RF_Signature_K5,12783,-0.15554194239970442,-0.41665074330412266,0.01919331282440068,KGE
unified_1981_2015,AUDIOSK5 vs KnobenK5,hysets_09513780,Knoben_K5,12783,-0.17293820505961,-1.857934747924061,0.019337247291389834,KGE
unified_1981_2015,AUDIOSK5 vs KnobenK5,hysets_09AA012,RF_Signature_K5,12657,-2.3463106442495043,-0.4789105519185235,0.19916595217452704,KGE
unified_1981_2015,AUDIOSK5 vs KnobenK5,hysets_09AA012,Knoben_K5,12657,-18.67177670833121,-3.877148902654321,0.4828961718409998,KGE
unified_1981_2015,AUDIOSK5 vs KnobenK5,hysets_09AA013,RF_Signature_K5,11625,-1.3878463829460053,-0.053803027894333555,0.26413832368836254,KGE
unified_1981_2015,AUDIOSK5 vs KnobenK5,hysets_09AA013,Knoben_K5,11625,-7.469664183634471,-1.7252899970515347,0.4974636143844931,KGE
unified_1981_2015,AUDIOSK5 vs KnobenK5,hysets_09AH003,RF_Signature_K5,12337,-0.4343019498001157,0.09458303165883031,0.07226424983428659,KGE
unified_1981_2015,AUDIOSK5 vs KnobenK5,hysets_09AH003,Knoben_K5,12337,-10.972934968916057,-3.9024460699147525,0.20878702981685748,KGE
unified_1981_2015,AUDIOSK5 vs KnobenK5,hysets_09CA004,RF_Signature_K5,12567,-0.03227429115188496,-0.15458987653062306,0.04677996823812892,KGE
unified_1981_2015,AUDIOSK5 vs KnobenK5,hysets_09CA004,Knoben_K5,12567,-3.9603576775155487,-1.7716702737411825,0.10254603283483978,KGE
unified_1981_2015,AUDIOSK5 vs KnobenK5,hysets_09EA004,RF_Signature_K5,12630,0.03477577415414301,0.06526022630510853,0.08864240856089882,KGE
unified_1981_2015,AUDIOSK5 vs KnobenK5,hysets_09EA004,Knoben_K5,12630,-2.9564985233049446,-0.5695721384773313,0.1794663148943525,KGE
unified_1981_2015,AUDIOSK5 vs KnobenK5,hysets_10011500,RF_Signature_K5,12783,0.8522158522348603,0.7656946937601027,0.041894393080118844,KGE
unified_1981_2015,AUDIOSK5 vs KnobenK5,hysets_10011500,Knoben_K5,12783,0.9093460552457151,0.8972121977828951,0.03281219855756149,KGE
unified_1981_2015,AUDIOSK5 vs KnobenK5,hysets_10032000,RF_Signature_K5,12783,0.6137195259627527,0.5709371150896867,0.07032750523904671,KGE
unified_1981_2015,AUDIOSK5 vs KnobenK5,hysets_10032000,Knoben_K5,12783,0.770189995818889,0.662881666812651,0.05424482334818232,KGE
unified_1981_2015,AUDIOSK5 vs KnobenK5,hysets_10113500,RF_Signature_K5,11506,-0.4530021754159561,0.3248725070946621,0.08863886085129757,KGE
unified_1981_2015,AUDIOSK5 vs KnobenK5,hysets_10113500,Knoben_K5,11506,-2.7005995301670023,-0.2888353512339874,0.1414578582928096,KGE
unified_1981_2015,AUDIOSK5 vs KnobenK5,hysets_10173450,RF_Signature_K5,12782,0.5453274782244006,0.5567890833918285,0.059821726297985274,KGE
unified_1981_2015,AUDIOSK5 vs KnobenK5,hysets_10173450,Knoben_K5,12782,0.7647382016943505,0.5615056011921397,0.04303138193575531,KGE
unified_1981_2015,AUDIOSK5 vs KnobenK5,hysets_10174500,RF_Signature_K5,12783,-0.24679308187869875,0.22809380514414657,0.09596005954884179,KGE
unified_1981_2015,AUDIOSK5 vs KnobenK5,hysets_10174500,Knoben_K5,12783,-3.7145124821998037,-1.1248570505652333,0.18660003112294957,KGE
unified_1981_2015,AUDIOSK5 vs KnobenK5,hysets_10194200,RF_Signature_K5,12467,-0.7901064612283089,-0.3480517360682611,0.12470271269997571,KGE
unified_1981_2015,AUDIOSK5 vs KnobenK5,hysets_10194200,Knoben_K5,12467,-5.12217123546749,-1.626143885506246,0.23061587895462984,KGE
unified_1981_2015,AUDIOSK5 vs KnobenK5,hysets_10234500,RF_Signature_K5,12783,0.6935651405589688,0.7037478963034733,0.0460580577975941,KGE
unified_1981_2015,AUDIOSK5 vs KnobenK5,hysets_10234500,Knoben_K5,12783,0.6001498996798563,0.5433923056348344,0.052612039918503384,KGE
unified_1981_2015,AUDIOSK5 vs KnobenK5,hysets_10258500,RF_Signature_K5,12783,-3.585254928675698,-2.653865825485053,0.04586886228434482,KGE
unified_1981_2015,AUDIOSK5 vs KnobenK5,hysets_10258500,Knoben_K5,12783,-1.7588986453077928,-2.03809037729933,0.035579848782256174,KGE
unified_1981_2015,AUDIOSK5 vs KnobenK5,hysets_10296000,RF_Signature_K5,12783,0.05546493186350676,-0.043119169174819394,0.048834276804987586,KGE
unified_1981_2015,AUDIOSK5 vs KnobenK5,hysets_10296000,Knoben_K5,12783,0.8918988873310525,0.9436812503128116,0.016520789559326798,KGE
unified_1981_2015,AUDIOSK5 vs KnobenK5,hysets_10296500,RF_Signature_K5,12783,0.25942633028796647,0.13766639709176764,0.041263417903528665,KGE
unified_1981_2015,AUDIOSK5 vs KnobenK5,hysets_10296500,Knoben_K5,12783,0.6757688503317756,0.42719260832494166,0.027302878275203557,KGE
unified_1981_2015,AUDIOSK5 vs KnobenK5,hysets_10329500,RF_Signature_K5,12783,-0.7487557408769494,-0.23662765277880315,0.05384541974956045,KGE
unified_1981_2015,AUDIOSK5 vs KnobenK5,hysets_10329500,Knoben_K5,12783,0.10899860082155355,-0.3340046727487682,0.03843469005999203,KGE
unified_1981_2015,AUDIOSK5 vs KnobenK5,hysets_10396000,RF_Signature_K5,12783,0.5189304088214857,0.5708751079946615,0.044722579258915686,KGE
unified_1981_2015,AUDIOSK5 vs KnobenK5,hysets_10396000,Knoben_K5,12783,0.32573209919733725,0.6277011287084995,0.05294672865873324,KGE
unified_1981_2015,AUDIOSK5 vs KnobenK5,hysets_10AC005,RF_Signature_K5,12783,0.5184472643556459,0.5981014040692342,0.0777993396240443,KGE
unified_1981_2015,AUDIOSK5 vs KnobenK5,hysets_10AC005,Knoben_K5,12783,-0.9201164839956717,-0.338555298447627,0.15535233006528534,KGE
unified_1981_2015,AUDIOSK5 vs KnobenK5,hysets_10BE007,RF_Signature_K5,12783,-0.28827884886707666,0.33559237855196933,0.12887258487857695,KGE
unified_1981_2015,AUDIOSK5 vs KnobenK5,hysets_10BE007,Knoben_K5,12783,-0.531893222595992,0.27003045359778943,0.14053025963393292,KGE
unified_1981_2015,AUDIOSK5 vs KnobenK5,hysets_10BE009,RF_Signature_K5,12715,-8.69441755608964,-1.1898456817304979,0.28698617236655727,KGE
unified_1981_2015,AUDIOSK5 vs KnobenK5,hysets_10BE009,Knoben_K5,12715,-102.82217425470206,-6.5345962254205965,0.9391720750868705,KGE
unified_1981_2015,AUDIOSK5 vs KnobenK5,hysets_10ED003,RF_Signature_K5,12782,-0.5658134804119204,0.012868336701317484,0.029271473858447552,KGE
unified_1981_2015,AUDIOSK5 vs KnobenK5,hysets_10ED003,Knoben_K5,12782,-0.2151341621482037,-0.21133792902026305,0.025786161113533455,KGE
unified_1981_2015,AUDIOSK5 vs KnobenK5,hysets_10GC003,RF_Signature_K5,12783,-0.5864344141254387,0.008003208904369008,0.031640163189736024,KGE
unified_1981_2015,AUDIOSK5 vs KnobenK5,hysets_10GC003,Knoben_K5,12783,0.05627203944820047,0.13263845161953391,0.024403440808778817,KGE
unified_1981_2015,AUDIOSK5 vs KnobenK5,hysets_10LC003,RF_Signature_K5,12112,-0.8251510227968499,0.0018395637631833939,0.0648035964700573,KGE
unified_1981_2015,AUDIOSK5 vs KnobenK5,hysets_10LC003,Knoben_K5,12112,-37.875576865562515,-13.076562404538691,0.29908052145865743,KGE
unified_1981_2015,AUDIOSK5 vs KnobenK5,hysets_10LC007,RF_Signature_K5,12242,-0.17523951680754868,0.21476747868221802,0.05041188456656421,KGE
unified_1981_2015,AUDIOSK5 vs KnobenK5,hysets_10LC007,Knoben_K5,12242,-56.89384344413506,-11.110723962144942,0.35382289479547885,KGE
unified_1981_2015,AUDIOSK5 vs KnobenK5,hysets_11012500,RF_Signature_K5,12783,-27.335995556997442,-4.541150598960207,0.1410538719392825,KGE
unified_1981_2015,AUDIOSK5 vs KnobenK5,hysets_11012500,Knoben_K5,12783,-9.921642729811301,-3.146422319579111,0.08757088869212455,KGE
unified_1981_2015,AUDIOSK5 vs KnobenK5,hysets_11015000,RF_Signature_K5,12783,-0.3657723241974318,-0.10081443268589485,0.026848159233498904,KGE
unified_1981_2015,AUDIOSK5 vs KnobenK5,hysets_11015000,Knoben_K5,12783,0.3648936093638131,0.28533695101803924,0.0183083245404318,KGE
unified_1981_2015,AUDIOSK5 vs KnobenK5,hysets_11042400,RF_Signature_K5,12419,-6.517351584611114,-3.6892280482169326,0.04179764644505014,KGE
unified_1981_2015,AUDIOSK5 vs KnobenK5,hysets_11042400,Knoben_K5,12419,-3.487308198921732,-1.5670397545563834,0.032293293986081,KGE
unified_1981_2015,AUDIOSK5 vs KnobenK5,hysets_11123000,RF_Signature_K5,12783,0.047298508416742435,0.2551296897323292,0.03243065974413753,KGE
unified_1981_2015,AUDIOSK5 vs KnobenK5,hysets_11123000,Knoben_K5,12783,0.4331293580493718,0.06013559783234612,0.02501608500236526,KGE
unified_1981_2015,AUDIOSK5 vs KnobenK5,hysets_11123500,RF_Signature_K5,12783,0.1987205342184929,0.23243600238582773,0.029441123024874127,KGE
unified_1981_2015,AUDIOSK5 vs KnobenK5,hysets_11123500,Knoben_K5,12783,0.5120463111061537,0.28221934030210083,0.0229747962293175,KGE
unified_1981_2015,AUDIOSK5 vs KnobenK5,hysets_11124500,RF_Signature_K5,12783,-1.2494048835044147,0.08761225660120131,0.049442950138262234,KGE
unified_1981_2015,AUDIOSK5 vs KnobenK5,hysets_11124500,Knoben_K5,12783,0.8793536720179432,0.8187382292876539,0.011450583376467574,KGE
unified_1981_2015,AUDIOSK5 vs KnobenK5,hysets_11132500,RF_Signature_K5,12783,-0.4097330861660162,0.010343489763385838,0.02058618442597039,KGE
unified_1981_2015,AUDIOSK5 vs KnobenK5,hysets_11132500,Knoben_K5,12783,-0.044959504302895636,-0.29368268263921893,0.017723812339181234,KGE
unified_1981_2015,AUDIOSK5 vs KnobenK5,hysets_11140000,RF_Signature_K5,12783,-3.4723357923655414,-1.1416170455002517,0.060419859674445235,KGE
unified_1981_2015,AUDIOSK5 vs KnobenK5,hysets_11140000,Knoben_K5,12783,-8.459333390397141,-3.39037803154784,0.0878704350265598,KGE
unified_1981_2015,AUDIOSK5 vs KnobenK5,hysets_11143000,RF_Signature_K5,12783,-0.023610071904140773,-0.16574733251039064,0.052918284967264806,KGE
unified_1981_2015,AUDIOSK5 vs KnobenK5,hysets_11143000,Knoben_K5,12783,-0.2759923621441087,-0.18266475258849257,0.059082997802534745,KGE
unified_1981_2015,AUDIOSK5 vs KnobenK5,hysets_11143200,RF_Signature_K5,12783,0.36246845136943817,0.3765028880767519,0.02627780813278218,KGE
unified_1981_2015,AUDIOSK5 vs KnobenK5,hysets_11143200,Knoben_K5,12783,0.59302876228517,0.7674014607682362,0.02099520673163834,KGE
unified_1981_2015,AUDIOSK5 vs KnobenK5,hysets_11143250,RF_Signature_K5,12783,0.2709441224831297,0.541972046535935,0.03049159282812802,KGE
unified_1981_2015,AUDIOSK5 vs KnobenK5,hysets_11143250,Knoben_K5,12783,-0.24795726963403752,-0.11009845961948894,0.03989326313731169,KGE
unified_1981_2015,AUDIOSK5 vs KnobenK5,hysets_11148900,RF_Signature_K5,12783,0.07922945632195011,-0.06951754597891657,0.02739786058441904,KGE
unified_1981_2015,AUDIOSK5 vs KnobenK5,hysets_11148900,Knoben_K5,12783,0.4953254317423399,0.20620467964763756,0.020283675442252836,KGE
unified_1981_2015,AUDIOSK5 vs KnobenK5,hysets_11149900,RF_Signature_K5,12783,-0.8236096900930547,0.03608175791697121,0.038461486485721334,KGE
unified_1981_2015,AUDIOSK5 vs KnobenK5,hysets_11149900,Knoben_K5,12783,0.45447215754313675,0.5469858437078644,0.02103626242471488,KGE
unified_1981_2015,AUDIOSK5 vs KnobenK5,hysets_11151300,RF_Signature_K5,12682,-8.896264548230612,-3.0737220040116746,0.05049958501957817,KGE
unified_1981_2015,AUDIOSK5 vs KnobenK5,hysets_11151300,Knoben_K5,12682,-13.77279501527475,-15.25533206201932,0.06169976315997557,KGE
unified_1981_2015,AUDIOSK5 vs KnobenK5,hysets_11152000,RF_Signature_K5,12783,-0.0327332512439964,-0.0006671107050282288,0.032678320834671974,KGE
unified_1981_2015,AUDIOSK5 vs KnobenK5,hysets_11152000,Knoben_K5,12783,0.6885879209587735,0.6387163188563724,0.017944583354687068,KGE
unified_1981_2015,AUDIOSK5 vs KnobenK5,hysets_11202000,RF_Signature_K5,12783,0.33237331654543956,0.22839490002880836,0.023219380793506116,KGE
unified_1981_2015,AUDIOSK5 vs KnobenK5,hysets_11202000,Knoben_K5,12783,0.45774458682542896,0.31440974993644033,0.020925976774911086,KGE
unified_1981_2015,AUDIOSK5 vs KnobenK5,hysets_11202001,RF_Signature_K5,12783,0.08776721830321599,0.01990095968449901,0.031673657798442,KGE
unified_1981_2015,AUDIOSK5 vs KnobenK5,hysets_11202001,Knoben_K5,12783,0.10475708825440522,-0.047780157689051084,0.03137731866711019,KGE
unified_1981_2015,AUDIOSK5 vs KnobenK5,hysets_11224500,RF_Signature_K5,12783,-2.5894679278723585,-2.7380823273707597,0.02968080015251845,KGE
unified_1981_2015,AUDIOSK5 vs KnobenK5,hysets_11224500,Knoben_K5,12783,-3.993796511542026,-9.41347331617023,0.03500870022539624,KGE
unified_1981_2015,AUDIOSK5 vs KnobenK5,hysets_11230500,RF_Signature_K5,12783,-0.07365392164765217,-0.23142744655759429,0.05979660321634615,KGE
unified_1981_2015,AUDIOSK5 vs KnobenK5,hysets_11230500,Knoben_K5,12783,0.813512690704896,0.8100728903194205,0.024921202744220817,KGE
unified_1981_2015,AUDIOSK5 vs KnobenK5,hysets_11253310,RF_Signature_K5,12783,-8.45568616581086,-3.2386015908803136,0.0535835833228735,KGE
unified_1981_2015,AUDIOSK5 vs KnobenK5,hysets_11253310,Knoben_K5,12783,-17.928989898501005,-11.534331953553671,0.07581391918886352,KGE
unified_1981_2015,AUDIOSK5 vs KnobenK5,hysets_11264500,RF_Signature_K5,12783,0.9595552115660417,0.8497934399276782,0.013446647647106888,KGE
unified_1981_2015,AUDIOSK5 vs KnobenK5,hysets_11264500,Knoben_K5,12783,0.9423846278321661,0.7814872640079433,0.0160491459555492,KGE
unified_1981_2015,AUDIOSK5 vs KnobenK5,hysets_11266500,RF_Signature_K5,12783,0.914497668364256,0.8496453731132881,0.01488236471739974,KGE
unified_1981_2015,AUDIOSK5 vs KnobenK5,hysets_11266500,Knoben_K5,12783,0.7241115423157665,0.6550143471465754,0.026733125062098333,KGE
unified_1981_2015,AUDIOSK5 vs KnobenK5,hysets_11314500,RF_Signature_K5,12783,0.24838047435314947,0.1967979681994102,0.03967045740197565,KGE
unified_1981_2015,AUDIOSK5 vs KnobenK5,hysets_11314500,Knoben_K5,12783,0.6139335668585931,0.5836682177712009,0.028431462664522275,KGE
unified_1981_2015,AUDIOSK5 vs KnobenK5,hysets_11317000,RF_Signature_K5,12783,-0.3790473645899681,0.13228832625260667,0.04505336229561697,KGE
unified_1981_2015,AUDIOSK5 vs KnobenK5,hysets_11317000,Knoben_K5,12783,0.27906744465302724,0.044811299534258886,0.03257503829950403,KGE
unified_1981_2015,AUDIOSK5 vs KnobenK5,hysets_11318500,RF_Signature_K5,12783,0.3143007330896491,0.4031754779293374,0.02672670282992948,KGE
unified_1981_2015,AUDIOSK5 vs KnobenK5,hysets_11318500,Knoben_K5,12783,-0.5400572943324908,0.024617341747244614,0.040054100325968775,KGE
unified_1981_2015,AUDIOSK5 vs KnobenK5,hysets_11367500,RF_Signature_K5,12783,-2.319271030605515,-0.0996968610636435,0.05577360087906833,KGE
unified_1981_2015,AUDIOSK5 vs KnobenK5,hysets_11367500,Knoben_K5,12783,-2.949010514679745,0.1501915068963936,0.06083471415349919,KGE
unified_1981_2015,AUDIOSK5 vs KnobenK5,hysets_11374000,RF_Signature_K5,12783,0.028332725222582233,0.0649918666640743,0.06612902330097757,KGE
unified_1981_2015,AUDIOSK5 vs KnobenK5,hysets_11374000,Knoben_K5,12783,0.47980553450224406,0.649468260671384,0.048385605918230004,KGE
unified_1981_2015,AUDIOSK5 vs KnobenK5,hysets_11376550,RF_Signature_K5,12673,-1.7419991538281625,-0.010019769000402023,0.10564622708951536,KGE
unified_1981_2015,AUDIOSK5 vs KnobenK5,hysets_11376550,Knoben_K5,12673,-3.433557504310258,-0.9137723635270782,0.13433726634119084,KGE
unified_1981_2015,AUDIOSK5 vs KnobenK5,hysets_11379500,RF_Signature_K5,12783,0.17945872015401854,0.23407441932633044,0.043058639738285505,KGE
unified_1981_2015,AUDIOSK5 vs KnobenK5,hysets_11379500,Knoben_K5,12783,0.6067364773143153,0.5073496373046207,0.029809309849024804,KGE
unified_1981_2015,AUDIOSK5 vs KnobenK5,hysets_11381500,RF_Signature_K5,12783,-0.20992766217457537,0.0076501951160615755,0.031039911183612587,KGE
unified_1981_2015,AUDIOSK5 vs KnobenK5,hysets_11381500,Knoben_K5,12783,0.8234075542253156,0.799430228179458,0.011858419989435392,KGE
unified_1981_2015,AUDIOSK5 vs KnobenK5,hysets_11383500,RF_Signature_K5,12783,-0.3501558239498199,0.10427609023999973,0.03330431533355036,KGE
unified_1981_2015,AUDIOSK5 vs KnobenK5,hysets_11383500,Knoben_K5,12783,0.8758135135296854,0.6883907054436331,0.010100566513534704,KGE
unified_1981_2015,AUDIOSK5 vs KnobenK5,hysets_11402000,RF_Signature_K5,12783,-0.25824224411794217,-0.10239284814887717,0.035705226656091514,KGE
unified_1981_2015,AUDIOSK5 vs KnobenK5,hysets_11402000,Knoben_K5,12783,0.36529213363271806,0.35972593151518384,0.025359261595039106,KGE
unified_1981_2015,AUDIOSK5 vs KnobenK5,hysets_11413000,RF_Signature_K5,12783,0.2707547334571544,0.1700415078550621,0.032003472282563304,KGE
unified_1981_2015,AUDIOSK5 vs KnobenK5,hysets_11413000,Knoben_K5,12783,0.15939430649184916,-0.013106010110236266,0.03436026105246696,KGE
unified_1981_2015,AUDIOSK5 vs KnobenK5,hysets_11413300,RF_Signature_K5,12783,0.12655249052253792,-0.08868719735823927,0.027467645203854717,KGE
unified_1981_2015,AUDIOSK5 vs KnobenK5,hysets_11413300,Knoben_K5,12783,0.015554563924161213,-0.22945445092556382,0.029160760672295127,KGE
unified_1981_2015,AUDIOSK5 vs KnobenK5,hysets_11428800,RF_Signature_K5,12783,-1.2948560375087599,-2.819898154950569,0.022763780087685634,KGE
unified_1981_2015,AUDIOSK5 vs KnobenK5,hysets_11428800,Knoben_K5,12783,-0.2780789586983692,-1.9687627800753185,0.016988127068174187,KGE
unified_1981_2015,AUDIOSK5 vs KnobenK5,hysets_11433300,RF_Signature_K5,12783,-0.46701281644681125,0.053972288857962236,0.03278624215282108,KGE
unified_1981_2015,AUDIOSK5 vs KnobenK5,hysets_11433300,Knoben_K5,12783,0.004710695326757941,0.5072769596366973,0.027005321798109636,KGE
unified_1981_2015,AUDIOSK5 vs KnobenK5,hysets_11470500,RF_Signature_K5,12735,0.6080123907197419,0.49141130501385144,0.024446800761887474,KGE
unified_1981_2015,AUDIOSK5 vs KnobenK5,hysets_11470500,Knoben_K5,12735,-0.16923104966045788,-0.16733496621685418,0.04222173089528823,KGE
unified_1981_2015,AUDIOSK5 vs KnobenK5,hysets_11473900,RF_Signature_K5,12783,0.7692414496831925,0.6014092165223689,0.01862193470042268,KGE
unified_1981_2015,AUDIOSK5 vs KnobenK5,hysets_11473900,Knoben_K5,12783,0.5039212392973341,0.4770236821222873,0.02730368187267913,KGE
unified_1981_2015,AUDIOSK5 vs KnobenK5,hysets_11478500,RF_Signature_K5,12783,0.680327448772194,0.6009566490622049,0.03412893252363127,KGE
unified_1981_2015,AUDIOSK5 vs KnobenK5,hysets_11478500,Knoben_K5,12783,0.7003901274039037,0.5191623306650798,0.033040612620422204,KGE
unified_1981_2015,AUDIOSK5 vs KnobenK5,hysets_11480390,RF_Signature_K5,12783,0.8576257230493661,0.743709487035588,0.019873925607236335,KGE
unified_1981_2015,AUDIOSK5 vs KnobenK5,hysets_11480390,Knoben_K5,12783,0.8201201085645087,0.6115127298568981,0.022338767212018575,KGE
unified_1981_2015,AUDIOSK5 vs KnobenK5,hysets_11480410,RF_Signature_K5,12783,0.789891475816922,0.6831945281016787,0.022479212067177987,KGE
unified_1981_2015,AUDIOSK5 vs KnobenK5,hysets_11480410,Knoben_K5,12783,0.8217232989008386,0.6491654507131839,0.020706492665351156,KGE
unified_1981_2015,AUDIOSK5 vs KnobenK5,hysets_11481200,RF_Signature_K5,12783,0.8270258779772863,0.7800844759731347,0.01823381670262167,KGE
unified_1981_2015,AUDIOSK5 vs KnobenK5,hysets_11481200,Knoben_K5,12783,0.5164360102426593,0.41297664517684285,0.030486951041004278,KGE
unified_1981_2015,AUDIOSK5 vs KnobenK5,hysets_11482500,RF_Signature_K5,12783,0.8673634184783671,0.829871833692274,0.02022136709085485,KGE
unified_1981_2015,AUDIOSK5 vs KnobenK5,hysets_11482500,Knoben_K5,12783,0.7548010033309009,0.6619420424229352,0.02749401704461928,KGE
unified_1981_2015,AUDIOSK5 vs KnobenK5,hysets_11521500,RF_Signature_K5,12600,0.6292644598614732,0.7757551754495968,0.021168726112327688,KGE
unified_1981_2015,AUDIOSK5 vs KnobenK5,hysets_11521500,Knoben_K5,12600,-0.2053641007428333,0.12224818458353248,0.0381699630655874,KGE
unified_1981_2015,AUDIOSK5 vs KnobenK5,hysets_11522500,RF_Signature_K5,12783,0.1763744067492884,0.3108769248161447,0.033808757253727936,KGE
unified_1981_2015,AUDIOSK5 vs KnobenK5,hysets_11522500,Knoben_K5,12783,0.3951931502693645,0.663179191598152,0.028971610717115077,KGE
unified_1981_2015,AUDIOSK5 vs KnobenK5,hysets_11523200,RF_Signature_K5,12783,0.48618978988947636,0.4552947332263141,0.029386153272865003,KGE
unified_1981_2015,AUDIOSK5 vs KnobenK5,hysets_11523200,Knoben_K5,12783,0.27676407219628263,0.09305336297120237,0.03486433376697835,KGE
unified_1981_2015,AUDIOSK5 vs KnobenK5,hysets_11528700,RF_Signature_K5,12783,0.457618359698156,0.4233087895016391,0.03404899137512272,KGE
unified_1981_2015,AUDIOSK5 vs KnobenK5,hysets_11528700,Knoben_K5,12783,0.7771038057384838,0.584179806100979,0.021827454321654904,KGE
unified_1981_2015,AUDIOSK5 vs KnobenK5,hysets_11532500,RF_Signature_K5,12783,0.8132363980684889,0.7136717006777364,0.029241806791482663,KGE
unified_1981_2015,AUDIOSK5 vs KnobenK5,hysets_11532500,Knoben_K5,12783,0.8786921926046953,0.6866290081659421,0.023566900012177483,KGE
unified_1981_2015,AUDIOSK5 vs KnobenK5,hysets_12025700,RF_Signature_K5,12783,0.7569796811958497,0.7007991642656902,0.022291741110293084,KGE
unified_1981_2015,AUDIOSK5 vs KnobenK5,hysets_12025700,Knoben_K5,12783,0.7430545779351063,0.5830529185670723,0.022921505537721435,KGE
unified_1981_2015,AUDIOSK5 vs KnobenK5,hysets_12035000,RF_Signature_K5,12783,0.5553001116504349,0.6295021003969713,0.03709727747551188,KGE
unified_1981_2015,AUDIOSK5 vs KnobenK5,hysets_12035000,Knoben_K5,12783,0.6922423583625279,0.5535925384121579,0.03086121007714999,KGE
unified_1981_2015,AUDIOSK5 vs KnobenK5,hysets_12039500,RF_Signature_K5,12783,0.5973092616335294,0.5727109776559466,0.045758467078266044,KGE
unified_1981_2015,AUDIOSK5 vs KnobenK5,hysets_12039500,Knoben_K5,12783,0.597235608073672,0.4628423803896634,0.04576265157964412,KGE
unified_1981_2015,AUDIOSK5 vs KnobenK5,hysets_12040500,RF_Signature_K5,12783,0.7825582654071488,0.5968221481735019,0.03230411045163067,KGE
unified_1981_2015,AUDIOSK5 vs KnobenK5,hysets_12040500,Knoben_K5,12783,0.8293816840748848,0.6012840683278138,0.028615356445911715,KGE
unified_1981_2015,AUDIOSK5 vs KnobenK5,hysets_12041200,RF_Signature_K5,12783,0.6786423865352754,0.6460515835589297,0.038402349944822604,KGE
unified_1981_2015,AUDIOSK5 vs KnobenK5,hysets_12041200,Knoben_K5,12783,0.7864171839261704,0.6565462043903705,0.031307375217702466,KGE
unified_1981_2015,AUDIOSK5 vs KnobenK5,hysets_12043000,RF_Signature_K5,11628,0.3682765365693541,0.4043555139275882,0.04728061656848125,KGE
unified_1981_2015,AUDIOSK5 vs KnobenK5,hysets_12043000,Knoben_K5,11628,0.8708729581005921,0.7992408861086939,0.02137608799486936,KGE
unified_1981_2015,AUDIOSK5 vs KnobenK5,hysets_12048000,RF_Signature_K5,12783,-2.4575038280072317,-0.3475781350838072,0.12014726684796548,KGE
unified_1981_2015,AUDIOSK5 vs KnobenK5,hysets_12048000,Knoben_K5,12783,-0.35198704419606375,0.3944702496754571,0.07513094058029753,KGE
unified_1981_2015,AUDIOSK5 vs KnobenK5,hysets_12054000,RF_Signature_K5,12783,0.6025598848256772,0.7746137741547853,0.04196306855172586,KGE
unified_1981_2015,AUDIOSK5 vs KnobenK5,hysets_12054000,Knoben_K5,12783,0.5303653194350142,0.6986482578731901,0.04561539801314081,KGE
unified_1981_2015,AUDIOSK5 vs KnobenK5,hysets_12056500,RF_Signature_K5,12783,0.3516432114269552,0.34456284209191157,0.03922768465542669,KGE
unified_1981_2015,AUDIOSK5 vs KnobenK5,hysets_12056500,Knoben_K5,12783,0.28620361716748377,0.21196259525963024,0.041159758280874224,KGE
unified_1981_2015,AUDIOSK5 vs KnobenK5,hysets_12115000,RF_Signature_K5,12783,0.7829099466186034,0.6681723147889604,0.021502043038113688,KGE
unified_1981_2015,AUDIOSK5 vs KnobenK5,hysets_12115000,Knoben_K5,12783,0.7867771222774773,0.7605235079814887,0.021309667055201528,KGE
unified_1981_2015,AUDIOSK5 vs KnobenK5,hysets_12134500,RF_Signature_K5,12783,0.4872222624011945,0.4633816902797657,0.03626444277756281,KGE
unified_1981_2015,AUDIOSK5 vs KnobenK5,hysets_12134500,Knoben_K5,12783,-0.5650075006637498,-0.5288012627301304,0.06335408740238255,KGE
unified_1981_2015,AUDIOSK5 vs KnobenK5,hysets_12141300,RF_Signature_K5,12417,0.7278525507271988,0.6470254045835113,0.0296754540806535,KGE
unified_1981_2015,AUDIOSK5 vs KnobenK5,hysets_12141300,Knoben_K5,12417,0.8523896040459185,0.7276724417683043,0.021855145973933805,KGE
unified_1981_2015,AUDIOSK5 vs KnobenK5,hysets_12142000,RF_Signature_K5,12418,0.6384549784481928,0.6107551766710285,0.028813220221163036,KGE
unified_1981_2015,AUDIOSK5 vs KnobenK5,hysets_12142000,Knoben_K5,12418,0.7549123690056163,0.5484919905204724,0.023723092526049087,KGE
unified_1981_2015,AUDIOSK5 vs KnobenK5,hysets_12186000,RF_Signature_K5,12783,0.8278693877703636,0.8361683091502258,0.011704712119533786,KGE
unified_1981_2015,AUDIOSK5 vs KnobenK5,hysets_12186000,Knoben_K5,12783,0.5538395986788104,0.4330061600444446,0.018844177697951343,KGE
unified_1981_2015,AUDIOSK5 vs KnobenK5,hysets_12189500,RF_Signature_K5,12783,0.6377313000587509,0.6622295426816194,0.031687106847276374,KGE
unified_1981_2015,AUDIOSK5 vs KnobenK5,hysets_12189500,Knoben_K5,12783,0.6562746556982673,0.6211101842703513,0.030865474641149325,KGE
unified_1981_2015,AUDIOSK5 vs KnobenK5,hysets_12205000,RF_Signature_K5,12783,0.525694537426614,0.5913016506489297,0.04308971690806348,KGE
unified_1981_2015,AUDIOSK5 vs KnobenK5,hysets_12205000,Knoben_K5,12783,0.4538508186350497,0.47731677163315034,0.04623812568439831,KGE
unified_1981_2015,AUDIOSK5 vs KnobenK5,hysets_12324590,RF_Signature_K5,12632,-0.6372524259977101,-0.12252822989820178,0.0415709703516696,KGE
unified_1981_2015,AUDIOSK5 vs KnobenK5,hysets_12324590,Knoben_K5,12632,-27.9295893937953,-4.412068633277626,0.17474448391748013,KGE
unified_1981_2015,AUDIOSK5 vs KnobenK5,hysets_12330000,RF_Signature_K5,12663,0.2540686337147966,0.19486836042129385,0.04850632832034474,KGE
unified_1981_2015,AUDIOSK5 vs KnobenK5,hysets_12330000,Knoben_K5,12663,0.4500144715368313,0.725193576147587,0.04165091996752304,KGE
unified_1981_2015,AUDIOSK5 vs KnobenK5,hysets_12332000,RF_Signature_K5,12632,0.3863440917519301,0.5508339670749467,0.08641071135655867,KGE
unified_1981_2015,AUDIOSK5 vs KnobenK5,hysets_12332000,Knoben_K5,12632,0.6672118347270783,0.5786193960869703,0.06363397560020016,KGE
unified_1981_2015,AUDIOSK5 vs KnobenK5,hysets_12370000,RF_Signature_K5,12783,0.6665482990654019,0.7605339607939757,0.07699681110832168,KGE
unified_1981_2015,AUDIOSK5 vs KnobenK5,hysets_12370000,Knoben_K5,12783,0.2638655674253174,0.33779055493632004,0.11440232123766476,KGE
unified_1981_2015,AUDIOSK5 vs KnobenK5,hysets_12389500,RF_Signature_K5,12783,-1.2288512007193049,-0.11681539755089787,0.13145066511827688,KGE
unified_1981_2015,AUDIOSK5 vs KnobenK5,hysets_12389500,Knoben_K5,12783,-6.169963669246793,-1.298171237009491,0.23576575693167928,KGE
unified_1981_2015,AUDIOSK5 vs KnobenK5,hysets_12411000,RF_Signature_K5,12783,0.48550174821690206,0.5610269992063257,0.04759450584087848,KGE
unified_1981_2015,AUDIOSK5 vs KnobenK5,hysets_12411000,Knoben_K5,12783,0.39280825567954003,0.2933792865242818,0.051704435311080106,KGE
unified_1981_2015,AUDIOSK5 vs KnobenK5,hysets_12414900,RF_Signature_K5,12783,-0.7095806555537683,0.1619513332578354,0.0589988292837029,KGE
unified_1981_2015,AUDIOSK5 vs KnobenK5,hysets_12414900,Knoben_K5,12783,0.00041300307911473766,0.18171636351848008,0.04511374656634143,KGE
unified_1981_2015,AUDIOSK5 vs KnobenK5,hysets_12452800,RF_Signature_K5,12783,0.24396563112455916,0.49093203725316314,0.1013653668520033,KGE
unified_1981_2015,AUDIOSK5 vs KnobenK5,hysets_12452800,Knoben_K5,12783,0.8362447046589437,0.790928203022715,0.04717549908790156,KGE
unified_1981_2015,AUDIOSK5 vs KnobenK5,hysets_12488500,RF_Signature_K5,12783,0.6012698798267113,0.5519733535124969,0.05796029092174959,KGE
unified_1981_2015,AUDIOSK5 vs KnobenK5,hysets_12488500,Knoben_K5,12783,0.7268930494273773,0.6229688280063637,0.047968640642385714,KGE
unified_1981_2015,AUDIOSK5 vs KnobenK5,hysets_13010065,RF_Signature_K5,11780,0.7990512172220756,0.7008847574917318,0.05240622386395926,KGE
unified_1981_2015,AUDIOSK5 vs KnobenK5,hysets_13010065,Knoben_K5,11780,0.7754793732993073,0.6176890665759555,0.055394710963050584,KGE
unified_1981_2015,AUDIOSK5 vs KnobenK5,hysets_13011900,RF_Signature_K5,12445,0.562739410963047,0.5334496159285119,0.08758637195613342,KGE
unified_1981_2015,AUDIOSK5 vs KnobenK5,hysets_13011900,Knoben_K5,12445,0.32468737987310403,0.6599423880098578,0.1088475861360872,KGE
unified_1981_2015,AUDIOSK5 vs KnobenK5,hysets_13023000,RF_Signature_K5,12783,0.7198085745663205,0.6536113819785248,0.06553840950482968,KGE
unified_1981_2015,AUDIOSK5 vs KnobenK5,hysets_13023000,Knoben_K5,12783,0.24721224305136313,0.5979963634620699,0.10742484877133651,KGE
unified_1981_2015,AUDIOSK5 vs KnobenK5,hysets_13186000,RF_Signature_K5,12783,0.15434732755805247,0.11082125063626314,0.11297352341390537,KGE
unified_1981_2015,AUDIOSK5 vs KnobenK5,hysets_13186000,Knoben_K5,12783,0.2569797213160191,0.21015306487162932,0.10589635074075304,KGE
unified_1981_2015,AUDIOSK5 vs KnobenK5,hysets_13235000,RF_Signature_K5,12783,0.6945996972574711,0.7136433000093763,0.06792841911790531,KGE
unified_1981_2015,AUDIOSK5 vs KnobenK5,hysets_13235000,Knoben_K5,12783,0.9156318071242531,0.8622994463558354,0.03570311832904066,KGE
unified_1981_2015,AUDIOSK5 vs KnobenK5,hysets_13297355,RF_Signature_K5,12783,0.31055411052340753,0.35595776225770814,0.07915464685067733,KGE
unified_1981_2015,AUDIOSK5 vs KnobenK5,hysets_13297355,Knoben_K5,12783,0.3275329298767552,0.1620645201616654,0.07817390981978017,KGE
unified_1981_2015,AUDIOSK5 vs KnobenK5,hysets_13331500,RF_Signature_K5,12783,0.47675908792425903,0.4439920841121281,0.08643905736060381,KGE
unified_1981_2015,AUDIOSK5 vs KnobenK5,hysets_13331500,Knoben_K5,12783,0.8998296936825378,0.7775691713343816,0.03782062278866681,KGE
unified_1981_2015,AUDIOSK5 vs KnobenK5,hysets_13339500,RF_Signature_K5,12783,-0.7714768996660881,-0.18104608881593465,0.09866336411253213,KGE
unified_1981_2015,AUDIOSK5 vs KnobenK5,hysets_13339500,Knoben_K5,12783,-0.29748465614299624,0.4261154787990995,0.08443826247879621,KGE
unified_1981_2015,AUDIOSK5 vs KnobenK5,hysets_14013000,RF_Signature_K5,12783,-0.17406494721637467,-0.15461331080042107,0.03834987231058484,KGE
unified_1981_2015,AUDIOSK5 vs KnobenK5,hysets_14013000,Knoben_K5,12783,-0.2560588144203051,-0.16440919377391272,0.039666405662851394,KGE
unified_1981_2015,AUDIOSK5 vs KnobenK5,hysets_14020000,RF_Signature_K5,12783,0.4076755830269122,0.5538132315075416,0.047262615656548074,KGE
unified_1981_2015,AUDIOSK5 vs KnobenK5,hysets_14020000,Knoben_K5,12783,0.4725346046253548,0.32696496403163766,0.04460000647100929,KGE
unified_1981_2015,AUDIOSK5 vs KnobenK5,hysets_14020300,RF_Signature_K5,12600,-0.00814162699298926,0.15004850877178944,0.06997355870497934,KGE
unified_1981_2015,AUDIOSK5 vs KnobenK5,hysets_14020300,Knoben_K5,12600,0.7483561104904659,0.5609461422335849,0.03495959418192149,KGE
unified_1981_2015,AUDIOSK5 vs KnobenK5,hysets_14038530,RF_Signature_K5,12198,0.15156859142878165,0.5416462365437327,0.0695163559120581,KGE
unified_1981_2015,AUDIOSK5 vs KnobenK5,hysets_14038530,Knoben_K5,12198,-4.025007559468909,-1.0063548000796496,0.16917920858536903,KGE
unified_1981_2015,AUDIOSK5 vs KnobenK5,hysets_14044000,RF_Signature_K5,12783,0.13011734697607935,0.4809207066775494,0.07795113571005365,KGE
unified_1981_2015,AUDIOSK5 vs KnobenK5,hysets_14044000,Knoben_K5,12783,-5.246660116476863,-1.5038300814660643,0.2088892305096117,KGE
unified_1981_2015,AUDIOSK5 vs KnobenK5,hysets_14096850,RF_Signature_K5,11780,-0.7608212952833191,-0.14651449226359836,0.04054203699140498,KGE
unified_1981_2015,AUDIOSK5 vs KnobenK5,hysets_14096850,Knoben_K5,11780,0.1902161824200468,0.3264840046207239,0.027493654543824575,KGE
unified_1981_2015,AUDIOSK5 vs KnobenK5,hysets_14097100,RF_Signature_K5,12783,-1.733643422129258,-0.056362047282089156,0.041161325758044875,KGE
unified_1981_2015,AUDIOSK5 vs KnobenK5,hysets_14097100,Knoben_K5,12783,-0.024484157229570647,0.1902990494400134,0.025198288599789558,KGE
unified_1981_2015,AUDIOSK5 vs KnobenK5,hysets_14154500,RF_Signature_K5,12783,0.736333696143473,0.7588940435185281,0.029343029120548748,KGE
unified_1981_2015,AUDIOSK5 vs KnobenK5,hysets_14154500,Knoben_K5,12783,0.7885000754193209,0.7281586751205734,0.026280446374457388,KGE
unified_1981_2015,AUDIOSK5 vs KnobenK5,hysets_14158500,RF_Signature_K5,12783,-0.8266686030687038,0.11950562927767039,0.1401450017802362,KGE
unified_1981_2015,AUDIOSK5 vs KnobenK5,hysets_14158500,Knoben_K5,12783,0.17340166801054624,0.488275727512839,0.09427466408715492,KGE
unified_1981_2015,AUDIOSK5 vs KnobenK5,hysets_14166500,RF_Signature_K5,12783,0.5438877827291593,0.6954205253980945,0.04497534935429895,KGE
unified_1981_2015,AUDIOSK5 vs KnobenK5,hysets_14166500,Knoben_K5,12783,-2.900622185202826,-1.1378171185750707,0.13152419008359045,KGE
unified_1981_2015,AUDIOSK5 vs KnobenK5,hysets_14178000,RF_Signature_K5,12783,-0.5596106181880811,-0.02809488169259411,0.05355773903373572,KGE
unified_1981_2015,AUDIOSK5 vs KnobenK5,hysets_14178000,Knoben_K5,12783,0.04321868122908912,0.23140672779219484,0.04194889126707175,KGE
unified_1981_2015,AUDIOSK5 vs KnobenK5,hysets_14182500,RF_Signature_K5,12783,0.8398988282808062,0.883916345094703,0.013029823619909757,KGE
unified_1981_2015,AUDIOSK5 vs KnobenK5,hysets_14182500,Knoben_K5,12783,0.8191958002988863,0.7478537661345804,0.01384667626992193,KGE
unified_1981_2015,AUDIOSK5 vs KnobenK5,hysets_14185900,RF_Signature_K5,12783,0.8916553280888159,0.8636036747895361,0.019254989091226703,KGE
unified_1981_2015,AUDIOSK5 vs KnobenK5,hysets_14185900,Knoben_K5,12783,0.8123356129041122,0.6384616718209286,0.025341389837864603,KGE
unified_1981_2015,AUDIOSK5 vs KnobenK5,hysets_14236200,RF_Signature_K5,12783,0.8452036164622263,0.7114235133883313,0.01982279099544147,KGE
unified_1981_2015,AUDIOSK5 vs KnobenK5,hysets_14236200,Knoben_K5,12783,0.7592053621982944,0.8145448667773124,0.024723377640868724,KGE
unified_1981_2015,AUDIOSK5 vs KnobenK5,hysets_14301000,RF_Signature_K5,12783,0.7870292808764104,0.8518911624144467,0.029109715105964922,KGE
unified_1981_2015,AUDIOSK5 vs KnobenK5,hysets_14301000,Knoben_K5,12783,0.8717395991801593,0.8742700036032953,0.02259041986453815,KGE
unified_1981_2015,AUDIOSK5 vs KnobenK5,hysets_14306500,RF_Signature_K5,12783,0.8940394750483337,0.7945507224618134,0.02297770976083915,KGE
unified_1981_2015,AUDIOSK5 vs KnobenK5,hysets_14306500,Knoben_K5,12783,0.7145984113416175,0.8246337932677087,0.037710551336103286,KGE
unified_1981_2015,AUDIOSK5 vs KnobenK5,hysets_14308000,RF_Signature_K5,12783,0.6700503561114218,0.6188373534060319,0.031408007927470095,KGE
unified_1981_2015,AUDIOSK5 vs KnobenK5,hysets_14308000,Knoben_K5,12783,-3.045799464349569,-1.1517081430294374,0.10998127147220153,KGE
unified_1981_2015,AUDIOSK5 vs KnobenK5,hysets_14309500,RF_Signature_K5,12783,0.8470204635992769,0.8210318031818862,0.02576667022564605,KGE
unified_1981_2015,AUDIOSK5 vs KnobenK5,hysets_14309500,Knoben_K5,12783,0.7293937031895964,0.35847812615847796,0.0342697217315944,KGE
unified_1981_2015,AUDIOSK5 vs KnobenK5,hysets_14316700,RF_Signature_K5,12783,0.9049915858572734,0.8712982160840759,0.02137317165363649,KGE
unified_1981_2015,AUDIOSK5 vs KnobenK5,hysets_14316700,Knoben_K5,12783,0.8608417471001215,0.8861267386218948,0.025866783195375196,KGE
unified_1981_2015,AUDIOSK5 vs KnobenK5,hysets_14338000,RF_Signature_K5,12672,-0.38020464930318854,0.08707042446622038,0.06097796339463691,KGE
unified_1981_2015,AUDIOSK5 vs KnobenK5,hysets_14338000,Knoben_K5,12672,-2.455758293067241,-1.0543540252766657,0.09648789941000577,KGE
unified_1981_2015,AUDIOSK5 vs KnobenK5,hysets_14377100,RF_Signature_K5,12783,0.696344010089092,0.7345055543745798,0.03521787403405417,KGE
unified_1981_2015,AUDIOSK5 vs KnobenK5,hysets_14377100,Knoben_K5,12783,0.8804734138205834,0.7226256089624663,0.022095532241841527,KGE
unified_1981_2015,AUDIOSK5 vs KnobenK5,hysets_14400000,RF_Signature_K5,12783,0.6753403523554729,0.4951089859731648,0.03797156805169445,KGE
unified_1981_2015,AUDIOSK5 vs KnobenK5,hysets_14400000,Knoben_K5,12783,0.6207864479783305,0.2850047502862457,0.041038010673604394,KGE
unified_1981_2015,AUDIOSK5 vs KnobenK5,lamah_12425002,RF_Signature_K5,12783,-1.0957995029563432,-0.0748055403227641,0.07855792675443073,KGE
unified_1981_2015,AUDIOSK5 vs KnobenK5,lamah_12425002,Knoben_K5,12783,-0.24869416290553947,0.39997910191049946,0.06063776528195639,KGE
unified_1981_2015,AUDIOSK5 vs KnobenK5,lamah_16000708,RF_Signature_K5,11819,0.5683955803122707,0.7688670746780254,0.03556548560398908,KGE
unified_1981_2015,AUDIOSK5 vs KnobenK5,lamah_16000708,Knoben_K5,11819,0.5054477498158704,0.7491072100989571,0.038070790302055436,KGE
unified_1981_2015,AUDIOSK5 vs KnobenK5,lamah_16001303,RF_Signature_K5,12616,-5.391246777389269,-2.0298128536543145,0.06740596255327741,KGE
unified_1981_2015,AUDIOSK5 vs KnobenK5,lamah_16001303,Knoben_K5,12616,-7.063270391484785,-2.563590821711849,0.07571137494183493,KGE
unified_1981_2015,AUDIOSK5 vs KnobenK5,lamah_16610709,RF_Signature_K5,12676,0.12422331812166898,0.31232904201065015,0.024093803529249974,KGE
unified_1981_2015,AUDIOSK5 vs KnobenK5,lamah_16610709,Knoben_K5,12676,0.153182745713217,0.48428651567477543,0.023692098250406978,KGE
unified_1981_2015,AUDIOSK5 vs KnobenK5,lamah_17404000,RF_Signature_K5,12699,-0.6745073844185137,0.11580729582601346,0.05924567488817705,KGE
unified_1981_2015,AUDIOSK5 vs KnobenK5,lamah_17404000,Knoben_K5,12699,-1.226916364856422,-0.0883130045367615,0.06832270790788245,KGE
unified_1981_2015,AUDIOSK5 vs KnobenK5,lamah_18481006,RF_Signature_K5,12782,0.5863272654407439,0.6116731070272218,0.02453081022315293,KGE
unified_1981_2015,AUDIOSK5 vs KnobenK5,lamah_18481006,Knoben_K5,12782,0.623384712429744,0.685941592167965,0.023406281105285292,KGE
unified_1981_2015,AUDIOSK5 vs KnobenK5,lamah_18486000,RF_Signature_K5,12783,0.5742890743709888,0.5165494813213726,0.02807014989224515,KGE
unified_1981_2015,AUDIOSK5 vs KnobenK5,lamah_18486000,Knoben_K5,12783,0.5314650973541618,0.4988481184817445,0.029448169745735005,KGE
unified_1981_2015,AUDIOSK5 vs KnobenK5,lamah_200253,RF_Signature_K5,12783,0.275692228872626,0.3057120481515938,0.048533053456088035,KGE
unified_1981_2015,AUDIOSK5 vs KnobenK5,lamah_200253,Knoben_K5,12783,0.7178685271435934,0.668468771390196,0.030290177022415217,KGE
unified_1981_2015,AUDIOSK5 vs KnobenK5,lamah_200261,RF_Signature_K5,12783,0.3101568897465755,0.2931978058176432,0.04631869355752752,KGE
unified_1981_2015,AUDIOSK5 vs KnobenK5,lamah_200261,Knoben_K5,12783,0.6266144503743821,0.5356300646101009,0.03407688502579963,KGE
unified_1981_2015,AUDIOSK5 vs KnobenK5,lamah_200303,RF_Signature_K5,12783,0.12073633015425655,0.32824340255299056,0.04562809398082011,KGE
unified_1981_2015,AUDIOSK5 vs KnobenK5,lamah_200303,Knoben_K5,12783,0.2423324917369637,0.3285795849606902,0.04235572253067951,KGE
unified_1981_2015,AUDIOSK5 vs KnobenK5,lamah_201087,RF_Signature_K5,12783,0.5285388925174793,0.5130531363292401,0.03454957281361521,KGE
unified_1981_2015,AUDIOSK5 vs KnobenK5,lamah_201087,Knoben_K5,12783,0.611990596344425,0.5763688029451861,0.031343022285339694,KGE
unified_1981_2015,AUDIOSK5 vs KnobenK5,lamah_201095,RF_Signature_K5,12783,0.47291062057765887,0.6788725698786657,0.036639580583215245,KGE
unified_1981_2015,AUDIOSK5 vs KnobenK5,lamah_201095,Knoben_K5,12783,0.4553419716324746,0.6957174511102133,0.03724520042609008,KGE
unified_1981_2015,AUDIOSK5 vs KnobenK5,lamah_201160,RF_Signature_K5,12783,0.7033107399296005,0.6950758811268662,0.028295744315496217,KGE
unified_1981_2015,AUDIOSK5 vs KnobenK5,lamah_201160,Knoben_K5,12783,0.6199381750922435,0.4952795241370408,0.03202560438057359,KGE
unified_1981_2015,AUDIOSK5 vs KnobenK5,lamah_201236,RF_Signature_K5,12783,0.5395733927975521,0.5904236045322657,0.030412023601028945,KGE
unified_1981_2015,AUDIOSK5 vs KnobenK5,lamah_201236,Knoben_K5,12783,0.2040267454595357,0.18739176766045973,0.03998658819651916,KGE
unified_1981_2015,AUDIOSK5 vs KnobenK5,lamah_201251,RF_Signature_K5,12783,0.7384798829265531,0.7137543946137966,0.02395799236572351,KGE
unified_1981_2015,AUDIOSK5 vs KnobenK5,lamah_201251,Knoben_K5,12783,0.8902310403054731,0.8283973663033931,0.015521641390715851,KGE
unified_1981_2015,AUDIOSK5 vs KnobenK5,lamah_201335,RF_Signature_K5,12783,-1.5843813658753718,-0.45408244147362287,0.12164595366388552,KGE
unified_1981_2015,AUDIOSK5 vs KnobenK5,lamah_201335,Knoben_K5,12783,-1.0018402009502694,-0.20372542683284944,0.10706168400033042,KGE
unified_1981_2015,AUDIOSK5 vs KnobenK5,lamah_201392,RF_Signature_K5,12783,0.5275739039392044,0.6986032245947258,0.07502569486139177,KGE
unified_1981_2015,AUDIOSK5 vs KnobenK5,lamah_201392,Knoben_K5,12783,0.3969532729044164,0.538367959999156,0.08476539089661339,KGE
unified_1981_2015,AUDIOSK5 vs KnobenK5,lamah_201434,RF_Signature_K5,12783,0.7263355475265568,0.7524494549430223,0.05397643320421639,KGE
unified_1981_2015,AUDIOSK5 vs KnobenK5,lamah_201434,Knoben_K5,12783,0.5966403436545653,0.5679020166202027,0.06553015837852284,KGE
unified_1981_2015,AUDIOSK5 vs KnobenK5,lamah_201558,RF_Signature_K5,12783,0.7507286222915396,0.7868940068458571,0.0587355800722922,KGE
unified_1981_2015,AUDIOSK5 vs KnobenK5,lamah_201558,Knoben_K5,12783,0.7416010193104028,0.7901314550280849,0.05980127634369621,KGE
unified_1981_2015,AUDIOSK5 vs KnobenK5,lamah_201566,RF_Signature_K5,12783,0.7485410541849031,0.6643908655665607,0.04083397939482619,KGE
unified_1981_2015,AUDIOSK5 vs KnobenK5,lamah_201566,Knoben_K5,12783,0.5344327670616345,0.6157725665836927,0.05556219103759934,KGE
unified_1981_2015,AUDIOSK5 vs KnobenK5,lamah_201574,RF_Signature_K5,12783,0.8998142090498851,0.9478120447467238,0.031401213416264506,KGE
unified_1981_2015,AUDIOSK5 vs KnobenK5,lamah_201574,Knoben_K5,12783,0.5157200218127825,0.7013943107003047,0.06903854373850575,KGE
unified_1981_2015,AUDIOSK5 vs KnobenK5,lamah_201723,RF_Signature_K5,12783,0.7771756305631807,0.8023143150827733,0.026921121246460757,KGE
unified_1981_2015,AUDIOSK5 vs KnobenK5,lamah_201723,Knoben_K5,12783,0.785902218680161,0.8655811932221873,0.026388693218924893,KGE
unified_1981_2015,AUDIOSK5 vs KnobenK5,lamah_201848,RF_Signature_K5,12054,0.6944195695050641,0.8383345166981189,0.03763074793063965,KGE
unified_1981_2015,AUDIOSK5 vs KnobenK5,lamah_201848,Knoben_K5,12054,0.5133721384032335,0.5381504255104603,0.04748741906053851,KGE
unified_1981_2015,AUDIOSK5 vs KnobenK5,lamah_202036,RF_Signature_K5,12783,0.7371590370182439,0.7883236804423337,0.029280214017574333,KGE
unified_1981_2015,AUDIOSK5 vs KnobenK5,lamah_202036,Knoben_K5,12783,0.6610548143576905,0.5362557647545227,0.03325006179306179,KGE
unified_1981_2015,AUDIOSK5 vs KnobenK5,lamah_203026,RF_Signature_K5,12783,0.7742900667826884,0.6601596437649064,0.02281335661283988,KGE
unified_1981_2015,AUDIOSK5 vs KnobenK5,lamah_203026,Knoben_K5,12783,0.4983629827227706,0.6055532617139909,0.034010157381145885,KGE
unified_1981_2015,AUDIOSK5 vs KnobenK5,lamah_203075,RF_Signature_K5,12783,0.7093118210826567,0.6219671805862927,0.04525557470640021,KGE
unified_1981_2015,AUDIOSK5 vs KnobenK5,lamah_203075,Knoben_K5,12783,0.7479411711469008,0.7222946464298388,0.04214143846889502,KGE
unified_1981_2015,AUDIOSK5 vs KnobenK5,lamah_203166,RF_Signature_K5,12783,0.817204822581627,0.8327227440014447,0.04274194897926519,KGE
unified_1981_2015,AUDIOSK5 vs KnobenK5,lamah_203166,Knoben_K5,12783,0.016293804822368863,0.3294795838144299,0.09915272581066736,KGE
unified_1981_2015,AUDIOSK5 vs KnobenK5,lamah_203224,RF_Signature_K5,12783,0.7647463251001285,0.6970985077245532,0.04163027185619917,KGE
unified_1981_2015,AUDIOSK5 vs KnobenK5,lamah_203224,Knoben_K5,12783,0.6773187322316795,0.521606806981141,0.04875598290397155,KGE
unified_1981_2015,AUDIOSK5 vs KnobenK5,lamah_203265,RF_Signature_K5,12783,0.5009440359461834,0.5847727334825363,0.040260556904679404,KGE
unified_1981_2015,AUDIOSK5 vs KnobenK5,lamah_203265,Knoben_K5,12783,-0.4528144014463362,0.16047934001898712,0.06869264214302614,KGE
unified_1981_2015,AUDIOSK5 vs KnobenK5,lamah_203307,RF_Signature_K5,12778,0.6022510813442633,0.513987223133397,0.029908702875899883,KGE
unified_1981_2015,AUDIOSK5 vs KnobenK5,lamah_203307,Knoben_K5,12778,0.7838082681746357,0.8025967941540301,0.022050204153169137,KGE
unified_1981_2015,AUDIOSK5 vs KnobenK5,lamah_203463,RF_Signature_K5,12783,0.6234395992159626,0.651231213633223,0.026448135410847697,KGE
unified_1981_2015,AUDIOSK5 vs KnobenK5,lamah_203463,Knoben_K5,12783,0.7206189935943352,0.6618942636052206,0.0227811778592565,KGE
unified_1981_2015,AUDIOSK5 vs KnobenK5,lamah_203505,RF_Signature_K5,12783,0.650437428105287,0.7801484430261842,0.0273911712513949,KGE
unified_1981_2015,AUDIOSK5 vs KnobenK5,lamah_203505,Knoben_K5,12783,0.6741679614174787,0.8280126456483283,0.026445089000435462,KGE
unified_1981_2015,AUDIOSK5 vs KnobenK5,lamah_203711,RF_Signature_K5,12783,0.8639165743372983,0.8345737282405365,0.025774109242059237,KGE
unified_1981_2015,AUDIOSK5 vs KnobenK5,lamah_203711,Knoben_K5,12783,0.8725332015739955,0.8161597395687175,0.024944774779275165,KGE
unified_1981_2015,AUDIOSK5 vs KnobenK5,lamah_203752,RF_Signature_K5,12783,0.7802498578699465,0.8897351247688192,0.039218272885309005,KGE
unified_1981_2015,AUDIOSK5 vs KnobenK5,lamah_203752,Knoben_K5,12783,0.9128788440989032,0.9517751675011104,0.02469367319256416,KGE
unified_1981_2015,AUDIOSK5 vs KnobenK5,lamah_203760,RF_Signature_K5,12783,0.581834219222746,0.568988054282271,0.059233115897403744,KGE
unified_1981_2015,AUDIOSK5 vs KnobenK5,lamah_203760,Knoben_K5,12783,0.7883521187161616,0.7463670234110349,0.04214026827173415,KGE
unified_1981_2015,AUDIOSK5 vs KnobenK5,lamah_203786,RF_Signature_K5,12775,0.8773505804568128,0.8040340669998083,0.04199535082714432,KGE
unified_1981_2015,AUDIOSK5 vs KnobenK5,lamah_203786,Knoben_K5,12775,0.8555810325123481,0.8332002931604168,0.04557016309844652,KGE
unified_1981_2015,AUDIOSK5 vs KnobenK5,lamah_203794,RF_Signature_K5,12783,0.7484699448976255,0.7783309137572998,0.04183631200414856,KGE
unified_1981_2015,AUDIOSK5 vs KnobenK5,lamah_203794,Knoben_K5,12783,0.8070861431781283,0.8284471763198018,0.03663870896591967,KGE
unified_1981_2015,AUDIOSK5 vs KnobenK5,lamah_203828,RF_Signature_K5,12783,0.7758766303574955,0.7921857962507485,0.04513971609622408,KGE
unified_1981_2015,AUDIOSK5 vs KnobenK5,lamah_203828,Knoben_K5,12783,0.8067590686833961,0.7894169857109079,0.04191455044994515,KGE
unified_1981_2015,AUDIOSK5 vs KnobenK5,lamah_204875,RF_Signature_K5,12419,-0.45689969836190136,-0.04511015392768747,0.05537579408646473,KGE
unified_1981_2015,AUDIOSK5 vs KnobenK5,lamah_204875,Knoben_K5,12419,-0.028383378414561955,0.39352644648641677,0.046524601791108657,KGE
unified_1981_2015,AUDIOSK5 vs KnobenK5,lamah_204925,RF_Signature_K5,12783,-0.4701960253943993,-0.004823018037066307,0.0398739289009553,KGE
unified_1981_2015,AUDIOSK5 vs KnobenK5,lamah_204925,Knoben_K5,12783,-2.5814440909325858,-0.6501007768740918,0.06223439842916344,KGE
unified_1981_2015,AUDIOSK5 vs KnobenK5,lamah_205104,RF_Signature_K5,12783,0.3952478705925623,0.30984821974937626,0.06070644373964853,KGE
unified_1981_2015,AUDIOSK5 vs KnobenK5,lamah_205104,Knoben_K5,12783,0.5243264107842951,0.4292410747073693,0.053839449218391226,KGE
unified_1981_2015,AUDIOSK5 vs KnobenK5,lamah_205179,RF_Signature_K5,12783,0.38907174466485694,0.49938482745087054,0.09640318279976283,KGE
unified_1981_2015,AUDIOSK5 vs KnobenK5,lamah_205179,Knoben_K5,12783,0.3852803878703529,0.41017699906122906,0.0967018541656576,KGE
unified_1981_2015,AUDIOSK5 vs KnobenK5,lamah_205294,RF_Signature_K5,12783,-0.13097798582857334,0.13531937551747897,0.05353175449031219,KGE
unified_1981_2015,AUDIOSK5 vs KnobenK5,lamah_205294,Knoben_K5,12783,0.6568837924054913,0.6344320718135755,0.029485263838132464,KGE
unified_1981_2015,AUDIOSK5 vs KnobenK5,lamah_205500,RF_Signature_K5,12783,0.7976823805810913,0.823168550297986,0.022277660574571784,KGE
unified_1981_2015,AUDIOSK5 vs KnobenK5,lamah_205500,Knoben_K5,12783,0.4744402961817794,0.4721897215107864,0.035905729866778945,KGE
unified_1981_2015,AUDIOSK5 vs KnobenK5,lamah_205740,RF_Signature_K5,12783,0.7048615518877593,0.548646311228065,0.024791005540496073,KGE
unified_1981_2015,AUDIOSK5 vs KnobenK5,lamah_205740,Knoben_K5,12783,0.6286022606565307,0.4767818305654564,0.02780999275289219,KGE
unified_1981_2015,AUDIOSK5 vs KnobenK5,lamah_205823,RF_Signature_K5,12783,0.7909816487421641,0.8539465033643245,0.020222165527935234,KGE
unified_1981_2015,AUDIOSK5 vs KnobenK5,lamah_205823,Knoben_K5,12783,0.8296624550532443,0.8657873277631696,0.01825537017776648,KGE
unified_1981_2015,AUDIOSK5 vs KnobenK5,lamah_205831,RF_Signature_K5,12783,0.7675053724712018,0.738580593035749,0.023553289030388225,KGE
unified_1981_2015,AUDIOSK5 vs KnobenK5,lamah_205831,Knoben_K5,12783,0.7920137491894638,0.784174173804826,0.022277292841084022,KGE
unified_1981_2015,AUDIOSK5 vs KnobenK5,lamah_205864,RF_Signature_K5,12783,0.5352319746647146,0.5237770599854086,0.04289895461402252,KGE
unified_1981_2015,AUDIOSK5 vs KnobenK5,lamah_205864,Knoben_K5,12783,0.384700629948715,0.33996055883947096,0.04935962178567754,KGE
unified_1981_2015,AUDIOSK5 vs KnobenK5,lamah_205898,RF_Signature_K5,12783,0.5877158244516805,0.6932117935748203,0.03209324486346909,KGE
unified_1981_2015,AUDIOSK5 vs KnobenK5,lamah_205898,Knoben_K5,12783,0.8325812318478494,0.8609030079747897,0.02045113275213785,KGE
unified_1981_2015,AUDIOSK5 vs KnobenK5,lamah_206508,RF_Signature_K5,12783,0.5356814311480553,0.4830136554803569,0.04125449155842176,KGE
unified_1981_2015,AUDIOSK5 vs KnobenK5,lamah_206508,Knoben_K5,12783,-0.13656559191067075,0.026732895653466926,0.0645446819377139,KGE
unified_1981_2015,AUDIOSK5 vs KnobenK5,lamah_207654,RF_Signature_K5,12783,0.10095900580883022,0.12695479021609435,0.05135624058278804,KGE
unified_1981_2015,AUDIOSK5 vs KnobenK5,lamah_207654,Knoben_K5,12783,0.6293795116063595,0.5131017702631874,0.03297373848236402,KGE
unified_1981_2015,AUDIOSK5 vs KnobenK5,lamah_207738,RF_Signature_K5,12783,0.10452359127693478,0.18229643487432023,0.04137074881415832,KGE
unified_1981_2015,AUDIOSK5 vs KnobenK5,lamah_207738,Knoben_K5,12783,0.6347673955853839,0.6392876475852263,0.02642111110770648,KGE
unified_1981_2015,AUDIOSK5 vs KnobenK5,lamah_207852,RF_Signature_K5,12783,-0.3464871596430181,0.07293102450846911,0.04092984082813037,KGE
unified_1981_2015,AUDIOSK5 vs KnobenK5,lamah_207852,Knoben_K5,12783,0.3428792425891727,0.38011537407813945,0.028593119586293705,KGE
unified_1981_2015,AUDIOSK5 vs KnobenK5,lamah_208116,RF_Signature_K5,12783,-1.3207630774305454,-0.1498625333174517,0.05574397500452439,KGE
unified_1981_2015,AUDIOSK5 vs KnobenK5,lamah_208116,Knoben_K5,12783,-1.9501060107026773,-0.9269436558555688,0.062849429853964,KGE
unified_1981_2015,AUDIOSK5 vs KnobenK5,lamah_208686,RF_Signature_K5,12783,-0.6714325264196872,0.023079451220646252,0.04459181334905406,KGE
unified_1981_2015,AUDIOSK5 vs KnobenK5,lamah_208686,Knoben_K5,12783,-0.32826153740281905,0.09555803063664725,0.039751407199980354,KGE
unified_1981_2015,AUDIOSK5 vs KnobenK5,lamah_209361,RF_Signature_K5,12783,0.19738725387611278,0.46356564729235117,0.029572636991363938,KGE
unified_1981_2015,AUDIOSK5 vs KnobenK5,lamah_209361,Knoben_K5,12783,0.5767979174921884,0.47431988893838417,0.021473899891176266,KGE
unified_1981_2015,AUDIOSK5 vs KnobenK5,lamah_209551,RF_Signature_K5,11688,0.6067185593362754,0.5051892030780435,0.032126077676071625,KGE
unified_1981_2015,AUDIOSK5 vs KnobenK5,lamah_209551,Knoben_K5,11688,0.6929046403353323,0.5926059697473238,0.028388510480974394,KGE
unified_1981_2015,AUDIOSK5 vs KnobenK5,lamah_210526,RF_Signature_K5,12783,0.5490803616656244,0.5263230764981836,0.06435708310470846,KGE
unified_1981_2015,AUDIOSK5 vs KnobenK5,lamah_210526,Knoben_K5,12783,0.4258073394982518,0.3467842872168272,0.0726232358186319,KGE
unified_1981_2015,AUDIOSK5 vs KnobenK5,lamah_210641,RF_Signature_K5,12783,0.7678240406412302,0.8323842739702896,0.036859242309805786,KGE
unified_1981_2015,AUDIOSK5 vs KnobenK5,lamah_210641,Knoben_K5,12783,0.8668749121634832,0.8038532059794408,0.027910507460661052,KGE
unified_1981_2015,AUDIOSK5 vs KnobenK5,lamah_210773,RF_Signature_K5,12783,0.7316868328498685,0.8481951372390708,0.04044556993387336,KGE
unified_1981_2015,AUDIOSK5 vs KnobenK5,lamah_210773,Knoben_K5,12783,0.849386140057643,0.9041291436425962,0.030302777441030687,KGE
unified_1981_2015,AUDIOSK5 vs KnobenK5,lamah_210815,RF_Signature_K5,12783,0.6375684884293715,0.7015797697479639,0.05264129045351219,KGE
unified_1981_2015,AUDIOSK5 vs KnobenK5,lamah_210815,Knoben_K5,12783,0.6912980392121746,0.7708822014563793,0.048582878840733215,KGE
unified_1981_2015,AUDIOSK5 vs KnobenK5,lamah_210856,RF_Signature_K5,12783,0.32639522887904615,0.3529698979576915,0.0713317630782413,KGE
unified_1981_2015,AUDIOSK5 vs KnobenK5,lamah_210856,Knoben_K5,12783,0.22647891390196329,0.29547840236714673,0.07643925746493006,KGE
unified_1981_2015,AUDIOSK5 vs KnobenK5,lamah_210864,RF_Signature_K5,12783,-0.18988473899934633,0.2841352172348639,0.0485618572302827,KGE
unified_1981_2015,AUDIOSK5 vs KnobenK5,lamah_210864,Knoben_K5,12783,-0.10848047585151499,0.4188313208748178,0.04687128549071777,KGE
unified_1981_2015,AUDIOSK5 vs KnobenK5,lamah_210898,RF_Signature_K5,12783,-0.2284434780169129,0.17082924865277038,0.07513516512871637,KGE
unified_1981_2015,AUDIOSK5 vs KnobenK5,lamah_210898,Knoben_K5,12783,0.4839952310999175,0.7407834476930345,0.048695913068429644,KGE
unified_1981_2015,AUDIOSK5 vs KnobenK5,lamah_211086,RF_Signature_K5,12783,0.6298753215754123,0.7397496856395047,0.050027002918276935,KGE
unified_1981_2015,AUDIOSK5 vs KnobenK5,lamah_211086,Knoben_K5,12783,0.518849114323095,0.6276119708603363,0.0570388956813776,KGE
unified_1981_2015,AUDIOSK5 vs KnobenK5,lamah_211169,RF_Signature_K5,12783,0.30072473726569016,0.6690245585413629,0.07186901993939536,KGE
unified_1981_2015,AUDIOSK5 vs KnobenK5,lamah_211169,Knoben_K5,12783,-0.37618844548074293,0.38640188531164443,0.10082229838605698,KGE
unified_1981_2015,AUDIOSK5 vs KnobenK5,lamah_211656,RF_Signature_K5,12418,-1.1546112507558863,-0.10345990571402819,0.05092756030972905,KGE
unified_1981_2015,AUDIOSK5 vs KnobenK5,lamah_211656,Knoben_K5,12418,-2.0119683768477454,-0.6906804647365556,0.06021346423821518,KGE
unified_1981_2015,AUDIOSK5 vs KnobenK5,lamah_212027,RF_Signature_K5,12783,0.2624171099541476,0.6356951433344029,0.08628503267552218,KGE
unified_1981_2015,AUDIOSK5 vs KnobenK5,lamah_212027,Knoben_K5,12783,0.07608416415171493,0.42534945070874686,0.09657089503398654,KGE
unified_1981_2015,AUDIOSK5 vs KnobenK5,lamah_212092,RF_Signature_K5,12783,0.8721356897728905,0.8189479013812927,0.028622977625884883,KGE
unified_1981_2015,AUDIOSK5 vs KnobenK5,lamah_212092,Knoben_K5,12783,0.7218498741890269,0.6769829211037856,0.042216261504574366,KGE
unified_1981_2015,AUDIOSK5 vs KnobenK5,lamah_212100,RF_Signature_K5,12783,0.6073715616698874,0.6184962035417916,0.04699180584832184,KGE
unified_1981_2015,AUDIOSK5 vs KnobenK5,lamah_212100,Knoben_K5,12783,0.8235074932515741,0.7737819185886364,0.03150608165780735,KGE
unified_1981_2015,AUDIOSK5 vs KnobenK5,lamah_212167,RF_Signature_K5,12783,0.6759125344789194,0.6881084199209022,0.061631454827942994,KGE
unified_1981_2015,AUDIOSK5 vs KnobenK5,lamah_212167,Knoben_K5,12783,0.949087524453659,0.8383633024140914,0.024427746784865933,KGE
unified_1981_2015,AUDIOSK5 vs KnobenK5,lamah_212183,RF_Signature_K5,12783,0.8600853832378212,0.8630019288219606,0.03169608940943136,KGE
unified_1981_2015,AUDIOSK5 vs KnobenK5,lamah_212183,Knoben_K5,12783,0.8304294612568203,0.790072910682735,0.03489388614133769,KGE
unified_1981_2015,AUDIOSK5 vs KnobenK5,lamah_212399,RF_Signature_K5,12783,0.33966253102340216,0.6128741987126889,0.06638127760793823,KGE
unified_1981_2015,AUDIOSK5 vs KnobenK5,lamah_212399,Knoben_K5,12783,-0.7881304139586198,0.02362564192493677,0.10923510524653876,KGE
unified_1981_2015,AUDIOSK5 vs KnobenK5,lamah_212431,RF_Signature_K5,12783,0.12839658065639725,0.47400975592734773,0.08662788880530692,KGE
unified_1981_2015,AUDIOSK5 vs KnobenK5,lamah_212431,Knoben_K5,12783,0.32103841387007304,0.5267381684854977,0.07645763665115074,KGE
unified_1981_2015,AUDIOSK5 vs KnobenK5,lamah_212613,RF_Signature_K5,12783,0.601689201355103,0.6336336183197533,0.04968413715829846,KGE
unified_1981_2015,AUDIOSK5 vs KnobenK5,lamah_212613,Knoben_K5,12783,0.6133809219695352,0.6945175847018343,0.048949510374459576,KGE
unified_1981_2015,AUDIOSK5 vs KnobenK5,lamah_212647,RF_Signature_K5,12783,0.7697169915981517,0.7339530607839158,0.028379786665387364,KGE
unified_1981_2015,AUDIOSK5 vs KnobenK5,lamah_212647,Knoben_K5,12783,0.4840944265451368,0.6084634105192033,0.0424779245441088,KGE
unified_1981_2015,AUDIOSK5 vs KnobenK5,lamah_212670,RF_Signature_K5,12783,0.41282284847592043,0.42310874304860513,0.0411332020459433,KGE
unified_1981_2015,AUDIOSK5 vs KnobenK5,lamah_212670,Knoben_K5,12783,0.19284379095963866,0.3629913972997715,0.048226610644969664,KGE
unified_1981_2015,AUDIOSK5 vs KnobenK5,lamah_212860,RF_Signature_K5,12783,0.6085664860933281,0.5396427481130299,0.04713919034934871,KGE
unified_1981_2015,AUDIOSK5 vs KnobenK5,lamah_212860,Knoben_K5,12783,0.3207408341616016,0.5771710248961026,0.06209703576455349,KGE
unified_1981_2015,AUDIOSK5 vs KnobenK5,lamah_212878,RF_Signature_K5,12783,0.021335848785032918,0.11740211430387393,0.06252466817518662,KGE
unified_1981_2015,AUDIOSK5 vs KnobenK5,lamah_212878,Knoben_K5,12783,-0.4018791315912891,0.354723396599812,0.07483242875359862,KGE
unified_1981_2015,AUDIOSK5 vs KnobenK5,lamah_212886,RF_Signature_K5,12783,0.23803723188381665,0.4028720141870591,0.051294727037364804,KGE
unified_1981_2015,AUDIOSK5 vs KnobenK5,lamah_212886,Knoben_K5,12783,-0.4670345684552395,0.30573519576891384,0.0711747616362339,KGE
unified_1981_2015,AUDIOSK5 vs KnobenK5,lamah_212928,RF_Signature_K5,12783,-1.5382616871935224,0.15241380128414805,0.1551027724029624,KGE
unified_1981_2015,AUDIOSK5 vs KnobenK5,lamah_212928,Knoben_K5,12783,-3.301174927477464,-0.27596314468731653,0.2019039968511004,KGE
unified_1981_2015,AUDIOSK5 vs KnobenK5,lamah_213124,RF_Signature_K5,12783,0.2915748360326992,0.5135954550489772,0.06800169609307169,KGE
unified_1981_2015,AUDIOSK5 vs KnobenK5,lamah_213124,Knoben_K5,12783,0.08738916470817926,0.4089199192139996,0.07718191781099658,KGE
unified_1981_2015,AUDIOSK5 vs KnobenK5,lamah_213181,RF_Signature_K5,12783,0.7761041845418603,0.731750511375191,0.0324502703017376,KGE
unified_1981_2015,AUDIOSK5 vs KnobenK5,lamah_213181,Knoben_K5,12783,-1.909965506384038,-0.05671753857050543,0.11698744357519475,KGE
unified_1981_2015,AUDIOSK5 vs KnobenK5,lamah_213306,RF_Signature_K5,12343,-0.808595194073465,0.1354225009043316,0.12141754067632536,KGE
unified_1981_2015,AUDIOSK5 vs KnobenK5,lamah_213306,Knoben_K5,12343,-15.289184640471266,-1.8318381695900001,0.3643849395490673,KGE
unified_1981_2015,AUDIOSK5 vs KnobenK5,lamah_2150,RF_Signature_K5,12783,0.6958881373611387,0.6491500223024667,0.045518903675840446,KGE
unified_1981_2015,AUDIOSK5 vs KnobenK5,lamah_2150,Knoben_K5,12783,0.8588947918961708,0.8761439771043388,0.031006063683991884,KGE
unified_1981_2015,AUDIOSK5 vs KnobenK5,lamah_2262,RF_Signature_K5,12783,0.47993023206197727,0.4220647276127871,0.03925949352283095,KGE
unified_1981_2015,AUDIOSK5 vs KnobenK5,lamah_2262,Knoben_K5,12783,0.4289657818993149,0.5025306126563454,0.04113816870795108,KGE
unified_1981_2015,AUDIOSK5 vs KnobenK5,lamah_403,RF_Signature_K5,12783,0.8127002216043349,0.9064290699846776,0.051155312421399625,KGE
unified_1981_2015,AUDIOSK5 vs KnobenK5,lamah_403,Knoben_K5,12783,0.3794984800059773,0.3878399085414982,0.09310940137408515,KGE
unified_1981_2015,AUDIOSK5 vs KnobenK5,camelscl_4532001,RF_Signature_K5,11668,-0.2613392699145083,0.2951159398961941,0.05714430414699448,KGE
unified_1981_2015,AUDIOSK5 vs KnobenK5,camelscl_4532001,Knoben_K5,11668,-34.77061238817431,-8.56438853735695,0.3043127703675654,KGE
unified_1981_2015,AUDIOSK5 vs KnobenK5,camelscl_5401003,RF_Signature_K5,11808,-0.22725831668352625,0.027116081662350133,0.12311640627863461,KGE
unified_1981_2015,AUDIOSK5 vs KnobenK5,camelscl_5401003,Knoben_K5,11808,-0.8688888966303656,0.1320146306899872,0.1519286504492709,KGE
unified_1981_2015,AUDIOSK5 vs KnobenK5,camelscl_8351001,RF_Signature_K5,11583,-0.5535105768784143,-0.3401241547638618,0.07142920968408624,KGE
unified_1981_2015,AUDIOSK5 vs KnobenK5,camelscl_8351001,Knoben_K5,11583,-1.2186852495107452,-0.19516211814411588,0.08536239387245897,KGE
unified_1981_2015,AUDIOSK5 vs KnobenK5,hysets_01096000,RF_Signature_K5,12783,0.17770645125240303,0.3626358831721551,0.04132510803553979,KGE
unified_1981_2015,AUDIOSK5 vs KnobenK5,hysets_01096000,Knoben_K5,12783,0.31448759934602255,0.3152960496316133,0.037731859950789495,KGE
unified_1981_2015,AUDIOSK5 vs KnobenK5,hysets_01545600,RF_Signature_K5,12783,0.5308397864170371,0.682584970530432,0.029695290685045634,KGE
unified_1981_2015,AUDIOSK5 vs KnobenK5,hysets_01545600,Knoben_K5,12783,0.5686162792028149,0.7221699171107723,0.028474681121844266,KGE
unified_1981_2015,AUDIOSK5 vs KnobenK5,hysets_01552000,RF_Signature_K5,12783,0.7131652907014927,0.6951317890662845,0.014737405405833527,KGE
unified_1981_2015,AUDIOSK5 vs KnobenK5,hysets_01552000,Knoben_K5,12783,0.4865599361181441,0.6207206229298452,0.019717418563131955,KGE
unified_1981_2015,AUDIOSK5 vs KnobenK5,hysets_01665500,RF_Signature_K5,11595,0.1324155792918308,0.18888120873594827,0.012625571167680557,KGE
unified_1981_2015,AUDIOSK5 vs KnobenK5,hysets_01665500,Knoben_K5,11595,-0.005031299707743964,0.21327743464741733,0.01358892042563541,KGE
unified_1981_2015,AUDIOSK5 vs KnobenK5,hysets_02027000,RF_Signature_K5,12783,0.7224304065374227,0.6614725703656275,0.018230261723828734,KGE
unified_1981_2015,AUDIOSK5 vs KnobenK5,hysets_02027000,Knoben_K5,12783,0.47396225687095495,0.3151298961287827,0.025096630232380974,KGE
unified_1981_2015,AUDIOSK5 vs KnobenK5,hysets_02028500,RF_Signature_K5,12783,0.5418049185422433,0.6051082672838684,0.027665004464910443,KGE
unified_1981_2015,AUDIOSK5 vs KnobenK5,hysets_02028500,Knoben_K5,12783,-0.270714748959777,0.4168655320191941,0.046071204693595984,KGE
unified_1981_2015,AUDIOSK5 vs KnobenK5,hysets_02479300,RF_Signature_K5,12783,-0.3788473055049675,0.07530139511093992,0.06095665703358902,KGE
unified_1981_2015,AUDIOSK5 vs KnobenK5,hysets_02479300,Knoben_K5,12783,0.531969494691297,0.37123868872169286,0.035514044487309035,KGE
unified_1981_2015,AUDIOSK5 vs KnobenK5,hysets_03010500,RF_Signature_K5,12783,0.490386813811304,0.7337365467176713,0.051511801708990015,KGE
unified_1981_2015,AUDIOSK5 vs KnobenK5,hysets_03010500,Knoben_K5,12783,0.6347381245044229,0.8053712408310761,0.04361025079893599,KGE
unified_1981_2015,AUDIOSK5 vs KnobenK5,hysets_03021350,RF_Signature_K5,12783,0.14964211262594396,0.32444900837303636,0.070184266243886,KGE
unified_1981_2015,AUDIOSK5 vs KnobenK5,hysets_03021350,Knoben_K5,12783,0.5355188281067822,0.5525802372500768,0.0518708003185613,KGE
unified_1981_2015,AUDIOSK5 vs KnobenK5,hysets_03198500,RF_Signature_K5,12783,0.2676873471137863,0.5252860126176826,0.043166081096236035,KGE
unified_1981_2015,AUDIOSK5 vs KnobenK5,hysets_03198500,Knoben_K5,12783,0.6020441289553038,0.7272149147547832,0.03182085257149421,KGE
unified_1981_2015,AUDIOSK5 vs KnobenK5,hysets_04287000,RF_Signature_K5,12783,0.4823766476037503,0.6323994348352187,0.024828353117869212,KGE
unified_1981_2015,AUDIOSK5 vs KnobenK5,hysets_04287000,Knoben_K5,12783,0.35184254991282304,0.6109524785309591,0.027783134509404634,KGE
unified_1981_2015,AUDIOSK5 vs KnobenK5,hysets_05BG006,RF_Signature_K5,12783,0.18070044422981635,0.19437237775051242,0.020317439833531816,KGE
unified_1981_2015,AUDIOSK5 vs KnobenK5,hysets_05BG006,Knoben_K5,12783,-2.4043030530649476,-0.9438994997957013,0.04141538756049305,KGE
unified_1981_2015,AUDIOSK5 vs KnobenK5,hysets_05DA009,RF_Signature_K5,12783,0.06156731860917575,0.3795413248892916,0.19746999399449955,KGE
unified_1981_2015,AUDIOSK5 vs KnobenK5,hysets_05DA009,Knoben_K5,12783,-0.5185605520230094,0.10452980858548377,0.2511976707055518,KGE
unified_1981_2015,AUDIOSK5 vs KnobenK5,hysets_06339100,RF_Signature_K5,12783,-0.21867985585609273,0.03318784758462001,0.026733184940516668,KGE
unified_1981_2015,AUDIOSK5 vs KnobenK5,hysets_06339100,Knoben_K5,12783,-1.9738674169117831,-3.402347674066595,0.041760595968166815,KGE
unified_1981_2015,AUDIOSK5 vs KnobenK5,hysets_06344600,RF_Signature_K5,12783,0.21460941365712483,0.22632917313734646,0.022636943281552368,KGE
unified_1981_2015,AUDIOSK5 vs KnobenK5,hysets_06344600,Knoben_K5,12783,-1.09048301248973,-2.71031392358488,0.036931611494762255,KGE
unified_1981_2015,AUDIOSK5 vs KnobenK5,hysets_07377000,RF_Signature_K5,12783,-0.010973366010766705,0.18527250988453725,0.03074732213730189,KGE
unified_1981_2015,AUDIOSK5 vs KnobenK5,hysets_07377000,Knoben_K5,12783,0.23354459207342182,0.4729883472347477,0.026772004369733204,KGE
unified_1981_2015,AUDIOSK5 vs KnobenK5,hysets_07SB013,RF_Signature_K5,11791,-2.3507387766973165,-0.29209214255753224,0.13269037011822726,KGE
unified_1981_2015,AUDIOSK5 vs KnobenK5,hysets_07SB013,Knoben_K5,11791,-153.11796808759328,-21.14521002149575,0.8999031188457153,KGE
unified_1981_2015,AUDIOSK5 vs KnobenK5,hysets_08176900,RF_Signature_K5,12568,0.025734597781878477,0.28947331092673545,0.022001149966305946,KGE
unified_1981_2015,AUDIOSK5 vs KnobenK5,hysets_08176900,Knoben_K5,12568,0.044479445332444634,0.12436702491864327,0.02178847116329146,KGE
unified_1981_2015,AUDIOSK5 vs KnobenK5,hysets_08189500,RF_Signature_K5,12783,-0.037757960151620695,0.31460620140490814,0.025499523227556133,KGE
unified_1981_2015,AUDIOSK5 vs KnobenK5,hysets_08189500,Knoben_K5,12783,-0.2714367568003637,-1.7333846518711336,0.028224834560733113,KGE
unified_1981_2015,AUDIOSK5 vs KnobenK5,hysets_08201500,RF_Signature_K5,12782,-0.07504306309249253,-0.19775328209880705,0.018383346341508434,KGE
unified_1981_2015,AUDIOSK5 vs KnobenK5,hysets_08201500,Knoben_K5,12782,-1.2565422980144474,-1.5077423293271472,0.026633814957239325,KGE
unified_1981_2015,AUDIOSK5 vs KnobenK5,hysets_08202700,RF_Signature_K5,12783,-1.1868748291946698,-4.3662065411150595,0.02103005973054337,KGE
unified_1981_2015,AUDIOSK5 vs KnobenK5,hysets_08202700,Knoben_K5,12783,-1.7020040549440458,-22.166197934770334,0.023376072280269167,KGE
unified_1981_2015,AUDIOSK5 vs KnobenK5,hysets_08ED002,RF_Signature_K5,12783,0.6239164973897419,0.8120480199411024,0.10345660412517409,KGE
unified_1981_2015,AUDIOSK5 vs KnobenK5,hysets_08ED002,Knoben_K5,12783,0.18833238813455766,0.6061665226995008,0.15198656010524011,KGE
unified_1981_2015,AUDIOSK5 vs KnobenK5,hysets_08GA072,RF_Signature_K5,12356,-0.2779867890795058,0.15196720457244162,0.07753469217891958,KGE
unified_1981_2015,AUDIOSK5 vs KnobenK5,hysets_08GA072,Knoben_K5,12356,0.34949605454929766,0.37873960989733535,0.05531690234186225,KGE
unified_1981_2015,AUDIOSK5 vs KnobenK5,hysets_08LE024,RF_Signature_K5,12783,0.7426432912409471,0.7589969852500783,0.07196767965025991,KGE
unified_1981_2015,AUDIOSK5 vs KnobenK5,hysets_08LE024,Knoben_K5,12783,0.45132448404267145,0.25310538741456623,0.10508180981468176,KGE
unified_1981_2015,AUDIOSK5 vs KnobenK5,hysets_08LE027,RF_Signature_K5,12783,0.7239918757582404,0.6376216167576051,0.06151274137828509,KGE
unified_1981_2015,AUDIOSK5 vs KnobenK5,hysets_08LE027,Knoben_K5,12783,0.6059760172836806,0.378552556025206,0.07349630026400081,KGE
unified_1981_2015,AUDIOSK5 vs KnobenK5,hysets_08LG048,RF_Signature_K5,12783,0.7275666421076432,0.7405734427022626,0.05033283913960214,KGE
unified_1981_2015,AUDIOSK5 vs KnobenK5,hysets_08LG048,Knoben_K5,12783,0.6980208033961202,0.4909550060384196,0.05299193761303999,KGE
unified_1981_2015,AUDIOSK5 vs KnobenK5,hysets_08ME023,RF_Signature_K5,12694,0.10314677818217544,0.06752107629872217,0.08499369941610987,KGE
unified_1981_2015,AUDIOSK5 vs KnobenK5,hysets_08ME023,Knoben_K5,12694,0.11753823535089958,0.07532580648992138,0.08430901104599202,KGE
unified_1981_2015,AUDIOSK5 vs KnobenK5,hysets_09430600,RF_Signature_K5,12783,0.3910677033899026,0.2650966515994073,0.014986058055895988,KGE
unified_1981_2015,AUDIOSK5 vs KnobenK5,hysets_09430600,Knoben_K5,12783,0.37780537388826363,0.05744304229263719,0.015148374532882083,KGE
unified_1981_2015,AUDIOSK5 vs KnobenK5,hysets_09499000,RF_Signature_K5,12783,-0.1997175445092445,-0.18122243065973853,0.024521465045997892,KGE
unified_1981_2015,AUDIOSK5 vs KnobenK5,hysets_09499000,Knoben_K5,12783,0.38401617511959263,0.1606516942616817,0.017570801110059805,KGE
unified_1981_2015,AUDIOSK5 vs KnobenK5,hysets_11451100,RF_Signature_K5,12783,0.6645590360571144,0.5860959868931286,0.02214606072145831,KGE
unified_1981_2015,AUDIOSK5 vs KnobenK5,hysets_11451100,Knoben_K5,12783,0.5375325302002346,0.14869958355127644,0.026003333889880766,KGE
unified_1981_2015,AUDIOSK5 vs KnobenK5,hysets_11461000,RF_Signature_K5,12783,0.6280498063353469,0.5491749337975864,0.030393808146741093,KGE
unified_1981_2015,AUDIOSK5 vs KnobenK5,hysets_11461000,Knoben_K5,12783,0.3804185518518566,0.40253841882470276,0.03922761695282055,KGE
unified_1981_2015,AUDIOSK5 vs KnobenK5,hysets_11468500,RF_Signature_K5,12783,0.8694771920662219,0.8675462437220469,0.013845661976279297,KGE
unified_1981_2015,AUDIOSK5 vs KnobenK5,hysets_11468500,Knoben_K5,12783,0.6676488402829299,0.6578155180301833,0.022093733943670407,KGE
unified_1981_2015,AUDIOSK5 vs KnobenK5,hysets_12082500,RF_Signature_K5,12783,0.8738201974435886,0.8820095256422154,0.015094794038661501,KGE
unified_1981_2015,AUDIOSK5 vs KnobenK5,hysets_12082500,Knoben_K5,12783,0.7026851764682122,0.5662730062798779,0.023170774535923026,KGE
unified_1981_2015,AUDIOSK5 vs KnobenK5,hysets_12092000,RF_Signature_K5,12783,0.8270517552102946,0.8926818984120876,0.016051958227857203,KGE
unified_1981_2015,AUDIOSK5 vs KnobenK5,hysets_12092000,Knoben_K5,12783,0.6712427091668454,0.6778188151743014,0.022131336317073116,KGE
unified_1981_2015,AUDIOSK5 vs KnobenK5,hysets_14091500,RF_Signature_K5,12783,-14.780316170986717,-0.03737585707585622,0.20414934157076628,KGE
unified_1981_2015,AUDIOSK5 vs KnobenK5,hysets_14091500,Knoben_K5,12783,-18.325700158091824,-0.449131220304972,0.22592159834128162,KGE
unified_1981_2015,AUDIOSK5 vs KnobenK5,hysets_14185000,RF_Signature_K5,12783,0.5360053679821486,0.5374871990917771,0.033079982967382786,KGE
unified_1981_2015,AUDIOSK5 vs KnobenK5,hysets_14185000,Knoben_K5,12783,-0.09076566784738493,0.3221544291739411,0.050719449265598356,KGE
unified_1981_2015,AUDIOSK5 vs KnobenK5,hysets_14325000,RF_Signature_K5,12783,0.8386718065537645,0.6670785739224273,0.028162314527160785,KGE
unified_1981_2015,AUDIOSK5 vs KnobenK5,hysets_14325000,Knoben_K5,12783,0.9391041006231874,0.7985264382836966,0.01730243529211152,KGE
unified_1981_2015,AUDIOSK5 vs KnobenK5,lamah_201012,RF_Signature_K5,12783,0.6057513989866691,0.4984584053043516,0.04435229827136548,KGE
unified_1981_2015,AUDIOSK5 vs KnobenK5,lamah_201012,Knoben_K5,12783,0.5566347332962757,0.41771716367523526,0.04703399649972489,KGE
unified_1981_2015,AUDIOSK5 vs KnobenK5,lamah_205799,RF_Signature_K5,12783,0.6314351728833765,0.5795243923661471,0.047293032101609254,KGE
unified_1981_2015,AUDIOSK5 vs KnobenK5,lamah_205799,Knoben_K5,12783,0.6214829353740303,0.7360813345274384,0.047927298170674267,KGE
unified_1981_2015,AUDIOSK5 vs KnobenK5,lamah_207613,RF_Signature_K5,12783,-1.2634032564822824,0.02178722789844212,0.049847759359642675,KGE
unified_1981_2015,AUDIOSK5 vs KnobenK5,lamah_207613,Knoben_K5,12783,-2.593045773073057,-0.5737346709359241,0.06280526442452951,KGE
unified_1981_2015,AUDIOSK5 vs KnobenK5,lamah_210732,RF_Signature_K5,12783,-1.715655829876645,-0.6244933781594146,0.0721364938997317,KGE
unified_1981_2015,AUDIOSK5 vs KnobenK5,lamah_210732,Knoben_K5,12783,-0.9997178009293697,-0.3533190799696697,0.06190162104068062,KGE
unified_1981_2015,AUDIOSK5 vs KnobenK5,lamah_212043,RF_Signature_K5,12783,0.7571693859876679,0.5817661529632574,0.04868383620853578,KGE
unified_1981_2015,AUDIOSK5 vs KnobenK5,lamah_212043,Knoben_K5,12783,0.7322027617314174,0.4742751514837137,0.05112532956470647,KGE
unified_1981_2015,AUDIOSK5 vs KnobenK5,lamah_212316,RF_Signature_K5,12783,0.5470536797243928,0.7346011561900823,0.07036322981337047,KGE
unified_1981_2015,AUDIOSK5 vs KnobenK5,lamah_212316,Knoben_K5,12783,-0.13016599114370964,0.3325957383075515,0.11114591756874828,KGE
unified_1981_2015,AUDIOSK5 vs KnobenK5,lamah_212373,RF_Signature_K5,12783,0.280177433110428,0.3731932747907868,0.08338596711051971,KGE
unified_1981_2015,AUDIOSK5 vs KnobenK5,lamah_212373,Knoben_K5,12783,-1.3090375578490496,-0.3002210807028092,0.1493467374301858,KGE
unified_1981_2015,AUDIOSK5 vs KnobenK5,lamah_212522,RF_Signature_K5,12783,-0.7001727349049871,0.18541369201510205,0.13786380259290665,KGE
unified_1981_2015,AUDIOSK5 vs KnobenK5,lamah_212522,Knoben_K5,12783,-2.2321851470792398,-0.0916462225106498,0.19008674964865704,KGE
unified_1981_2015,AUDIOSK5 vs KnobenK5,lamah_212894,RF_Signature_K5,12783,-2.294984852519695,-0.10770414674362438,0.14050838581748454,KGE
unified_1981_2015,AUDIOSK5 vs KnobenK5,lamah_212894,Knoben_K5,12783,-3.035151212694223,-0.4499905373394637,0.15549106579158814,KGE
