window,basin_id,fold_id,primary,method,donor_count,valid_days,NSE,KGE,NRMSE,plotted_metric
subsequent_2016_2020,camelsbr_57250000,5,1,Koppen_Class_All,302,1095,-3.853443587174609,-0.39767971851693207,0.1779880701700729,NSE
subsequent_2016_2020,camelsbr_58060000,3,1,Koppen_Class_All,288,1074,-0.26092188900019786,0.29435760078451345,0.06943719430196356,NSE
subsequent_2016_2020,camelsbr_58258000,1,1,Koppen_Class_All,287,1004,-0.17104500349231744,-0.14563608293045838,0.07209427081663128,NSE
subsequent_2016_2020,camelsbr_58530000,3,1,Koppen_Class_All,288,1095,-0.08465823546198425,0.1668091166001352,0.11162821757766558,NSE
subsequent_2016_2020,camelsbr_58535000,3,1,Koppen_Class_All,288,1035,0.03648072750760012,0.25095731729461457,0.12592492447409917,NSE
subsequent_2016_2020,camelsbr_58542000,1,1,Koppen_Class_All,287,1035,-0.19705395295761052,0.44296705122382074,0.12224803370211965,NSE
subsequent_2016_2020,camelsbr_59370000,2,1,Koppen_Class_All,293,1040,-0.05593521957210723,0.3602131938764467,0.07710191839854239,NSE
subsequent_2016_2020,camelsbr_70100000,4,1,Koppen_Class_All,290,1087,-0.16966590918283297,-0.11908182770805853,0.10605025064791596,NSE
subsequent_2016_2020,camelsbr_71300000,1,1,Koppen_Class_All,287,1081,-0.4242320696781565,0.10164967863973373,0.18645529428633356,NSE
subsequent_2016_2020,camelsbr_73765000,1,1,Koppen_Class_All,287,1035,-0.12304018752514789,-0.13866471315261975,0.10310379523304308,NSE
subsequent_2016_2020,camelscl_1050002,4,1,Koppen_Class_All,46,921,-2104.6429375177927,-42.25640530705626,9.5624525317402,NSE
subsequent_2016_2020,camelscl_1201005,3,1,Koppen_Class_All,45,1370,-1170.5420483909952,-27.471209148476444,2.514159551877793,NSE
subsequent_2016_2020,camelscl_12284002,1,1,Koppen_Class_All,35,1005,-9.097625297166067,-1.706167821792366,0.3742730558967407,NSE
subsequent_2016_2020,camelscl_12284003,4,1,Koppen_Class_All,46,1215,-50.31703252408878,-5.985190455794959,0.735563975169984,NSE
subsequent_2016_2020,camelscl_12284006,1,1,Koppen_Class_All,35,1589,-1.553337942946205,-0.1749325726924822,0.11934013187948903,NSE
subsequent_2016_2020,camelscl_12582001,4,1,Koppen_Class_All,46,1613,-0.23949591415254545,0.11103848161395347,0.07806278455083196,NSE
subsequent_2016_2020,camelscl_12600001,2,1,Koppen_Class_All,41,1184,-0.4135931384317957,-0.32256756568557265,0.21433815067220074,NSE
subsequent_2016_2020,camelscl_12622001,5,1,Koppen_Class_All,45,1535,-2.9971937987699313,-0.2778321900707681,0.2038822582310307,NSE
subsequent_2016_2020,camelscl_12802001,3,1,Koppen_Class_All,45,1425,-27.038251468844177,-5.190366863427911,0.35593984071330964,NSE
subsequent_2016_2020,camelscl_12805001,2,1,Koppen_Class_All,41,1286,-15.8219794302785,-2.414903832156268,0.5735840978429603,NSE
subsequent_2016_2020,camelscl_12806001,5,1,Koppen_Class_All,45,1427,-38.040329430408555,-3.7503274735308434,0.7426374216118495,NSE
subsequent_2016_2020,camelscl_4301002,3,1,Koppen_Class_All,45,1376,-66.24186977520539,-5.412569728390978,1.5428857422721896,NSE
subsequent_2016_2020,camelscl_4311001,1,1,Koppen_Class_All,35,1230,-128.0660219968351,-7.644610462440809,2.252231118509845,NSE
subsequent_2016_2020,camelscl_4313001,1,1,Koppen_Class_All,35,1210,-55.52411331875509,-4.499734495200049,1.227620701210455,NSE
subsequent_2016_2020,camelscl_4314002,4,1,Koppen_Class_All,452,1429,-98.51798589965945,-7.524163882304547,0.44221219682141727,NSE
subsequent_2016_2020,camelscl_4501001,4,1,Koppen_Class_All,46,1181,-298.80362175445845,-12.157622108489525,3.1770227776795052,NSE
subsequent_2016_2020,camelscl_4503001,1,1,Koppen_Class_All,287,1416,-2.922880903250579,-5.951476324293553,0.1135796695497888,NSE
subsequent_2016_2020,camelscl_4511002,1,1,Koppen_Class_All,35,1484,-30.346572558661187,-3.333898832442647,0.9904791018226218,NSE
subsequent_2016_2020,camelscl_4512001,1,1,Koppen_Class_All,463,1101,-48.150326419297016,-4.3284743116914495,1.024277000208804,NSE
subsequent_2016_2020,camelscl_4513001,3,1,Koppen_Class_All,456,1223,-9.292705869485422,-3.575222597292126,0.12724385522105314,NSE
subsequent_2016_2020,camelscl_4514001,2,1,Koppen_Class_All,452,1230,-21.443375897563296,-5.942426755567312,0.4378489364977121,NSE
subsequent_2016_2020,camelscl_4520001,4,1,Koppen_Class_All,46,1307,-15607.02324567118,-116.0368556801985,10.102462117564727,NSE
subsequent_2016_2020,camelscl_4530001,4,1,Koppen_Class_All,452,993,-67.58212238118354,-7.465148928291885,1.5244972723849208,NSE
subsequent_2016_2020,camelscl_4532001,3,0,Koppen_Class_All,456,1006,-93.02630484978481,-11.2210767000813,1.7495244325164534,NSE
subsequent_2016_2020,camelscl_4703002,1,1,Koppen_Class_All,463,1613,-16.922600194391393,-2.6649839499215293,0.5652764521410576,NSE
subsequent_2016_2020,camelscl_4721001,3,1,Koppen_Class_All,456,1097,-110.74894722767385,-8.60175045227254,2.0942075997897365,NSE
subsequent_2016_2020,camelscl_4723001,5,1,Koppen_Class_All,449,1250,-1.262086485003123,-4.214454085282932,0.11299832822628347,NSE
subsequent_2016_2020,camelscl_5200001,2,1,Koppen_Class_All,293,1551,-666.0837732893976,-23.057050587078106,2.2833309405398214,NSE
subsequent_2016_2020,camelscl_5401003,2,0,Koppen_Class_All,41,1562,-3.3299026819672193,-0.49553435837290616,0.4665360339130338,NSE
subsequent_2016_2020,camelscl_5402001,5,1,Koppen_Class_All,45,1448,-2.608591888442016,-1.068886748764375,0.09779847218240885,NSE
subsequent_2016_2020,camelscl_5406001,1,1,Koppen_Class_All,35,1016,-46.55542649649825,-8.33844941963511,1.2028553129808133,NSE
subsequent_2016_2020,camelscl_5706001,1,1,Koppen_Class_All,35,1517,-1.7690804487572138,-1.056471504370116,0.09636135786613254,NSE
subsequent_2016_2020,camelscl_5707002,1,1,Koppen_Class_All,35,1597,-3.688533795793705,-0.4092157406103163,0.37222518175548835,NSE
subsequent_2016_2020,camelscl_5722001,4,1,Koppen_Class_All,452,1484,-68.18722555086143,-5.188594710787831,1.08604863475689,NSE
subsequent_2016_2020,camelscl_5722002,1,1,Koppen_Class_All,463,1561,-26.020494563445023,-2.97730021834743,0.24701834355320668,NSE
subsequent_2016_2020,camelscl_6013001,5,1,Koppen_Class_All,449,1552,-0.39270862979469756,0.2728775120576251,0.15660251726893276,NSE
subsequent_2016_2020,camelscl_7103001,4,1,Koppen_Class_All,452,1245,-0.3669300739883643,-0.06289929037273057,0.0897426719371143,NSE
subsequent_2016_2020,camelscl_7104002,4,1,Koppen_Class_All,452,1490,-0.28690188525735816,0.09183453084964399,0.08846217136622574,NSE
subsequent_2016_2020,camelscl_7112001,5,1,Koppen_Class_All,449,1231,-0.49293710043473515,-0.07612445824916003,0.17765301234908368,NSE
subsequent_2016_2020,camelscl_7115001,2,1,Koppen_Class_All,452,1576,-1.5814381732410467,0.0542687616743629,0.17914883227883813,NSE
subsequent_2016_2020,camelscl_7116001,3,1,Koppen_Class_All,288,1204,-2.75698334191732,-0.9698522000184879,0.15408443259776394,NSE
subsequent_2016_2020,camelscl_7355002,1,1,Koppen_Class_All,287,1532,-1.1920605000590392,-0.08990039590964582,0.15679274367005178,NSE
subsequent_2016_2020,camelscl_7374001,5,1,Koppen_Class_All,302,1173,-1.4678209238928535,-0.9515715297791418,0.11485501147373053,NSE
subsequent_2016_2020,camelscl_8130002,1,1,Koppen_Class_All,287,1539,-0.3818036505374194,-0.34677130109331666,0.07726920576237538,NSE
subsequent_2016_2020,camelscl_8351001,3,0,Koppen_Class_All,288,1229,-0.3302538463417606,-0.41955327513232277,0.09108999848702062,NSE
subsequent_2016_2020,hysets_01010070,4,1,Koppen_Class_All,452,1096,0.1723551700599949,0.08180607893549452,0.1140556465722338,NSE
subsequent_2016_2020,hysets_01022500,1,1,Koppen_Class_All,463,1096,0.17134081151313318,0.1530964639225496,0.10823935516793191,NSE
subsequent_2016_2020,hysets_01031500,1,1,Koppen_Class_All,463,1096,0.17277958767112722,0.11539357551415008,0.10596833476942563,NSE
subsequent_2016_2020,hysets_01038000,3,1,Koppen_Class_All,456,1096,0.11469703904455064,0.18487294733227266,0.10937945566505079,NSE
subsequent_2016_2020,hysets_01047000,2,1,Koppen_Class_All,452,1096,0.1909901764971823,0.12102643520997636,0.09440054725240173,NSE
subsequent_2016_2020,hysets_01054200,1,1,Koppen_Class_All,463,1096,0.08350576066469073,-0.06853944206591822,0.04332496506877236,NSE
subsequent_2016_2020,hysets_01055000,3,1,Koppen_Class_All,456,1096,0.16628182094596522,0.07835509916704153,0.06932984496869836,NSE
subsequent_2016_2020,hysets_01057000,2,1,Koppen_Class_All,452,1096,0.18947600523250874,0.1608991154476549,0.10628821514213997,NSE
subsequent_2016_2020,hysets_01064500,3,1,Koppen_Class_All,456,1096,0.1743159848390814,0.0887109109261024,0.05371715664947473,NSE
subsequent_2016_2020,hysets_01076500,1,1,Koppen_Class_All,463,1096,0.15205449408645433,0.07414053050335034,0.06950880227897124,NSE
subsequent_2016_2020,hysets_01078000,2,1,Koppen_Class_All,452,1096,0.21041202583650587,0.20233706952790576,0.09020715272184508,NSE
subsequent_2016_2020,hysets_01096000,1,0,Koppen_Class_All,463,1096,0.034703503319067464,0.10659416821876877,0.09791164120000304,NSE
subsequent_2016_2020,hysets_01118000,1,1,Koppen_Class_All,463,1096,0.11994070156563608,0.22913942754033556,0.12961227867518765,NSE
subsequent_2016_2020,hysets_01134500,1,1,Koppen_Class_All,463,1096,0.16382408418208805,0.12075824243487099,0.10054916737922241,NSE
subsequent_2016_2020,hysets_01137500,4,1,Koppen_Class_All,452,1096,0.20097017967850328,0.12796011193458512,0.05823401603555851,NSE
subsequent_2016_2020,hysets_01169000,5,1,Koppen_Class_All,449,1096,0.10860737126634623,0.04076029372672807,0.06019468272584593,NSE
subsequent_2016_2020,hysets_01174500,5,1,Koppen_Class_All,449,1096,-0.02784181220432047,-0.005712065659934096,0.09878369049063573,NSE
subsequent_2016_2020,hysets_01181000,5,1,Koppen_Class_All,449,1096,0.062215805333443175,-0.05639113323703637,0.04457406801942232,NSE
subsequent_2016_2020,hysets_01439500,5,1,Koppen_Class_All,449,1096,0.004626896199896091,0.02891012407737381,0.13193603957333896,NSE
subsequent_2016_2020,hysets_01440000,4,1,Koppen_Class_All,452,1096,0.029140439865525725,0.0716993881941449,0.08007247441888929,NSE
subsequent_2016_2020,hysets_01447500,1,1,Koppen_Class_All,463,1096,-0.04516631489733247,-0.028132844471282725,0.10131036410669951,NSE
subsequent_2016_2020,hysets_01543000,4,1,Koppen_Class_All,452,1096,0.08487932126008035,0.09187221502457033,0.1218619801654464,NSE
subsequent_2016_2020,hysets_01543500,2,1,Koppen_Class_All,452,1096,0.06631569223587186,0.11784263815087548,0.10698617512191885,NSE
subsequent_2016_2020,hysets_01544500,3,1,Koppen_Class_All,456,1096,0.01631632778737757,0.11022741206516928,0.0990406026208992,NSE
subsequent_2016_2020,hysets_01545600,5,0,Koppen_Class_All,449,1096,0.07087506606059524,0.10444883653062786,0.08595902562847556,NSE
subsequent_2016_2020,hysets_01550000,5,1,Koppen_Class_All,449,1096,0.022520827442818026,-0.07449828189190555,0.07313042941561067,NSE
subsequent_2016_2020,hysets_01552000,2,0,Koppen_Class_All,452,1096,-0.009841597936929292,-0.13311820934184082,0.0780990371992506,NSE
subsequent_2016_2020,hysets_01605500,1,1,Koppen_Class_All,463,1096,-0.26678945840786494,-0.09942910775527314,0.06375806851001102,NSE
subsequent_2016_2020,hysets_01606500,3,1,Koppen_Class_All,456,1096,-0.08535470635084885,0.014333279051971015,0.06615298559373249,NSE
subsequent_2016_2020,hysets_01611500,5,1,Koppen_Class_All,449,1096,-0.28385263096260505,-0.23372939756400912,0.10053316325242048,NSE
subsequent_2016_2020,hysets_01665500,3,0,Koppen_Class_All,288,1096,-0.12991788195480702,-0.16503278949861078,0.05555803427402936,NSE
subsequent_2016_2020,hysets_01669520,2,1,Koppen_Class_All,293,1096,-1.0044224716952308,-0.3760545793724588,0.06245910689119761,NSE
subsequent_2016_2020,hysets_01673800,1,1,Koppen_Class_All,287,1096,-1.009654894386649,-0.7284659065689554,0.0876926840682156,NSE
subsequent_2016_2020,hysets_01AJ010,2,1,Koppen_Class_All,452,731,0.17579163801545472,0.10817405373493894,0.11405781609822753,NSE
subsequent_2016_2020,hysets_01AK001,3,1,Koppen_Class_All,456,731,0.21806862121687676,0.189749735642475,0.12538624815691218,NSE
subsequent_2016_2020,hysets_01AK007,1,1,Koppen_Class_All,463,731,0.1261679624713128,0.04938104522294584,0.12683427341828274,NSE
subsequent_2016_2020,hysets_01AL002,2,1,Koppen_Class_All,452,731,0.17829140010312006,0.0856995024203896,0.11725998685281043,NSE
subsequent_2016_2020,hysets_01AM001,4,1,Koppen_Class_All,452,731,0.1901516888234286,0.14674046497694138,0.09872678542673623,NSE
subsequent_2016_2020,hysets_01AN002,1,1,Koppen_Class_All,463,731,0.1259818221648139,0.10260568753286292,0.13364823893532815,NSE
subsequent_2016_2020,hysets_01AP002,4,1,Koppen_Class_All,452,731,0.10780666366073133,0.04079675668657945,0.11220473211022707,NSE
subsequent_2016_2020,hysets_01AQ001,4,1,Koppen_Class_All,452,1096,0.12056934337366265,0.008951654304483414,0.06928677512610665,NSE
subsequent_2016_2020,hysets_01BJ003,1,1,Koppen_Class_All,463,731,0.22127727447337786,0.12639904991495654,0.10225029467221818,NSE
subsequent_2016_2020,hysets_01BL002,3,1,Koppen_Class_All,456,731,0.2903528044346789,0.22549229939684723,0.11130478336392197,NSE
subsequent_2016_2020,hysets_01BQ001,2,1,Koppen_Class_All,452,731,0.2920236656298635,0.21254918531033062,0.06803810388573593,NSE
subsequent_2016_2020,hysets_01BS001,3,1,Koppen_Class_All,456,731,0.06522579902776904,0.0010599847668455453,0.09648909657934056,NSE
subsequent_2016_2020,hysets_01BU002,1,1,Koppen_Class_All,463,731,-0.10631558209216996,-0.13520700818480647,0.12514000796030308,NSE
subsequent_2016_2020,hysets_01BV006,1,1,Koppen_Class_All,463,731,0.10924266027458007,0.0029038250502760876,0.07232207334074542,NSE
subsequent_2016_2020,hysets_01DR001,2,1,Koppen_Class_All,452,1096,0.027935473852096826,-0.08741314732012984,0.1088307837365131,NSE
subsequent_2016_2020,hysets_01EC001,5,1,Koppen_Class_All,449,1096,-0.09782790401003227,-0.02887187759023835,0.18403712594639857,NSE
subsequent_2016_2020,hysets_01ED007,2,1,Koppen_Class_All,452,1096,0.04255779004782878,0.07253122755489916,0.1677396238691158,NSE
subsequent_2016_2020,hysets_01EF001,3,1,Koppen_Class_All,456,1096,0.04296699928886971,0.07054657466188619,0.1853646516589971,NSE
subsequent_2016_2020,hysets_01EO001,5,1,Koppen_Class_All,449,1096,0.021095183679096574,-0.07195054023330516,0.1062284231254942,NSE
subsequent_2016_2020,hysets_01FB001,5,1,Koppen_Class_All,449,1096,0.0036523714907500393,-0.0804146923899558,0.10793173905187817,NSE
subsequent_2016_2020,hysets_01FB003,4,1,Koppen_Class_All,452,1096,-0.006583541737246845,0.281254642861418,0.16588951318432726,NSE
subsequent_2016_2020,hysets_02011400,5,1,Koppen_Class_All,449,1096,-0.17219786721676744,-0.028116616427836583,0.07667851297193985,NSE
subsequent_2016_2020,hysets_02011460,5,1,Koppen_Class_All,449,1096,0.08203527571647451,0.05221386202231082,0.05043734228116155,NSE
subsequent_2016_2020,hysets_02013000,3,1,Koppen_Class_All,456,1096,-0.025672597313207923,-0.1341846294731588,0.06613780456259007,NSE
subsequent_2016_2020,hysets_02014000,2,1,Koppen_Class_All,452,1096,0.0500539959374704,0.06469466328379392,0.09375080044569505,NSE
subsequent_2016_2020,hysets_02015700,2,1,Koppen_Class_All,452,1096,0.03611716184958047,0.05007467809291277,0.0532745628191609,NSE
subsequent_2016_2020,hysets_02016000,5,1,Koppen_Class_All,449,1096,-0.02568941425358573,-0.02389765160257329,0.07636950712123172,NSE
subsequent_2016_2020,hysets_02017500,5,1,Koppen_Class_All,449,1096,0.04638398892589213,0.09772707045624462,0.11032215683574151,NSE
subsequent_2016_2020,hysets_02018000,3,1,Koppen_Class_All,456,1096,0.01306753947873529,0.043691461937071074,0.09535050782693062,NSE
subsequent_2016_2020,hysets_02020500,4,1,Koppen_Class_All,452,1096,0.06321927573203812,-0.043411004315658364,0.06474009576057685,NSE
subsequent_2016_2020,hysets_02021500,3,1,Koppen_Class_All,456,1096,0.015090090282912305,-0.06427219874150358,0.07072230607137558,NSE
subsequent_2016_2020,hysets_02027000,4,0,Koppen_Class_All,290,1096,-0.19040083944296948,-0.08684578016649591,0.06355104154113499,NSE
subsequent_2016_2020,hysets_02028500,4,0,Koppen_Class_All,290,1096,-0.2379980367789949,-0.05953284897712319,0.08879711328111907,NSE
subsequent_2016_2020,hysets_02030000,4,1,Koppen_Class_All,290,1096,-0.6514457851363111,-0.21992173988771735,0.08958769274198264,NSE
subsequent_2016_2020,hysets_02041000,4,1,Koppen_Class_All,290,1096,-0.6479655947226981,-0.9872990999215607,0.04920027565178491,NSE
subsequent_2016_2020,hysets_02046000,4,1,Koppen_Class_All,290,1096,-2.6872415475699976,-1.3472376290046881,0.13222800340862667,NSE
subsequent_2016_2020,hysets_02212600,4,1,Koppen_Class_All,290,1096,-1.4420088664361397,-1.8393275510385414,0.09296066706722134,NSE
subsequent_2016_2020,hysets_02325000,1,1,Koppen_Class_All,287,1096,-9.620188250394701,-1.1792843885720146,0.49752657592244454,NSE
subsequent_2016_2020,hysets_02326000,3,1,Koppen_Class_All,288,1096,-6.704200573666713,-1.457672389533014,0.46105540818746277,NSE
subsequent_2016_2020,hysets_02327100,1,1,Koppen_Class_All,287,1096,-0.3675505645567283,-0.12327505262020244,0.15247350714807056,NSE
subsequent_2016_2020,hysets_02331600,1,1,Koppen_Class_All,287,1096,-0.39774910395452756,0.12457879074803724,0.07414312887460875,NSE
subsequent_2016_2020,hysets_02373000,5,1,Koppen_Class_All,302,1079,-0.04392304730360386,0.08475991547207351,0.10300716511930756,NSE
subsequent_2016_2020,hysets_02374500,3,1,Koppen_Class_All,288,1096,-0.2228839858602012,0.1971984960115688,0.05083672757466646,NSE
subsequent_2016_2020,hysets_02380500,2,1,Koppen_Class_All,293,1096,-0.593378903222072,0.2038699514184782,0.12288435570016745,NSE
subsequent_2016_2020,hysets_02401390,4,1,Koppen_Class_All,290,1095,-0.0018100899916724256,0.044463981214165504,0.09423899780838638,NSE
subsequent_2016_2020,hysets_02450250,3,1,Koppen_Class_All,288,1096,0.07552938711752222,0.060113134288967696,0.08085384793378678,NSE
subsequent_2016_2020,hysets_02469800,5,1,Koppen_Class_All,302,1096,0.05528802588747772,0.032045589212329584,0.07902595231997217,NSE
subsequent_2016_2020,hysets_02479155,1,1,Koppen_Class_All,287,1095,0.016535737762682245,-0.02822061559897482,0.07303243899967607,NSE
subsequent_2016_2020,hysets_02479300,1,0,Koppen_Class_All,287,1096,-0.19713674322684316,0.07813247553232117,0.10260454952229639,NSE
subsequent_2016_2020,hysets_02479560,3,1,Koppen_Class_All,288,1096,-0.039281534825993614,-0.024779930354091873,0.06316077780116151,NSE
subsequent_2016_2020,hysets_02AB017,5,1,Koppen_Class_All,449,731,-0.1147155768773871,-0.15761575088755153,0.1595805952016572,NSE
subsequent_2016_2020,hysets_02AC001,3,1,Koppen_Class_All,456,731,-1.4497777152464377,-0.48209088879920103,0.2929657569899538,NSE
subsequent_2016_2020,hysets_02AD010,2,1,Koppen_Class_All,452,1096,-0.8971628959173514,-0.43173332747548065,0.18981222676844142,NSE
subsequent_2016_2020,hysets_02BA003,2,1,Koppen_Class_All,452,731,-1.3178956628373526,-0.45396379853415514,0.20228438249811342,NSE
subsequent_2016_2020,hysets_02BF001,4,1,Koppen_Class_All,452,731,0.04016934586650789,0.13260053154083584,0.12069741655491419,NSE
subsequent_2016_2020,hysets_02BF002,1,1,Koppen_Class_All,463,731,-0.0906999034460465,0.08319811358616902,0.13023723058802467,NSE
subsequent_2016_2020,hysets_02CB003,2,1,Koppen_Class_All,452,731,-0.5624532526609409,0.1455392811817382,0.16390257850507006,NSE
subsequent_2016_2020,hysets_02CD006,2,1,Koppen_Class_All,452,731,-0.41054012740058776,0.13657965496317548,0.22204029947864257,NSE
subsequent_2016_2020,hysets_02DD015,1,1,Koppen_Class_All,463,731,0.07649051153114583,0.1106967528929017,0.1538212831887786,NSE
subsequent_2016_2020,hysets_02HL003,5,1,Koppen_Class_All,449,1096,0.15617893573889552,0.1888694613528713,0.10290106465164768,NSE
subsequent_2016_2020,hysets_02HL004,5,1,Koppen_Class_All,449,1096,0.03580711242587953,0.1871445286357355,0.1360293501496411,NSE
subsequent_2016_2020,hysets_02JC008,1,1,Koppen_Class_All,463,731,-0.35043164224162693,0.011739094877165734,0.17467977736900714,NSE
subsequent_2016_2020,hysets_02YC001,1,1,Koppen_Class_All,463,731,-0.003864060635605071,0.013383739327302746,0.18305769640514413,NSE
subsequent_2016_2020,hysets_02YD002,1,1,Koppen_Class_All,463,731,0.2558010249676449,0.19231296985716562,0.1355682933370924,NSE
subsequent_2016_2020,hysets_02YJ001,4,1,Koppen_Class_All,452,731,0.09839585272811413,0.11313831797007434,0.14124982631539088,NSE
subsequent_2016_2020,hysets_02YK002,3,1,Koppen_Class_All,456,731,0.17794747047618786,0.14492775017848314,0.14272230501117095,NSE
subsequent_2016_2020,hysets_02YK005,1,1,Koppen_Class_All,463,731,0.3627138309430836,0.30913554939546894,0.1554966179877914,NSE
subsequent_2016_2020,hysets_02YN002,5,1,Koppen_Class_All,449,731,0.04877644442267215,-0.017745567155522668,0.15225151205756204,NSE
subsequent_2016_2020,hysets_02YO006,5,1,Koppen_Class_All,449,1096,0.14517077226703434,0.056544279129269626,0.07951173165317653,NSE
subsequent_2016_2020,hysets_02YO008,2,1,Koppen_Class_All,452,1096,0.10310609569146922,-0.008726604298228136,0.07393356629873658,NSE
subsequent_2016_2020,hysets_02YR001,1,1,Koppen_Class_All,463,1096,0.27838397027201855,0.3165543363363076,0.13719952654062978,NSE
subsequent_2016_2020,hysets_02YR003,4,1,Koppen_Class_All,452,1096,0.3180682369270428,0.3392594570983387,0.14320632827892193,NSE
subsequent_2016_2020,hysets_02ZB001,1,1,Koppen_Class_All,463,731,-0.09160415677550127,-0.21483317306050354,0.08409735424649342,NSE
subsequent_2016_2020,hysets_02ZC002,3,1,Koppen_Class_All,456,731,-0.03988284822928878,-0.2426948602725476,0.11096955919391578,NSE
subsequent_2016_2020,hysets_02ZF001,3,1,Koppen_Class_All,456,1096,-0.03577941790174455,0.06486064160880545,0.1454879499745406,NSE
subsequent_2016_2020,hysets_02ZG001,5,1,Koppen_Class_All,449,731,-0.1748190846576183,-0.13010607573939592,0.16041723118435386,NSE
subsequent_2016_2020,hysets_02ZG003,3,1,Koppen_Class_All,456,692,-0.1012996455339048,-0.2645089301893131,0.12793151171463726,NSE
subsequent_2016_2020,hysets_02ZH001,3,1,Koppen_Class_All,456,731,0.06281278978562754,0.021105577144397092,0.10736753654567958,NSE
subsequent_2016_2020,hysets_02ZK001,2,1,Koppen_Class_All,452,731,-0.13512403658963668,-0.23021110444454296,0.14226314166624368,NSE
subsequent_2016_2020,hysets_02ZK004,2,1,Koppen_Class_All,452,731,-0.18752425074889412,-0.3533959441179231,0.16456804445675366,NSE
subsequent_2016_2020,hysets_03010500,2,0,Koppen_Class_All,452,1096,0.02222756265995962,0.1125124307794989,0.11341110132946566,NSE
subsequent_2016_2020,hysets_03010655,1,1,Koppen_Class_All,463,1096,-0.08801727709292351,0.02243205284622496,0.08703656125240827,NSE
subsequent_2016_2020,hysets_03021350,3,0,Koppen_Class_All,456,1096,0.005182726511474112,-0.1416734116934315,0.08954768572715617,NSE
subsequent_2016_2020,hysets_03028000,1,1,Koppen_Class_All,463,1096,0.0513004601557171,0.07758056881560926,0.0705742021012333,NSE
subsequent_2016_2020,hysets_03065000,1,1,Koppen_Class_All,463,1096,0.050938383929397535,-0.022331393147920098,0.08958806961427764,NSE
subsequent_2016_2020,hysets_03070500,1,1,Koppen_Class_All,463,1096,0.03370793491224955,-0.022279499498518485,0.09677554284024442,NSE
subsequent_2016_2020,hysets_03072000,1,1,Koppen_Class_All,463,1096,0.013767036547646216,-0.039277927003408264,0.09886981041691224,NSE
subsequent_2016_2020,hysets_03110000,4,1,Koppen_Class_All,452,1096,-0.10606995987729739,-0.08177842686367076,0.06981308027185938,NSE
subsequent_2016_2020,hysets_03151400,5,1,Koppen_Class_All,449,1096,0.0843877786028866,0.0051707291145393075,0.07556802043453668,NSE
subsequent_2016_2020,hysets_03159540,3,1,Koppen_Class_All,456,1096,-0.12977509712759527,-0.2888679602554882,0.09492355623299625,NSE
subsequent_2016_2020,hysets_03180500,4,1,Koppen_Class_All,452,1096,0.09816728804497243,0.042994202012744065,0.07492716138169406,NSE
subsequent_2016_2020,hysets_03182500,3,1,Koppen_Class_All,456,1096,0.09809181918043941,0.08175619414593827,0.07049257279906944,NSE
subsequent_2016_2020,hysets_03186500,3,1,Koppen_Class_All,456,1096,0.027463887927684727,-0.08819968256758748,0.059446385795992,NSE
subsequent_2016_2020,hysets_03187500,2,1,Koppen_Class_All,452,1096,0.020006690729394316,-0.0581339413832076,0.07520120579527707,NSE
subsequent_2016_2020,hysets_03189100,2,1,Koppen_Class_All,452,929,0.06051249046400631,-0.04295263140841454,0.06367414976948646,NSE
subsequent_2016_2020,hysets_03194700,3,1,Koppen_Class_All,456,1096,0.05416744730638756,-0.013938238484326959,0.09317250279666232,NSE
subsequent_2016_2020,hysets_03198500,5,0,Koppen_Class_All,449,1096,0.10703209753937559,0.1359787763286504,0.09274925330739313,NSE
subsequent_2016_2020,hysets_03202400,5,1,Koppen_Class_All,449,1096,0.09140899346357756,0.11178767234931675,0.05859092744082526,NSE
subsequent_2016_2020,hysets_03202750,2,1,Koppen_Class_All,452,1096,0.13499887774419317,0.09939972433440891,0.08808396565413644,NSE
subsequent_2016_2020,hysets_03207800,1,1,Koppen_Class_All,287,1096,-0.38927185193601654,0.04452934650892282,0.06579733854032072,NSE
subsequent_2016_2020,hysets_03208500,2,1,Koppen_Class_All,293,1096,-0.370307885740641,-0.11001565161173188,0.06368694037437164,NSE
subsequent_2016_2020,hysets_03210000,2,1,Koppen_Class_All,293,1096,-0.376603779533514,0.0003710289199169159,0.10126253164232188,NSE
subsequent_2016_2020,hysets_03217000,3,1,Koppen_Class_All,288,1096,-0.20107818344091966,0.023435158462952854,0.08218762353372157,NSE
subsequent_2016_2020,hysets_03280700,2,1,Koppen_Class_All,293,1096,-0.12320787784215725,-0.016674727595041405,0.05968852484316381,NSE
subsequent_2016_2020,hysets_03460000,4,1,Koppen_Class_All,290,1096,-0.30982016894604536,0.18017912144258685,0.09137744235839576,NSE
subsequent_2016_2020,hysets_03497300,4,1,Koppen_Class_All,290,1094,-0.08333975256474613,0.12857119037582587,0.08058003541026845,NSE
subsequent_2016_2020,hysets_03512000,3,1,Koppen_Class_All,288,1096,-0.16093822901763,0.14035852390251435,0.08406531340620241,NSE
subsequent_2016_2020,hysets_03574500,4,1,Koppen_Class_All,290,1096,0.035536241321597495,0.0832867648933513,0.09185949625971873,NSE
subsequent_2016_2020,hysets_04015330,4,1,Koppen_Class_All,452,1096,-0.22174875088697266,-0.3353216098607741,0.10129003796883182,NSE
subsequent_2016_2020,hysets_04024430,2,1,Koppen_Class_All,452,1096,-0.277728133780593,-0.37131874404416654,0.06338514149730388,NSE
subsequent_2016_2020,hysets_04025500,2,1,Koppen_Class_All,452,1096,-2.2816449330514,0.0012554272106960473,0.15633095016836215,NSE
subsequent_2016_2020,hysets_04057510,2,1,Koppen_Class_All,452,1096,-1.3655409553336422,0.03632085458908463,0.2520236162345108,NSE
subsequent_2016_2020,hysets_04063700,5,1,Koppen_Class_All,449,1096,-0.6962870999685289,0.06743562386776969,0.21943076352065694,NSE
subsequent_2016_2020,hysets_04256000,4,1,Koppen_Class_All,452,1096,0.1487552752591892,0.12814628542231477,0.10693245502529768,NSE
subsequent_2016_2020,hysets_04262500,1,1,Koppen_Class_All,463,1096,0.09268306835468543,0.09165350089140845,0.11457918728025307,NSE
subsequent_2016_2020,hysets_04269000,4,1,Koppen_Class_All,452,1096,0.17046405237791462,0.31076704646950526,0.12382529901800775,NSE
subsequent_2016_2020,hysets_04287000,4,0,Koppen_Class_All,452,1096,0.16368164177926559,0.134014395161558,0.0802351028995107,NSE
subsequent_2016_2020,hysets_04296000,5,1,Koppen_Class_All,449,1096,0.18361147864622507,0.2352159558812228,0.1268444037089072,NSE
subsequent_2016_2020,hysets_05AA008,2,1,Koppen_Class_All,452,1096,-0.42099107751304676,-0.20740266043354771,0.20696735464594623,NSE
subsequent_2016_2020,hysets_05BG006,2,0,Koppen_Class_All,452,1096,-10.433383193390123,-2.6972691816088976,0.21487749115281143,NSE
subsequent_2016_2020,hysets_05DA009,1,0,Koppen_Class_All,35,366,0.48821329727301366,0.3990954816074497,0.20078677961564376,NSE
subsequent_2016_2020,hysets_05DC006,1,1,Koppen_Class_All,463,1096,-4.571652610096059,-1.1327791262856466,0.31975172748793684,NSE
subsequent_2016_2020,hysets_05QE008,5,1,Koppen_Class_All,449,366,-33.01949647814039,-1.79559022822531,1.5023982884035558,NSE
subsequent_2016_2020,hysets_05QE009,3,1,Koppen_Class_All,456,731,-21.072209290741895,-1.958157928360126,0.8282832865308914,NSE
subsequent_2016_2020,hysets_05QE012,4,1,Koppen_Class_All,452,731,-24.292400084677986,-1.9399263010797534,1.2382482252922278,NSE
subsequent_2016_2020,hysets_05TG002,4,1,Koppen_Class_All,452,731,-3.022201306183609,-1.724757813086287,0.35406942739018266,NSE
subsequent_2016_2020,hysets_05UF004,2,1,Koppen_Class_All,452,731,-0.1879461350981475,-0.30273540260916487,0.21705463037591585,NSE
subsequent_2016_2020,hysets_06019500,5,1,Koppen_Class_All,449,1096,-47.06322202817483,-4.759306371904006,1.1077620852908314,NSE
subsequent_2016_2020,hysets_06191000,2,1,Koppen_Class_All,452,1096,-0.5176160713875642,0.003708288554198691,0.2327071631484938,NSE
subsequent_2016_2020,hysets_06200000,1,1,Koppen_Class_All,463,1096,-0.20299063527415218,-0.18682215188199436,0.1875638415095497,NSE
subsequent_2016_2020,hysets_06224000,3,1,Koppen_Class_All,456,1096,0.0766369020591644,0.02033350161227243,0.13271995818847185,NSE
subsequent_2016_2020,hysets_06289000,1,1,Koppen_Class_All,463,1096,-3.463145334094526,-0.9337650330303584,0.24103444414607839,NSE
subsequent_2016_2020,hysets_06309200,4,1,Koppen_Class_All,452,1096,-1.6252362615008416,-1.8758742683247909,0.18200520344604315,NSE
subsequent_2016_2020,hysets_06332515,2,1,Koppen_Class_All,452,1096,-205.98524788804195,-52.20210441918114,0.9540670227273992,NSE
subsequent_2016_2020,hysets_06339100,1,0,Koppen_Class_All,463,1096,-46.324264590932586,-25.3050052381015,0.4720095673169545,NSE
subsequent_2016_2020,hysets_06344600,1,0,Koppen_Class_All,463,1096,-55.52044928469045,-35.77025301754188,0.38560615308451596,NSE
subsequent_2016_2020,hysets_06400875,3,1,Koppen_Class_All,456,1096,-488.5963745969054,-194.6013792478803,0.8642024099951034,NSE
subsequent_2016_2020,hysets_06404000,3,1,Koppen_Class_All,456,1096,-42.47325249041027,-13.644373166343458,0.33759249282193077,NSE
subsequent_2016_2020,hysets_06406000,4,1,Koppen_Class_All,452,1096,-460.5602479385908,-21.11837242289981,1.1930444742505408,NSE
subsequent_2016_2020,hysets_06409000,1,1,Koppen_Class_All,463,1096,-2802.4787179408468,-23.96798306640982,6.493777299986671,NSE
subsequent_2016_2020,hysets_06422500,2,1,Koppen_Class_All,452,1096,-294.5621512122677,-15.834001435644943,1.4073282782500514,NSE
subsequent_2016_2020,hysets_06623800,5,1,Koppen_Class_All,449,1096,0.18178626872752524,0.0937789385625869,0.1403649843861434,NSE
subsequent_2016_2020,hysets_06712000,1,1,Koppen_Class_All,463,1096,-2295.478473800274,-51.329980063430625,5.1213744290662815,NSE
subsequent_2016_2020,hysets_06719505,3,1,Koppen_Class_All,456,1096,-9.271856954198562,-3.184941609649213,0.49247833419416587,NSE
subsequent_2016_2020,hysets_06876700,2,1,Koppen_Class_All,452,1096,-7.802078681683756,-5.864336000711281,0.30703645536871343,NSE
subsequent_2016_2020,hysets_06FD002,4,1,Koppen_Class_All,452,731,-0.4209746287639786,-0.9971903984937389,0.11476153986662628,NSE
subsequent_2016_2020,hysets_07060710,1,1,Koppen_Class_All,287,1095,-1.8963502585275278,-1.6874682627237858,0.09122241385670843,NSE
subsequent_2016_2020,hysets_07124200,2,1,Koppen_Class_All,452,1096,-101.96302669449956,-14.069934354768929,0.7117574585355556,NSE
subsequent_2016_2020,hysets_07203000,3,1,Koppen_Class_All,456,1096,-736.2673053083606,-41.00715206787855,1.8413137295575996,NSE
subsequent_2016_2020,hysets_07207500,3,1,Koppen_Class_All,456,1096,-246.88849037658875,-38.27494918240072,1.0091192293362028,NSE
subsequent_2016_2020,hysets_07208500,5,1,Koppen_Class_All,449,1091,-76.95369254993001,-10.416281501935309,0.7957853157971907,NSE
subsequent_2016_2020,hysets_07291000,1,1,Koppen_Class_All,287,1093,0.050857335025849104,-0.055622663074290646,0.05609894361415365,NSE
subsequent_2016_2020,hysets_07299670,1,1,Koppen_Class_All,287,1096,-53.80646038269336,-23.27632821813903,0.381784318046173,NSE
subsequent_2016_2020,hysets_07315200,3,1,Koppen_Class_All,288,1096,-1.1660620972848705,-4.371043341092613,0.08872423395924645,NSE
subsequent_2016_2020,hysets_07335700,1,1,Koppen_Class_All,287,1096,0.00814133245260329,-0.018396663281657233,0.0623158804996944,NSE
subsequent_2016_2020,hysets_07337900,3,1,Koppen_Class_All,288,1096,-0.003018679486996634,-0.10917135005642753,0.05819587325806837,NSE
subsequent_2016_2020,hysets_07340300,4,1,Koppen_Class_All,290,1096,0.027045618331328347,-0.07975912945711094,0.07087427886673832,NSE
subsequent_2016_2020,hysets_07352000,5,1,Koppen_Class_All,302,1096,0.06359660558866287,-0.17985536584491713,0.04049755985225776,NSE
subsequent_2016_2020,hysets_07361500,3,1,Koppen_Class_All,288,1089,0.02892217780856654,-0.0947973727191862,0.05701399418075203,NSE
subsequent_2016_2020,hysets_07362100,3,1,Koppen_Class_All,288,1096,0.11138087278451825,0.015209594615100963,0.059432595479570124,NSE
subsequent_2016_2020,hysets_07373000,1,1,Koppen_Class_All,287,1096,-0.016037841338857106,-0.14508160551654914,0.06974912585601849,NSE
subsequent_2016_2020,hysets_07376000,1,1,Koppen_Class_All,287,1096,0.012175566961030171,-0.06503085363019201,0.048150409875579635,NSE
subsequent_2016_2020,hysets_07377000,3,0,Koppen_Class_All,288,1096,-0.010920992170666333,-0.13108784536949614,0.04827331493167589,NSE
subsequent_2016_2020,hysets_07BJ001,5,1,Koppen_Class_All,449,366,-0.9840998518551751,-0.8019526420349257,0.23807053019106877,NSE
subsequent_2016_2020,hysets_07MA003,4,1,Koppen_Class_All,452,731,-79.88804717941207,-4.060970859054965,1.3516944323555238,NSE
subsequent_2016_2020,hysets_07SB013,5,0,Koppen_Class_All,449,366,-715832.7478833143,-2936.8672697361417,213.4382213245901,NSE
subsequent_2016_2020,hysets_08013000,3,1,Koppen_Class_All,288,1096,0.05775766085091294,-0.04632811998192965,0.06601276435667491,NSE
subsequent_2016_2020,hysets_08013500,4,1,Koppen_Class_All,290,1096,-0.03467130328875223,-0.011190525924478223,0.08712017304768949,NSE
subsequent_2016_2020,hysets_08014500,1,1,Koppen_Class_All,287,1096,-0.09603362626642009,0.04544779927956388,0.07991912611066512,NSE
subsequent_2016_2020,hysets_08025500,4,1,Koppen_Class_All,290,1094,0.0675300295356086,-0.11540145135384439,0.03968002899380878,NSE
subsequent_2016_2020,hysets_08029500,5,1,Koppen_Class_All,302,1096,0.018683867640663543,-0.1923834029712781,0.036028291684685645,NSE
subsequent_2016_2020,hysets_08065800,1,1,Koppen_Class_All,287,1096,-0.02519876696961032,-0.2892965031799086,0.07090076267814654,NSE
subsequent_2016_2020,hysets_08066200,2,1,Koppen_Class_All,293,1096,0.014082581657357318,-0.2394901436008423,0.06170466581685742,NSE
subsequent_2016_2020,hysets_08068720,1,1,Koppen_Class_All,287,1096,-0.11620078852899218,-0.7237133806337568,0.05291849181864449,NSE
subsequent_2016_2020,hysets_08070000,4,1,Koppen_Class_All,290,1095,0.003519282626222253,-0.33098623500011515,0.03735826913087171,NSE
subsequent_2016_2020,hysets_08082700,4,1,Koppen_Class_All,290,1096,-2.9574532721168914,-7.679427925900972,0.14847449278415173,NSE
subsequent_2016_2020,hysets_08084800,3,1,Koppen_Class_All,288,1096,-7.2857147442018775,-7.970870593750767,0.2833817240800117,NSE
subsequent_2016_2020,hysets_08086212,5,1,Koppen_Class_All,302,1096,-2.9911210213669346,-6.921531134286268,0.10129853788130759,NSE
subsequent_2016_2020,hysets_08150800,3,1,Koppen_Class_All,288,1096,-0.6756625983029936,-9.925069738944188,0.039450198066513835,NSE
subsequent_2016_2020,hysets_08164300,2,1,Koppen_Class_All,293,1096,-0.11042108910351689,-1.7385685155124855,0.039385772262716744,NSE
subsequent_2016_2020,hysets_08165300,1,1,Koppen_Class_All,287,1096,-2.550482770264975,-8.279034773876642,0.06095641852888418,NSE
subsequent_2016_2020,hysets_08165500,3,1,Koppen_Class_All,288,1096,-2.5715941865518683,-6.019263011506686,0.0594012184352954,NSE
subsequent_2016_2020,hysets_08171000,5,1,Koppen_Class_All,302,1096,-27.355825215711583,-5.118163829798536,0.3320742278862805,NSE
subsequent_2016_2020,hysets_08175000,5,1,Koppen_Class_All,302,1096,-1.8548146313466969,-5.790773531488186,0.07356129226052606,NSE
subsequent_2016_2020,hysets_08176900,1,0,Koppen_Class_All,287,1096,-14.512110539483063,-18.590909343625963,0.22732327320877563,NSE
subsequent_2016_2020,hysets_08178880,4,1,Koppen_Class_All,290,1096,-5.761844786541109,-3.4801255699192044,0.11429315339995902,NSE
subsequent_2016_2020,hysets_08189500,2,0,Koppen_Class_All,293,1095,-9.307941616849504,-9.741139342068884,0.20082140520071892,NSE
subsequent_2016_2020,hysets_08194200,5,1,Koppen_Class_All,13,884,-0.03742721722750009,-0.4479810269205615,0.041907821181029016,NSE
subsequent_2016_2020,hysets_08195000,2,1,Koppen_Class_All,293,1096,-4.673448318487604,-3.27440697460342,0.12164690523005088,NSE
subsequent_2016_2020,hysets_08198000,5,1,Koppen_Class_All,302,1096,-7.311440904464305,-4.208361870065166,0.227504488592364,NSE
subsequent_2016_2020,hysets_08198500,1,1,Koppen_Class_All,287,1096,-23.474432124562348,-14.232300309996742,0.3669169227708544,NSE
subsequent_2016_2020,hysets_08201500,1,0,Koppen_Class_All,287,1096,-5.426398881592172,-3.617027875944003,0.12146813947796663,NSE
subsequent_2016_2020,hysets_08202700,3,0,Koppen_Class_All,288,1096,-113.24487710584495,-134.59664797422994,0.37306319087466117,NSE
subsequent_2016_2020,hysets_08247500,2,1,Koppen_Class_All,452,1096,-20.728151529711486,-10.45989475063574,0.6146844997145509,NSE
subsequent_2016_2020,hysets_08269000,3,1,Koppen_Class_All,456,1096,-19.322493677440686,-5.3302880666098,0.5868392811172528,NSE
subsequent_2016_2020,hysets_08279000,2,1,Koppen_Class_All,452,1096,-86.88903686802196,-10.514975072699471,1.4202086772156344,NSE
subsequent_2016_2020,hysets_08284100,1,1,Koppen_Class_All,463,1096,-0.9316415135697345,-1.318271513147356,0.20342912888839573,NSE
subsequent_2016_2020,hysets_08289000,3,1,Koppen_Class_All,456,1004,-81.38445433941874,-16.779788187767178,1.078802847718748,NSE
subsequent_2016_2020,hysets_08291000,2,1,Koppen_Class_All,452,1085,-55.1371303295653,-5.875341737608522,1.3377001697482522,NSE
subsequent_2016_2020,hysets_08324000,4,1,Koppen_Class_All,452,1096,-348.97749290071874,-21.808627133492852,3.3521574037434156,NSE
subsequent_2016_2020,hysets_08334000,4,1,Koppen_Class_All,452,1096,-3009.4350189772513,-129.61836586006837,5.440402828740154,NSE
subsequent_2016_2020,hysets_08378500,5,1,Koppen_Class_All,449,1096,-17.468132576906033,-3.4064950063912693,0.7757619185775089,NSE
subsequent_2016_2020,hysets_08401200,4,1,Koppen_Class_All,18,1096,-80.42804832806097,-44.06017910088629,0.2860852746902832,NSE
subsequent_2016_2020,hysets_08401900,5,1,Koppen_Class_All,13,1096,-2.6217442036522356,-4.846285496319153,0.07146405881613954,NSE
subsequent_2016_2020,hysets_08405150,5,1,Koppen_Class_All,13,1096,-11.0527770982366,-15.150726762486247,0.10588889215109999,NSE
subsequent_2016_2020,hysets_08405500,3,1,Koppen_Class_All,16,1096,-14.655659109132724,-2.0208599459953187,0.1400579317120832,NSE
subsequent_2016_2020,hysets_08AA008,1,1,Koppen_Class_All,35,731,-21.406996467553462,-3.167060719838716,1.0641635694577738,NSE
subsequent_2016_2020,hysets_08AA009,4,1,Koppen_Class_All,452,731,-36.39437598973088,-5.860172348731782,1.0656716772560813,NSE
subsequent_2016_2020,hysets_08AC001,2,1,Koppen_Class_All,41,731,-0.39741054108002993,0.14773054257158813,0.16079460734553647,NSE
subsequent_2016_2020,hysets_08EB004,5,1,Koppen_Class_All,449,731,0.22255096713408995,0.29143654902938254,0.12585291727493805,NSE
subsequent_2016_2020,hysets_08ED001,4,1,Koppen_Class_All,452,1096,-0.021879972486963606,-0.07152333562250757,0.09718200993619709,NSE
subsequent_2016_2020,hysets_08ED002,2,0,Koppen_Class_All,452,1096,-0.2262840845835754,-0.15480063955857148,0.24534402325091434,NSE
subsequent_2016_2020,hysets_08EE008,2,1,Koppen_Class_All,452,656,-0.013663104821880934,0.11026141337406492,0.13922370643919946,NSE
subsequent_2016_2020,hysets_08EE013,4,1,Koppen_Class_All,452,365,-0.15067810609295518,-0.5251952859957545,0.18467541837999918,NSE
subsequent_2016_2020,hysets_08EE020,3,1,Koppen_Class_All,45,731,0.10360093462986608,0.11907932687317857,0.0983440601839668,NSE
subsequent_2016_2020,hysets_08EG012,5,1,Koppen_Class_All,449,731,-0.4136511224609669,-0.4529275785941447,0.10278769835869571,NSE
subsequent_2016_2020,hysets_08FE003,2,1,Koppen_Class_All,452,731,-0.28590744935980394,-0.39115661286387127,0.06396981337022317,NSE
subsequent_2016_2020,hysets_08FF001,3,1,Koppen_Class_All,456,731,-0.30642717988828694,-0.2515050155388656,0.08273745733032481,NSE
subsequent_2016_2020,hysets_08FF002,3,1,Koppen_Class_All,456,366,-0.0851042036955183,-0.15372140017492453,0.09111686821320741,NSE
subsequent_2016_2020,hysets_08FF003,4,1,Koppen_Class_All,452,731,-0.29958881331309817,-0.2747717028267267,0.0961687499290487,NSE
subsequent_2016_2020,hysets_08GA071,2,1,Koppen_Class_All,452,731,-0.5537090899680419,-0.30366691453472394,0.12346848006124934,NSE
subsequent_2016_2020,hysets_08GA072,5,0,Koppen_Class_All,449,366,-1.0630070415220767,-0.18856273405664936,0.2572320159894496,NSE
subsequent_2016_2020,hysets_08HA001,5,1,Koppen_Class_All,302,1096,0.05314077239040149,-0.09896026127970403,0.09730541424973752,NSE
subsequent_2016_2020,hysets_08HA010,1,1,Koppen_Class_All,287,1096,-0.058403844827255025,-0.1994383483395219,0.1099416446860495,NSE
subsequent_2016_2020,hysets_08HB014,2,1,Koppen_Class_All,293,1096,-0.14510344028192468,-0.33650222622137416,0.12381511759142276,NSE
subsequent_2016_2020,hysets_08HB074,5,1,Koppen_Class_All,449,1096,-0.35980433476117435,-0.2915807786305067,0.10513074608238135,NSE
subsequent_2016_2020,hysets_08HD011,2,1,Koppen_Class_All,452,731,-0.06285169763007015,-0.21085739474668785,0.10345643628773567,NSE
subsequent_2016_2020,hysets_08HD015,4,1,Koppen_Class_All,452,731,-0.05797338797429452,-0.2361571339194657,0.10657164945220225,NSE
subsequent_2016_2020,hysets_08HF004,3,1,Koppen_Class_All,456,731,-0.07535004523191824,-0.32568564031376224,0.06605185286453787,NSE
subsequent_2016_2020,hysets_08JD006,4,1,Koppen_Class_All,452,1096,0.20506728400079732,0.13926158582352088,0.09870458856912369,NSE
subsequent_2016_2020,hysets_08KA007,5,1,Koppen_Class_All,45,366,0.6181243035536634,0.6044569960505409,0.12736547534642836,NSE
subsequent_2016_2020,hysets_08KH010,1,1,Koppen_Class_All,463,366,0.28431819423764815,0.26355263103599946,0.17174468361202044,NSE
subsequent_2016_2020,hysets_08KH019,5,1,Koppen_Class_All,449,1096,-3.207323488923177,-1.570510524951338,0.32111748854277217,NSE
subsequent_2016_2020,hysets_08LB038,2,1,Koppen_Class_All,452,366,-0.04491396920952928,-0.008195477820335029,0.22742726239909367,NSE
subsequent_2016_2020,hysets_08LB069,3,1,Koppen_Class_All,456,366,0.31623888658264443,0.22764893909618056,0.17181110027107857,NSE
subsequent_2016_2020,hysets_08LB076,3,1,Koppen_Class_All,456,366,0.2838975817422772,0.1951525756721857,0.1568734455606511,NSE
subsequent_2016_2020,hysets_08LE024,5,0,Koppen_Class_All,449,731,0.10660236315134364,0.09264164215118875,0.16891427994522515,NSE
subsequent_2016_2020,hysets_08LE027,3,0,Koppen_Class_All,456,731,0.0786886608410472,0.05869411327591434,0.16868750141722666,NSE
subsequent_2016_2020,hysets_08LG048,5,0,Koppen_Class_All,449,366,0.40930947199493684,0.2979888329158623,0.12410501134083189,NSE
subsequent_2016_2020,hysets_08MA003,4,1,Koppen_Class_All,46,366,0.7075461691020182,0.6520673013444258,0.17537464763863733,NSE
subsequent_2016_2020,hysets_08ME023,1,0,Koppen_Class_All,35,1096,-0.3371180109709848,-0.258219611618141,0.3082934017736052,NSE
subsequent_2016_2020,hysets_08ME025,4,1,Koppen_Class_All,452,1096,-5.449751709529304,-0.9247229190030826,0.42366699268898517,NSE
subsequent_2016_2020,hysets_08MH016,5,1,Koppen_Class_All,449,731,-0.5134313892605624,-0.019694612883171203,0.1867698373875576,NSE
subsequent_2016_2020,hysets_08MH056,3,1,Koppen_Class_All,456,731,-0.25437742730985646,-0.09344508971142629,0.1030979590751821,NSE
subsequent_2016_2020,hysets_08MH103,2,1,Koppen_Class_All,452,731,-0.31901834347951397,0.0701332810596964,0.1455534546318142,NSE
subsequent_2016_2020,hysets_08MH147,4,1,Koppen_Class_All,452,366,-0.867032346101215,-0.3460877836620735,0.15568828708142343,NSE
subsequent_2016_2020,hysets_08NA006,5,1,Koppen_Class_All,449,731,0.14566903082345506,0.1688231328718518,0.15874974836809327,NSE
subsequent_2016_2020,hysets_08NB012,3,1,Koppen_Class_All,456,731,0.08871972557189367,0.052860775244416125,0.15002087233023423,NSE
subsequent_2016_2020,hysets_08NB014,5,1,Koppen_Class_All,449,731,-0.07027524567330046,-0.15673049294566566,0.19987847847620463,NSE
subsequent_2016_2020,hysets_08ND012,4,1,Koppen_Class_All,452,1096,-0.04648114283717897,-0.07515353642435518,0.19180276782259428,NSE
subsequent_2016_2020,hysets_08ND013,4,1,Koppen_Class_All,452,731,-0.03146820217221369,-0.04421428366830327,0.1587892679946055,NSE
subsequent_2016_2020,hysets_08NE039,3,1,Koppen_Class_All,456,731,0.39072552888615053,0.2869806860885782,0.09535879037445714,NSE
subsequent_2016_2020,hysets_08NE074,4,1,Koppen_Class_All,452,1096,0.25487154833232206,0.16189168891279448,0.1289181728298541,NSE
subsequent_2016_2020,hysets_08NF001,5,1,Koppen_Class_All,449,731,-0.4189739766567009,-0.3113618321067919,0.2032452210906058,NSE
subsequent_2016_2020,hysets_08NG076,3,1,Koppen_Class_All,456,731,-0.02536568841813569,-0.12943090123515133,0.13798550584462296,NSE
subsequent_2016_2020,hysets_08NG077,2,1,Koppen_Class_All,452,731,0.18272074906311697,0.08293327598511457,0.14687552216339905,NSE
subsequent_2016_2020,hysets_08NH005,1,1,Koppen_Class_All,463,731,0.2633218450660182,0.17706920272859927,0.15002764638576116,NSE
subsequent_2016_2020,hysets_08NH006,4,1,Koppen_Class_All,452,731,0.10272889391395701,0.003713939357487872,0.15090560168128864,NSE
subsequent_2016_2020,hysets_08NH120,1,1,Koppen_Class_All,463,366,0.1791014604483645,0.08312860158089996,0.2006802948690752,NSE
subsequent_2016_2020,hysets_08NH130,3,1,Koppen_Class_All,456,665,0.07094951463534416,-0.036330990965052656,0.17484272743755164,NSE
subsequent_2016_2020,hysets_08NJ160,5,1,Koppen_Class_All,449,731,0.27179660853139564,0.18068649079289623,0.126814408063467,NSE
subsequent_2016_2020,hysets_08NK016,4,1,Koppen_Class_All,452,731,-0.3719001391625343,-0.07234511228329032,0.19726824409203067,NSE
subsequent_2016_2020,hysets_08NK018,2,1,Koppen_Class_All,452,731,-0.6994164284527942,-0.25150170238529235,0.22464420866756282,NSE
subsequent_2016_2020,hysets_08NK022,4,1,Koppen_Class_All,452,731,0.001115741962604555,0.09859894986554718,0.17942829998358828,NSE
subsequent_2016_2020,hysets_08NL004,1,1,Koppen_Class_All,463,731,-1.5496492617167044,-1.3361790634993644,0.2113195795191353,NSE
subsequent_2016_2020,hysets_08NL024,5,1,Koppen_Class_All,449,366,-0.10251018317679805,-0.20999169913272642,0.1700042365939763,NSE
subsequent_2016_2020,hysets_08NL050,5,1,Koppen_Class_All,449,366,-2.280289131522287,-1.5050646937146923,0.2644132237869499,NSE
subsequent_2016_2020,hysets_08NL071,4,1,Koppen_Class_All,452,366,0.3386682327662536,0.24436511578855447,0.12837035814681463,NSE
subsequent_2016_2020,hysets_08NN019,3,1,Koppen_Class_All,456,366,-0.4193303583467485,-0.5814119768606205,0.20263974310758104,NSE
subsequent_2016_2020,hysets_08OA002,2,1,Koppen_Class_All,293,731,-0.22986466254117288,-0.18028364093290383,0.10863165565268762,NSE
subsequent_2016_2020,hysets_09059500,4,1,Koppen_Class_All,452,1096,-0.7147826854803516,-0.7856051766033438,0.22557786961463921,NSE
subsequent_2016_2020,hysets_09165000,3,1,Koppen_Class_All,456,1096,-0.14622029371783363,-0.34331732921406877,0.1816696226279662,NSE
subsequent_2016_2020,hysets_09196500,1,1,Koppen_Class_All,463,1096,0.04675018667106978,-0.11261226417653702,0.160920205487612,NSE
subsequent_2016_2020,hysets_09223000,3,1,Koppen_Class_All,456,1096,-0.18558055690184672,-0.4867264101545321,0.18368079021951925,NSE
subsequent_2016_2020,hysets_09253000,5,1,Koppen_Class_All,449,1096,-0.24454106113271745,-0.5996115573661589,0.2027160329220197,NSE
subsequent_2016_2020,hysets_09255000,2,1,Koppen_Class_All,452,1050,-3.1016092339025665,-2.299438463631227,0.2528735411373868,NSE
subsequent_2016_2020,hysets_09266500,2,1,Koppen_Class_All,452,1096,-0.6184916467206163,-0.5409640667253879,0.20764949610698635,NSE
subsequent_2016_2020,hysets_09289500,1,1,Koppen_Class_All,463,1096,0.14220618745562175,0.0673608867539841,0.148183698646839,NSE
subsequent_2016_2020,hysets_09292500,5,1,Koppen_Class_All,449,1096,-0.4722639036320053,-0.15706211918641655,0.18535347925934847,NSE
subsequent_2016_2020,hysets_09299500,1,1,Koppen_Class_All,463,1096,-1.043670762825986,-0.43451199303303656,0.1954688049757408,NSE
subsequent_2016_2020,hysets_09304200,2,1,Koppen_Class_All,452,1096,-5.2081966276415415,-1.1675353797929189,0.4561582027146469,NSE
subsequent_2016_2020,hysets_09304500,1,1,Koppen_Class_All,463,1096,-8.138693939973637,-1.5853395939281287,0.5406975383786228,NSE
subsequent_2016_2020,hysets_09306222,4,1,Koppen_Class_All,452,1096,-16859.155890479695,-112.56816004737581,24.784597335615427,NSE
subsequent_2016_2020,hysets_09310500,3,1,Koppen_Class_All,456,1096,-1.346108530283062,-1.9292150350655768,0.19670191558805986,NSE
subsequent_2016_2020,hysets_09312600,4,1,Koppen_Class_All,452,1096,-12.75362741814793,-7.246101093233527,0.493120889726919,NSE
subsequent_2016_2020,hysets_09337000,3,1,Koppen_Class_All,456,1096,-3753.6843921835034,-45.896202743204505,5.031197666533953,NSE
subsequent_2016_2020,hysets_09342500,5,1,Koppen_Class_All,449,1096,0.09881753485698208,-0.021785744586551026,0.19089868505396188,NSE
subsequent_2016_2020,hysets_09352900,3,1,Koppen_Class_All,456,1096,0.22329782064506676,0.2185000038556455,0.13441035697255774,NSE
subsequent_2016_2020,hysets_09386900,1,1,Koppen_Class_All,463,1096,-2079.4437940872936,-181.63954738168968,2.9076909117099845,NSE
subsequent_2016_2020,hysets_09403600,3,1,Koppen_Class_All,456,1096,-725.2980816910873,-43.02008797281792,2.4211546596719202,NSE
subsequent_2016_2020,hysets_09404450,5,1,Koppen_Class_All,449,1095,-156.65499655008165,-9.622966366985871,1.0729415940618843,NSE
subsequent_2016_2020,hysets_09405500,4,1,Koppen_Class_All,452,1096,-71.40601076174003,-7.1681926832856355,1.100482382138026,NSE
subsequent_2016_2020,hysets_09430600,5,0,Koppen_Class_All,449,1096,-1.3603525980131783,-3.8413226328166354,0.056767658104039435,NSE
subsequent_2016_2020,hysets_09442680,3,1,Koppen_Class_All,456,885,-1538.7322310979096,-72.529586612804,3.8263521950947257,NSE
subsequent_2016_2020,hysets_09447000,5,1,Koppen_Class_All,302,1096,-2499.8221036754417,-42.83280312972318,3.1865025268656755,NSE
subsequent_2016_2020,hysets_09447800,5,1,Koppen_Class_All,13,1096,-12.72635031834389,-2.1576491963032582,0.2302058606750184,NSE
subsequent_2016_2020,hysets_09473000,3,1,Koppen_Class_All,16,1096,-0.44718742621173013,0.09599071326017916,0.05964927237322431,NSE
subsequent_2016_2020,hysets_09494000,5,1,Koppen_Class_All,449,1096,-134.99561155896976,-12.81690777520864,1.5001635594692706,NSE
subsequent_2016_2020,hysets_09496500,2,1,Koppen_Class_All,293,1096,-1040.1775336209084,-79.45453576630109,2.055889046826881,NSE
subsequent_2016_2020,hysets_09497800,2,1,Koppen_Class_All,293,1096,-478.97156265303414,-28.7471801573932,1.6573877946423237,NSE
subsequent_2016_2020,hysets_09497980,4,1,Koppen_Class_All,290,1096,-29.960879284855565,-16.63370118971206,0.3286867180769318,NSE
subsequent_2016_2020,hysets_09499000,2,0,Koppen_Class_All,293,1096,-18.504723630570943,-15.308070598636323,0.2035281983542896,NSE
subsequent_2016_2020,hysets_09504420,2,1,Koppen_Class_All,293,1096,-13.099073459778332,-5.993046175908662,0.2534453566974823,NSE
subsequent_2016_2020,hysets_09505800,1,1,Koppen_Class_All,287,1096,-40.85179485830746,-13.036809190828986,0.39698628827953436,NSE
subsequent_2016_2020,hysets_09510200,1,1,Koppen_Class_All,287,1096,-42.80740573062384,-40.37087832744803,0.23826006194608199,NSE
subsequent_2016_2020,hysets_09512280,5,1,Koppen_Class_All,13,1096,0.517518153261693,0.36105789769348373,0.028841231714484255,NSE
subsequent_2016_2020,hysets_09513780,3,1,Koppen_Class_All,16,1096,0.12960042145200756,-0.25406728195153105,0.04034167899344137,NSE
subsequent_2016_2020,hysets_09AA012,5,1,Koppen_Class_All,45,731,-1.632540904246603,-0.42859120770656256,0.1735957481194076,NSE
subsequent_2016_2020,hysets_09AA013,2,1,Koppen_Class_All,41,366,0.4381574189706846,0.556325509025227,0.22720703698976083,NSE
subsequent_2016_2020,hysets_09AH003,1,1,Koppen_Class_All,463,731,-16.0453717602894,-3.7802159607242993,0.43422694664082273,NSE
subsequent_2016_2020,hysets_09CA004,1,1,Koppen_Class_All,35,731,-0.09436668571523543,0.1430824124179677,0.18468942996181736,NSE
subsequent_2016_2020,hysets_09EA004,2,1,Koppen_Class_All,452,366,-0.290685988569545,-0.04891830628734106,0.2527053234252384,NSE
subsequent_2016_2020,hysets_10011500,2,1,Koppen_Class_All,452,1096,0.10244325323982306,-0.016099317822403814,0.16104395421273046,NSE
subsequent_2016_2020,hysets_10032000,3,1,Koppen_Class_All,456,1096,0.07475395511939997,0.1695379163180608,0.1614228838687663,NSE
subsequent_2016_2020,hysets_10113500,4,1,Koppen_Class_All,452,1096,-17.453239218243443,-2.440039734124581,0.5673985753639889,NSE
subsequent_2016_2020,hysets_10173450,2,1,Koppen_Class_All,452,1096,-6.878672550826764,-3.2470971561399633,0.4641839014273028,NSE
subsequent_2016_2020,hysets_10174500,1,1,Koppen_Class_All,463,1096,-61.76232698258246,-6.045380485778866,1.3189326997138175,NSE
subsequent_2016_2020,hysets_10194200,5,1,Koppen_Class_All,449,1096,-90.89299980893169,-9.23756323173963,1.6570896715932109,NSE
subsequent_2016_2020,hysets_10234500,2,1,Koppen_Class_All,452,1096,-13.350296239372602,-2.984946899997477,0.5528310404415724,NSE
subsequent_2016_2020,hysets_10258500,4,1,Koppen_Class_All,18,1096,0.23148366742486592,0.37209444849092854,0.04619038985286135,NSE
subsequent_2016_2020,hysets_10296000,3,1,Koppen_Class_All,456,1096,0.24448181881927555,0.17106006749976332,0.14035293259390494,NSE
subsequent_2016_2020,hysets_10296500,5,1,Koppen_Class_All,449,1096,0.2531539957160822,0.2052675671493791,0.1286994632006812,NSE
subsequent_2016_2020,hysets_10329500,4,1,Koppen_Class_All,452,1096,-15.06655411685372,-6.558374439477305,0.24047573907223727,NSE
subsequent_2016_2020,hysets_10396000,4,1,Koppen_Class_All,452,1096,-11.041046468747822,-2.601565732581876,0.4600134182717738,NSE
subsequent_2016_2020,hysets_10AC005,3,1,Koppen_Class_All,45,1096,0.3183044862220469,0.46352684686792234,0.15342021392389446,NSE
subsequent_2016_2020,hysets_10BE007,3,1,Koppen_Class_All,456,731,-5.83428325208073,-0.6329246713857557,0.513036748769184,NSE
subsequent_2016_2020,hysets_10BE009,3,1,Koppen_Class_All,456,366,-631.030010797424,-10.123353585912511,6.567972211542129,NSE
subsequent_2016_2020,hysets_10ED003,5,1,Koppen_Class_All,449,731,-7.666676190008014,-5.148495049903124,0.402121041851469,NSE
subsequent_2016_2020,hysets_10GC003,3,1,Koppen_Class_All,456,731,-4.428251874387327,-4.472094496898473,0.23855281203966983,NSE
subsequent_2016_2020,hysets_10LC003,3,1,Koppen_Class_All,456,397,-5.46263815413005,-4.136044589891424,0.305896994256864,NSE
subsequent_2016_2020,hysets_10LC007,2,1,Koppen_Class_All,452,712,-11.264653688864644,-4.0678426130831555,0.31872418937276487,NSE
subsequent_2016_2020,hysets_11012500,4,1,Koppen_Class_All,18,1096,-2.759560888667325,-4.148067679157142,0.06509795147190804,NSE
subsequent_2016_2020,hysets_11015000,2,1,Koppen_Class_All,293,1096,-16.220926594219616,-18.190059279715765,0.1903899489603231,NSE
subsequent_2016_2020,hysets_11042400,1,1,Koppen_Class_All,287,1096,-591.9824731069675,-121.5365225124362,1.4845716943091525,NSE
subsequent_2016_2020,hysets_11123000,2,1,Koppen_Class_All,293,1096,-7.148163867771272,-20.433638280204345,0.12692160185941956,NSE
subsequent_2016_2020,hysets_11123500,4,1,Koppen_Class_All,290,1096,-4.69268811544874,-18.966282480106845,0.10873801380720395,NSE
subsequent_2016_2020,hysets_11124500,1,1,Koppen_Class_All,287,1096,-11.269803957820375,-13.542572207276066,0.14193607603503047,NSE
subsequent_2016_2020,hysets_11132500,4,1,Koppen_Class_All,290,1096,-2.696479376699106,-20.49917529321242,0.06081800580744698,NSE
subsequent_2016_2020,hysets_11140000,1,1,Koppen_Class_All,287,1096,-44.68863991854246,-39.36520453263504,0.316137924956647,NSE
subsequent_2016_2020,hysets_11143000,5,1,Koppen_Class_All,302,1096,0.2258946997585184,0.11502638102237828,0.08806330630634356,NSE
subsequent_2016_2020,hysets_11143200,3,1,Koppen_Class_All,288,1096,-0.22312837675206332,-1.0162493455429344,0.07942307570359268,NSE
subsequent_2016_2020,hysets_11143250,5,1,Koppen_Class_All,302,1096,-1.0159171191708523,-2.0360385514222417,0.0930307620472443,NSE
subsequent_2016_2020,hysets_11148900,3,1,Koppen_Class_All,288,1096,0.183872425495213,-0.1281868669246986,0.07774409082836639,NSE
subsequent_2016_2020,hysets_11149900,1,1,Koppen_Class_All,287,1096,-0.9419268038972175,-2.544073729793138,0.11665923772916084,NSE
subsequent_2016_2020,hysets_11151300,2,1,Koppen_Class_All,293,1096,-124.13395680197807,-66.6330671587429,0.5868530169283344,NSE
subsequent_2016_2020,hysets_11152000,3,1,Koppen_Class_All,288,1096,-0.02542979652114341,-0.7336426771937998,0.08062480255184126,NSE
subsequent_2016_2020,hysets_11202000,5,1,Koppen_Class_All,449,1004,0.06219143377041492,-0.054011639891941465,0.06280345416358361,NSE
subsequent_2016_2020,hysets_11202001,3,1,Koppen_Class_All,456,1004,0.07254521204523612,-0.020091533535432804,0.06177117641436449,NSE
subsequent_2016_2020,hysets_11224500,5,1,Koppen_Class_All,302,1096,-133.9908602245573,-58.23207690027638,0.6597489588912601,NSE
subsequent_2016_2020,hysets_11230500,4,1,Koppen_Class_All,452,1004,0.1901416762716277,0.10925782814954388,0.13444055059338433,NSE
subsequent_2016_2020,hysets_11253310,4,1,Koppen_Class_All,290,1096,-530.6535336545488,-89.75544751490283,1.2920080423931217,NSE
subsequent_2016_2020,hysets_11264500,2,1,Koppen_Class_All,452,1096,0.23886885850933337,0.13685403794206852,0.11930198478968775,NSE
subsequent_2016_2020,hysets_11266500,5,1,Koppen_Class_All,449,1096,0.23255661935092364,0.12844713212243541,0.12986483603341187,NSE
subsequent_2016_2020,hysets_11314500,4,1,Koppen_Class_All,452,1004,0.19708944707773546,0.09650783014903563,0.17211761780778145,NSE
subsequent_2016_2020,hysets_11317000,3,1,Koppen_Class_All,288,1004,0.2889115957300893,0.24791450326670206,0.08015893038177223,NSE
subsequent_2016_2020,hysets_11318500,4,1,Koppen_Class_All,290,1004,0.3018082025417238,0.23202700755369132,0.06620279069727204,NSE
subsequent_2016_2020,hysets_11367500,4,1,Koppen_Class_All,452,1004,-0.44722783738314864,0.26141982216026094,0.08821782467963125,NSE
subsequent_2016_2020,hysets_11374000,4,1,Koppen_Class_All,290,1096,0.3954459366295693,0.33178032705019844,0.0907990453943072,NSE
subsequent_2016_2020,hysets_11376550,4,1,Koppen_Class_All,290,1096,0.02036415395185409,0.4468460395739269,0.10650125190860592,NSE
subsequent_2016_2020,hysets_11379500,1,1,Koppen_Class_All,287,1096,0.2795043614046806,-0.30383970087338263,0.07826284137628946,NSE
subsequent_2016_2020,hysets_11381500,3,1,Koppen_Class_All,288,1096,0.29835529936126126,0.213491770556555,0.07106370830901408,NSE
subsequent_2016_2020,hysets_11383500,1,1,Koppen_Class_All,287,1096,0.48389570338355037,0.4467030614552774,0.06322386165481479,NSE
subsequent_2016_2020,hysets_11402000,1,1,Koppen_Class_All,463,1096,0.01859483123441208,-0.14595931814811203,0.07327372366344591,NSE
subsequent_2016_2020,hysets_11413000,3,1,Koppen_Class_All,456,1096,-0.033774648817029185,-0.1800197133610184,0.10126276189465803,NSE
subsequent_2016_2020,hysets_11413300,4,1,Koppen_Class_All,452,1004,-0.037424543112200004,-0.3824801575351604,0.09586953707925622,NSE
subsequent_2016_2020,hysets_11428800,5,1,Koppen_Class_All,449,1004,0.06850589213787295,-0.18577284300767372,0.05447295570846619,NSE
subsequent_2016_2020,hysets_11433300,5,1,Koppen_Class_All,302,1004,0.1925064550178469,0.07600096488434915,0.0720681153530715,NSE
subsequent_2016_2020,hysets_11451100,4,0,Koppen_Class_All,290,1096,0.2974014399979811,0.21026784874204485,0.0714044300333527,NSE
subsequent_2016_2020,hysets_11461000,1,0,Koppen_Class_All,287,1096,0.3823908142782845,0.2588576980345816,0.06349106482485044,NSE
subsequent_2016_2020,hysets_11468500,5,0,Koppen_Class_All,302,1096,0.3728783086111377,0.27367541909182336,0.07550031063474932,NSE
subsequent_2016_2020,hysets_11470500,1,1,Koppen_Class_All,287,1004,0.3345680580550414,0.23552261538611086,0.07895189774506382,NSE
subsequent_2016_2020,hysets_11473900,3,1,Koppen_Class_All,288,1095,0.39096669132743656,0.28696098544704585,0.0756392950008623,NSE
subsequent_2016_2020,hysets_11478500,4,1,Koppen_Class_All,290,1096,0.18492979332671877,0.012686945159269825,0.09544922288412512,NSE
subsequent_2016_2020,hysets_11480390,3,1,Koppen_Class_All,288,1096,0.2856801604079927,0.14627022393324196,0.08402060096051259,NSE
subsequent_2016_2020,hysets_11480410,1,1,Koppen_Class_All,287,1003,0.2922312934187744,0.13005244363552249,0.09157046742642236,NSE
subsequent_2016_2020,hysets_11481200,4,1,Koppen_Class_All,290,1096,0.32900004928985194,0.19771357156684044,0.07987867368546069,NSE
subsequent_2016_2020,hysets_11482500,4,1,Koppen_Class_All,290,1096,0.2986966467668434,0.14768858140215257,0.11680523816511823,NSE
subsequent_2016_2020,hysets_11521500,5,1,Koppen_Class_All,302,1096,0.22375419828350407,0.10014777924841878,0.07354063587062287,NSE
subsequent_2016_2020,hysets_11522500,3,1,Koppen_Class_All,456,1096,0.06255804972261758,-0.029983311516804667,0.09406871769284728,NSE
subsequent_2016_2020,hysets_11523200,5,1,Koppen_Class_All,449,1096,0.08765026199302917,-0.033426433554260004,0.0731864728920282,NSE
subsequent_2016_2020,hysets_11528700,2,1,Koppen_Class_All,293,1096,0.47688702450730325,0.37131343410191076,0.07397746311098148,NSE
subsequent_2016_2020,hysets_11532500,3,1,Koppen_Class_All,288,1096,0.004484597969962367,-0.11545227906576949,0.12631909054913895,NSE
subsequent_2016_2020,hysets_12025700,2,1,Koppen_Class_All,293,1096,0.06434216029480444,0.021140790194264958,0.10814947310952155,NSE
subsequent_2016_2020,hysets_12035000,3,1,Koppen_Class_All,288,1096,-0.15574960672972926,-0.1615274659549053,0.09070531884431812,NSE
subsequent_2016_2020,hysets_12039500,2,1,Koppen_Class_All,452,1096,-0.6349703502630473,-0.3932926468275102,0.13400665518542954,NSE
subsequent_2016_2020,hysets_12040500,5,1,Koppen_Class_All,302,1096,-0.2881740489261644,-0.24292863412058008,0.14046127123710125,NSE
subsequent_2016_2020,hysets_12041200,1,1,Koppen_Class_All,287,1096,-0.5346867561325259,-0.20959863617278685,0.13217024538242608,NSE
subsequent_2016_2020,hysets_12043000,3,1,Koppen_Class_All,288,1096,-0.15245686542648706,-0.21301370517051543,0.14042011287485945,NSE
subsequent_2016_2020,hysets_12048000,5,1,Koppen_Class_All,449,1096,0.19763175814026457,0.2637079027083973,0.09962547382333634,NSE
subsequent_2016_2020,hysets_12054000,1,1,Koppen_Class_All,463,1096,-0.40909950647068194,-0.23922448568385835,0.15470774700105486,NSE
subsequent_2016_2020,hysets_12056500,5,1,Koppen_Class_All,449,1096,-0.40890513709871934,-0.39613518988078833,0.12190257193564824,NSE
subsequent_2016_2020,hysets_12082500,2,0,Koppen_Class_All,452,1096,-0.7418570977285799,-0.11252562383726339,0.1107593545454169,NSE
subsequent_2016_2020,hysets_12092000,5,0,Koppen_Class_All,449,1096,-0.8209134676655858,-0.1883477653551291,0.14179837334949286,NSE
subsequent_2016_2020,hysets_12115000,1,1,Koppen_Class_All,463,1096,-0.28931671489884403,-0.1489393046516243,0.11706254964104433,NSE
subsequent_2016_2020,hysets_12134500,5,1,Koppen_Class_All,449,1096,-0.38052473644117457,-0.21782562248795623,0.11176528772789308,NSE
subsequent_2016_2020,hysets_12141300,5,1,Koppen_Class_All,449,1096,-0.3827465888043995,-0.26417907135262686,0.1439256878827356,NSE
subsequent_2016_2020,hysets_12142000,2,1,Koppen_Class_All,452,1096,-0.33240254845178363,-0.2910792144350598,0.14542606797044005,NSE
subsequent_2016_2020,hysets_12186000,1,1,Koppen_Class_All,463,1096,-0.5360709611118697,-0.19062822557819037,0.11018344262969354,NSE
subsequent_2016_2020,hysets_12189500,1,1,Koppen_Class_All,463,1096,-0.49351083258002126,-0.12741135514150126,0.09312309075277149,NSE
subsequent_2016_2020,hysets_12205000,4,1,Koppen_Class_All,452,1096,-1.0140708811813566,-0.21596701236328886,0.12093692398638078,NSE
subsequent_2016_2020,hysets_12324590,1,1,Koppen_Class_All,463,1096,-7.136883130513645,-2.767749026201889,0.35583376806247635,NSE
subsequent_2016_2020,hysets_12330000,3,1,Koppen_Class_All,456,1096,-1.4530865740734065,-0.9687421807977863,0.10059470267973171,NSE
subsequent_2016_2020,hysets_12332000,4,1,Koppen_Class_All,452,1096,-0.11217408024323117,-0.02656659503080605,0.18314175500723454,NSE
subsequent_2016_2020,hysets_12370000,5,1,Koppen_Class_All,449,1096,0.3214530526331725,0.35388199921266306,0.16657693096437207,NSE
subsequent_2016_2020,hysets_12389500,1,1,Koppen_Class_All,463,1096,-3.1977901458782467,-1.0897908390478186,0.29057234016338385,NSE
subsequent_2016_2020,hysets_12411000,1,1,Koppen_Class_All,463,1086,0.24670972034921623,0.1805091737528941,0.10581808682408869,NSE
subsequent_2016_2020,hysets_12414900,1,1,Koppen_Class_All,463,1096,0.09331543912644447,0.10329875874267058,0.09390310080221707,NSE
subsequent_2016_2020,hysets_12452800,4,1,Koppen_Class_All,452,1096,0.3122623263143225,0.2330760750054126,0.12345734249101396,NSE
subsequent_2016_2020,hysets_12488500,1,1,Koppen_Class_All,463,1096,0.18038912662780304,0.13461018885176645,0.12436323845288395,NSE
subsequent_2016_2020,hysets_13010065,5,1,Koppen_Class_All,449,1096,0.2633878360584627,0.20713309073691655,0.1536879347155717,NSE
subsequent_2016_2020,hysets_13011900,2,1,Koppen_Class_All,452,1096,0.13352168135207387,0.08097759421583728,0.1697758218407088,NSE
subsequent_2016_2020,hysets_13023000,1,1,Koppen_Class_All,463,1096,0.35265833724442686,0.3593532713146296,0.1820869648497161,NSE
subsequent_2016_2020,hysets_13186000,5,1,Koppen_Class_All,449,1096,0.41009518305837267,0.29563652006035124,0.10072846444449896,NSE
subsequent_2016_2020,hysets_13235000,2,1,Koppen_Class_All,452,1096,0.39260764616580346,0.31513129593516964,0.13549019105464052,NSE
subsequent_2016_2020,hysets_13297355,3,1,Koppen_Class_All,456,1096,-1.0778088067562956,-1.2665548317934405,0.17432546273981908,NSE
subsequent_2016_2020,hysets_13331500,4,1,Koppen_Class_All,452,1096,0.4223945298608308,0.35184011298841955,0.13044823621970691,NSE
subsequent_2016_2020,hysets_13339500,3,1,Koppen_Class_All,456,1096,0.148246033103815,0.16825435837505276,0.07941279513695744,NSE
subsequent_2016_2020,hysets_14013000,2,1,Koppen_Class_All,452,1096,0.03955205223113012,0.08967357777329565,0.11000798257972265,NSE
subsequent_2016_2020,hysets_14020000,3,1,Koppen_Class_All,456,1096,0.14854776225432487,0.1464723824252785,0.0972246247112737,NSE
subsequent_2016_2020,hysets_14020300,2,1,Koppen_Class_All,452,1096,-0.14289933681705924,-0.1245154845748433,0.13080562411180252,NSE
subsequent_2016_2020,hysets_14038530,3,1,Koppen_Class_All,456,1096,-14.970578262355849,-2.6432145038307264,0.5820300416404817,NSE
subsequent_2016_2020,hysets_14044000,5,1,Koppen_Class_All,449,1046,-5.172723058825704,-2.284323060617818,0.33417052723765056,NSE
subsequent_2016_2020,hysets_14091500,2,0,Koppen_Class_All,452,1096,-18.69490305714649,0.13124003952488272,0.6769106217336535,NSE
subsequent_2016_2020,hysets_14096850,2,1,Koppen_Class_All,452,1096,-16.251095317521308,-2.6608515685879652,0.4700458013770195,NSE
subsequent_2016_2020,hysets_14097100,1,1,Koppen_Class_All,463,1096,-13.219311599278925,-1.336426387688276,0.5621007209650588,NSE
subsequent_2016_2020,hysets_14154500,4,1,Koppen_Class_All,290,1096,0.5124659318125766,0.4325643370794071,0.06991629274285564,NSE
subsequent_2016_2020,hysets_14158500,1,1,Koppen_Class_All,463,1095,-0.8517798188218337,0.1172615083133498,0.2830661647673321,NSE
subsequent_2016_2020,hysets_14166500,5,1,Koppen_Class_All,302,1096,0.48289001373097684,0.3849204781633305,0.07637877635932332,NSE
subsequent_2016_2020,hysets_14178000,3,1,Koppen_Class_All,456,1096,-0.42068496304400615,0.027706991373418255,0.16121840697631706,NSE
subsequent_2016_2020,hysets_14182500,5,1,Koppen_Class_All,302,1096,-0.0843012812571462,-0.11444397733265022,0.10201761106598872,NSE
subsequent_2016_2020,hysets_14185000,4,0,Koppen_Class_All,452,1096,-0.1339716123581003,-0.19602996615243296,0.12880560239794714,NSE
subsequent_2016_2020,hysets_14185900,2,1,Koppen_Class_All,293,1096,-0.03666989611689009,-0.10695066834692613,0.12000890110043608,NSE
subsequent_2016_2020,hysets_14236200,3,1,Koppen_Class_All,288,1096,-0.10568414753840161,-0.10045430018955748,0.1290267589146164,NSE
subsequent_2016_2020,hysets_14301000,3,1,Koppen_Class_All,288,1095,0.16048113958421273,0.061093853931125985,0.11897941077299208,NSE
subsequent_2016_2020,hysets_14306500,1,1,Koppen_Class_All,287,1096,0.22517896583764652,0.10727339565084792,0.10225566057937702,NSE
subsequent_2016_2020,hysets_14308000,5,1,Koppen_Class_All,302,1096,0.5404651262149648,0.4719785863172534,0.05758605397186767,NSE
subsequent_2016_2020,hysets_14309500,2,1,Koppen_Class_All,293,1096,0.33970865064298206,0.18411213675693716,0.0898378481466636,NSE
subsequent_2016_2020,hysets_14316700,2,1,Koppen_Class_All,293,1096,0.39622243002127777,0.276503564682699,0.08412959751900208,NSE
subsequent_2016_2020,hysets_14325000,4,0,Koppen_Class_All,290,1096,0.15713206317992146,0.001866721144770933,0.08871921446441916,NSE
subsequent_2016_2020,hysets_14338000,2,1,Koppen_Class_All,293,1096,0.5726666074217104,0.45991351404305325,0.0645895857052189,NSE
subsequent_2016_2020,hysets_14377100,4,1,Koppen_Class_All,290,1093,0.2778827964784757,0.11311703565739395,0.10268373920420328,NSE
subsequent_2016_2020,hysets_14400000,3,1,Koppen_Class_All,288,1096,-0.11461424001935039,-0.19306373592416515,0.1194732789022241,NSE
subsequent_2016_2020,lamah_12425002,3,1,Koppen_Class_All,456,731,-0.1277254388133242,-0.04433165989646226,0.1306216509615657,NSE
subsequent_2016_2020,lamah_16000708,2,1,Koppen_Class_All,452,731,-0.287428862997974,0.164811116704207,0.20951902773909192,NSE
subsequent_2016_2020,lamah_16001303,5,1,Koppen_Class_All,449,731,-4.645169351055052,-0.7160063211246059,0.2098164957729146,NSE
subsequent_2016_2020,lamah_16610709,4,1,Koppen_Class_All,452,731,-0.13313859447922227,-0.0664683031900728,0.07873912856733187,NSE
subsequent_2016_2020,lamah_17404000,1,1,Koppen_Class_All,463,731,-0.5429830621625884,0.0809615950391892,0.16779647280690813,NSE
subsequent_2016_2020,lamah_18481006,5,1,Koppen_Class_All,449,731,-0.2804537677695398,-0.057496532586292615,0.12101841233364197,NSE
subsequent_2016_2020,lamah_18486000,4,1,Koppen_Class_All,452,731,-0.4767338566432444,-0.030273486228173052,0.13662943883833023,NSE
subsequent_2016_2020,lamah_200253,4,1,Koppen_Class_All,452,731,-0.28574332853704787,-0.12396610881540315,0.1400156025382656,NSE
subsequent_2016_2020,lamah_200261,5,1,Koppen_Class_All,449,731,-0.24554419643099545,-0.16616645679452313,0.13135414279713564,NSE
subsequent_2016_2020,lamah_200303,2,1,Koppen_Class_All,452,731,-0.008537973893985251,-0.06985975808940359,0.08586593435249691,NSE
subsequent_2016_2020,lamah_201012,2,0,Koppen_Class_All,452,731,-0.23735354541798204,-0.059723517902154244,0.14802206947184973,NSE
subsequent_2016_2020,lamah_201087,4,1,Koppen_Class_All,452,731,-0.17185540353498574,-0.022872571513371076,0.15303429351785508,NSE
subsequent_2016_2020,lamah_201095,2,1,Koppen_Class_All,452,731,-0.28298354833187345,0.06104393465654512,0.193648889771564,NSE
subsequent_2016_2020,lamah_201160,3,1,Koppen_Class_All,45,731,0.5506807069971723,0.48162674289444296,0.07902355877812342,NSE
subsequent_2016_2020,lamah_201236,3,1,Koppen_Class_All,45,731,0.681960222673053,0.6831719136509713,0.07020043716883838,NSE
subsequent_2016_2020,lamah_201251,1,1,Koppen_Class_All,35,731,0.37024148228950404,0.31764724755843676,0.12592455500777802,NSE
subsequent_2016_2020,lamah_201335,5,1,Koppen_Class_All,45,731,0.8567669036628981,0.79120015936489,0.053745703528637036,NSE
subsequent_2016_2020,lamah_201392,2,1,Koppen_Class_All,41,731,0.31203589626282446,0.16531177431116795,0.18607507091672928,NSE
subsequent_2016_2020,lamah_201434,2,1,Koppen_Class_All,41,731,0.41362643269884447,0.2426832514284527,0.1693064198548319,NSE
subsequent_2016_2020,lamah_201558,1,1,Koppen_Class_All,35,731,0.5200070941223244,0.46328931078490243,0.1292975477395157,NSE
subsequent_2016_2020,lamah_201566,3,1,Koppen_Class_All,456,731,-0.15789891760694097,-0.1339919088895849,0.11831897314845742,NSE
subsequent_2016_2020,lamah_201574,1,1,Koppen_Class_All,463,731,-0.08464032571789515,0.03476711165450519,0.16191268409690834,NSE
subsequent_2016_2020,lamah_201723,5,1,Koppen_Class_All,45,731,0.5114726988152855,0.4847236380181327,0.13783080162247296,NSE
subsequent_2016_2020,lamah_201848,2,1,Koppen_Class_All,452,731,-0.28734332113102146,0.10831625111984666,0.205105068847363,NSE
subsequent_2016_2020,lamah_202036,1,1,Koppen_Class_All,35,731,0.6037859238611368,0.5335864303088091,0.10295573808282525,NSE
subsequent_2016_2020,lamah_203026,3,1,Koppen_Class_All,45,731,0.42634300492835,0.29951610538713713,0.12986513565862695,NSE
subsequent_2016_2020,lamah_203075,5,1,Koppen_Class_All,449,731,-0.14636996479153797,-0.1282165590249471,0.17918553080398217,NSE
subsequent_2016_2020,lamah_203166,2,1,Koppen_Class_All,452,731,-0.42873646697551804,0.033284267902702,0.175073397279697,NSE
subsequent_2016_2020,lamah_203224,3,1,Koppen_Class_All,456,731,-0.02880648525817442,-0.005819175863217785,0.1472166284683975,NSE
subsequent_2016_2020,lamah_203265,2,1,Koppen_Class_All,452,731,-0.06918636534622169,0.03628107849521278,0.10067105995534935,NSE
subsequent_2016_2020,lamah_203307,4,1,Koppen_Class_All,452,731,-0.170027129046318,-0.08855921444282555,0.11089792957830813,NSE
subsequent_2016_2020,lamah_203463,2,1,Koppen_Class_All,452,731,0.14353771916485458,0.2947759968248892,0.1581654474169404,NSE
subsequent_2016_2020,lamah_203505,1,1,Koppen_Class_All,463,731,-0.33536669954142617,0.006002680291866236,0.1751460071506165,NSE
subsequent_2016_2020,lamah_203711,5,1,Koppen_Class_All,449,731,0.1239724741002105,0.20781735506570675,0.14394226307451255,NSE
subsequent_2016_2020,lamah_203752,1,1,Koppen_Class_All,463,731,-0.20872360098573695,0.22322962246229738,0.17155732644241287,NSE
subsequent_2016_2020,lamah_203760,2,1,Koppen_Class_All,452,731,-0.22270440898756716,0.08982696914268018,0.17515917169860384,NSE
subsequent_2016_2020,lamah_203786,1,1,Koppen_Class_All,463,731,0.0343692073500419,0.1941271933522536,0.1722406281836375,NSE
subsequent_2016_2020,lamah_203794,3,1,Koppen_Class_All,456,731,-0.3181865998257829,0.19795931205928596,0.18322511271581726,NSE
subsequent_2016_2020,lamah_203828,3,1,Koppen_Class_All,456,731,0.04693659359396707,0.28926334210734184,0.13937386276607575,NSE
subsequent_2016_2020,lamah_204875,2,1,Koppen_Class_All,452,731,-0.2138142182974232,0.09969498232095331,0.11423267657378579,NSE
subsequent_2016_2020,lamah_204925,1,1,Koppen_Class_All,463,731,-1.8015329404187477,-0.0970693944188763,0.1738272363014929,NSE
subsequent_2016_2020,lamah_205104,3,1,Koppen_Class_All,456,731,-0.46984479657543465,-0.08137007359865756,0.20548329954403827,NSE
subsequent_2016_2020,lamah_205179,4,1,Koppen_Class_All,452,731,-0.22430436369853535,-0.08597048251271877,0.18920772817853337,NSE
subsequent_2016_2020,lamah_205294,2,1,Koppen_Class_All,452,731,-0.09776932803030935,-0.0769193536877184,0.09833170346238056,NSE
subsequent_2016_2020,lamah_205500,4,1,Koppen_Class_All,452,731,-0.25144244629256374,0.05027991304807378,0.11968462994520897,NSE
subsequent_2016_2020,lamah_205740,5,1,Koppen_Class_All,449,731,-0.06641936138619142,-0.17600802517463277,0.09797526225462827,NSE
subsequent_2016_2020,lamah_205799,1,0,Koppen_Class_All,463,731,-0.46263700759631843,-0.0244077193865746,0.16321146431237868,NSE
subsequent_2016_2020,lamah_205823,5,1,Koppen_Class_All,449,731,-0.24460500511719396,0.035805198926045945,0.09858051726036944,NSE
subsequent_2016_2020,lamah_205831,5,1,Koppen_Class_All,449,731,-0.29965967043058317,-0.016060063840088512,0.118195312692973,NSE
subsequent_2016_2020,lamah_205864,3,1,Koppen_Class_All,456,731,-0.4245028120025107,-0.020301436973773956,0.13268626733638117,NSE
subsequent_2016_2020,lamah_205898,3,1,Koppen_Class_All,456,731,0.003651846062114994,0.0505810952625213,0.1023317093517904,NSE
subsequent_2016_2020,lamah_206508,4,1,Koppen_Class_All,452,731,-0.4670962807317134,-0.12244141421559607,0.1640646641713077,NSE
subsequent_2016_2020,lamah_207613,5,0,Koppen_Class_All,449,731,-3.742517434845465,-0.5538594052933821,0.23292010381013903,NSE
subsequent_2016_2020,lamah_207654,2,1,Koppen_Class_All,452,731,-0.20673389395992037,-0.09569515451359689,0.13741310563318668,NSE
subsequent_2016_2020,lamah_207738,2,1,Koppen_Class_All,452,731,-0.11885640860406332,0.010384046647278655,0.09924641211264786,NSE
subsequent_2016_2020,lamah_207852,2,1,Koppen_Class_All,452,731,-0.19282137605051708,0.02712879146255831,0.10004124635198425,NSE
subsequent_2016_2020,lamah_208116,1,1,Koppen_Class_All,463,731,-3.367801285400521,-0.6367593590836085,0.18885341490809848,NSE
subsequent_2016_2020,lamah_208686,2,1,Koppen_Class_All,452,731,-0.18700546421704756,0.22827935334361682,0.12183607827188168,NSE
subsequent_2016_2020,lamah_209361,1,1,Koppen_Class_All,463,731,0.026787130843014317,0.09661835304568656,0.09804167252728438,NSE
subsequent_2016_2020,lamah_209551,1,1,Koppen_Class_All,463,731,-0.03132279770884239,-0.0979574450131182,0.1106898174877806,NSE
subsequent_2016_2020,lamah_210526,4,1,Koppen_Class_All,452,731,-0.5717372580073565,-0.007154379194541205,0.2351561481923382,NSE
subsequent_2016_2020,lamah_210641,1,1,Koppen_Class_All,463,731,-0.03511555487449236,0.18194068121418927,0.1356776623840233,NSE
subsequent_2016_2020,lamah_210732,2,0,Koppen_Class_All,452,731,-1.0935600043138263,-0.2001005597781489,0.11859145896631272,NSE
subsequent_2016_2020,lamah_210773,1,1,Koppen_Class_All,463,731,-0.2897748683757604,0.23093091250317055,0.1512086375079269,NSE
subsequent_2016_2020,lamah_210815,5,1,Koppen_Class_All,449,731,-0.3069606673980052,0.12040853773257887,0.12100754096877235,NSE
subsequent_2016_2020,lamah_210856,3,1,Koppen_Class_All,456,731,-0.4649888499982715,0.03742443291548603,0.16112942189343107,NSE
subsequent_2016_2020,lamah_210864,1,1,Koppen_Class_All,463,731,-0.0024411106775623637,0.14420282035223042,0.0959113953548676,NSE
subsequent_2016_2020,lamah_210898,1,1,Koppen_Class_All,463,731,-0.14769291618258795,0.13694779424913994,0.14269393763935528,NSE
subsequent_2016_2020,lamah_211086,4,1,Koppen_Class_All,452,731,-0.49631228531272664,0.11032504803659104,0.17127372793640586,NSE
subsequent_2016_2020,lamah_211169,3,1,Koppen_Class_All,456,731,-0.9836215744829424,0.08779709607777542,0.12414539850894211,NSE
subsequent_2016_2020,lamah_211656,1,1,Koppen_Class_All,463,731,-0.5765630589184512,-0.6562906262662278,0.05825486277315941,NSE
subsequent_2016_2020,lamah_212027,5,1,Koppen_Class_All,449,731,-0.7240073710328783,0.04259398217458776,0.21673811973947815,NSE
subsequent_2016_2020,lamah_212043,5,0,Koppen_Class_All,45,731,0.19262606873819588,0.05938366830622499,0.13377474734291184,NSE
subsequent_2016_2020,lamah_212092,2,1,Koppen_Class_All,41,731,0.27191393007162235,0.15795753527106182,0.14896262925317497,NSE
subsequent_2016_2020,lamah_212100,2,1,Koppen_Class_All,41,731,0.45051495214542736,0.3204382061679194,0.12984891281889663,NSE
subsequent_2016_2020,lamah_212167,1,1,Koppen_Class_All,35,731,0.5450172268609574,0.35707909352153944,0.11232059073977034,NSE
subsequent_2016_2020,lamah_212183,2,1,Koppen_Class_All,41,731,0.34912574621896497,0.20672348664452977,0.13529871008639496,NSE
subsequent_2016_2020,lamah_212316,5,0,Koppen_Class_All,449,731,-0.10339176106419545,-0.0195795897369222,0.19050583930367818,NSE
subsequent_2016_2020,lamah_212373,2,0,Koppen_Class_All,41,731,0.7953124072696944,0.8593223847980029,0.0606799021031161,NSE
subsequent_2016_2020,lamah_212399,5,1,Koppen_Class_All,449,731,-0.42457162588954156,0.011088648085622377,0.12086560045781677,NSE
subsequent_2016_2020,lamah_212431,3,1,Koppen_Class_All,456,731,-1.0250661670782568,-0.006612743181841463,0.15960370487433742,NSE
subsequent_2016_2020,lamah_212522,1,0,Koppen_Class_All,463,731,-5.11697192110014,-0.4335421320601527,0.5087913512809253,NSE
subsequent_2016_2020,lamah_212613,2,1,Koppen_Class_All,452,731,-0.1831775286576014,0.28610522633258084,0.19874379057900493,NSE
subsequent_2016_2020,lamah_212647,5,1,Koppen_Class_All,449,731,-0.11327728526623537,0.14081060090183561,0.13533010510333254,NSE
subsequent_2016_2020,lamah_212670,3,1,Koppen_Class_All,456,731,-0.17168544434373745,0.10941815520823672,0.09803403629515503,NSE
subsequent_2016_2020,lamah_212860,1,1,Koppen_Class_All,463,731,-0.9810274719514844,-0.15055492977238805,0.2149917749773678,NSE
subsequent_2016_2020,lamah_212878,3,1,Koppen_Class_All,456,731,-1.075850259204178,-0.20110860666321195,0.2009235529909924,NSE
subsequent_2016_2020,lamah_212886,4,1,Koppen_Class_All,452,731,-2.895735791291306,-0.42809050638560153,0.26473572672426693,NSE
subsequent_2016_2020,lamah_212894,5,0,Koppen_Class_All,449,731,-5.811719004240149,-0.7167094237840297,0.34851584769271315,NSE
subsequent_2016_2020,lamah_212928,5,1,Koppen_Class_All,449,731,-7.665567108295907,-0.7665169148998472,0.32615866712622615,NSE
subsequent_2016_2020,lamah_213124,2,1,Koppen_Class_All,452,731,-0.5861326697864986,-0.012539730920466008,0.1431680952817668,NSE
subsequent_2016_2020,lamah_213181,4,1,Koppen_Class_All,452,731,-2.5763050562733896,-0.1814711570012273,0.2836284595030848,NSE
subsequent_2016_2020,lamah_213306,3,1,Koppen_Class_All,456,731,-3.159679727952673,-0.49777296620184686,0.3174569057062773,NSE
subsequent_2016_2020,lamah_2150,4,1,Koppen_Class_All,452,731,0.029263803503859598,0.0953587488916553,0.10396061322460302,NSE
subsequent_2016_2020,lamah_2262,1,1,Koppen_Class_All,35,731,0.2905088635710191,0.13560725227776926,0.10705263307162598,NSE
subsequent_2016_2020,lamah_403,2,1,Koppen_Class_All,41,731,0.5291024559997337,0.35148566511631174,0.11407331007816726,NSE
subsequent_2016_2020,camelsbr_57250000,5,1,Knoben_Class_All,75,1095,-29.54553829768486,-3.203810263105404,0.4465188450408267,NSE
subsequent_2016_2020,camelsbr_58060000,3,1,Knoben_Class_All,92,1074,-1.7508608999106805,-0.3101764848217172,0.1025610332604316,NSE
subsequent_2016_2020,camelsbr_58258000,1,1,Knoben_Class_All,90,1004,-0.27547993792380554,-0.4257141876473165,0.07524034476083573,NSE
subsequent_2016_2020,camelsbr_58530000,3,1,Knoben_Class_All,92,1095,-0.7736967800435017,-0.4219622950394817,0.14274707565925596,NSE
subsequent_2016_2020,camelsbr_58535000,3,1,Knoben_Class_All,92,1035,-0.8728585710121641,-0.4127808627597347,0.17556340186788227,NSE
subsequent_2016_2020,camelsbr_58542000,1,1,Knoben_Class_All,80,1035,-4.460908599340867,-0.587558772479146,0.2611063739954788,NSE
subsequent_2016_2020,camelsbr_59370000,2,1,Knoben_Class_All,80,1040,-1.7690779494465483,0.009123250626823176,0.12485735682961172,NSE
subsequent_2016_2020,camelsbr_70100000,4,1,Knoben_Class_All,93,1087,-0.15514004243697732,-0.18518712592672126,0.10538968405501109,NSE
subsequent_2016_2020,camelsbr_71300000,1,1,Knoben_Class_All,217,1081,-0.4530837656829614,-0.26510068534874764,0.18833440504685772,NSE
subsequent_2016_2020,camelsbr_73765000,1,1,Knoben_Class_All,90,1035,-0.06842592059249997,-0.1697412423443243,0.10056554486055959,NSE
subsequent_2016_2020,camelscl_1050002,4,1,Knoben_Class_All,71,920,-5283.3166866146785,-69.40688956086409,15.154511821081933,NSE
subsequent_2016_2020,camelscl_1201005,3,1,Knoben_Class_All,70,1164,-2561.7501374012654,-45.96045764310408,4.1819490752446224,NSE
subsequent_2016_2020,camelscl_12284002,1,1,Knoben_Class_All,169,1005,-23.31168688795087,-4.068702085402582,0.580746344254271,NSE
subsequent_2016_2020,camelscl_12284003,4,1,Knoben_Class_All,166,1215,-108.44991720601782,-9.942473596382708,1.0742303109983857,NSE
subsequent_2016_2020,camelscl_12284006,1,1,Knoben_Class_All,90,1589,-6.0194687492970855,-1.5642830169756263,0.1978720651351351,NSE
subsequent_2016_2020,camelscl_12582001,4,1,Knoben_Class_All,93,1613,-0.5837679483253195,0.12122795331963476,0.08824035849656364,NSE
subsequent_2016_2020,camelscl_12600001,2,1,Knoben_Class_All,80,1184,-0.26705350555915786,-0.14035877291443732,0.2029246205001991,NSE
subsequent_2016_2020,camelscl_12622001,5,1,Knoben_Class_All,93,1535,-13.863373265046667,-2.0048279721621416,0.39315203228521545,NSE
subsequent_2016_2020,camelscl_12802001,3,1,Knoben_Class_All,80,1425,-198.15032048900505,-16.111010946426795,0.948618616402281,NSE
subsequent_2016_2020,camelscl_12805001,2,1,Knoben_Class_All,80,1286,-223.63269976246113,-12.42870599454921,2.0960181641503093,NSE
subsequent_2016_2020,camelscl_12806001,5,1,Knoben_Class_All,75,1427,-445.4652558694394,-15.313655780469613,2.5113886463831783,NSE
subsequent_2016_2020,camelscl_4301002,3,1,Knoben_Class_All,174,1376,-157.95013375171288,-9.222825189557422,2.372161887455852,NSE
subsequent_2016_2020,camelscl_4311001,1,1,Knoben_Class_All,169,1230,-344.91351939659177,-11.989152351833104,3.6871496136752513,NSE
subsequent_2016_2020,camelscl_4313001,1,1,Knoben_Class_All,169,1210,-148.11094211814518,-7.13588379497976,1.9938940674023156,NSE
subsequent_2016_2020,camelscl_4314002,4,1,Knoben_Class_All,166,1429,-167.1428029414097,-10.40645900975744,0.5748030571290504,NSE
subsequent_2016_2020,camelscl_4501001,4,1,Knoben_Class_All,166,1181,-500.57386578602836,-15.861224594848501,4.1093141243628,NSE
subsequent_2016_2020,camelscl_4503001,1,1,Knoben_Class_All,80,1427,-10.887124993669886,-12.540666563735028,0.19696117348801442,NSE
subsequent_2016_2020,camelscl_4511002,1,1,Knoben_Class_All,169,1484,-73.9425908751267,-5.79375258588609,1.5314916645704517,NSE
subsequent_2016_2020,camelscl_4512001,1,1,Knoben_Class_All,169,1101,-77.45604197520817,-5.9833943126349896,1.2940987419166528,NSE
subsequent_2016_2020,camelscl_4513001,3,1,Knoben_Class_All,174,1223,-14.216145293556105,-4.414693235960758,0.1547121284488355,NSE
subsequent_2016_2020,camelscl_4514001,2,1,Knoben_Class_All,182,1230,-32.91668484888771,-7.389054939826639,0.5382535532517407,NSE
subsequent_2016_2020,camelscl_4520001,4,1,Knoben_Class_All,166,1307,-32737.318297035334,-166.84212909877252,14.631251056116653,NSE
subsequent_2016_2020,camelscl_4530001,4,1,Knoben_Class_All,81,993,-601.8287324236384,-24.168463328390967,4.519789023303217,NSE
subsequent_2016_2020,camelscl_4532001,3,0,Knoben_Class_All,80,1006,-510.1960545451777,-26.245207328342868,4.07933220463427,NSE
subsequent_2016_2020,camelscl_4703002,1,1,Knoben_Class_All,169,1613,-27.868927160098675,-3.7323796321811145,0.7174236814709495,NSE
subsequent_2016_2020,camelscl_4721001,3,1,Knoben_Class_All,174,1097,-165.14376206393143,-10.93096617171661,2.553524512292817,NSE
subsequent_2016_2020,camelscl_4723001,5,1,Knoben_Class_All,169,1250,-1.8549432007884112,-4.9330929170412325,0.126945161356521,NSE
subsequent_2016_2020,camelscl_5200001,2,1,Knoben_Class_All,80,1551,-1902.108298903081,-40.455723637235515,3.856651753614009,NSE
subsequent_2016_2020,camelscl_5401003,2,0,Knoben_Class_All,182,1562,-5.261444122459243,-0.5950716578672726,0.5610265057227151,NSE
subsequent_2016_2020,camelscl_5402001,5,1,Knoben_Class_All,169,1448,-4.479833762275946,-1.9172419020560487,0.12051660193224985,NSE
subsequent_2016_2020,camelscl_5406001,1,1,Knoben_Class_All,169,1016,-131.01330558347615,-17.21513986609203,2.004112991108642,NSE
subsequent_2016_2020,camelscl_5706001,1,1,Knoben_Class_All,169,1517,-3.7100063467500792,-2.378546631176907,0.1256741251625941,NSE
subsequent_2016_2020,camelscl_5707002,1,1,Knoben_Class_All,169,1597,-6.848303482845234,-0.8159527924238563,0.4815874040136957,NSE
subsequent_2016_2020,camelscl_5722001,4,1,Knoben_Class_All,166,1484,-120.44697328313723,-7.709410794101826,1.4388968575397179,NSE
subsequent_2016_2020,camelscl_5722002,1,1,Knoben_Class_All,169,1561,-41.924467437531604,-4.245590341220706,0.31134006806559716,NSE
subsequent_2016_2020,camelscl_6013001,5,1,Knoben_Class_All,169,1552,-1.034634180159439,0.18504707623458305,0.18928307096062352,NSE
subsequent_2016_2020,camelscl_7103001,4,1,Knoben_Class_All,166,1245,-0.7290321774665214,0.008391457286053061,0.1009316526190643,NSE
subsequent_2016_2020,camelscl_7104002,4,1,Knoben_Class_All,166,1490,-0.6116405899957191,0.16101214274977338,0.09899630273136509,NSE
subsequent_2016_2020,camelscl_7112001,5,1,Knoben_Class_All,169,1231,-0.7311273622604415,-0.021460478621175838,0.19130059951566286,NSE
subsequent_2016_2020,camelscl_7115001,2,1,Knoben_Class_All,80,1576,-4.991690187875862,-0.6411730372070332,0.2729340956988583,NSE
subsequent_2016_2020,camelscl_7116001,3,1,Knoben_Class_All,80,1204,-13.200903182918637,-3.3215067301742227,0.29956916714622445,NSE
subsequent_2016_2020,camelscl_7355002,1,1,Knoben_Class_All,80,1543,-0.9486317266900635,0.19767297132327988,0.14792271182673603,NSE
subsequent_2016_2020,camelscl_7374001,5,1,Knoben_Class_All,75,1173,-5.0606997221158885,-2.2610649065203634,0.17999254269888834,NSE
subsequent_2016_2020,camelscl_8130002,1,1,Knoben_Class_All,80,1550,-0.6972593604470667,-0.1847326948662269,0.08548597845433663,NSE
subsequent_2016_2020,camelscl_8351001,3,0,Knoben_Class_All,80,1229,-0.6893213023250189,-0.28324962946008725,0.10265014388703825,NSE
subsequent_2016_2020,hysets_01010070,4,1,Knoben_Class_All,193,1096,0.19449853278915485,0.08503664749688022,0.11251954193772068,NSE
subsequent_2016_2020,hysets_01022500,1,1,Knoben_Class_All,193,1096,0.32682338771909525,0.23851525148035213,0.09755773993779243,NSE
subsequent_2016_2020,hysets_01031500,1,1,Knoben_Class_All,193,1096,0.34625707774105097,0.2375184076500123,0.09420392293270723,NSE
subsequent_2016_2020,hysets_01038000,3,1,Knoben_Class_All,188,1096,0.48455871467709466,0.42678634175597385,0.08346019595040177,NSE
subsequent_2016_2020,hysets_01047000,2,1,Knoben_Class_All,181,1096,0.29714078213657646,0.18136173018869883,0.08798968984456035,NSE
subsequent_2016_2020,hysets_01054200,1,1,Knoben_Class_All,193,1096,0.11547508056971967,-0.04203265156334157,0.04256262334152483,NSE
subsequent_2016_2020,hysets_01055000,3,1,Knoben_Class_All,188,1096,0.2671821285483811,0.14883865264216656,0.0649992909953025,NSE
subsequent_2016_2020,hysets_01057000,2,1,Knoben_Class_All,181,1096,0.4147354594742594,0.3250349148846827,0.09031882566054573,NSE
subsequent_2016_2020,hysets_01064500,3,1,Knoben_Class_All,188,1096,0.22884086617566335,0.10835785364151485,0.0519132336285245,NSE
subsequent_2016_2020,hysets_01076500,1,1,Knoben_Class_All,193,1096,0.2147620031119657,0.10873426154215238,0.06688927473514282,NSE
subsequent_2016_2020,hysets_01078000,2,1,Knoben_Class_All,181,1096,0.4525606217555309,0.3531357788876318,0.07511189679814116,NSE
subsequent_2016_2020,hysets_01096000,1,0,Knoben_Class_All,193,1096,0.33463037736996937,0.30568074599484363,0.08128968673954082,NSE
subsequent_2016_2020,hysets_01118000,1,1,Knoben_Class_All,217,1096,-0.30136204535530453,0.03686780760307162,0.15761198767877352,NSE
subsequent_2016_2020,hysets_01134500,1,1,Knoben_Class_All,193,1096,0.28730883075861136,0.1945681369446448,0.09282828783656907,NSE
subsequent_2016_2020,hysets_01137500,4,1,Knoben_Class_All,193,1096,0.23540398685339836,0.13109891193043288,0.05696541457738862,NSE
subsequent_2016_2020,hysets_01169000,5,1,Knoben_Class_All,189,1096,0.21529841775541603,0.13796954631526215,0.056477553372345536,NSE
subsequent_2016_2020,hysets_01174500,5,1,Knoben_Class_All,189,1096,0.16862647169216938,0.17893618505285647,0.08884238376941789,NSE
subsequent_2016_2020,hysets_01181000,5,1,Knoben_Class_All,189,1096,0.15750709164774368,0.05245399198233913,0.0422487577644332,NSE
subsequent_2016_2020,hysets_01439500,5,1,Knoben_Class_All,189,1096,0.13648159116634262,0.1703903374469754,0.12288709927690945,NSE
subsequent_2016_2020,hysets_01440000,4,1,Knoben_Class_All,193,1096,0.22387027204819454,0.2156809118553622,0.07159327061461894,NSE
subsequent_2016_2020,hysets_01447500,1,1,Knoben_Class_All,193,1096,0.04471593017862341,0.08511854634927007,0.09685620349911239,NSE
subsequent_2016_2020,hysets_01543000,4,1,Knoben_Class_All,193,1096,0.23952377885291565,0.20578331272674488,0.11108920677116638,NSE
subsequent_2016_2020,hysets_01543500,2,1,Knoben_Class_All,181,1096,0.277800150395196,0.27075564693676446,0.09409278609372136,NSE
subsequent_2016_2020,hysets_01544500,3,1,Knoben_Class_All,188,1096,0.30233789550629886,0.3078682772988488,0.08340807721730206,NSE
subsequent_2016_2020,hysets_01545600,5,0,Knoben_Class_All,189,1096,0.25663484553588767,0.254970116704464,0.0768874621569106,NSE
subsequent_2016_2020,hysets_01550000,5,1,Knoben_Class_All,189,1096,0.11525920307937654,0.03601534708512977,0.0695748685065912,NSE
subsequent_2016_2020,hysets_01552000,2,0,Knoben_Class_All,181,1096,0.07862112917250952,-0.022699059770338925,0.07459988811366244,NSE
subsequent_2016_2020,hysets_01605500,1,1,Knoben_Class_All,193,1096,0.1621136573126971,0.256752053794604,0.051853190980123545,NSE
subsequent_2016_2020,hysets_01606500,3,1,Knoben_Class_All,188,1096,0.19649494170920667,0.26148724474450946,0.05691908500870414,NSE
subsequent_2016_2020,hysets_01611500,5,1,Knoben_Class_All,225,1096,0.10636879674287558,0.12782264994692505,0.08387468891843565,NSE
subsequent_2016_2020,hysets_01665500,3,0,Knoben_Class_All,210,1096,0.026639116943199093,-0.17714465409101643,0.05156563556794046,NSE
subsequent_2016_2020,hysets_01669520,2,1,Knoben_Class_All,221,1096,-0.04740535263239343,-0.006158043180126915,0.04515008090935127,NSE
subsequent_2016_2020,hysets_01673800,1,1,Knoben_Class_All,217,1096,0.16647760991794702,0.15404780237041615,0.05647565228206512,NSE
subsequent_2016_2020,hysets_01AJ010,2,1,Knoben_Class_All,181,731,0.29565438720739534,0.18773981027894782,0.10543855623024301,NSE
subsequent_2016_2020,hysets_01AK001,3,1,Knoben_Class_All,188,731,0.44765834987520403,0.32377378831837555,0.10538273926186024,NSE
subsequent_2016_2020,hysets_01AK007,1,1,Knoben_Class_All,193,731,0.3072091546351504,0.19940014408320061,0.11293374077964499,NSE
subsequent_2016_2020,hysets_01AL002,2,1,Knoben_Class_All,181,731,0.19729513030206292,0.06944764293207262,0.1158961138827302,NSE
subsequent_2016_2020,hysets_01AM001,4,1,Knoben_Class_All,193,731,0.42547148906895194,0.3032969251179327,0.08315511121719471,NSE
subsequent_2016_2020,hysets_01AN002,1,1,Knoben_Class_All,193,731,0.44119267946114327,0.3467341927769165,0.10686464596979546,NSE
subsequent_2016_2020,hysets_01AP002,4,1,Knoben_Class_All,193,731,0.44323190233759957,0.35947723984412394,0.08863777726401806,NSE
subsequent_2016_2020,hysets_01AQ001,4,1,Knoben_Class_All,193,1096,0.12764406544643214,0.005471574783435518,0.0690075180286095,NSE
subsequent_2016_2020,hysets_01BJ003,1,1,Knoben_Class_All,193,731,0.19473167983651807,0.07595639510887409,0.10397847672769342,NSE
subsequent_2016_2020,hysets_01BL002,3,1,Knoben_Class_All,188,731,0.4383930334891045,0.34890313110289817,0.09901678624847242,NSE
subsequent_2016_2020,hysets_01BQ001,2,1,Knoben_Class_All,181,731,0.2972444149643022,0.17990899852003195,0.06778677687102726,NSE
subsequent_2016_2020,hysets_01BS001,3,1,Knoben_Class_All,188,731,0.4058418508837035,0.33593418928935415,0.07692648883116766,NSE
subsequent_2016_2020,hysets_01BU002,1,1,Knoben_Class_All,193,731,0.477935111289716,0.3960951684555436,0.08596445348948882,NSE
subsequent_2016_2020,hysets_01BV006,1,1,Knoben_Class_All,193,731,0.12365804437896832,0.014505624251044291,0.07173448181983885,NSE
subsequent_2016_2020,hysets_01DR001,2,1,Knoben_Class_All,181,1096,0.03210919917295241,-0.05791542449658027,0.10859689060831026,NSE
subsequent_2016_2020,hysets_01EC001,5,1,Knoben_Class_All,189,1096,-0.16013336351088658,0.032017390898154474,0.18918742583554007,NSE
subsequent_2016_2020,hysets_01ED007,2,1,Knoben_Class_All,181,1096,0.07293702276620395,0.13691857185789913,0.16505701952705892,NSE
subsequent_2016_2020,hysets_01EF001,3,1,Knoben_Class_All,188,1096,0.11532468663545725,0.16392984514046693,0.17821958043178182,NSE
subsequent_2016_2020,hysets_01EO001,5,1,Knoben_Class_All,189,1096,0.018857646420663343,-0.033005877723875754,0.10634975994003869,NSE
subsequent_2016_2020,hysets_01FB001,5,1,Knoben_Class_All,169,1096,-0.01488002614897077,-0.10365696447259642,0.10893089743065473,NSE
subsequent_2016_2020,hysets_01FB003,4,1,Knoben_Class_All,193,1096,-0.4395324090778603,0.18953815410313712,0.1983831324933278,NSE
subsequent_2016_2020,hysets_02011400,5,1,Knoben_Class_All,225,1096,0.3112044263804217,0.3116782361752096,0.05877848558245434,NSE
subsequent_2016_2020,hysets_02011460,5,1,Knoben_Class_All,189,1096,0.20551319610643604,0.1825109373405268,0.04692265114381405,NSE
subsequent_2016_2020,hysets_02013000,3,1,Knoben_Class_All,210,1096,0.18495765052804802,0.09413249519957034,0.05895701481931407,NSE
subsequent_2016_2020,hysets_02014000,2,1,Knoben_Class_All,221,1096,0.24995187748573044,0.19692446617872916,0.08330481196895215,NSE
subsequent_2016_2020,hysets_02015700,2,1,Knoben_Class_All,221,1096,0.21445332789443994,0.1443810224437072,0.04809431761906714,NSE
subsequent_2016_2020,hysets_02016000,5,1,Knoben_Class_All,225,1096,0.26410796499253275,0.20595652812590182,0.06468731159267285,NSE
subsequent_2016_2020,hysets_02017500,5,1,Knoben_Class_All,225,1096,0.26732713193728164,0.20742141045678364,0.0967010147370201,NSE
subsequent_2016_2020,hysets_02018000,3,1,Knoben_Class_All,210,1096,0.23934313513525463,0.16438148137239528,0.08370929576751522,NSE
subsequent_2016_2020,hysets_02020500,4,1,Knoben_Class_All,211,1096,0.17852570373180643,0.05246108792310111,0.06062494450004433,NSE
subsequent_2016_2020,hysets_02021500,3,1,Knoben_Class_All,210,1096,0.22935314500355763,0.12350349513906,0.06255843348306203,NSE
subsequent_2016_2020,hysets_02027000,4,0,Knoben_Class_All,211,1096,0.021618836658742313,-0.12421954018217396,0.057614275067407274,NSE
subsequent_2016_2020,hysets_02028500,4,0,Knoben_Class_All,211,1096,0.055956259909015094,-0.06978206686654276,0.0775416303241077,NSE
subsequent_2016_2020,hysets_02030000,4,1,Knoben_Class_All,211,1096,0.1439840877153893,0.07789551477227674,0.06449961320604418,NSE
subsequent_2016_2020,hysets_02041000,4,1,Knoben_Class_All,211,1096,0.04141142029726652,-0.06355656505590179,0.03752404006945631,NSE
subsequent_2016_2020,hysets_02046000,4,1,Knoben_Class_All,211,1096,0.011421664541107823,0.13445906677852903,0.06846650992480843,NSE
subsequent_2016_2020,hysets_02212600,4,1,Knoben_Class_All,211,1096,0.060671108227207005,-0.0639075833370335,0.05765466506295986,NSE
subsequent_2016_2020,hysets_02325000,1,1,Knoben_Class_All,217,1096,-1.171659786236014,0.065703672259662,0.22498111831567674,NSE
subsequent_2016_2020,hysets_02326000,3,1,Knoben_Class_All,210,1096,-0.7869170353116661,0.045511025284846185,0.22204526925352674,NSE
subsequent_2016_2020,hysets_02327100,1,1,Knoben_Class_All,217,1096,-0.05995683208179603,-0.19803115350099088,0.1342353138666689,NSE
subsequent_2016_2020,hysets_02331600,1,1,Knoben_Class_All,217,1096,-0.05598990737391407,0.02101537596402081,0.06444454799759285,NSE
subsequent_2016_2020,hysets_02373000,5,1,Knoben_Class_All,225,1079,0.08907475216733551,-0.02456535122203718,0.09622204037568968,NSE
subsequent_2016_2020,hysets_02374500,3,1,Knoben_Class_All,210,1096,0.043133316442038216,0.04776143479091166,0.04496873539133883,NSE
subsequent_2016_2020,hysets_02380500,2,1,Knoben_Class_All,221,1096,0.022776244934798684,0.1868233925125401,0.09623522658626185,NSE
subsequent_2016_2020,hysets_02401390,4,1,Knoben_Class_All,211,1095,0.1472642370174002,-0.0003565888022685204,0.08694511711976828,NSE
subsequent_2016_2020,hysets_02450250,3,1,Knoben_Class_All,210,1096,0.12927630467262885,-0.024368700647839026,0.07846831372837146,NSE
subsequent_2016_2020,hysets_02469800,5,1,Knoben_Class_All,225,1096,0.11834376782289058,-0.047753256087228024,0.07634307854969698,NSE
subsequent_2016_2020,hysets_02479155,1,1,Knoben_Class_All,217,1095,0.04416695494175271,-0.17669589022117438,0.07199917724181006,NSE
subsequent_2016_2020,hysets_02479300,1,0,Knoben_Class_All,217,1096,-0.06183179630442481,-0.10535009288938713,0.09663236322065873,NSE
subsequent_2016_2020,hysets_02479560,3,1,Knoben_Class_All,210,1096,-0.012828762484328182,-0.17779826326228498,0.06235178299798136,NSE
subsequent_2016_2020,hysets_02AB017,5,1,Knoben_Class_All,189,731,0.15571884099727695,0.23923267465278875,0.13888060330124397,NSE
subsequent_2016_2020,hysets_02AC001,3,1,Knoben_Class_All,188,731,0.0081285095337853,0.3310245076627133,0.1864151587788702,NSE
subsequent_2016_2020,hysets_02AD010,2,1,Knoben_Class_All,181,1096,-0.24191688520747556,0.10331857579691939,0.15357415658009782,NSE
subsequent_2016_2020,hysets_02BA003,2,1,Knoben_Class_All,181,731,-0.057825418787016636,0.29294628846154047,0.1366540199775431,NSE
subsequent_2016_2020,hysets_02BF001,4,1,Knoben_Class_All,193,731,0.20625725980210263,0.2479896674231682,0.10975910310465202,NSE
subsequent_2016_2020,hysets_02BF002,1,1,Knoben_Class_All,193,731,0.22024378350572726,0.27604272708120625,0.11011891869013023,NSE
subsequent_2016_2020,hysets_02CB003,2,1,Knoben_Class_All,181,731,0.26025745620873286,0.551731659709312,0.11277752720515792,NSE
subsequent_2016_2020,hysets_02CD006,2,1,Knoben_Class_All,181,731,0.2862569213065449,0.5048839251826975,0.15794651087474157,NSE
subsequent_2016_2020,hysets_02DD015,1,1,Knoben_Class_All,193,731,0.2658564236895954,0.2368485633079589,0.1371469805523853,NSE
subsequent_2016_2020,hysets_02HL003,5,1,Knoben_Class_All,189,1096,0.3932362328692933,0.367348325175601,0.08725784969905653,NSE
subsequent_2016_2020,hysets_02HL004,5,1,Knoben_Class_All,189,1096,0.4241985958858693,0.4721187501925769,0.10512040400638785,NSE
subsequent_2016_2020,hysets_02JC008,1,1,Knoben_Class_All,193,731,0.3410208085439531,0.4796237927627699,0.12202313470436725,NSE
subsequent_2016_2020,hysets_02YC001,1,1,Knoben_Class_All,169,731,0.18723032020433483,0.20983798973837942,0.16471543090217886,NSE
subsequent_2016_2020,hysets_02YD002,1,1,Knoben_Class_All,193,731,0.0004642788232371853,-0.04412789215667279,0.15711322913281067,NSE
subsequent_2016_2020,hysets_02YJ001,4,1,Knoben_Class_All,166,731,0.16922303366827818,0.224007211692286,0.13558829375752718,NSE
subsequent_2016_2020,hysets_02YK002,3,1,Knoben_Class_All,174,731,0.19245818165333795,0.24153668821772867,0.1414570434454541,NSE
subsequent_2016_2020,hysets_02YK005,1,1,Knoben_Class_All,169,731,0.36420885738867226,0.434800275099961,0.1553141190824076,NSE
subsequent_2016_2020,hysets_02YN002,5,1,Knoben_Class_All,93,731,-0.1074587261971851,-0.17606448030482502,0.16427977183815506,NSE
subsequent_2016_2020,hysets_02YO006,5,1,Knoben_Class_All,189,1096,0.11934263530583589,0.025371473146886814,0.0807039917434042,NSE
subsequent_2016_2020,hysets_02YO008,2,1,Knoben_Class_All,181,1096,0.07654008141895507,-0.040661924982007935,0.07502053285285247,NSE
subsequent_2016_2020,hysets_02YR001,1,1,Knoben_Class_All,193,1096,0.08286156687813906,0.20973587630566926,0.15467387762563176,NSE
subsequent_2016_2020,hysets_02YR003,4,1,Knoben_Class_All,193,1096,0.16541090922302226,0.2429779416695964,0.1584265999932481,NSE
subsequent_2016_2020,hysets_02ZB001,1,1,Knoben_Class_All,169,731,-0.05436757980341955,-0.19168338188823264,0.08265055310220513,NSE
subsequent_2016_2020,hysets_02ZC002,3,1,Knoben_Class_All,92,731,-0.10362053082206968,-0.3368384446507533,0.11431982183124018,NSE
subsequent_2016_2020,hysets_02ZF001,3,1,Knoben_Class_All,174,1096,-0.11308811374598315,0.12195290238331502,0.15081972985055872,NSE
subsequent_2016_2020,hysets_02ZG001,5,1,Knoben_Class_All,189,731,-0.35783098355899434,-0.1217585617922956,0.17245999804077305,NSE
subsequent_2016_2020,hysets_02ZG003,3,1,Knoben_Class_All,188,692,-0.16209435687732499,-0.22841356047277883,0.1314151630433344,NSE
subsequent_2016_2020,hysets_02ZH001,3,1,Knoben_Class_All,174,731,-0.11624766537403675,-0.0019050663251247713,0.11717638457792447,NSE
subsequent_2016_2020,hysets_02ZK001,2,1,Knoben_Class_All,181,731,-0.23143693676913535,-0.2147018588392029,0.1481756439122071,NSE
subsequent_2016_2020,hysets_02ZK004,2,1,Knoben_Class_All,181,731,-0.27755194297663377,-0.3387765504858984,0.17069214983395553,NSE
subsequent_2016_2020,hysets_03010500,2,0,Knoben_Class_All,181,1096,0.24026045348655056,0.2724277317144448,0.09996984969392855,NSE
subsequent_2016_2020,hysets_03010655,1,1,Knoben_Class_All,193,1096,0.20102219462423243,0.2266008917523108,0.07458494706367151,NSE
subsequent_2016_2020,hysets_03021350,3,0,Knoben_Class_All,188,1096,0.046419432640083746,-0.07329439812175065,0.08767209887921625,NSE
subsequent_2016_2020,hysets_03028000,1,1,Knoben_Class_All,193,1096,0.154872453713625,0.15976716058277096,0.06661051026407865,NSE
subsequent_2016_2020,hysets_03065000,1,1,Knoben_Class_All,193,1096,0.03386268204046583,-0.010527585977064158,0.09039041971319037,NSE
subsequent_2016_2020,hysets_03070500,1,1,Knoben_Class_All,193,1096,0.0358580054798604,0.006263082487318994,0.09666781654924811,NSE
subsequent_2016_2020,hysets_03072000,1,1,Knoben_Class_All,217,1096,0.10550146009335215,0.0050034321142014004,0.09415941732157965,NSE
subsequent_2016_2020,hysets_03110000,4,1,Knoben_Class_All,211,1096,0.13882121289679006,0.08603090358228904,0.06160162424982329,NSE
subsequent_2016_2020,hysets_03151400,5,1,Knoben_Class_All,225,1096,0.04326960829264914,-0.050104773843757444,0.07724618506548725,NSE
subsequent_2016_2020,hysets_03159540,3,1,Knoben_Class_All,210,1096,0.14840310858300887,0.043679193376395586,0.08241286937102059,NSE
subsequent_2016_2020,hysets_03180500,4,1,Knoben_Class_All,193,1096,0.12152934160737239,0.068183836347526,0.07395029616310392,NSE
subsequent_2016_2020,hysets_03182500,3,1,Knoben_Class_All,188,1096,0.1850170461192383,0.14900728173999622,0.06700951289230005,NSE
subsequent_2016_2020,hysets_03186500,3,1,Knoben_Class_All,188,1096,-0.021805251195603725,-0.107899433800964,0.06093357407701242,NSE
subsequent_2016_2020,hysets_03187500,2,1,Knoben_Class_All,181,1096,-0.029668492180255912,-0.06587678489245952,0.07708359495570882,NSE
subsequent_2016_2020,hysets_03189100,2,1,Knoben_Class_All,181,929,0.04349155936816207,-0.043777809305795,0.06424836094104217,NSE
subsequent_2016_2020,hysets_03194700,3,1,Knoben_Class_All,188,1096,0.01419795135660018,-0.014684326256086289,0.09512079936622907,NSE
subsequent_2016_2020,hysets_03198500,5,0,Knoben_Class_All,225,1096,0.1641260329507499,0.12490573568697094,0.08973521287965715,NSE
subsequent_2016_2020,hysets_03202400,5,1,Knoben_Class_All,225,1096,0.21916054546753017,0.16487680628503398,0.05431590629061289,NSE
subsequent_2016_2020,hysets_03202750,2,1,Knoben_Class_All,221,1096,0.1390687046540271,0.04697550950427276,0.08787650398223695,NSE
subsequent_2016_2020,hysets_03207800,1,1,Knoben_Class_All,217,1096,0.24047589169172046,0.17195529231598983,0.048650296397726125,NSE
subsequent_2016_2020,hysets_03208500,2,1,Knoben_Class_All,221,1096,0.17989752963072336,0.12719519339087515,0.049269183683921296,NSE
subsequent_2016_2020,hysets_03210000,2,1,Knoben_Class_All,221,1096,0.14707006985588422,0.08542018516926053,0.07970782880050155,NSE
subsequent_2016_2020,hysets_03217000,3,1,Knoben_Class_All,210,1096,0.15966415301386228,0.0730978974918054,0.06874596755211428,NSE
subsequent_2016_2020,hysets_03280700,2,1,Knoben_Class_All,221,1096,0.1250150675452384,0.0049593859992306255,0.05268185547215713,NSE
subsequent_2016_2020,hysets_03460000,4,1,Knoben_Class_All,211,1096,-0.06268942961242652,0.03651496213234895,0.08230691836356654,NSE
subsequent_2016_2020,hysets_03497300,4,1,Knoben_Class_All,211,1094,-0.06732554808411617,-0.04694757431143448,0.07998224068071548,NSE
subsequent_2016_2020,hysets_03512000,3,1,Knoben_Class_All,210,1096,-0.18858115680458365,0.010138911574162468,0.08506025897048285,NSE
subsequent_2016_2020,hysets_03574500,4,1,Knoben_Class_All,211,1096,0.09817030238908586,-0.06104792479807819,0.08882666756804802,NSE
subsequent_2016_2020,hysets_04015330,4,1,Knoben_Class_All,211,1096,-0.11338020891240319,-0.22019650569719218,0.09669355567519611,NSE
subsequent_2016_2020,hysets_04024430,2,1,Knoben_Class_All,181,1096,-0.15274925062642875,-0.15698853562379833,0.06020542960506122,NSE
subsequent_2016_2020,hysets_04025500,2,1,Knoben_Class_All,181,1096,-1.768667720389809,0.0250185969688016,0.14359343722139006,NSE
subsequent_2016_2020,hysets_04057510,2,1,Knoben_Class_All,181,1096,-0.4619839321804995,0.3154242358575715,0.19812866027751533,NSE
subsequent_2016_2020,hysets_04063700,5,1,Knoben_Class_All,189,1096,-0.1103769239532486,0.3698844971700723,0.1775346173401972,NSE
subsequent_2016_2020,hysets_04256000,4,1,Knoben_Class_All,193,1096,0.16210876790136264,0.14758850795227052,0.1060904139367636,NSE
subsequent_2016_2020,hysets_04262500,1,1,Knoben_Class_All,193,1096,0.13799048504579492,0.14197100120096473,0.11168176260764595,NSE
subsequent_2016_2020,hysets_04269000,4,1,Knoben_Class_All,193,1096,0.37255304587333904,0.41084425060281404,0.10769121770826504,NSE
subsequent_2016_2020,hysets_04287000,4,0,Knoben_Class_All,193,1096,0.29451320567916184,0.22704909466741996,0.07369245810971559,NSE
subsequent_2016_2020,hysets_04296000,5,1,Knoben_Class_All,189,1096,0.4719158219611106,0.41812576258380707,0.1020174453855961,NSE
subsequent_2016_2020,hysets_05AA008,2,1,Knoben_Class_All,181,1096,-0.10882924337815969,0.2042414123176075,0.1828262320821154,NSE
subsequent_2016_2020,hysets_05BG006,2,0,Knoben_Class_All,181,1096,-5.99356832809886,-1.5333427110150963,0.1680555874118371,NSE
subsequent_2016_2020,hysets_05DA009,1,0,Knoben_Class_All,90,366,0.32483238016218974,0.40630502251870904,0.2306197081744323,NSE
subsequent_2016_2020,hysets_05DC006,1,1,Knoben_Class_All,193,1096,-2.3372240768990777,-0.44123238823540256,0.24746487735404443,NSE
subsequent_2016_2020,hysets_05QE008,5,1,Knoben_Class_All,189,366,-13.77830850750259,-1.5386397665997307,0.9902241268898136,NSE
subsequent_2016_2020,hysets_05QE009,3,1,Knoben_Class_All,188,731,-8.221079558005721,-0.9759840861779798,0.5353611840864053,NSE
subsequent_2016_2020,hysets_05QE012,4,1,Knoben_Class_All,193,731,-10.72023695446759,-1.1595268358116662,0.8429093839129939,NSE
subsequent_2016_2020,hysets_05TG002,4,1,Knoben_Class_All,193,731,-1.1723848400355013,-0.5465644320603205,0.2602105549858218,NSE
subsequent_2016_2020,hysets_05UF004,2,1,Knoben_Class_All,181,731,-0.10387027281299432,-0.029596804183757097,0.20923276751742492,NSE
subsequent_2016_2020,hysets_06019500,5,1,Knoben_Class_All,189,1096,-27.11579260675531,-3.3319015704998938,0.8472571091739066,NSE
subsequent_2016_2020,hysets_06191000,2,1,Knoben_Class_All,181,1096,-0.26503703719329796,0.19883777410975134,0.21246158337115556,NSE
subsequent_2016_2020,hysets_06200000,1,1,Knoben_Class_All,193,1096,-0.0979016740207781,-0.01905302288427624,0.179184203002724,NSE
subsequent_2016_2020,hysets_06224000,3,1,Knoben_Class_All,188,1096,-0.10451851119612421,-0.20081950925176684,0.14515649685894735,NSE
subsequent_2016_2020,hysets_06289000,1,1,Knoben_Class_All,193,1096,-1.5183655902481847,-0.20930542299324806,0.18105810978641465,NSE
subsequent_2016_2020,hysets_06309200,4,1,Knoben_Class_All,193,1096,-0.525404029493467,-0.7802025697931092,0.13873692098534882,NSE
subsequent_2016_2020,hysets_06332515,2,1,Knoben_Class_All,68,1096,-378.14361282687133,-41.6092422791793,1.291252156676103,NSE
subsequent_2016_2020,hysets_06339100,1,0,Knoben_Class_All,62,1096,-71.2732705978537,-19.260668426922006,0.5833077126844984,NSE
subsequent_2016_2020,hysets_06344600,1,0,Knoben_Class_All,62,1096,-83.96624031580849,-26.91878319614345,0.472785722908954,NSE
subsequent_2016_2020,hysets_06400875,3,1,Knoben_Class_All,210,1096,-129.3888725237448,-85.48002592821913,0.4459812921306156,NSE
subsequent_2016_2020,hysets_06404000,3,1,Knoben_Class_All,210,1096,-10.68407589461779,-5.09346160292625,0.1750164612485979,NSE
subsequent_2016_2020,hysets_06406000,4,1,Knoben_Class_All,211,1096,-115.53060078534001,-9.515776899353668,0.5994630615205023,NSE
subsequent_2016_2020,hysets_06409000,1,1,Knoben_Class_All,193,1096,-1425.9572331417319,-21.109975331011007,4.632913988913271,NSE
subsequent_2016_2020,hysets_06422500,2,1,Knoben_Class_All,221,1096,-86.55269384023823,-7.738950734548357,0.7659594196083608,NSE
subsequent_2016_2020,hysets_06623800,5,1,Knoben_Class_All,189,1096,0.07088882657687845,0.03535195330920837,0.14957507916270318,NSE
subsequent_2016_2020,hysets_06712000,1,1,Knoben_Class_All,217,1096,-664.0419079363901,-26.0253281463139,2.756004015478331,NSE
subsequent_2016_2020,hysets_06719505,3,1,Knoben_Class_All,188,1096,-5.2009914162055875,-1.7477306063750468,0.3826425066124271,NSE
subsequent_2016_2020,hysets_06876700,2,1,Knoben_Class_All,221,1096,-2.189997331233964,-1.8677354471381284,0.18483851907747176,NSE
subsequent_2016_2020,hysets_06FD002,4,1,Knoben_Class_All,93,731,-1.2738139252162517,-1.85604884344687,0.14517126660158478,NSE
subsequent_2016_2020,hysets_07060710,1,1,Knoben_Class_All,217,1095,-0.06176992265410486,-0.07642975187295464,0.05523205843472311,NSE
subsequent_2016_2020,hysets_07124200,2,1,Knoben_Class_All,181,1096,-59.11337889707831,-9.768955296289347,0.5438472620321843,NSE
subsequent_2016_2020,hysets_07203000,3,1,Knoben_Class_All,188,1096,-406.69147462026456,-28.57970943051848,1.3692448583044972,NSE
subsequent_2016_2020,hysets_07207500,3,1,Knoben_Class_All,188,1096,-134.62533599324698,-26.09001775895684,0.7464224862197777,NSE
subsequent_2016_2020,hysets_07208500,5,1,Knoben_Class_All,189,1091,-45.70150654057776,-7.305791418468701,0.6159465407013123,NSE
subsequent_2016_2020,hysets_07291000,1,1,Knoben_Class_All,217,1093,0.06472464484327378,-0.1462852418607239,0.055687623003812955,NSE
subsequent_2016_2020,hysets_07299670,1,1,Knoben_Class_All,217,1096,-10.480688683256837,-9.408880894921285,0.17473752442345422,NSE
subsequent_2016_2020,hysets_07315200,3,1,Knoben_Class_All,210,1096,-0.18721861263461803,-1.3905766854155694,0.06568590006096064,NSE
subsequent_2016_2020,hysets_07335700,1,1,Knoben_Class_All,217,1096,0.08302886346275506,-0.10080397921287942,0.05991722236691903,NSE
subsequent_2016_2020,hysets_07337900,3,1,Knoben_Class_All,210,1096,0.0782880668247593,-0.10191787732124835,0.055787292429846216,NSE
subsequent_2016_2020,hysets_07340300,4,1,Knoben_Class_All,211,1096,0.051470708070751825,-0.18709422686888244,0.06997900891741247,NSE
subsequent_2016_2020,hysets_07352000,5,1,Knoben_Class_All,225,1096,0.09921758272502834,-0.054663904595906976,0.03971982409506319,NSE
subsequent_2016_2020,hysets_07361500,3,1,Knoben_Class_All,210,1089,0.06834177592424506,-0.13788290963859517,0.05584480261202179,NSE
subsequent_2016_2020,hysets_07362100,3,1,Knoben_Class_All,210,1096,0.2112298589741951,0.10476390480142295,0.0559940781638817,NSE
subsequent_2016_2020,hysets_07373000,1,1,Knoben_Class_All,217,1096,0.11851542643767532,-0.023126229153774602,0.06496675661663477,NSE
subsequent_2016_2020,hysets_07376000,1,1,Knoben_Class_All,217,1096,0.01669263343727878,-0.24720614618730985,0.048040194028330145,NSE
subsequent_2016_2020,hysets_07377000,3,0,Knoben_Class_All,210,1096,0.03040306782007729,-0.21118476304374245,0.047276370962689274,NSE
subsequent_2016_2020,hysets_07BJ001,5,1,Knoben_Class_All,189,366,-0.4172343589314995,-0.24664409021242117,0.20120775395165066,NSE
subsequent_2016_2020,hysets_07MA003,4,1,Knoben_Class_All,193,731,-37.256799989973715,-2.9623977247875253,0.9295883446131179,NSE
subsequent_2016_2020,hysets_07SB013,5,0,Knoben_Class_All,169,366,-1073650.7299703169,-3522.0731447590815,261.3953289101186,NSE
subsequent_2016_2020,hysets_08013000,3,1,Knoben_Class_All,210,1096,0.06197066278147911,-0.15981500918833258,0.06586501920339105,NSE
subsequent_2016_2020,hysets_08013500,4,1,Knoben_Class_All,211,1096,0.0499292533117176,-0.13854660994673984,0.08348251043075422,NSE
subsequent_2016_2020,hysets_08014500,1,1,Knoben_Class_All,217,1096,0.0946385126334548,-0.04456422254115178,0.07263564465204327,NSE
subsequent_2016_2020,hysets_08025500,4,1,Knoben_Class_All,211,1094,0.052108254519367736,-0.1869221611536378,0.04000681004856208,NSE
subsequent_2016_2020,hysets_08029500,5,1,Knoben_Class_All,225,1096,0.042418224189738285,-0.20808440849332488,0.03558993026035041,NSE
subsequent_2016_2020,hysets_08065800,1,1,Knoben_Class_All,62,1096,-0.10526392978858157,-0.1637033259356877,0.07361729706936113,NSE
subsequent_2016_2020,hysets_08066200,2,1,Knoben_Class_All,221,1096,0.06504343513083666,-0.13252365148438527,0.060088789141490066,NSE
subsequent_2016_2020,hysets_08068720,1,1,Knoben_Class_All,62,1096,-0.18036984323755556,-0.254713689636638,0.054418347356666286,NSE
subsequent_2016_2020,hysets_08070000,4,1,Knoben_Class_All,211,1095,0.019114684918779434,-0.2826306797796492,0.037064778850359914,NSE
subsequent_2016_2020,hysets_08082700,4,1,Knoben_Class_All,211,1096,-0.44366548220341406,-2.35739413695881,0.08967620866779127,NSE
subsequent_2016_2020,hysets_08084800,3,1,Knoben_Class_All,210,1096,-1.4385078233157822,-3.0143568456206573,0.15373364559220273,NSE
subsequent_2016_2020,hysets_08086212,5,1,Knoben_Class_All,225,1096,-0.566550355424734,-2.3962813284988616,0.06346406822691578,NSE
subsequent_2016_2020,hysets_08150800,3,1,Knoben_Class_All,210,1096,-0.1302132213350935,-4.038767199914271,0.03239933465009063,NSE
subsequent_2016_2020,hysets_08164300,2,1,Knoben_Class_All,68,1096,-0.16513655885143708,-0.906625651041481,0.040344462094117434,NSE
subsequent_2016_2020,hysets_08165300,1,1,Knoben_Class_All,217,1096,-0.3846182864905523,-2.7751479249635858,0.03806630903639239,NSE
subsequent_2016_2020,hysets_08165500,3,1,Knoben_Class_All,210,1096,-0.49037664711159445,-2.1257351055467955,0.03837181288898427,NSE
subsequent_2016_2020,hysets_08171000,5,1,Knoben_Class_All,225,1096,-5.060932778666867,-1.4131298743786216,0.15352664513855624,NSE
subsequent_2016_2020,hysets_08175000,5,1,Knoben_Class_All,225,1096,-0.25025634574138067,-1.8670408081954153,0.0486810488560125,NSE
subsequent_2016_2020,hysets_08176900,1,0,Knoben_Class_All,217,1096,-2.5268308423646553,-7.323959584641235,0.1083928836783659,NSE
subsequent_2016_2020,hysets_08178880,4,1,Knoben_Class_All,211,1096,-0.6987001103722299,-0.6172599768541298,0.05728566697805573,NSE
subsequent_2016_2020,hysets_08189500,2,0,Knoben_Class_All,221,1095,-1.6256250592967012,-3.5714991859130594,0.10135388047724228,NSE
subsequent_2016_2020,hysets_08194200,5,1,Knoben_Class_All,225,884,-2.716905797138081,-11.91854134704911,0.07932444467759271,NSE
subsequent_2016_2020,hysets_08195000,2,1,Knoben_Class_All,221,1096,-0.7047158772712032,-0.7048803660101086,0.06668121679352974,NSE
subsequent_2016_2020,hysets_08198000,5,1,Knoben_Class_All,225,1096,-1.1865172138071078,-1.0894349792670202,0.11668855431564483,NSE
subsequent_2016_2020,hysets_08198500,1,1,Knoben_Class_All,217,1096,-4.0628553339588365,-5.336007870948506,0.16688188232701423,NSE
subsequent_2016_2020,hysets_08201500,1,0,Knoben_Class_All,217,1096,-0.6948074828103323,-0.7392222132346098,0.06237904573253959,NSE
subsequent_2016_2020,hysets_08202700,3,0,Knoben_Class_All,210,1096,-28.031525308827185,-65.8226032441647,0.18806109485867953,NSE
subsequent_2016_2020,hysets_08247500,2,1,Knoben_Class_All,181,1096,-11.02071770460939,-6.938496478631039,0.45719984056357726,NSE
subsequent_2016_2020,hysets_08269000,3,1,Knoben_Class_All,188,1096,-9.466752828954213,-3.161375705004441,0.4211498613904036,NSE
subsequent_2016_2020,hysets_08279000,2,1,Knoben_Class_All,181,1096,-49.703746294345486,-7.274635296300403,1.078710319725682,NSE
subsequent_2016_2020,hysets_08284100,1,1,Knoben_Class_All,193,1096,-0.11764644148578074,-0.34417935396767296,0.15473982238889436,NSE
subsequent_2016_2020,hysets_08289000,3,1,Knoben_Class_All,188,1004,-43.80758718161296,-11.47103388975082,0.7956008320431377,NSE
subsequent_2016_2020,hysets_08291000,2,1,Knoben_Class_All,181,1085,-30.988373358598956,-4.003018953471839,1.0097869557282708,NSE
subsequent_2016_2020,hysets_08324000,4,1,Knoben_Class_All,211,1096,-87.65269553071839,-9.457090759605652,1.6871368754892562,NSE
subsequent_2016_2020,hysets_08334000,4,1,Knoben_Class_All,193,1096,-1691.6279003914308,-91.56135440760468,4.079408314780265,NSE
subsequent_2016_2020,hysets_08378500,5,1,Knoben_Class_All,189,1096,-10.051260733762161,-2.1152334608624814,0.6000989648181742,NSE
subsequent_2016_2020,hysets_08401200,4,1,Knoben_Class_All,211,1096,-6851.6161138092075,-1641.638380422678,2.624440270912108,NSE
subsequent_2016_2020,hysets_08401900,5,1,Knoben_Class_All,225,1096,-293.48437338764234,-281.3427743130607,0.6444065092458363,NSE
subsequent_2016_2020,hysets_08405150,5,1,Knoben_Class_All,225,1096,-1236.970379927749,-712.0605505483298,1.0731538031655543,NSE
subsequent_2016_2020,hysets_08405500,3,1,Knoben_Class_All,210,1096,-2468.6695899289766,-44.702112912643955,1.7591037627966777,NSE
subsequent_2016_2020,hysets_08AA008,1,1,Knoben_Class_All,90,731,-74.1746220318366,-6.669121970368273,1.949181096988697,NSE
subsequent_2016_2020,hysets_08AA009,4,1,Knoben_Class_All,166,731,-64.9661268775737,-8.097326331020511,1.4154051490885833,NSE
subsequent_2016_2020,hysets_08AC001,2,1,Knoben_Class_All,80,731,-5.741673979237711,-1.437815989048096,0.353177758034154,NSE
subsequent_2016_2020,hysets_08EB004,5,1,Knoben_Class_All,169,731,0.14359932971225264,0.34210905073095965,0.13208874759276895,NSE
subsequent_2016_2020,hysets_08ED001,4,1,Knoben_Class_All,166,1096,0.1563306480265726,0.1557661978030681,0.08830231093780419,NSE
subsequent_2016_2020,hysets_08ED002,2,0,Knoben_Class_All,182,1096,-0.02102035549206538,0.08588467621789786,0.2238706380657077,NSE
subsequent_2016_2020,hysets_08EE008,2,1,Knoben_Class_All,182,656,-0.31201621150712744,-0.06538347493936358,0.1583929955783263,NSE
subsequent_2016_2020,hysets_08EE013,4,1,Knoben_Class_All,166,365,-0.9879084526536768,-1.098180867325051,0.24273385700658487,NSE
subsequent_2016_2020,hysets_08EE020,3,1,Knoben_Class_All,174,731,0.10447401978191773,0.11165108203097507,0.0982961553725712,NSE
subsequent_2016_2020,hysets_08EG012,5,1,Knoben_Class_All,93,731,-0.19611567446684663,-0.18191896156912613,0.09454892840020088,NSE
subsequent_2016_2020,hysets_08FE003,2,1,Knoben_Class_All,80,731,-0.05668231900936127,-0.10603419383785573,0.05798857650475771,NSE
subsequent_2016_2020,hysets_08FF001,3,1,Knoben_Class_All,92,731,-0.10061733103209902,-0.06084799101701854,0.07594124977806144,NSE
subsequent_2016_2020,hysets_08FF002,3,1,Knoben_Class_All,92,366,-0.016858052922927413,-0.021214784884873827,0.08820500468037075,NSE
subsequent_2016_2020,hysets_08FF003,4,1,Knoben_Class_All,93,731,-0.20623665642898525,-0.23987174203932748,0.09265038956198694,NSE
subsequent_2016_2020,hysets_08GA071,2,1,Knoben_Class_All,80,731,-0.2555373457561261,-0.09124573566234462,0.11099056602685765,NSE
subsequent_2016_2020,hysets_08GA072,5,0,Knoben_Class_All,169,366,-0.728736551273583,-0.028793600435173428,0.23547189209558278,NSE
subsequent_2016_2020,hysets_08HA001,5,1,Knoben_Class_All,75,1096,0.4645432091406415,0.33575565021219134,0.07317395236090157,NSE
subsequent_2016_2020,hysets_08HA010,1,1,Knoben_Class_All,80,1096,0.28564414237592817,0.1148379073919803,0.09032205920211485,NSE
subsequent_2016_2020,hysets_08HB014,2,1,Knoben_Class_All,80,1096,0.06671887984323888,-0.09826679580496234,0.11177831405821984,NSE
subsequent_2016_2020,hysets_08HB074,5,1,Knoben_Class_All,169,1096,-0.2496082625515994,-0.18867299323493314,0.10078095743876166,NSE
subsequent_2016_2020,hysets_08HD011,2,1,Knoben_Class_All,182,731,0.04239468980032268,-0.07282041030489439,0.09820067024686455,NSE
subsequent_2016_2020,hysets_08HD015,4,1,Knoben_Class_All,166,731,0.04297111576471002,-0.09080264555544448,0.10136005522020528,NSE
subsequent_2016_2020,hysets_08HF004,3,1,Knoben_Class_All,174,731,-0.016655777287910567,-0.2156334837014544,0.06422395439489247,NSE
subsequent_2016_2020,hysets_08JD006,4,1,Knoben_Class_All,166,1096,0.22692215740724553,0.12066320009388543,0.0973383029099078,NSE
subsequent_2016_2020,hysets_08KA007,5,1,Knoben_Class_All,169,366,0.1821340240412308,0.29419039410212344,0.18639393706289098,NSE
subsequent_2016_2020,hysets_08KH010,1,1,Knoben_Class_All,169,366,0.4746742374122277,0.4900329134563126,0.14714234184701744,NSE
subsequent_2016_2020,hysets_08KH019,5,1,Knoben_Class_All,189,1096,-1.3042557303770153,-0.6325260375249617,0.23764372114961815,NSE
subsequent_2016_2020,hysets_08LB038,2,1,Knoben_Class_All,182,366,0.1612727964260573,0.13049886137887023,0.20375703895380629,NSE
subsequent_2016_2020,hysets_08LB069,3,1,Knoben_Class_All,174,366,0.41105493894346035,0.33285597846519677,0.1594543648692779,NSE
subsequent_2016_2020,hysets_08LB076,3,1,Knoben_Class_All,174,366,0.423310781819197,0.3356014777720733,0.14077734853932491,NSE
subsequent_2016_2020,hysets_08LE024,5,0,Knoben_Class_All,169,731,0.3513069158007244,0.2584785314471826,0.1439340681507137,NSE
subsequent_2016_2020,hysets_08LE027,3,0,Knoben_Class_All,174,731,0.2962858632429055,0.22050024254683853,0.14742727395367194,NSE
subsequent_2016_2020,hysets_08LG048,5,0,Knoben_Class_All,169,366,0.48711626446324574,0.3806504810587439,0.11564284799179582,NSE
subsequent_2016_2020,hysets_08MA003,4,1,Knoben_Class_All,166,366,-0.21914847450340735,-0.0077683827641565895,0.3580687778414915,NSE
subsequent_2016_2020,hysets_08ME023,1,0,Knoben_Class_All,90,1096,-0.17748970544963738,-0.21120384219302335,0.28930631922833355,NSE
subsequent_2016_2020,hysets_08ME025,4,1,Knoben_Class_All,166,1096,-10.68126828216214,-1.7202719340446118,0.5701618186971124,NSE
subsequent_2016_2020,hysets_08MH016,5,1,Knoben_Class_All,169,731,-0.18484392862382837,0.12659167284227224,0.16525550886857013,NSE
subsequent_2016_2020,hysets_08MH056,3,1,Knoben_Class_All,174,731,-0.017068388889615482,0.041559508224902064,0.09283484810541535,NSE
subsequent_2016_2020,hysets_08MH103,2,1,Knoben_Class_All,182,731,0.06913581417756898,0.24208358171807254,0.12227572900683635,NSE
subsequent_2016_2020,hysets_08MH147,4,1,Knoben_Class_All,166,366,-0.7207091360789875,-0.24704557595855037,0.1494630194773594,NSE
subsequent_2016_2020,hysets_08NA006,5,1,Knoben_Class_All,169,731,0.22260505978836842,0.33199759470126755,0.15143310440700414,NSE
subsequent_2016_2020,hysets_08NB012,3,1,Knoben_Class_All,174,731,0.1978926319539549,0.2654367671081722,0.140747909953075,NSE
subsequent_2016_2020,hysets_08NB014,5,1,Knoben_Class_All,93,731,0.36295872627466763,0.27992935673083696,0.15420628688766086,NSE
subsequent_2016_2020,hysets_08ND012,4,1,Knoben_Class_All,166,1096,0.16956120684021592,0.1626713173106351,0.17086101456025185,NSE
subsequent_2016_2020,hysets_08ND013,4,1,Knoben_Class_All,166,731,0.19056616957237726,0.1540220844663408,0.14066430361056867,NSE
subsequent_2016_2020,hysets_08NE039,3,1,Knoben_Class_All,174,731,0.3867993210017254,0.3278920663851159,0.09566554638135122,NSE
subsequent_2016_2020,hysets_08NE074,4,1,Knoben_Class_All,166,1096,0.41230000647049325,0.3317187793679237,0.11449233463345457,NSE
subsequent_2016_2020,hysets_08NF001,5,1,Knoben_Class_All,169,731,-0.9036489891452424,-0.6452226817972415,0.23541089784202215,NSE
subsequent_2016_2020,hysets_08NG076,3,1,Knoben_Class_All,174,731,-0.5694899261731698,-0.45505769424331133,0.17071565391555826,NSE
subsequent_2016_2020,hysets_08NG077,2,1,Knoben_Class_All,182,731,0.360485968347651,0.23796809777891148,0.12992395305624313,NSE
subsequent_2016_2020,hysets_08NH005,1,1,Knoben_Class_All,169,731,0.4708341428024976,0.37496181023033015,0.12715349671785686,NSE
subsequent_2016_2020,hysets_08NH006,4,1,Knoben_Class_All,166,731,-0.038113076351414366,-0.19437897080637145,0.16231768894244922,NSE
subsequent_2016_2020,hysets_08NH120,1,1,Knoben_Class_All,169,366,0.3419165291633218,0.2528720106707688,0.1796803067439297,NSE
subsequent_2016_2020,hysets_08NH130,3,1,Knoben_Class_All,174,665,0.16808989690923426,0.09871979804593567,0.1654497497533818,NSE
subsequent_2016_2020,hysets_08NJ160,5,1,Knoben_Class_All,169,731,0.47311268555420527,0.3535463752304234,0.10787010996691966,NSE
subsequent_2016_2020,hysets_08NK016,4,1,Knoben_Class_All,166,731,-1.3189461716702442,-0.48329883745896707,0.25647277018417985,NSE
subsequent_2016_2020,hysets_08NK018,2,1,Knoben_Class_All,182,731,-1.7533966719581064,-0.6742943887595654,0.2859431600330094,NSE
subsequent_2016_2020,hysets_08NK022,4,1,Knoben_Class_All,166,731,-0.5330044065664303,-0.20366697640768838,0.22228239093249622,NSE
subsequent_2016_2020,hysets_08NL004,1,1,Knoben_Class_All,169,731,-2.9531460510436642,-1.9953488862472408,0.26313035219890807,NSE
subsequent_2016_2020,hysets_08NL024,5,1,Knoben_Class_All,169,366,-0.5993241295278575,-0.539378815688432,0.20475602245294303,NSE
subsequent_2016_2020,hysets_08NL050,5,1,Knoben_Class_All,169,366,-4.062460190103674,-2.173076238198164,0.32847923397094114,NSE
subsequent_2016_2020,hysets_08NL071,4,1,Knoben_Class_All,166,366,0.3936955188979252,0.2927062867923239,0.12291374454191605,NSE
subsequent_2016_2020,hysets_08NN019,3,1,Knoben_Class_All,174,366,-1.0492019094087301,-1.003467615451275,0.24348670696648236,NSE
subsequent_2016_2020,hysets_08OA002,2,1,Knoben_Class_All,68,731,-0.5344768238176383,-0.2018016107670102,0.12134109332256242,NSE
subsequent_2016_2020,hysets_09059500,4,1,Knoben_Class_All,193,1096,-0.2546887777110245,-0.15030415100288597,0.19295673982809308,NSE
subsequent_2016_2020,hysets_09165000,3,1,Knoben_Class_All,188,1096,-0.050565420439482534,0.035513067934520914,0.17392412146308625,NSE
subsequent_2016_2020,hysets_09196500,1,1,Knoben_Class_All,169,1096,0.17360425365735643,0.09658279597704755,0.14983085250728836,NSE
subsequent_2016_2020,hysets_09223000,3,1,Knoben_Class_All,188,1096,0.02473640229058638,0.05006618342130631,0.1665939447943951,NSE
subsequent_2016_2020,hysets_09253000,5,1,Knoben_Class_All,189,1096,-0.04393040831156525,-0.0656823328111098,0.18566038974668012,NSE
subsequent_2016_2020,hysets_09255000,2,1,Knoben_Class_All,181,1050,-1.3764150156461987,-1.0819860599414088,0.1924807902891684,NSE
subsequent_2016_2020,hysets_09266500,2,1,Knoben_Class_All,181,1096,-0.27786899541160204,-0.031305999123419914,0.18450953611476956,NSE
subsequent_2016_2020,hysets_09289500,1,1,Knoben_Class_All,193,1096,0.04845760688941825,0.04606603559849165,0.15607129960638794,NSE
subsequent_2016_2020,hysets_09292500,5,1,Knoben_Class_All,189,1096,-0.37797263058454256,0.043078235809639986,0.17931978364677492,NSE
subsequent_2016_2020,hysets_09299500,1,1,Knoben_Class_All,193,1096,-0.5272221478533397,-0.014679062484585614,0.16897525041163683,NSE
subsequent_2016_2020,hysets_09304200,2,1,Knoben_Class_All,181,1096,-2.6472266952958825,-0.42473415876710585,0.3496343842081191,NSE
subsequent_2016_2020,hysets_09304500,1,1,Knoben_Class_All,193,1096,-3.576064683004537,-0.6059802536085359,0.3826118382850946,NSE
subsequent_2016_2020,hysets_09306222,4,1,Knoben_Class_All,193,1096,-9487.85603660545,-85.61155272697049,18.5933653659127,NSE
subsequent_2016_2020,hysets_09310500,3,1,Knoben_Class_All,188,1096,-0.38976805714071694,-0.774057588739999,0.1513929678447075,NSE
subsequent_2016_2020,hysets_09312600,4,1,Knoben_Class_All,193,1096,-6.084690525752553,-4.522522737745149,0.3539200894478131,NSE
subsequent_2016_2020,hysets_09337000,3,1,Knoben_Class_All,188,1096,-2068.2720758449823,-35.32401228705598,3.7350245452151043,NSE
subsequent_2016_2020,hysets_09342500,5,1,Knoben_Class_All,189,1096,0.15892567673750413,0.261651681536084,0.18442243756069893,NSE
subsequent_2016_2020,hysets_09352900,3,1,Knoben_Class_All,188,1096,0.04255901333522749,0.09572347749490895,0.1492318353209499,NSE
subsequent_2016_2020,hysets_09386900,1,1,Knoben_Class_All,217,1096,-610.598129785876,-82.58691352533873,1.5765339217496992,NSE
subsequent_2016_2020,hysets_09403600,3,1,Knoben_Class_All,188,1096,-399.8916873670922,-29.906785782045528,1.798782316282824,NSE
subsequent_2016_2020,hysets_09404450,5,1,Knoben_Class_All,189,1095,-91.9686562285813,-7.195225439663833,0.8239303275014678,NSE
subsequent_2016_2020,hysets_09405500,4,1,Knoben_Class_All,193,1096,-36.84529765154189,-4.777506396824548,0.7956127726746047,NSE
subsequent_2016_2020,hysets_09430600,5,0,Knoben_Class_All,225,1096,-0.35852388114914935,-1.0796572100493784,0.04306715413181878,NSE
subsequent_2016_2020,hysets_09442680,3,1,Knoben_Class_All,210,885,-348.0959565630641,-29.679379035239588,1.8219428531896475,NSE
subsequent_2016_2020,hysets_09447000,5,1,Knoben_Class_All,225,1096,-572.5006657111331,-19.805065658994266,1.5259483388209583,NSE
subsequent_2016_2020,hysets_09447800,5,1,Knoben_Class_All,225,1096,-1724.4052326427977,-89.7798241401918,2.5809785307497557,NSE
subsequent_2016_2020,hysets_09473000,3,1,Knoben_Class_All,210,1096,-148.6327774543735,-32.0652200604414,0.606535365772675,NSE
subsequent_2016_2020,hysets_09494000,5,1,Knoben_Class_All,225,1096,-39.39917916462784,-5.765306195241225,0.8176405754173848,NSE
subsequent_2016_2020,hysets_09496500,2,1,Knoben_Class_All,221,1096,-237.69495377242484,-36.45365203955593,0.9843711965165826,NSE
subsequent_2016_2020,hysets_09497800,2,1,Knoben_Class_All,221,1096,-105.68119997937328,-12.508917543237704,0.7813764697404458,NSE
subsequent_2016_2020,hysets_09497980,4,1,Knoben_Class_All,211,1096,-5.003564378286063,-6.070506636911983,0.14473717708115524,NSE
subsequent_2016_2020,hysets_09499000,2,0,Knoben_Class_All,221,1096,-3.800977267907733,-6.170412965724985,0.1009763138115281,NSE
subsequent_2016_2020,hysets_09504420,2,1,Knoben_Class_All,221,1096,-2.709997824567949,-1.8476225056780615,0.13000973703374039,NSE
subsequent_2016_2020,hysets_09505800,1,1,Knoben_Class_All,217,1096,-7.8987599296211854,-4.774718467306197,0.18305567955692767,NSE
subsequent_2016_2020,hysets_09510200,1,1,Knoben_Class_All,217,1096,-8.377450787148316,-17.152049152586155,0.11023509473174149,NSE
subsequent_2016_2020,hysets_09512280,5,1,Knoben_Class_All,65,1096,-89.86703531537533,-61.03574872669337,0.39580064191532427,NSE
subsequent_2016_2020,hysets_09513780,3,1,Knoben_Class_All,210,1096,-3.8226507436768387,-11.562737698061431,0.09495930753686437,NSE
subsequent_2016_2020,hysets_09AA012,5,1,Knoben_Class_All,93,731,-8.739658559739198,-2.0664484278536746,0.33390535640750413,NSE
subsequent_2016_2020,hysets_09AA013,2,1,Knoben_Class_All,80,366,-4.255273620493002,-0.633331902729263,0.694883691671918,NSE
subsequent_2016_2020,hysets_09AH003,1,1,Knoben_Class_All,90,731,-38.147262276851215,-6.43030524712794,0.6580580856402164,NSE
subsequent_2016_2020,hysets_09CA004,1,1,Knoben_Class_All,90,731,-3.9589324979009746,-1.4357964439715651,0.3931467656880651,NSE
subsequent_2016_2020,hysets_09EA004,2,1,Knoben_Class_All,80,366,-0.7257724555905709,-0.0768459087541693,0.29221052838356915,NSE
subsequent_2016_2020,hysets_10011500,2,1,Knoben_Class_All,181,1096,0.06462505870662705,0.1294342130196907,0.16440171099832399,NSE
subsequent_2016_2020,hysets_10032000,3,1,Knoben_Class_All,188,1096,0.05361058069018898,0.25296062351965987,0.16325685325349348,NSE
subsequent_2016_2020,hysets_10113500,4,1,Knoben_Class_All,193,1096,-8.090071901425931,-1.315652199319718,0.3982314860227148,NSE
subsequent_2016_2020,hysets_10173450,2,1,Knoben_Class_All,181,1096,-3.614065809787621,-1.810947039323124,0.35522656902886374,NSE
subsequent_2016_2020,hysets_10174500,1,1,Knoben_Class_All,193,1096,-29.868005075404614,-3.830103132158822,0.9249694702908687,NSE
subsequent_2016_2020,hysets_10194200,5,1,Knoben_Class_All,189,1096,-53.56821206266144,-6.595290459597322,1.2769522509569577,NSE
subsequent_2016_2020,hysets_10234500,2,1,Knoben_Class_All,181,1096,-7.161751908965371,-1.707045172233936,0.4169209141876814,NSE
subsequent_2016_2020,hysets_10258500,4,1,Knoben_Class_All,211,1096,-32.00336419699309,-32.309114696158524,0.30269425821156554,NSE
subsequent_2016_2020,hysets_10296000,3,1,Knoben_Class_All,174,1096,0.3798731517398496,0.3207693522044436,0.127156714697184,NSE
subsequent_2016_2020,hysets_10296500,5,1,Knoben_Class_All,169,1096,0.34209391821088253,0.24606726867002482,0.12079338595586571,NSE
subsequent_2016_2020,hysets_10329500,4,1,Knoben_Class_All,166,1096,-26.668097887760407,-8.680430724667088,0.31557278988524207,NSE
subsequent_2016_2020,hysets_10396000,4,1,Knoben_Class_All,166,1096,-21.185412800097055,-3.8994350736788403,0.6244132938864428,NSE
subsequent_2016_2020,hysets_10AC005,3,1,Knoben_Class_All,92,1096,-0.577695612016786,-0.08000582709235671,0.23339899132710085,NSE
subsequent_2016_2020,hysets_10BE007,3,1,Knoben_Class_All,92,731,-12.88998885967141,-1.5277542002984257,0.7313965983567832,NSE
subsequent_2016_2020,hysets_10BE009,3,1,Knoben_Class_All,174,366,-997.3287509136885,-14.457181336807158,8.254661061237057,NSE
subsequent_2016_2020,hysets_10ED003,5,1,Knoben_Class_All,189,731,-3.689122698757318,-2.784845654534094,0.29578511323903545,NSE
subsequent_2016_2020,hysets_10GC003,3,1,Knoben_Class_All,174,731,-7.405280010568703,-5.7016571445299675,0.29684561493861794,NSE
subsequent_2016_2020,hysets_10LC003,3,1,Knoben_Class_All,174,397,-8.856565846135,-5.270891044366893,0.3777749034547364,NSE
subsequent_2016_2020,hysets_10LC007,2,1,Knoben_Class_All,182,712,-17.97216230892086,-5.25256152925335,0.39641109024080895,NSE
subsequent_2016_2020,hysets_11012500,4,1,Knoben_Class_All,211,1096,-420.60043274141526,-214.97087655449255,0.6893650870699299,NSE
subsequent_2016_2020,hysets_11015000,2,1,Knoben_Class_All,221,1096,-3.406332120218032,-7.533881307200316,0.09630622811735157,NSE
subsequent_2016_2020,hysets_11042400,1,1,Knoben_Class_All,217,1096,-120.26395190595022,-53.8455075790624,0.6713455368016731,NSE
subsequent_2016_2020,hysets_11123000,2,1,Knoben_Class_All,221,1096,-1.5852643549911694,-8.615171216119338,0.07149211520206832,NSE
subsequent_2016_2020,hysets_11123500,4,1,Knoben_Class_All,211,1096,-0.8187037100556185,-7.146156221820261,0.061461573830996444,NSE
subsequent_2016_2020,hysets_11124500,1,1,Knoben_Class_All,217,1096,-2.0897595206146757,-5.053472177750545,0.07122563375528204,NSE
subsequent_2016_2020,hysets_11132500,4,1,Knoben_Class_All,211,1096,-0.46675116837130814,-7.817152776254742,0.03831036179500015,NSE
subsequent_2016_2020,hysets_11140000,1,1,Knoben_Class_All,217,1096,-8.937333121054799,-16.695551983040694,0.14743731309383518,NSE
subsequent_2016_2020,hysets_11143000,5,1,Knoben_Class_All,225,1096,-0.04762462260354994,-0.34157495183220354,0.1024466625930478,NSE
subsequent_2016_2020,hysets_11143200,3,1,Knoben_Class_All,210,1096,-0.014512419241094365,-0.09615348127409917,0.07233348076026101,NSE
subsequent_2016_2020,hysets_11143250,5,1,Knoben_Class_All,225,1096,-0.16252207647993488,-0.30063084656855454,0.07064653184266476,NSE
subsequent_2016_2020,hysets_11148900,3,1,Knoben_Class_All,210,1096,0.03725984279532912,-0.1607860955257021,0.08443896607801513,NSE
subsequent_2016_2020,hysets_11149900,1,1,Knoben_Class_All,217,1096,-0.08135897490259625,-0.39071652835172443,0.08705378345322555,NSE
subsequent_2016_2020,hysets_11151300,2,1,Knoben_Class_All,68,1096,-165.68996228191324,-50.08340398766593,0.6773240195719185,NSE
subsequent_2016_2020,hysets_11152000,3,1,Knoben_Class_All,210,1096,0.014637532871078274,-0.07724731020548492,0.07903395321516962,NSE
subsequent_2016_2020,hysets_11202000,5,1,Knoben_Class_All,189,1004,0.07410094480831164,-0.024096397948648596,0.06240340009427337,NSE
subsequent_2016_2020,hysets_11202001,3,1,Knoben_Class_All,188,1004,0.07899915845445382,-0.017556655307252367,0.06155587543646391,NSE
subsequent_2016_2020,hysets_11224500,5,1,Knoben_Class_All,65,1096,-175.6521348627962,-44.95920512651957,0.7547202039695524,NSE
subsequent_2016_2020,hysets_11230500,4,1,Knoben_Class_All,166,1004,0.3257201660248359,0.2892487872654672,0.12267211213918984,NSE
subsequent_2016_2020,hysets_11253310,4,1,Knoben_Class_All,211,1096,-100.04230881024283,-37.776209013858015,0.563251679368955,NSE
subsequent_2016_2020,hysets_11264500,2,1,Knoben_Class_All,182,1096,0.37628641165685994,0.2737357357656265,0.10799671019232907,NSE
subsequent_2016_2020,hysets_11266500,5,1,Knoben_Class_All,169,1096,0.36769303022951527,0.2579889253303971,0.11787789822124622,NSE
subsequent_2016_2020,hysets_11314500,4,1,Knoben_Class_All,166,1004,0.2889203671889279,0.22037565629573463,0.16197607215982113,NSE
subsequent_2016_2020,hysets_11317000,3,1,Knoben_Class_All,70,1004,0.5196085539613946,0.522911973555868,0.06588518169610715,NSE
subsequent_2016_2020,hysets_11318500,4,1,Knoben_Class_All,71,1004,0.616045782407846,0.5339440387496225,0.04909402586534706,NSE
subsequent_2016_2020,hysets_11367500,4,1,Knoben_Class_All,166,1004,-0.8738593369985479,0.23688804879862035,0.10038212481254269,NSE
subsequent_2016_2020,hysets_11374000,4,1,Knoben_Class_All,71,1096,0.637478974132318,0.5119324699165179,0.07031213908137537,NSE
subsequent_2016_2020,hysets_11376550,4,1,Knoben_Class_All,71,1096,0.1910760154140908,0.40040058491270825,0.09677790913702582,NSE
subsequent_2016_2020,hysets_11379500,1,1,Knoben_Class_All,62,1096,0.7160436059904068,0.33213415736100715,0.04913214888697232,NSE
subsequent_2016_2020,hysets_11381500,3,1,Knoben_Class_All,70,1096,0.5180278883521997,0.30579808773589545,0.05889795236604093,NSE
subsequent_2016_2020,hysets_11383500,1,1,Knoben_Class_All,62,1096,0.8176891560585358,0.6311362819164794,0.03757669087265699,NSE
subsequent_2016_2020,hysets_11402000,1,1,Knoben_Class_All,169,1096,-0.026888127298144937,-0.13153625870075958,0.07495241976157913,NSE
subsequent_2016_2020,hysets_11413000,3,1,Knoben_Class_All,174,1096,0.028654106283958147,-0.09001559996215325,0.0981575666945272,NSE
subsequent_2016_2020,hysets_11413300,4,1,Knoben_Class_All,166,1004,-0.023635817848590923,-0.33035549688631893,0.0952302902740202,NSE
subsequent_2016_2020,hysets_11428800,5,1,Knoben_Class_All,169,1004,0.07347121543364987,-0.288365848437133,0.054327577847250744,NSE
subsequent_2016_2020,hysets_11433300,5,1,Knoben_Class_All,65,1004,0.42655227416850283,0.21994842502312217,0.060732415241136,NSE
subsequent_2016_2020,hysets_11451100,4,0,Knoben_Class_All,71,1096,0.5807733837846846,0.36853557964562034,0.05515640515048834,NSE
subsequent_2016_2020,hysets_11461000,1,0,Knoben_Class_All,62,1096,0.6517429595169741,0.5196317590587458,0.04767664537689521,NSE
subsequent_2016_2020,hysets_11468500,5,0,Knoben_Class_All,65,1096,0.6826943897599895,0.4745525403911228,0.053704626746053766,NSE
subsequent_2016_2020,hysets_11470500,1,1,Knoben_Class_All,62,1004,0.5830128775838734,0.3393904677860107,0.06249885673592444,NSE
subsequent_2016_2020,hysets_11473900,3,1,Knoben_Class_All,70,1095,0.6599772819737644,0.39235040902962126,0.056517236346884867,NSE
subsequent_2016_2020,hysets_11478500,4,1,Knoben_Class_All,81,1096,0.2618723423505923,0.24098168872124504,0.09083236600897823,NSE
subsequent_2016_2020,hysets_11480390,3,1,Knoben_Class_All,70,1096,0.4864960495780062,0.19027907417569045,0.07123793498130361,NSE
subsequent_2016_2020,hysets_11480410,1,1,Knoben_Class_All,62,1003,0.4734036047365138,0.1695228585798575,0.07898574042335632,NSE
subsequent_2016_2020,hysets_11481200,4,1,Knoben_Class_All,71,1096,0.3481888612702867,0.1768141511768898,0.07872823043237519,NSE
subsequent_2016_2020,hysets_11482500,4,1,Knoben_Class_All,81,1096,0.35316110125159117,0.43947288487434744,0.11217793110792944,NSE
subsequent_2016_2020,hysets_11521500,5,1,Knoben_Class_All,75,1096,0.494924198883276,0.5397392679254376,0.059320667494313355,NSE
subsequent_2016_2020,hysets_11522500,3,1,Knoben_Class_All,80,1096,0.24669324249964308,0.4643345952215199,0.08432550747594986,NSE
subsequent_2016_2020,hysets_11523200,5,1,Knoben_Class_All,169,1096,0.14390816946606066,0.057323567339150006,0.070894136650088,NSE
subsequent_2016_2020,hysets_11528700,2,1,Knoben_Class_All,68,1096,0.8150130878935863,0.5956087732653216,0.04399184629791874,NSE
subsequent_2016_2020,hysets_11532500,3,1,Knoben_Class_All,80,1096,0.3229186322362172,0.20068729800020446,0.1041754607379217,NSE
subsequent_2016_2020,hysets_12025700,2,1,Knoben_Class_All,80,1096,0.6309493192298128,0.4948898824440975,0.06792175250004802,NSE
subsequent_2016_2020,hysets_12035000,3,1,Knoben_Class_All,80,1096,0.37937423905875556,0.22043477607008777,0.06646848441211564,NSE
subsequent_2016_2020,hysets_12039500,2,1,Knoben_Class_All,80,1096,-0.03190756256969984,0.021596730913153173,0.10646131453238598,NSE
subsequent_2016_2020,hysets_12040500,5,1,Knoben_Class_All,75,1096,0.15875250307454802,0.0489465005635078,0.11350923958448657,NSE
subsequent_2016_2020,hysets_12041200,1,1,Knoben_Class_All,80,1096,0.04863798390878771,0.0981749728604806,0.10406309241723999,NSE
subsequent_2016_2020,hysets_12043000,3,1,Knoben_Class_All,80,1096,0.27541935947718865,0.09958179037170334,0.11134233920946895,NSE
subsequent_2016_2020,hysets_12048000,5,1,Knoben_Class_All,169,1096,0.46561799217436073,0.5218692784985797,0.08130353865815247,NSE
subsequent_2016_2020,hysets_12054000,1,1,Knoben_Class_All,169,1096,-0.2635582291788967,-0.13286997233430164,0.14650041685292853,NSE
subsequent_2016_2020,hysets_12056500,5,1,Knoben_Class_All,75,1096,0.06938331216126392,0.008855322916178299,0.09907347822996414,NSE
subsequent_2016_2020,hysets_12082500,2,0,Knoben_Class_All,182,1096,-0.45918457485323017,0.0382015445214835,0.10137462716342124,NSE
subsequent_2016_2020,hysets_12092000,5,0,Knoben_Class_All,169,1096,-0.5515690099903352,-0.02549718641320986,0.13089171051654297,NSE
subsequent_2016_2020,hysets_12115000,1,1,Knoben_Class_All,169,1096,-0.13504161223912647,-0.0529804883466356,0.10983583708557534,NSE
subsequent_2016_2020,hysets_12134500,5,1,Knoben_Class_All,169,1096,-0.24614840486685874,-0.12485910876053907,0.10618660287273567,NSE
subsequent_2016_2020,hysets_12141300,5,1,Knoben_Class_All,169,1096,-0.27083689357419205,-0.17474942753051614,0.1379786600556937,NSE
subsequent_2016_2020,hysets_12142000,2,1,Knoben_Class_All,182,1096,-0.23343096858489498,-0.20011728156738817,0.13992069661087345,NSE
subsequent_2016_2020,hysets_12186000,1,1,Knoben_Class_All,169,1096,-0.3278335532229555,-0.07549653680986035,0.10244305408570886,NSE
subsequent_2016_2020,hysets_12189500,1,1,Knoben_Class_All,169,1096,-0.22737791848344124,0.016671529384552963,0.08441941652621782,NSE
subsequent_2016_2020,hysets_12205000,4,1,Knoben_Class_All,166,1096,-0.6704538089213734,-0.03796387791213318,0.11013840388607406,NSE
subsequent_2016_2020,hysets_12324590,1,1,Knoben_Class_All,193,1096,-2.984885946533877,-1.3101204187391131,0.24901532089752912,NSE
subsequent_2016_2020,hysets_12330000,3,1,Knoben_Class_All,188,1096,-0.7394890099707765,-0.28971498967521514,0.08470899284749728,NSE
subsequent_2016_2020,hysets_12332000,4,1,Knoben_Class_All,193,1096,0.004978389476304468,0.13944391163573144,0.17322766183802005,NSE
subsequent_2016_2020,hysets_12370000,5,1,Knoben_Class_All,169,1096,0.38996924234990027,0.503599578453876,0.15794314157340195,NSE
subsequent_2016_2020,hysets_12389500,1,1,Knoben_Class_All,169,1096,-6.420962147835423,-1.7944039426749594,0.38634386249842706,NSE
subsequent_2016_2020,hysets_12411000,1,1,Knoben_Class_All,169,1086,0.21254043126562483,0.22804934192542214,0.10819142872320776,NSE
subsequent_2016_2020,hysets_12414900,1,1,Knoben_Class_All,169,1096,-0.15087706110686683,0.020807599556415646,0.10579527947282955,NSE
subsequent_2016_2020,hysets_12452800,4,1,Knoben_Class_All,166,1096,0.471153286397922,0.3991555587813175,0.10826059796209563,NSE
subsequent_2016_2020,hysets_12488500,1,1,Knoben_Class_All,169,1096,0.4413763740848875,0.31324760015799114,0.10267100583809287,NSE
subsequent_2016_2020,hysets_13010065,5,1,Knoben_Class_All,169,1096,0.4159472924350106,0.36110146592652037,0.1368504885578613,NSE
subsequent_2016_2020,hysets_13011900,2,1,Knoben_Class_All,182,1096,0.26501007321100767,0.27172157732404323,0.156364328780091,NSE
subsequent_2016_2020,hysets_13023000,1,1,Knoben_Class_All,169,1096,0.4012081095696771,0.45522804159846386,0.17512575972139066,NSE
subsequent_2016_2020,hysets_13186000,5,1,Knoben_Class_All,169,1096,0.3978128772148347,0.25374762627305025,0.10177168717021325,NSE
subsequent_2016_2020,hysets_13235000,2,1,Knoben_Class_All,182,1096,0.5622933630445838,0.4889181916011569,0.11501772173522357,NSE
subsequent_2016_2020,hysets_13297355,3,1,Knoben_Class_All,188,1096,-0.35710493888440986,-0.36349783756560616,0.14088499822995626,NSE
subsequent_2016_2020,hysets_13331500,4,1,Knoben_Class_All,166,1096,0.5315821959963805,0.45640824124904966,0.11747332451235731,NSE
subsequent_2016_2020,hysets_13339500,3,1,Knoben_Class_All,174,1096,-0.1124607917534397,0.08747758459466282,0.09075608572049768,NSE
subsequent_2016_2020,hysets_14013000,2,1,Knoben_Class_All,181,1096,-0.035542622011693004,0.013938093464133217,0.11422765816853271,NSE
subsequent_2016_2020,hysets_14020000,3,1,Knoben_Class_All,174,1096,0.00630468917379301,0.1633649794253983,0.10503226959101929,NSE
subsequent_2016_2020,hysets_14020300,2,1,Knoben_Class_All,182,1096,-0.4877595072597136,-0.28939983377203893,0.14924122118445823,NSE
subsequent_2016_2020,hysets_14038530,3,1,Knoben_Class_All,174,1096,-25.293753901372828,-3.6954193910066486,0.7468121547220113,NSE
subsequent_2016_2020,hysets_14044000,5,1,Knoben_Class_All,169,1046,-9.159853320554364,-3.1293257311707743,0.4287197260847814,NSE
subsequent_2016_2020,hysets_14091500,2,0,Knoben_Class_All,182,1096,-15.629678020240693,-0.3043901201726056,0.6220085084589184,NSE
subsequent_2016_2020,hysets_14096850,2,1,Knoben_Class_All,182,1096,-26.78351346295537,-3.677835578120103,0.5965205682893183,NSE
subsequent_2016_2020,hysets_14097100,1,1,Knoben_Class_All,169,1096,-25.705476998838662,-2.422500828857288,0.7703268336756994,NSE
subsequent_2016_2020,hysets_14154500,4,1,Knoben_Class_All,81,1096,0.04405348082514249,0.2177904599577658,0.09790225739096355,NSE
subsequent_2016_2020,hysets_14158500,1,1,Knoben_Class_All,169,1095,-0.5180347858832064,0.2553088300037786,0.2562914682871263,NSE
subsequent_2016_2020,hysets_14166500,5,1,Knoben_Class_All,75,1096,0.2502420786405116,0.32770426123692953,0.09196906376255319,NSE
subsequent_2016_2020,hysets_14178000,3,1,Knoben_Class_All,174,1096,-0.22056742187181722,0.15360630747784954,0.14943303621380885,NSE
subsequent_2016_2020,hysets_14182500,5,1,Knoben_Class_All,75,1096,0.4289331850220254,0.3201888537580875,0.0740361157795195,NSE
subsequent_2016_2020,hysets_14185000,4,0,Knoben_Class_All,81,1096,0.5851412912926115,0.6122651871668765,0.07790830707515985,NSE
subsequent_2016_2020,hysets_14185900,2,1,Knoben_Class_All,80,1096,0.4157154441757994,0.2673228661724796,0.09009598109194665,NSE
subsequent_2016_2020,hysets_14236200,3,1,Knoben_Class_All,80,1096,0.47074521356257293,0.3534191005141001,0.08926817246490241,NSE
subsequent_2016_2020,hysets_14301000,3,1,Knoben_Class_All,80,1095,0.651812708984579,0.5833153630953567,0.0766236864826197,NSE
subsequent_2016_2020,hysets_14306500,1,1,Knoben_Class_All,80,1096,0.6692803738645208,0.612946087812291,0.06680618037227593,NSE
subsequent_2016_2020,hysets_14308000,5,1,Knoben_Class_All,75,1096,-0.10415913816051181,0.026853424398691206,0.08926350132025977,NSE
subsequent_2016_2020,hysets_14309500,2,1,Knoben_Class_All,80,1096,0.47931862629495936,0.42696811838612536,0.07977697380479855,NSE
subsequent_2016_2020,hysets_14316700,2,1,Knoben_Class_All,80,1096,0.5602296933734675,0.5407354649580034,0.0717998066661439,NSE
subsequent_2016_2020,hysets_14325000,4,0,Knoben_Class_All,81,1096,0.4339242503064382,0.3624529801260217,0.07270682773051128,NSE
subsequent_2016_2020,hysets_14338000,2,1,Knoben_Class_All,80,1096,-0.47533584640210114,-0.5101420862577841,0.12001196063090434,NSE
subsequent_2016_2020,hysets_14377100,4,1,Knoben_Class_All,81,1093,0.4286143762741187,0.4474977580972438,0.09134031053937523,NSE
subsequent_2016_2020,hysets_14400000,3,1,Knoben_Class_All,80,1096,0.20176962570594215,0.06002352004810407,0.10110499547848639,NSE
subsequent_2016_2020,lamah_12425002,3,1,Knoben_Class_All,80,731,-3.486218618916503,-0.5113439320945978,0.2605275748135167,NSE
subsequent_2016_2020,lamah_16000708,2,1,Knoben_Class_All,80,731,0.6481848321767499,0.7996214994645917,0.10952647966226833,NSE
subsequent_2016_2020,lamah_16001303,5,1,Knoben_Class_All,93,731,-11.178406643395933,-1.6609071051740139,0.3081742711918738,NSE
subsequent_2016_2020,lamah_16610709,4,1,Knoben_Class_All,93,731,0.2574955423285661,0.4311854034532405,0.0637380277231122,NSE
subsequent_2016_2020,lamah_17404000,1,1,Knoben_Class_All,90,731,-3.427954746083655,-0.47133290118266147,0.2842522001974499,NSE
subsequent_2016_2020,lamah_18481006,5,1,Knoben_Class_All,75,731,-1.8716621266873243,-0.07943970892422647,0.18123253702677833,NSE
subsequent_2016_2020,lamah_18486000,4,1,Knoben_Class_All,81,731,-1.802827082058604,-0.040862030676269034,0.18823107443761516,NSE
subsequent_2016_2020,lamah_200253,4,1,Knoben_Class_All,93,731,0.06403803014626996,0.11768701384432056,0.11946161874644437,NSE
subsequent_2016_2020,lamah_200261,5,1,Knoben_Class_All,93,731,0.11458123446905943,0.10306210016144013,0.11074868148561487,NSE
subsequent_2016_2020,lamah_200303,2,1,Knoben_Class_All,80,731,0.11104349362843935,0.1758652755952339,0.08061484605741369,NSE
subsequent_2016_2020,lamah_201012,2,0,Knoben_Class_All,80,731,0.3117514912224886,0.25618229889742283,0.11039571274038176,NSE
subsequent_2016_2020,lamah_201087,4,1,Knoben_Class_All,93,731,0.473278322579343,0.40809613420657165,0.10259881520020285,NSE
subsequent_2016_2020,lamah_201095,2,1,Knoben_Class_All,80,731,0.760417766114926,0.7689482263064522,0.08368194632006765,NSE
subsequent_2016_2020,lamah_201160,3,1,Knoben_Class_All,174,731,0.0292447523813969,0.2189984364344716,0.11615393414813106,NSE
subsequent_2016_2020,lamah_201236,3,1,Knoben_Class_All,92,731,0.4071448401988659,0.46447707439757147,0.09584586877924067,NSE
subsequent_2016_2020,lamah_201251,1,1,Knoben_Class_All,90,731,0.6331682209763787,0.5640737289980796,0.09610741047155591,NSE
subsequent_2016_2020,lamah_201335,5,1,Knoben_Class_All,93,731,-0.40771474995695556,-0.020357409282936167,0.16849204156875694,NSE
subsequent_2016_2020,lamah_201392,2,1,Knoben_Class_All,80,731,0.40211775211359513,0.34008936132316736,0.17346550840673458,NSE
subsequent_2016_2020,lamah_201434,2,1,Knoben_Class_All,80,731,0.4529142440015773,0.40566242281838993,0.1635362133811519,NSE
subsequent_2016_2020,lamah_201558,1,1,Knoben_Class_All,169,731,-0.0071684380698384675,0.26841740493451727,0.1872940292076408,NSE
subsequent_2016_2020,lamah_201566,3,1,Knoben_Class_All,92,731,0.5461684310405561,0.5096332713107865,0.07407410608733989,NSE
subsequent_2016_2020,lamah_201574,1,1,Knoben_Class_All,90,731,0.6635100523352988,0.6877799354545859,0.09018286872554793,NSE
subsequent_2016_2020,lamah_201723,5,1,Knoben_Class_All,169,731,-0.09072340693205772,0.16693650190130271,0.20594875885876673,NSE
subsequent_2016_2020,lamah_201848,2,1,Knoben_Class_All,182,731,-0.27542510653561525,0.19470867973542272,0.20415343058355856,NSE
subsequent_2016_2020,lamah_202036,1,1,Knoben_Class_All,90,731,0.5962365136634051,0.6153565703067285,0.10393196226955131,NSE
subsequent_2016_2020,lamah_203026,3,1,Knoben_Class_All,92,731,0.6712470078225459,0.5485189546852351,0.09831081214915723,NSE
subsequent_2016_2020,lamah_203075,5,1,Knoben_Class_All,93,731,0.5532660934759753,0.43528815314231684,0.11185747101781582,NSE
subsequent_2016_2020,lamah_203166,2,1,Knoben_Class_All,80,731,0.6932584602441347,0.7693752798267608,0.08112045744421094,NSE
subsequent_2016_2020,lamah_203224,3,1,Knoben_Class_All,174,731,0.020748880130846414,0.1107837319155206,0.14362732076449966,NSE
subsequent_2016_2020,lamah_203265,2,1,Knoben_Class_All,80,731,0.18633441005394036,0.38429476254469375,0.0878215120789139,NSE
subsequent_2016_2020,lamah_203307,4,1,Knoben_Class_All,93,731,0.18149862850776521,0.22034756148409596,0.09275454043416118,NSE
subsequent_2016_2020,lamah_203463,2,1,Knoben_Class_All,182,731,0.06316395251441564,0.3538961835352711,0.1654204851570264,NSE
subsequent_2016_2020,lamah_203505,1,1,Knoben_Class_All,90,731,0.4037245052106808,0.44312380143095553,0.11703707270723572,NSE
subsequent_2016_2020,lamah_203711,5,1,Knoben_Class_All,169,731,0.05670389528752151,0.3105787651522637,0.14936659152592502,NSE
subsequent_2016_2020,lamah_203752,1,1,Knoben_Class_All,169,731,-0.7369867663374736,0.252667502263728,0.2056572496002877,NSE
subsequent_2016_2020,lamah_203760,2,1,Knoben_Class_All,182,731,-0.11795838627796384,0.2515587149670411,0.16748848828959373,NSE
subsequent_2016_2020,lamah_203786,1,1,Knoben_Class_All,169,731,-0.061421261052715614,0.3454113137973406,0.18058178387087057,NSE
subsequent_2016_2020,lamah_203794,3,1,Knoben_Class_All,174,731,-1.1123904865327732,0.15471603623401575,0.2319442724965814,NSE
subsequent_2016_2020,lamah_203828,3,1,Knoben_Class_All,174,731,-0.37061050748853397,0.3244372938887766,0.16713887236936917,NSE
subsequent_2016_2020,lamah_204875,2,1,Knoben_Class_All,80,731,-1.3191620532849155,-0.05892084098418482,0.15789914952055314,NSE
subsequent_2016_2020,lamah_204925,1,1,Knoben_Class_All,90,731,-6.999854281134109,-0.92761056750655,0.2937385839139825,NSE
subsequent_2016_2020,lamah_205104,3,1,Knoben_Class_All,92,731,-0.0519253291575521,0.15583351450001015,0.1738334091354221,NSE
subsequent_2016_2020,lamah_205179,4,1,Knoben_Class_All,93,731,-0.12713085944286218,0.052970202141721434,0.18154376696294175,NSE
subsequent_2016_2020,lamah_205294,2,1,Knoben_Class_All,80,731,0.10307021914012526,0.19115669935642632,0.08888269999488267,NSE
subsequent_2016_2020,lamah_205500,4,1,Knoben_Class_All,93,731,0.03486350429645557,0.3500164557334754,0.10510595192353903,NSE
subsequent_2016_2020,lamah_205740,5,1,Knoben_Class_All,75,731,-0.38573363074014333,0.15063434908360773,0.11168434526103732,NSE
subsequent_2016_2020,lamah_205799,1,0,Knoben_Class_All,90,731,0.2516665869370439,0.34226716072610797,0.11674275845424825,NSE
subsequent_2016_2020,lamah_205823,5,1,Knoben_Class_All,75,731,-2.712524626533267,-0.21303065934425436,0.1702589664181472,NSE
subsequent_2016_2020,lamah_205831,5,1,Knoben_Class_All,75,731,-1.7131101717650976,-0.11735846738695321,0.1707729762555019,NSE
subsequent_2016_2020,lamah_205864,3,1,Knoben_Class_All,92,731,0.15795617099755477,0.3391095391678761,0.10201444476800167,NSE
subsequent_2016_2020,lamah_205898,3,1,Knoben_Class_All,80,731,-2.1211874239232125,-0.11920012299602778,0.18111924227176945,NSE
subsequent_2016_2020,lamah_206508,4,1,Knoben_Class_All,93,731,-0.03890471180069399,0.16777421953727867,0.13806182306259565,NSE
subsequent_2016_2020,lamah_207613,5,0,Knoben_Class_All,75,731,-46.168857029797735,-4.559534686327713,0.7345649183836044,NSE
subsequent_2016_2020,lamah_207654,2,1,Knoben_Class_All,80,731,-0.8244632729545518,0.15561230873427612,0.16896235814879312,NSE
subsequent_2016_2020,lamah_207738,2,1,Knoben_Class_All,80,731,-0.12634501474459214,0.10656321528826984,0.09957799077857221,NSE
subsequent_2016_2020,lamah_207852,2,1,Knoben_Class_All,80,731,-1.1458361730961242,-0.17090289356426958,0.13418058101164826,NSE
subsequent_2016_2020,lamah_208116,1,1,Knoben_Class_All,80,731,-41.70605458714489,-4.623261617361285,0.590524787249466,NSE
subsequent_2016_2020,lamah_208686,2,1,Knoben_Class_All,80,731,-1.7982463807044375,-0.0772620833972748,0.18706499535856672,NSE
subsequent_2016_2020,lamah_209361,1,1,Knoben_Class_All,90,731,-0.4274407120310617,0.10170496001053231,0.11873693370954139,NSE
subsequent_2016_2020,lamah_209551,1,1,Knoben_Class_All,80,731,-0.8077728049778654,0.10185442709567372,0.14654880679312468,NSE
subsequent_2016_2020,lamah_210526,4,1,Knoben_Class_All,93,731,-0.014514128000246984,0.2727932012650338,0.18892760253932028,NSE
subsequent_2016_2020,lamah_210641,1,1,Knoben_Class_All,169,731,-0.09064456759495099,0.30206771836462054,0.13926935212113944,NSE
subsequent_2016_2020,lamah_210732,2,0,Knoben_Class_All,182,731,-2.503387109444941,-0.47998304835994743,0.15341038836764873,NSE
subsequent_2016_2020,lamah_210773,1,1,Knoben_Class_All,169,731,-0.6106777469356137,0.24746873204930542,0.16897559105427126,NSE
subsequent_2016_2020,lamah_210815,5,1,Knoben_Class_All,169,731,-0.713693216549744,0.12650379016608215,0.13856313971648695,NSE
subsequent_2016_2020,lamah_210856,3,1,Knoben_Class_All,174,731,-0.5262428646162229,0.04756008617760921,0.16446349400830595,NSE
subsequent_2016_2020,lamah_210864,1,1,Knoben_Class_All,80,731,-5.111829877080978,-0.605068661466984,0.23682437693073308,NSE
subsequent_2016_2020,lamah_210898,1,1,Knoben_Class_All,80,731,-4.122874041778468,-0.42355242419904426,0.30147375536534676,NSE
subsequent_2016_2020,lamah_211086,4,1,Knoben_Class_All,166,731,-1.722370033133907,-0.00023614369623503606,0.2310219299427694,NSE
subsequent_2016_2020,lamah_211169,3,1,Knoben_Class_All,188,731,-1.887415985502043,-0.1703984236840741,0.14978071298879825,NSE
subsequent_2016_2020,lamah_211656,1,1,Knoben_Class_All,80,731,-6.823405930503544,-2.829642594604016,0.12977004131865144,NSE
subsequent_2016_2020,lamah_212027,5,1,Knoben_Class_All,169,731,-1.6754062073267946,0.0019993956289114934,0.26999803748397105,NSE
subsequent_2016_2020,lamah_212043,5,0,Knoben_Class_All,93,731,0.3081543566690572,0.2047522278264745,0.12383442253909,NSE
subsequent_2016_2020,lamah_212092,2,1,Knoben_Class_All,80,731,0.4700623141497088,0.3788619688460343,0.12708619314332073,NSE
subsequent_2016_2020,lamah_212100,2,1,Knoben_Class_All,80,731,0.5916635682108023,0.5216916994291417,0.11193591221366805,NSE
subsequent_2016_2020,lamah_212167,1,1,Knoben_Class_All,90,731,0.5810911443867267,0.5328688434584143,0.10777590364437026,NSE
subsequent_2016_2020,lamah_212183,2,1,Knoben_Class_All,80,731,0.4974241691613237,0.41800333599197836,0.11889015941706813,NSE
subsequent_2016_2020,lamah_212316,5,0,Knoben_Class_All,93,731,0.5456701098546402,0.5765093518142301,0.1222444296229465,NSE
subsequent_2016_2020,lamah_212373,2,0,Knoben_Class_All,80,731,-1.0472959774886932,-0.06351900650061104,0.1919063868717358,NSE
subsequent_2016_2020,lamah_212399,5,1,Knoben_Class_All,93,731,-0.2577861859146038,0.3849001125331345,0.11357009244073502,NSE
subsequent_2016_2020,lamah_212431,3,1,Knoben_Class_All,174,731,-2.630979250913829,-0.22433924419223117,0.2137151171066173,NSE
subsequent_2016_2020,lamah_212522,1,0,Knoben_Class_All,169,731,-11.152247326791485,-1.0376454445123993,0.7171331140599788,NSE
subsequent_2016_2020,lamah_212613,2,1,Knoben_Class_All,80,731,-0.9608029934495652,0.18986877727731888,0.255850101124902,NSE
subsequent_2016_2020,lamah_212647,5,1,Knoben_Class_All,93,731,-0.4093171510062543,0.28405807343084,0.15226395761229586,NSE
subsequent_2016_2020,lamah_212670,3,1,Knoben_Class_All,92,731,-0.5726053098428836,0.29552444377968967,0.11357460509095363,NSE
subsequent_2016_2020,lamah_212860,1,1,Knoben_Class_All,193,731,-0.9725899931412889,-0.30939378651299654,0.2145334461039015,NSE
subsequent_2016_2020,lamah_212878,3,1,Knoben_Class_All,188,731,-1.0358942802992974,-0.3041205247895704,0.19898046852563891,NSE
subsequent_2016_2020,lamah_212886,4,1,Knoben_Class_All,193,731,-1.9117518666284798,-0.330004697032239,0.22887322433447577,NSE
subsequent_2016_2020,lamah_212894,5,0,Knoben_Class_All,65,731,-25.198195588422223,-2.8518515872904566,0.683486371116148,NSE
subsequent_2016_2020,lamah_212928,5,1,Knoben_Class_All,189,731,-4.626169077179345,-0.5708102583002261,0.26280693326921434,NSE
subsequent_2016_2020,lamah_213124,2,1,Knoben_Class_All,80,731,-0.4755373256649522,0.3500162479299431,0.1380866176343677,NSE
subsequent_2016_2020,lamah_213181,4,1,Knoben_Class_All,166,731,-6.560946572824305,-0.6395155836404931,0.41240185721398953,NSE
subsequent_2016_2020,lamah_213306,3,1,Knoben_Class_All,92,731,-6.176008278564107,-0.814642019282589,0.41696182750125627,NSE
subsequent_2016_2020,lamah_2150,4,1,Knoben_Class_All,93,731,0.6478606129819049,0.5784752847665087,0.06261458733008232,NSE
subsequent_2016_2020,lamah_2262,1,1,Knoben_Class_All,90,731,0.4244411326646438,0.32810841055446505,0.09642035834331919,NSE
subsequent_2016_2020,lamah_403,2,1,Knoben_Class_All,80,731,0.5315739314835316,0.4902365383743442,0.11377356304313693,NSE
subsequent_2016_2020,camelsbr_57250000,5,1,Continuous_FCM_Class_All,172,1095,-5.142204718026907,-0.6877499762241361,0.200229491694211,NSE
subsequent_2016_2020,camelsbr_58060000,3,1,Continuous_FCM_Class_All,171,1074,-0.21297309759279792,0.07428939381690924,0.06810416251586188,NSE
subsequent_2016_2020,camelsbr_58258000,1,1,Continuous_FCM_Class_All,171,1004,-0.07304279996085605,-0.2690635192128443,0.06901166147627008,NSE
subsequent_2016_2020,camelsbr_58530000,3,1,Continuous_FCM_Class_All,171,1095,-0.054478831315066145,-0.05370367147026256,0.11006429700067479,NSE
subsequent_2016_2020,camelsbr_58535000,3,1,Continuous_FCM_Class_All,171,1035,-0.01272345449059098,-0.03146377261855604,0.12910020450766482,NSE
subsequent_2016_2020,camelsbr_58542000,1,1,Continuous_FCM_Class_All,171,1035,-0.1736438357109551,0.09162495276213989,0.1210467632152951,NSE
subsequent_2016_2020,camelsbr_59370000,2,1,Continuous_FCM_Class_All,171,1040,-0.025503539832218536,0.0851623292968835,0.07598277107687171,NSE
subsequent_2016_2020,camelsbr_70100000,4,1,Continuous_FCM_Class_All,171,1087,-0.0694192500795403,-0.22441171502758084,0.10140392884672561,NSE
subsequent_2016_2020,camelsbr_71300000,1,1,Continuous_FCM_Class_All,171,1081,-0.2498811321385188,-0.1550077222129218,0.174670150782961,NSE
subsequent_2016_2020,camelsbr_73765000,1,1,Continuous_FCM_Class_All,171,1035,-0.04686665149218916,-0.2731216161039507,0.09954574145972798,NSE
subsequent_2016_2020,camelscl_1050002,4,1,Continuous_FCM_Class_All,133,921,-123.7512182684485,-8.929858477456559,2.3275516445650983,NSE
subsequent_2016_2020,camelscl_1201005,3,1,Continuous_FCM_Class_All,133,1370,-57.10921655410853,-4.569069770765527,0.5599334399197503,NSE
subsequent_2016_2020,camelscl_12284002,1,1,Continuous_FCM_Class_All,171,1005,-25.341515244161922,-4.685109812578853,0.6045041885358488,NSE
subsequent_2016_2020,camelscl_12284003,4,1,Continuous_FCM_Class_All,133,1215,-1.129476885582069,-0.37190770100253756,0.14983944265983526,NSE
subsequent_2016_2020,camelscl_12284006,1,1,Continuous_FCM_Class_All,171,1589,-4.330408855570372,-1.3291370539490046,0.17242991925912649,NSE
subsequent_2016_2020,camelscl_12582001,4,1,Continuous_FCM_Class_All,171,1613,-0.83619335830488,-0.23512071310929783,0.09501248897005961,NSE
subsequent_2016_2020,camelscl_12600001,2,1,Continuous_FCM_Class_All,171,1184,-0.3895449021872428,-0.36653889360545744,0.2125071552860731,NSE
subsequent_2016_2020,camelscl_12622001,5,1,Continuous_FCM_Class_All,172,1535,-10.991494619849849,-1.6550346918167995,0.353133152296172,NSE
subsequent_2016_2020,camelscl_12802001,3,1,Continuous_FCM_Class_All,133,1425,-1.2974201947425987,-0.4850926418243473,0.10188760545200723,NSE
subsequent_2016_2020,camelscl_12805001,2,1,Continuous_FCM_Class_All,133,1286,-0.5659795218148536,-0.10903956451170083,0.17500545773026263,NSE
subsequent_2016_2020,camelscl_12806001,5,1,Continuous_FCM_Class_All,133,1427,-0.7874316500980267,-0.04570940497495779,0.15890399452618248,NSE
subsequent_2016_2020,camelscl_4301002,3,1,Continuous_FCM_Class_All,133,1376,-1.823831409092438,-0.10768921500532791,0.3161791717093411,NSE
subsequent_2016_2020,camelscl_4311001,1,1,Continuous_FCM_Class_All,132,1230,-3.283115715818414,-0.15254116793777595,0.4102861873170127,NSE
subsequent_2016_2020,camelscl_4313001,1,1,Continuous_FCM_Class_All,132,1210,-1.4283926566774454,-0.0018121113800937394,0.2544525336063577,NSE
subsequent_2016_2020,camelscl_4314002,4,1,Continuous_FCM_Class_All,133,1429,-2.878833110766488,-0.32987262759245284,0.08730326280182386,NSE
subsequent_2016_2020,camelscl_4501001,4,1,Continuous_FCM_Class_All,133,1181,-12.446679817623819,-1.3567374147214215,0.6728363140090976,NSE
subsequent_2016_2020,camelscl_4503001,1,1,Continuous_FCM_Class_All,132,1427,-0.041455693178687136,-0.467948715206457,0.058299201659436174,NSE
subsequent_2016_2020,camelscl_4511002,1,1,Continuous_FCM_Class_All,132,1484,-1.015191495636509,0.0960837905029871,0.25113569582259127,NSE
subsequent_2016_2020,camelscl_4512001,1,1,Continuous_FCM_Class_All,132,1101,-0.4183888257813535,0.11975163695209434,0.17400104970031058,NSE
subsequent_2016_2020,camelscl_4513001,3,1,Continuous_FCM_Class_All,133,1223,-0.07655324493893101,-0.1764774632902164,0.041151890837164154,NSE
subsequent_2016_2020,camelscl_4514001,2,1,Continuous_FCM_Class_All,133,1230,-0.3912181498164422,-0.28786413728502325,0.10901288289129885,NSE
subsequent_2016_2020,camelscl_4520001,4,1,Continuous_FCM_Class_All,133,1307,-802.8526906239794,-24.48066153857272,2.292669818806804,NSE
subsequent_2016_2020,camelscl_4530001,4,1,Continuous_FCM_Class_All,133,993,-0.9487050796117884,-0.19742882241154436,0.2569769970701916,NSE
subsequent_2016_2020,camelscl_4532001,3,0,Continuous_FCM_Class_All,133,1006,-2.3227142570475343,-0.9899993997412109,0.3288833025258764,NSE
subsequent_2016_2020,camelscl_4703002,1,1,Continuous_FCM_Class_All,132,1613,-0.30719430397184033,0.08231853065583594,0.15266182829785793,NSE
subsequent_2016_2020,camelscl_4721001,3,1,Continuous_FCM_Class_All,133,1097,-4.262782059975708,-0.6674425626321343,0.45447050604286876,NSE
subsequent_2016_2020,camelscl_4723001,5,1,Continuous_FCM_Class_All,133,1250,-0.025964160144716253,-0.42058713475602705,0.07609979918121383,NSE
subsequent_2016_2020,camelscl_5200001,2,1,Continuous_FCM_Class_All,133,1551,-11.622459875927236,-1.927869614514976,0.31408751446157784,NSE
subsequent_2016_2020,camelscl_5401003,2,0,Continuous_FCM_Class_All,237,1562,-1.324230472983738,0.03271382018798674,0.3418107528384668,NSE
subsequent_2016_2020,camelscl_5402001,5,1,Continuous_FCM_Class_All,238,1448,-1.0804997230498317,-0.41796967572627763,0.07425864444437909,NSE
subsequent_2016_2020,camelscl_5406001,1,1,Continuous_FCM_Class_All,132,1016,-2.6563146943352103,-1.6072035669185256,0.3335301772346541,NSE
subsequent_2016_2020,camelscl_5706001,1,1,Continuous_FCM_Class_All,146,1215,-4.788654557864698,-3.351871768434691,0.1320443050863823,NSE
subsequent_2016_2020,camelscl_5707002,1,1,Continuous_FCM_Class_All,132,1597,-1.21465497186691,-0.23948995442350496,0.2558233979391491,NSE
subsequent_2016_2020,camelscl_5722001,4,1,Continuous_FCM_Class_All,133,1484,-1.5224586264546667,0.03508186107179301,0.20737115284841048,NSE
subsequent_2016_2020,camelscl_5722002,1,1,Continuous_FCM_Class_All,132,1561,-0.5466006278125393,0.12536141299312786,0.0590978456334138,NSE
subsequent_2016_2020,camelscl_6013001,5,1,Continuous_FCM_Class_All,147,1246,-1.7188867088555435,-0.03052487713085017,0.22596393176446922,NSE
subsequent_2016_2020,camelscl_7103001,4,1,Continuous_FCM_Class_All,171,1245,-0.26430685229765527,0.002859422880964524,0.08630820657347371,NSE
subsequent_2016_2020,camelscl_7104002,4,1,Continuous_FCM_Class_All,171,1490,-0.3198446681585192,0.13878446229871888,0.08958726697468283,NSE
subsequent_2016_2020,camelscl_7112001,5,1,Continuous_FCM_Class_All,172,1231,-0.2812506834217128,-0.002752625164853306,0.1645768992498044,NSE
subsequent_2016_2020,camelscl_7115001,2,1,Continuous_FCM_Class_All,171,1576,-0.6510633681599634,0.22527620025567607,0.1432732091535248,NSE
subsequent_2016_2020,camelscl_7116001,3,1,Continuous_FCM_Class_All,171,1204,-2.674678168664356,-1.4914495295437558,0.15238730317487306,NSE
subsequent_2016_2020,camelscl_7355002,1,1,Continuous_FCM_Class_All,171,1543,-0.7036638586523671,-0.19683875393675376,0.13831265902909992,NSE
subsequent_2016_2020,camelscl_7374001,5,1,Continuous_FCM_Class_All,147,1019,-0.8194869812180456,-0.5765730603686572,0.10409123276636109,NSE
subsequent_2016_2020,camelscl_8130002,1,1,Continuous_FCM_Class_All,171,1550,-0.17935877490393293,-0.3567095692922151,0.07125966100584562,NSE
subsequent_2016_2020,camelscl_8351001,3,0,Continuous_FCM_Class_All,171,1229,-0.18748380944335175,-0.44908844900010614,0.08606315872765222,NSE
subsequent_2016_2020,hysets_01010070,4,1,Continuous_FCM_Class_All,171,1096,0.10936911275611882,-0.01728942893896135,0.11831605043235553,NSE
subsequent_2016_2020,hysets_01022500,1,1,Continuous_FCM_Class_All,146,1096,0.15819480554795684,0.2610633646116496,0.10909454159684326,NSE
subsequent_2016_2020,hysets_01031500,1,1,Continuous_FCM_Class_All,146,1096,0.14842432427510222,0.16190166378896464,0.10751699367301798,NSE
subsequent_2016_2020,hysets_01038000,3,1,Continuous_FCM_Class_All,146,1096,0.0927710740291755,0.2505878221633724,0.1107256513560799,NSE
subsequent_2016_2020,hysets_01047000,2,1,Continuous_FCM_Class_All,146,1096,0.17252542019489658,0.17584330859947483,0.09547176355404678,NSE
subsequent_2016_2020,hysets_01054200,1,1,Continuous_FCM_Class_All,171,1096,0.10502287106602093,-0.030264355163466483,0.04281336072327055,NSE
subsequent_2016_2020,hysets_01055000,3,1,Continuous_FCM_Class_All,146,1096,0.16952766212249304,0.12379753109415226,0.06919475548370803,NSE
subsequent_2016_2020,hysets_01057000,2,1,Continuous_FCM_Class_All,146,1096,0.14659585879244097,0.19223336118695689,0.10906352972078422,NSE
subsequent_2016_2020,hysets_01064500,3,1,Continuous_FCM_Class_All,171,1096,0.22177134075746463,0.13809860540145746,0.05215064548593473,NSE
subsequent_2016_2020,hysets_01076500,1,1,Continuous_FCM_Class_All,146,1096,0.14872881026039542,0.14805576945798893,0.06964497735264512,NSE
subsequent_2016_2020,hysets_01078000,2,1,Continuous_FCM_Class_All,146,1096,0.10342505071630537,0.21988229945675997,0.0961244820353089,NSE
subsequent_2016_2020,hysets_01096000,1,0,Continuous_FCM_Class_All,146,1096,-0.11610370028705352,0.16074488121492814,0.10528251218960359,NSE
subsequent_2016_2020,hysets_01118000,1,1,Continuous_FCM_Class_All,146,1096,0.10830723506652329,0.40572641973645684,0.13046613576839006,NSE
subsequent_2016_2020,hysets_01134500,1,1,Continuous_FCM_Class_All,146,1096,0.13409909132700426,0.19759832497554808,0.1023207580805273,NSE
subsequent_2016_2020,hysets_01137500,4,1,Continuous_FCM_Class_All,171,1096,0.20406381644709692,0.1337586896524101,0.058121173182086115,NSE
subsequent_2016_2020,hysets_01169000,5,1,Continuous_FCM_Class_All,172,1096,0.1685299830584066,0.11448197794288717,0.058136235578912905,NSE
subsequent_2016_2020,hysets_01174500,5,1,Continuous_FCM_Class_All,147,1096,-0.10470228185600239,0.11543172035042837,0.10241055795872621,NSE
subsequent_2016_2020,hysets_01181000,5,1,Continuous_FCM_Class_All,172,1096,0.12934861050091906,0.028384983960810906,0.04294899103223233,NSE
subsequent_2016_2020,hysets_01439500,5,1,Continuous_FCM_Class_All,172,1096,0.15383109150723417,0.19841489154431557,0.12164633376864352,NSE
subsequent_2016_2020,hysets_01440000,4,1,Continuous_FCM_Class_All,147,1096,-0.08727541808959294,0.11689276789927205,0.08473734027227553,NSE
subsequent_2016_2020,hysets_01447500,1,1,Continuous_FCM_Class_All,146,1096,-0.09898823318455108,0.10424615823208294,0.10388616043605553,NSE
subsequent_2016_2020,hysets_01543000,4,1,Continuous_FCM_Class_All,147,1096,0.11568994736412741,0.22313714336235668,0.11979296857791967,NSE
subsequent_2016_2020,hysets_01543500,2,1,Continuous_FCM_Class_All,146,1096,0.05581795531878253,0.2613303065826217,0.10758593536611841,NSE
subsequent_2016_2020,hysets_01544500,3,1,Continuous_FCM_Class_All,146,1096,-0.007960920978756336,0.24151493073960006,0.10025531136934439,NSE
subsequent_2016_2020,hysets_01545600,5,0,Continuous_FCM_Class_All,147,1096,0.026354474083529533,0.22878615332312413,0.08799436523864274,NSE
subsequent_2016_2020,hysets_01550000,5,1,Continuous_FCM_Class_All,147,1096,-0.027076682296178323,-0.004725121497022311,0.07496280037912034,NSE
subsequent_2016_2020,hysets_01552000,2,0,Continuous_FCM_Class_All,146,1096,-0.06063051601716429,-0.06293351733589203,0.08003889991409809,NSE
subsequent_2016_2020,hysets_01605500,1,1,Continuous_FCM_Class_All,237,1096,0.15256365958683415,0.2710070485133119,0.05214785791944593,NSE
subsequent_2016_2020,hysets_01606500,3,1,Continuous_FCM_Class_All,238,1096,0.13061715729173162,0.1569684889072993,0.05920646545390396,NSE
subsequent_2016_2020,hysets_01611500,5,1,Continuous_FCM_Class_All,238,1096,0.04804415083841318,0.09509476684906504,0.0865685540080927,NSE
subsequent_2016_2020,hysets_01665500,3,0,Continuous_FCM_Class_All,146,1096,-0.12474394067249461,-0.22853098675693273,0.05543068704232337,NSE
subsequent_2016_2020,hysets_01669520,2,1,Continuous_FCM_Class_All,237,1096,-0.14639452426171706,-0.07213092337109028,0.047235464443061474,NSE
subsequent_2016_2020,hysets_01673800,1,1,Continuous_FCM_Class_All,237,1096,-0.05680689330939814,-0.06891779667237241,0.0635917005882454,NSE
subsequent_2016_2020,hysets_01AJ010,2,1,Continuous_FCM_Class_All,146,731,0.06808312630397573,0.07975855707775092,0.12128165962839403,NSE
subsequent_2016_2020,hysets_01AK001,3,1,Continuous_FCM_Class_All,146,731,0.10484113011831941,0.1760626279856441,0.13415771304034588,NSE
subsequent_2016_2020,hysets_01AK007,1,1,Continuous_FCM_Class_All,146,731,0.04988849981473331,0.03561064561430338,0.13225433956094138,NSE
subsequent_2016_2020,hysets_01AL002,2,1,Continuous_FCM_Class_All,146,731,0.13893735827125697,0.09731586344141763,0.1200351110640087,NSE
subsequent_2016_2020,hysets_01AM001,4,1,Continuous_FCM_Class_All,147,731,0.12285523411020749,0.13374376258082776,0.10274691575672287,NSE
subsequent_2016_2020,hysets_01AN002,1,1,Continuous_FCM_Class_All,146,731,-0.07494874217692638,0.02630116921911807,0.14821661339106587,NSE
subsequent_2016_2020,hysets_01AP002,4,1,Continuous_FCM_Class_All,147,731,-0.06855962113133085,-0.07220547506003072,0.1227951079021932,NSE
subsequent_2016_2020,hysets_01AQ001,4,1,Continuous_FCM_Class_All,171,1096,0.22429778063451056,0.13289962719244086,0.06507243595196692,NSE
subsequent_2016_2020,hysets_01BJ003,1,1,Continuous_FCM_Class_All,146,731,0.13001964461556015,0.052396765277989865,0.10807565265490925,NSE
subsequent_2016_2020,hysets_01BL002,3,1,Continuous_FCM_Class_All,146,731,0.06603581320755858,0.12907388381654494,0.12769023756605657,NSE
subsequent_2016_2020,hysets_01BQ001,2,1,Continuous_FCM_Class_All,146,731,0.14247924762632602,0.14736074343052963,0.07487988196378521,NSE
subsequent_2016_2020,hysets_01BS001,3,1,Continuous_FCM_Class_All,146,731,-0.11454640178883202,-0.0981804581354242,0.1053595624496967,NSE
subsequent_2016_2020,hysets_01BU002,1,1,Continuous_FCM_Class_All,146,731,-0.44248161565473487,-0.3057590465552569,0.14289328058557377,NSE
subsequent_2016_2020,hysets_01BV006,1,1,Continuous_FCM_Class_All,171,731,0.14447253527157333,0.03976493387947755,0.07087745931142453,NSE
subsequent_2016_2020,hysets_01DR001,2,1,Continuous_FCM_Class_All,171,1096,0.1535337419545293,0.06978940329794936,0.10155680627705407,NSE
subsequent_2016_2020,hysets_01EC001,5,1,Continuous_FCM_Class_All,172,1096,0.18426857610794511,0.1826554667119229,0.15863970956792586,NSE
subsequent_2016_2020,hysets_01ED007,2,1,Continuous_FCM_Class_All,146,1096,0.06128679763947453,0.2302313173477154,0.16609090169374785,NSE
subsequent_2016_2020,hysets_01EF001,3,1,Continuous_FCM_Class_All,171,1096,0.21569767373278104,0.2164828215499378,0.16780512250763635,NSE
subsequent_2016_2020,hysets_01EO001,5,1,Continuous_FCM_Class_All,147,1096,0.0038260641597004375,-0.0265439930707152,0.10716132859952383,NSE
subsequent_2016_2020,hysets_01FB001,5,1,Continuous_FCM_Class_All,172,1096,0.11521681621965074,0.01715233566273977,0.10170964977788745,NSE
subsequent_2016_2020,hysets_01FB003,4,1,Continuous_FCM_Class_All,171,1096,0.28630876513593306,0.36101547514464327,0.1396848165051547,NSE
subsequent_2016_2020,hysets_02011400,5,1,Continuous_FCM_Class_All,238,1096,0.1563646078691311,0.22957482344026892,0.06505049625574426,NSE
subsequent_2016_2020,hysets_02011460,5,1,Continuous_FCM_Class_All,147,1096,-0.03106267085800063,0.04869436852357001,0.053454187130958654,NSE
subsequent_2016_2020,hysets_02013000,3,1,Continuous_FCM_Class_All,238,1096,0.1036303220457141,0.04145225811389608,0.0618285379014547,NSE
subsequent_2016_2020,hysets_02014000,2,1,Continuous_FCM_Class_All,237,1096,0.18680943934164906,0.1832156816939735,0.0867404535591894,NSE
subsequent_2016_2020,hysets_02015700,2,1,Continuous_FCM_Class_All,237,1096,0.13401515391522834,0.10948774187365651,0.05049669060945078,NSE
subsequent_2016_2020,hysets_02016000,5,1,Continuous_FCM_Class_All,238,1096,0.14101241876107917,0.13249652718785,0.06988846366084274,NSE
subsequent_2016_2020,hysets_02017500,5,1,Continuous_FCM_Class_All,238,1096,0.15216874274809167,0.15071593477063583,0.10402331475092456,NSE
subsequent_2016_2020,hysets_02018000,3,1,Continuous_FCM_Class_All,238,1096,0.1361195776359404,0.1160871885606427,0.08920847386240766,NSE
subsequent_2016_2020,hysets_02020500,4,1,Continuous_FCM_Class_All,238,1096,0.13013533154127,0.029992974054078525,0.062385004420175166,NSE
subsequent_2016_2020,hysets_02021500,3,1,Continuous_FCM_Class_All,238,1096,0.11054335603727539,0.04249489631353942,0.0672079349942434,NSE
subsequent_2016_2020,hysets_02027000,4,0,Continuous_FCM_Class_All,133,1096,-0.20975769008539924,-0.4797957827238519,0.06406565285347311,NSE
subsequent_2016_2020,hysets_02028500,4,0,Continuous_FCM_Class_All,147,1096,-0.04290025797375918,-0.027474201999647674,0.08150049696003404,NSE
subsequent_2016_2020,hysets_02030000,4,1,Continuous_FCM_Class_All,238,1096,0.06895947237526656,0.02623163301649123,0.06726675606345496,NSE
subsequent_2016_2020,hysets_02041000,4,1,Continuous_FCM_Class_All,238,1096,-0.0351885660953597,-0.21577772205154067,0.038994485894548764,NSE
subsequent_2016_2020,hysets_02046000,4,1,Continuous_FCM_Class_All,238,1096,-0.2592477518844374,-0.14829614970998262,0.07727308267854807,NSE
subsequent_2016_2020,hysets_02212600,4,1,Continuous_FCM_Class_All,238,1096,-0.2316508389765417,-0.48736303740841747,0.0660190722122875,NSE
subsequent_2016_2020,hysets_02325000,1,1,Continuous_FCM_Class_All,237,1096,-2.074113690888287,-0.18206043502368985,0.2676764346827404,NSE
subsequent_2016_2020,hysets_02326000,3,1,Continuous_FCM_Class_All,238,1096,-1.6618204211980463,-0.3319725017132309,0.2710058754537458,NSE
subsequent_2016_2020,hysets_02327100,1,1,Continuous_FCM_Class_All,146,1096,-0.22215800139882358,-0.17669859986421987,0.14414061511241066,NSE
subsequent_2016_2020,hysets_02331600,1,1,Continuous_FCM_Class_All,171,1096,-0.06323886473175122,0.030887733214649993,0.06466536299151247,NSE
subsequent_2016_2020,hysets_02373000,5,1,Continuous_FCM_Class_All,238,1079,-0.007683483796226964,-0.12339867273051741,0.1012034370809997,NSE
subsequent_2016_2020,hysets_02374500,3,1,Continuous_FCM_Class_All,146,1096,-0.41183078829305053,-0.02343954577868068,0.05462309222922651,NSE
subsequent_2016_2020,hysets_02380500,2,1,Continuous_FCM_Class_All,171,1096,-0.26299497933428495,0.12639713392362506,0.10940517810762695,NSE
subsequent_2016_2020,hysets_02401390,4,1,Continuous_FCM_Class_All,147,1095,0.02720356432098947,-0.054441492156758864,0.09286433295223956,NSE
subsequent_2016_2020,hysets_02450250,3,1,Continuous_FCM_Class_All,146,1096,-0.007481112757167008,-0.1252660817316118,0.08440585913655606,NSE
subsequent_2016_2020,hysets_02469800,5,1,Continuous_FCM_Class_All,238,1096,0.031244847022721456,-0.1551885834877509,0.0800252502467358,NSE
subsequent_2016_2020,hysets_02479155,1,1,Continuous_FCM_Class_All,146,1095,0.024104362319681716,-0.09935526880246082,0.07275087172314708,NSE
subsequent_2016_2020,hysets_02479300,1,0,Continuous_FCM_Class_All,146,1096,0.03828336671503396,0.11537486879732073,0.09196409499290438,NSE
subsequent_2016_2020,hysets_02479560,3,1,Continuous_FCM_Class_All,146,1096,0.04075245314710596,0.012771939957185174,0.06068008948707558,NSE
subsequent_2016_2020,hysets_02AB017,5,1,Continuous_FCM_Class_All,238,731,0.1488328917569215,0.22692406763551143,0.1394458076423466,NSE
subsequent_2016_2020,hysets_02AC001,3,1,Continuous_FCM_Class_All,238,731,-0.002881509343968469,0.3647717135830688,0.1874469306355829,NSE
subsequent_2016_2020,hysets_02AD010,2,1,Continuous_FCM_Class_All,237,1096,-0.03219963901580658,0.2506394090347557,0.14000828130747073,NSE
subsequent_2016_2020,hysets_02BA003,2,1,Continuous_FCM_Class_All,133,731,-0.04480906345386737,-0.08398707898595181,0.13581066580117726,NSE
subsequent_2016_2020,hysets_02BF001,4,1,Continuous_FCM_Class_All,238,731,-0.10615862377370933,-0.043479543644492136,0.12957146562223962,NSE
subsequent_2016_2020,hysets_02BF002,1,1,Continuous_FCM_Class_All,146,731,-0.5686501753350686,-0.031063892160506867,0.15618724574520862,NSE
subsequent_2016_2020,hysets_02CB003,2,1,Continuous_FCM_Class_All,237,731,-0.23436128781768995,0.25689397156572347,0.1456811684559741,NSE
subsequent_2016_2020,hysets_02CD006,2,1,Continuous_FCM_Class_All,133,731,-0.5288438441760426,-0.416414167126423,0.2311642370278577,NSE
subsequent_2016_2020,hysets_02DD015,1,1,Continuous_FCM_Class_All,146,731,-0.09143545296363165,0.11654273887955446,0.16722252521996234,NSE
subsequent_2016_2020,hysets_02HL003,5,1,Continuous_FCM_Class_All,238,1096,0.05468408259269497,0.06775612870521786,0.10891386556479413,NSE
subsequent_2016_2020,hysets_02HL004,5,1,Continuous_FCM_Class_All,238,1096,0.06886972963995286,0.17740221342835527,0.1336767518444505,NSE
subsequent_2016_2020,hysets_02JC008,1,1,Continuous_FCM_Class_All,146,731,-1.3619413889504455,-0.2708733492487112,0.2310153751948523,NSE
subsequent_2016_2020,hysets_02YC001,1,1,Continuous_FCM_Class_All,171,731,-0.03487893534514508,-0.13122371558519696,0.18586401449982204,NSE
subsequent_2016_2020,hysets_02YD002,1,1,Continuous_FCM_Class_All,146,731,0.03692051314981093,0.08471799477983855,0.15422140712833812,NSE
subsequent_2016_2020,hysets_02YJ001,4,1,Continuous_FCM_Class_All,171,731,0.1652022780166965,0.11531358090328658,0.13591600467930412,NSE
subsequent_2016_2020,hysets_02YK002,3,1,Continuous_FCM_Class_All,171,731,0.19760248549873594,0.1281868031823431,0.1410057599203693,NSE
subsequent_2016_2020,hysets_02YK005,1,1,Continuous_FCM_Class_All,171,731,0.17627244404837228,0.15828714615283845,0.17678503481274685,NSE
subsequent_2016_2020,hysets_02YN002,5,1,Continuous_FCM_Class_All,172,731,0.10156958413836326,0.0048877632783445035,0.14796620640743588,NSE
subsequent_2016_2020,hysets_02YO006,5,1,Continuous_FCM_Class_All,172,1096,0.11827842647823428,0.03594554927762483,0.08075273940217896,NSE
subsequent_2016_2020,hysets_02YO008,2,1,Continuous_FCM_Class_All,171,1096,0.13735669580786347,0.0413408957762591,0.07250813709522654,NSE
subsequent_2016_2020,hysets_02YR001,1,1,Continuous_FCM_Class_All,171,1096,0.16893622501057715,0.27084805241877863,0.1472369128472789,NSE
subsequent_2016_2020,hysets_02YR003,4,1,Continuous_FCM_Class_All,171,1096,0.13597831474499744,0.2436366976566926,0.1611959296877443,NSE
subsequent_2016_2020,hysets_02ZB001,1,1,Continuous_FCM_Class_All,171,731,-0.042045662247874205,-0.17832997714913468,0.08216618395563667,NSE
subsequent_2016_2020,hysets_02ZC002,3,1,Continuous_FCM_Class_All,171,731,-0.0018942116568483325,-0.19313762455587669,0.10892375060628236,NSE
subsequent_2016_2020,hysets_02ZF001,3,1,Continuous_FCM_Class_All,171,1096,0.18463105978989935,0.18744670114811857,0.1290834213768745,NSE
subsequent_2016_2020,hysets_02ZG001,5,1,Continuous_FCM_Class_All,172,731,0.010263306867919764,-0.0464407333000767,0.1472398462798211,NSE
subsequent_2016_2020,hysets_02ZG003,3,1,Continuous_FCM_Class_All,171,692,-0.015029456797108542,-0.19158830551155215,0.12281858938367375,NSE
subsequent_2016_2020,hysets_02ZH001,3,1,Continuous_FCM_Class_All,171,731,0.1362106429053268,0.06345215241046753,0.1030774667001039,NSE
subsequent_2016_2020,hysets_02ZK001,2,1,Continuous_FCM_Class_All,171,731,0.0045578417356608725,-0.12226120664670681,0.13322285916069646,NSE
subsequent_2016_2020,hysets_02ZK004,2,1,Continuous_FCM_Class_All,171,731,-0.07425323285057117,-0.2550150897757226,0.156522796847186,NSE
subsequent_2016_2020,hysets_03010500,2,0,Continuous_FCM_Class_All,146,1096,-0.015510070488117034,0.27132349390526933,0.11557896199881497,NSE
subsequent_2016_2020,hysets_03010655,1,1,Continuous_FCM_Class_All,146,1096,-0.11226913895257895,0.20339493063173886,0.08800123598386374,NSE
subsequent_2016_2020,hysets_03021350,3,0,Continuous_FCM_Class_All,171,1096,0.08643998391939134,-0.027724859579475236,0.08581263728808461,NSE
subsequent_2016_2020,hysets_03028000,1,1,Continuous_FCM_Class_All,171,1096,-0.01118117401596308,0.0699467630390832,0.072861166425421,NSE
subsequent_2016_2020,hysets_03065000,1,1,Continuous_FCM_Class_All,146,1096,0.10578610724490412,0.12223708395884492,0.08696083089292779,NSE
subsequent_2016_2020,hysets_03070500,1,1,Continuous_FCM_Class_All,146,1096,0.10441923366241346,0.1573371108483833,0.09316735978664088,NSE
subsequent_2016_2020,hysets_03072000,1,1,Continuous_FCM_Class_All,146,1096,0.039706593703543125,0.08869073829953011,0.09756092689766056,NSE
subsequent_2016_2020,hysets_03110000,4,1,Continuous_FCM_Class_All,238,1096,0.05067480011608971,0.02516450263499137,0.0646774674796379,NSE
subsequent_2016_2020,hysets_03151400,5,1,Continuous_FCM_Class_All,172,1096,0.16607685145734918,0.1000871333007658,0.0721182649791889,NSE
subsequent_2016_2020,hysets_03159540,3,1,Continuous_FCM_Class_All,238,1096,-0.00029221883174002095,-0.10954006993504217,0.08931850529902502,NSE
subsequent_2016_2020,hysets_03180500,4,1,Continuous_FCM_Class_All,147,1096,0.08506465224951743,0.11686992829794418,0.07546950313374853,NSE
subsequent_2016_2020,hysets_03182500,3,1,Continuous_FCM_Class_All,146,1096,0.08293259637022443,0.17593698911806432,0.07108252180342668,NSE
subsequent_2016_2020,hysets_03186500,3,1,Continuous_FCM_Class_All,171,1096,0.12768578220550064,0.02383294728130958,0.056300086610070806,NSE
subsequent_2016_2020,hysets_03187500,2,1,Continuous_FCM_Class_All,171,1096,0.16207995610672377,0.08388644064649398,0.06953677397747225,NSE
subsequent_2016_2020,hysets_03189100,2,1,Continuous_FCM_Class_All,171,929,0.1713807810176291,0.08999823693447706,0.05979916921200654,NSE
subsequent_2016_2020,hysets_03194700,3,1,Continuous_FCM_Class_All,171,1096,0.17358009742462321,0.10021843969024813,0.08709255209555007,NSE
subsequent_2016_2020,hysets_03198500,5,0,Continuous_FCM_Class_All,147,1096,-0.0068763937122209295,0.17074420985583683,0.09848737836639525,NSE
subsequent_2016_2020,hysets_03202400,5,1,Continuous_FCM_Class_All,147,1096,-0.06564556322591608,0.09491278932114389,0.06345305643626364,NSE
subsequent_2016_2020,hysets_03202750,2,1,Continuous_FCM_Class_All,146,1096,0.05473999151845588,0.1163319261197786,0.09207975723969274,NSE
subsequent_2016_2020,hysets_03207800,1,1,Continuous_FCM_Class_All,146,1096,-0.12417944805739545,-0.028873649983772953,0.05918784522303858,NSE
subsequent_2016_2020,hysets_03208500,2,1,Continuous_FCM_Class_All,146,1096,-0.3071379376749086,-0.277184226508459,0.0622016659334839,NSE
subsequent_2016_2020,hysets_03210000,2,1,Continuous_FCM_Class_All,146,1096,-0.22789613585150503,-0.05502123533094361,0.09563681809944101,NSE
subsequent_2016_2020,hysets_03217000,3,1,Continuous_FCM_Class_All,238,1096,0.009707715040317977,-0.053251353857460826,0.07462811662030162,NSE
subsequent_2016_2020,hysets_03280700,2,1,Continuous_FCM_Class_All,146,1096,-0.1110501719125736,-0.14278506035844973,0.05936460887819115,NSE
subsequent_2016_2020,hysets_03460000,4,1,Continuous_FCM_Class_All,171,1096,0.03939830887468332,0.14448243489552082,0.07825369165044374,NSE
subsequent_2016_2020,hysets_03497300,4,1,Continuous_FCM_Class_All,171,1094,0.15812819533428224,0.12747797430373276,0.07103429858045136,NSE
subsequent_2016_2020,hysets_03512000,3,1,Continuous_FCM_Class_All,171,1096,0.18794452296365616,0.1927909696753014,0.07030806249781192,NSE
subsequent_2016_2020,hysets_03574500,4,1,Continuous_FCM_Class_All,147,1096,0.07823922738460776,0.028596741939575954,0.08980286948657468,NSE
subsequent_2016_2020,hysets_04015330,4,1,Continuous_FCM_Class_All,238,1096,0.00506681001494369,-0.05581082027527828,0.09140558688560235,NSE
subsequent_2016_2020,hysets_04024430,2,1,Continuous_FCM_Class_All,237,1096,-0.0729329705088142,-0.1060913439132325,0.058083734415557274,NSE
subsequent_2016_2020,hysets_04025500,2,1,Continuous_FCM_Class_All,237,1096,-1.5743149885583456,0.09360155535879011,0.1384618134760216,NSE
subsequent_2016_2020,hysets_04057510,2,1,Continuous_FCM_Class_All,237,1096,-0.5809248949698482,0.17394472216146728,0.20603055019933464,NSE
subsequent_2016_2020,hysets_04063700,5,1,Continuous_FCM_Class_All,133,1096,-0.42810348679017496,-0.26135456389664635,0.20133889202456562,NSE
subsequent_2016_2020,hysets_04256000,4,1,Continuous_FCM_Class_All,171,1096,0.2183856736972959,0.1927696025464236,0.10246571537805423,NSE
subsequent_2016_2020,hysets_04262500,1,1,Continuous_FCM_Class_All,171,1096,0.12512028412796716,0.14236362737210595,0.1125124038264012,NSE
subsequent_2016_2020,hysets_04269000,4,1,Continuous_FCM_Class_All,171,1096,-0.16232621383261026,0.1475755855155806,0.14657361403383987,NSE
subsequent_2016_2020,hysets_04287000,4,0,Continuous_FCM_Class_All,171,1096,0.06319978196827702,0.02108763389948698,0.08491845624253438,NSE
subsequent_2016_2020,hysets_04296000,5,1,Continuous_FCM_Class_All,147,1096,0.15187939695162522,0.32780854307455976,0.12928605182316819,NSE
subsequent_2016_2020,hysets_05AA008,2,1,Continuous_FCM_Class_All,237,1096,0.27947576961942144,0.429000480776737,0.14737725674569785,NSE
subsequent_2016_2020,hysets_05BG006,2,0,Continuous_FCM_Class_All,133,1096,-0.006118245892435814,-0.03817764104149313,0.0637423480742665,NSE
subsequent_2016_2020,hysets_05DA009,1,0,Continuous_FCM_Class_All,146,366,-0.29343549991127826,-0.3023558472513719,0.3192000888361057,NSE
subsequent_2016_2020,hysets_05DC006,1,1,Continuous_FCM_Class_All,237,1096,-1.3833388565888423,-0.08983581255875306,0.20912876895440893,NSE
subsequent_2016_2020,hysets_05QE008,5,1,Continuous_FCM_Class_All,133,366,-5.246874219243432,-0.2620080543829195,0.643802294610068,NSE
subsequent_2016_2020,hysets_05QE009,3,1,Continuous_FCM_Class_All,133,731,-0.12412594306101044,0.05018278533001186,0.1869233176901343,NSE
subsequent_2016_2020,hysets_05QE012,4,1,Continuous_FCM_Class_All,133,731,-0.2980401550311349,-0.02519620261513955,0.28051543097035775,NSE
subsequent_2016_2020,hysets_05TG002,4,1,Continuous_FCM_Class_All,238,731,-0.3655806546538547,-0.15548385572081935,0.2063075896736244,NSE
subsequent_2016_2020,hysets_05UF004,2,1,Continuous_FCM_Class_All,133,731,-0.06028496953562046,-0.30942926472865984,0.2050604863094562,NSE
subsequent_2016_2020,hysets_06019500,5,1,Continuous_FCM_Class_All,238,1096,-15.968040004444966,-2.3709324897817976,0.658196995851586,NSE
subsequent_2016_2020,hysets_06191000,2,1,Continuous_FCM_Class_All,237,1096,0.20566545337841335,0.4272399667345541,0.1683567443428951,NSE
subsequent_2016_2020,hysets_06200000,1,1,Continuous_FCM_Class_All,237,1096,0.20562082896055134,0.24687308992352563,0.15241647728848554,NSE
subsequent_2016_2020,hysets_06224000,3,1,Continuous_FCM_Class_All,238,1096,0.10116563500303533,0.006588737808966516,0.13094526936245293,NSE
subsequent_2016_2020,hysets_06289000,1,1,Continuous_FCM_Class_All,237,1096,-0.517493524620322,0.1621655079049359,0.14054714144310881,NSE
subsequent_2016_2020,hysets_06309200,4,1,Continuous_FCM_Class_All,133,1096,0.1022191125806059,-0.036430702660243286,0.106435078560685,NSE
subsequent_2016_2020,hysets_06332515,2,1,Continuous_FCM_Class_All,133,1096,-8.361194394974163,-9.538899373767201,0.2028966235006911,NSE
subsequent_2016_2020,hysets_06339100,1,0,Continuous_FCM_Class_All,60,1096,-0.905937369240543,-0.3475706855911955,0.09472468664568488,NSE
subsequent_2016_2020,hysets_06344600,1,0,Continuous_FCM_Class_All,60,1096,-0.9962035160248588,-0.9745964259110445,0.07246754696934106,NSE
subsequent_2016_2020,hysets_06400875,3,1,Continuous_FCM_Class_All,133,1096,-20.589541477430082,-39.57830497636111,0.18147553519555512,NSE
subsequent_2016_2020,hysets_06404000,3,1,Continuous_FCM_Class_All,133,1096,-1.194044335594635,-1.5412774531375408,0.07584106331680052,NSE
subsequent_2016_2020,hysets_06406000,4,1,Continuous_FCM_Class_All,133,1096,-13.399605204801277,-2.6024065092542057,0.21072580771962704,NSE
subsequent_2016_2020,hysets_06409000,1,1,Continuous_FCM_Class_All,132,1096,-76.37773391104116,-3.8438547948362984,1.0788393092643218,NSE
subsequent_2016_2020,hysets_06422500,2,1,Continuous_FCM_Class_All,133,1096,-8.895406581288213,-1.7632932827726595,0.2575062808620663,NSE
subsequent_2016_2020,hysets_06623800,5,1,Continuous_FCM_Class_All,238,1096,0.2235250169555727,0.1481144592652942,0.13673797181349118,NSE
subsequent_2016_2020,hysets_06712000,1,1,Continuous_FCM_Class_All,132,1096,-99.66675921958536,-9.650458611596491,1.0722557480494845,NSE
subsequent_2016_2020,hysets_06719505,3,1,Continuous_FCM_Class_All,238,1096,-2.321724347285024,-0.9760593385486556,0.2800557169662847,NSE
subsequent_2016_2020,hysets_06876700,2,1,Continuous_FCM_Class_All,133,1096,0.009649765002466282,-0.21259698496558732,0.10298920955213786,NSE
subsequent_2016_2020,hysets_06FD002,4,1,Continuous_FCM_Class_All,238,731,0.0845359824944587,-0.023631560925072348,0.09211361882367514,NSE
subsequent_2016_2020,hysets_07060710,1,1,Continuous_FCM_Class_All,146,1095,-1.5639182055372558,-2.0930562387525637,0.08582782418787407,NSE
subsequent_2016_2020,hysets_07124200,2,1,Continuous_FCM_Class_All,133,1096,-2.4572418981042086,-1.4169852725091237,0.13042362304171276,NSE
subsequent_2016_2020,hysets_07203000,3,1,Continuous_FCM_Class_All,133,1096,-26.25144262354909,-6.944097836470296,0.35400553521189626,NSE
subsequent_2016_2020,hysets_07207500,3,1,Continuous_FCM_Class_All,133,1096,-8.306909632012715,-6.463710092752975,0.19553164282675167,NSE
subsequent_2016_2020,hysets_07208500,5,1,Continuous_FCM_Class_All,133,1091,-1.6741836158538064,-0.8067101831756718,0.14739175395106502,NSE
subsequent_2016_2020,hysets_07291000,1,1,Continuous_FCM_Class_All,237,1093,0.02601930943859332,-0.1875657105498092,0.05682822729019607,NSE
subsequent_2016_2020,hysets_07299670,1,1,Continuous_FCM_Class_All,132,1096,-1.3238078460030995,-3.585611350307623,0.07861443819957234,NSE
subsequent_2016_2020,hysets_07315200,3,1,Continuous_FCM_Class_All,60,1096,0.09111586617909828,-0.100849268865018,0.057472629555461716,NSE
subsequent_2016_2020,hysets_07335700,1,1,Continuous_FCM_Class_All,146,1096,0.049841127075898606,-0.101180952077913,0.06099187064517449,NSE
subsequent_2016_2020,hysets_07337900,3,1,Continuous_FCM_Class_All,146,1096,-0.017319858288107115,-0.2769251119215086,0.058609287242826075,NSE
subsequent_2016_2020,hysets_07340300,4,1,Continuous_FCM_Class_All,147,1096,0.06581405067025736,-0.09079704290225021,0.06944789385308825,NSE
subsequent_2016_2020,hysets_07352000,5,1,Continuous_FCM_Class_All,238,1096,0.04982983675962005,-0.1354571893563108,0.04079416617700321,NSE
subsequent_2016_2020,hysets_07361500,3,1,Continuous_FCM_Class_All,146,1089,0.01951982809593822,-0.21479258551914304,0.05728934500512728,NSE
subsequent_2016_2020,hysets_07362100,3,1,Continuous_FCM_Class_All,238,1096,0.09611614720430528,-0.006414088455122924,0.05994088934168662,NSE
subsequent_2016_2020,hysets_07373000,1,1,Continuous_FCM_Class_All,237,1096,0.045859375303345606,-0.10374696452517695,0.06759117888232868,NSE
subsequent_2016_2020,hysets_07376000,1,1,Continuous_FCM_Class_All,237,1096,0.006671971355077022,-0.2436732006839506,0.04828435690715392,NSE
subsequent_2016_2020,hysets_07377000,3,0,Continuous_FCM_Class_All,238,1096,0.004597960787937838,-0.23851665676566958,0.04790135277850904,NSE
subsequent_2016_2020,hysets_07BJ001,5,1,Continuous_FCM_Class_All,238,366,-0.12576593979866457,-0.02000886547375913,0.17932792745192597,NSE
subsequent_2016_2020,hysets_07MA003,4,1,Continuous_FCM_Class_All,238,731,-25.91892574741777,-2.335258022633255,0.7797676465466874,NSE
subsequent_2016_2020,hysets_07SB013,5,0,Continuous_FCM_Class_All,238,366,-238544.03502377062,-1549.94172121908,123.2115154711547,NSE
subsequent_2016_2020,hysets_08013000,3,1,Continuous_FCM_Class_All,238,1096,0.03509138588073146,-0.19032230980539477,0.0668020367290665,NSE
subsequent_2016_2020,hysets_08013500,4,1,Continuous_FCM_Class_All,238,1096,0.04322915672638805,-0.13099957357136338,0.08377636128341542,NSE
subsequent_2016_2020,hysets_08014500,1,1,Continuous_FCM_Class_All,237,1096,0.07600904484553084,-0.03269737449314247,0.07337914499835037,NSE
subsequent_2016_2020,hysets_08025500,4,1,Continuous_FCM_Class_All,238,1094,0.03491422582284154,-0.21221714301078554,0.040368025779404966,NSE
subsequent_2016_2020,hysets_08029500,5,1,Continuous_FCM_Class_All,238,1096,0.03169532909113337,-0.2144314092984243,0.03578864157878326,NSE
subsequent_2016_2020,hysets_08065800,1,1,Continuous_FCM_Class_All,237,1096,0.03282030855045104,-0.18474988585519525,0.06886530157658007,NSE
subsequent_2016_2020,hysets_08066200,2,1,Continuous_FCM_Class_All,237,1096,0.040289870090262414,-0.17197934325657527,0.060879037038585236,NSE
subsequent_2016_2020,hysets_08068720,1,1,Continuous_FCM_Class_All,237,1096,0.05687724701317631,-0.15937717992539113,0.04864300619158354,NSE
subsequent_2016_2020,hysets_08070000,4,1,Continuous_FCM_Class_All,238,1095,0.01805911258454307,-0.25891605328562006,0.037084716978848936,NSE
subsequent_2016_2020,hysets_08082700,4,1,Continuous_FCM_Class_All,60,1096,-0.02859280087019256,-0.07102529727485862,0.0756947384522888,NSE
subsequent_2016_2020,hysets_08084800,3,1,Continuous_FCM_Class_All,60,1096,0.03209645457718824,0.14476197810038183,0.09685518828921584,NSE
subsequent_2016_2020,hysets_08086212,5,1,Continuous_FCM_Class_All,60,1096,0.08892048255507001,0.06295687252612192,0.04839871932717844,NSE
subsequent_2016_2020,hysets_08150800,3,1,Continuous_FCM_Class_All,133,1096,0.012204727316183717,-1.183800695332224,0.03028930941335669,NSE
subsequent_2016_2020,hysets_08164300,2,1,Continuous_FCM_Class_All,237,1096,-0.001416906748453739,-0.6163996871895998,0.03740270176349966,NSE
subsequent_2016_2020,hysets_08165300,1,1,Continuous_FCM_Class_All,132,1096,0.05369678042496018,-0.644689783306863,0.03146957634989551,NSE
subsequent_2016_2020,hysets_08165500,3,1,Continuous_FCM_Class_All,133,1096,0.026603777891187286,-0.44271671694829373,0.031010525641899843,NSE
subsequent_2016_2020,hysets_08171000,5,1,Continuous_FCM_Class_All,60,1096,-0.6315228703002065,0.24971417709054367,0.07965455379821146,NSE
subsequent_2016_2020,hysets_08175000,5,1,Continuous_FCM_Class_All,238,1096,-0.375548822265956,-2.6620571984990384,0.051062067769661414,NSE
subsequent_2016_2020,hysets_08176900,1,0,Continuous_FCM_Class_All,237,1096,-4.0727638942270525,-10.100192261932605,0.12999623667562482,NSE
subsequent_2016_2020,hysets_08178880,4,1,Continuous_FCM_Class_All,133,1096,0.06532424419439586,-0.09472205899692199,0.04249306967175397,NSE
subsequent_2016_2020,hysets_08189500,2,0,Continuous_FCM_Class_All,237,1095,-2.612718820920179,-4.949394884817969,0.1188888448528311,NSE
subsequent_2016_2020,hysets_08194200,5,1,Continuous_FCM_Class_All,60,884,-0.5774409580823168,-1.4074898323773408,0.05167646765705917,NSE
subsequent_2016_2020,hysets_08195000,2,1,Continuous_FCM_Class_All,133,1096,0.11721370866831993,-0.0076357489335381334,0.04798497837085873,NSE
subsequent_2016_2020,hysets_08198000,5,1,Continuous_FCM_Class_All,238,1096,-1.9669669173180373,-1.747778969026963,0.135927760232505,NSE
subsequent_2016_2020,hysets_08198500,1,1,Continuous_FCM_Class_All,132,1096,-0.265152548708919,-1.677004710102033,0.08342243803805027,NSE
subsequent_2016_2020,hysets_08201500,1,0,Continuous_FCM_Class_All,132,1096,0.06595655959709057,-0.09328621996596231,0.0463086454326735,NSE
subsequent_2016_2020,hysets_08202700,3,0,Continuous_FCM_Class_All,60,1096,-3.932184932424615,-11.4326651767224,0.07751463549515637,NSE
subsequent_2016_2020,hysets_08247500,2,1,Continuous_FCM_Class_All,237,1096,-7.732292286629161,-5.458707542400988,0.38967720640253195,NSE
subsequent_2016_2020,hysets_08269000,3,1,Continuous_FCM_Class_All,133,1096,0.18913898983693822,0.11768792212059875,0.11722058566427201,NSE
subsequent_2016_2020,hysets_08279000,2,1,Continuous_FCM_Class_All,133,1096,-1.5434983227106187,-0.6567606053682682,0.24160200658678152,NSE
subsequent_2016_2020,hysets_08284100,1,1,Continuous_FCM_Class_All,237,1096,0.14331003725903446,-0.05154998784597509,0.13547579664310558,NSE
subsequent_2016_2020,hysets_08289000,3,1,Continuous_FCM_Class_All,133,1004,-1.6879950496713518,-1.8927143894038623,0.19486492814779094,NSE
subsequent_2016_2020,hysets_08291000,2,1,Continuous_FCM_Class_All,133,1085,-0.34261288568488824,0.16431328360869069,0.20687551086453537,NSE
subsequent_2016_2020,hysets_08324000,4,1,Continuous_FCM_Class_All,133,1096,-9.180943716209912,-2.6825989092325475,0.5717397185647234,NSE
subsequent_2016_2020,hysets_08334000,4,1,Continuous_FCM_Class_All,133,1096,-113.3793952159634,-24.544188233860844,1.0604503189162795,NSE
subsequent_2016_2020,hysets_08378500,5,1,Continuous_FCM_Class_All,133,1096,0.11393078907928789,0.14504815912551616,0.1699224604234218,NSE
subsequent_2016_2020,hysets_08401200,4,1,Continuous_FCM_Class_All,60,1096,-1702.2016638761427,-412.75939611063933,1.308402990163434,NSE
subsequent_2016_2020,hysets_08401900,5,1,Continuous_FCM_Class_All,60,1096,-58.75941597578518,-61.87758006282009,0.29028992541641757,NSE
subsequent_2016_2020,hysets_08405150,5,1,Continuous_FCM_Class_All,60,1096,-247.51043692725452,-158.82113344906082,0.48081627396204346,NSE
subsequent_2016_2020,hysets_08405500,3,1,Continuous_FCM_Class_All,60,1096,-388.3567960658219,-17.53080966199442,0.6984670292247354,NSE
subsequent_2016_2020,hysets_08AA008,1,1,Continuous_FCM_Class_All,237,731,-13.513090680825337,-1.9360362337451855,0.8564391638325058,NSE
subsequent_2016_2020,hysets_08AA009,4,1,Continuous_FCM_Class_All,238,731,-10.874628411694438,-2.5313839354969994,0.6005238945714715,NSE
subsequent_2016_2020,hysets_08AC001,2,1,Continuous_FCM_Class_All,237,731,-0.5606376434797837,0.16083453273708037,0.1699262647727252,NSE
subsequent_2016_2020,hysets_08EB004,5,1,Continuous_FCM_Class_All,172,731,-0.324203868595095,-0.08072423620417579,0.16424976213851392,NSE
subsequent_2016_2020,hysets_08ED001,4,1,Continuous_FCM_Class_All,171,1096,-0.1119556010798255,-0.26139282723418034,0.10137471740190361,NSE
subsequent_2016_2020,hysets_08ED002,2,0,Continuous_FCM_Class_All,146,1096,-0.4617470135647206,-0.29621940316842266,0.26786504520281695,NSE
subsequent_2016_2020,hysets_08EE008,2,1,Continuous_FCM_Class_All,146,656,-0.5536010272849674,-0.07388229737608887,0.1723598556182734,NSE
subsequent_2016_2020,hysets_08EE013,4,1,Continuous_FCM_Class_All,238,365,0.2520299827642811,0.2180058055517562,0.14889299342544499,NSE
subsequent_2016_2020,hysets_08EE020,3,1,Continuous_FCM_Class_All,146,731,-0.1329580217434383,-0.14288879620453776,0.11056160795029282,NSE
subsequent_2016_2020,hysets_08EG012,5,1,Continuous_FCM_Class_All,66,731,-0.25067925243617917,-0.24020436703684211,0.09668141386266846,NSE
subsequent_2016_2020,hysets_08FE003,2,1,Continuous_FCM_Class_All,65,731,-0.21549720813282236,-0.11363422265007062,0.06219381685003349,NSE
subsequent_2016_2020,hysets_08FF001,3,1,Continuous_FCM_Class_All,66,731,-0.37492948222308287,0.16777515834578416,0.08487890706415413,NSE
subsequent_2016_2020,hysets_08FF002,3,1,Continuous_FCM_Class_All,66,366,-0.8665235091778216,-0.08777181015450619,0.1195032711473887,NSE
subsequent_2016_2020,hysets_08FF003,4,1,Continuous_FCM_Class_All,66,731,0.029880914122927815,0.13808849617192331,0.0830889963519626,NSE
subsequent_2016_2020,hysets_08GA071,2,1,Continuous_FCM_Class_All,65,731,-0.1765868035123439,0.0568859743586968,0.10744426395814757,NSE
subsequent_2016_2020,hysets_08GA072,5,0,Continuous_FCM_Class_All,66,366,-1.0905948525587696,-0.00487044092319322,0.258946237227904,NSE
subsequent_2016_2020,hysets_08HA001,5,1,Continuous_FCM_Class_All,66,1096,0.5695087372733791,0.3911733244131955,0.06561097153271299,NSE
subsequent_2016_2020,hysets_08HA010,1,1,Continuous_FCM_Class_All,65,1096,0.5034796099674752,0.36352493257501917,0.07530174997120995,NSE
subsequent_2016_2020,hysets_08HB014,2,1,Continuous_FCM_Class_All,65,1096,0.2281876634640445,0.09063344156896935,0.10164995079097987,NSE
subsequent_2016_2020,hysets_08HB074,5,1,Continuous_FCM_Class_All,66,1096,0.4350547485841848,0.4172815795756897,0.06776332646678336,NSE
subsequent_2016_2020,hysets_08HD011,2,1,Continuous_FCM_Class_All,65,731,0.4195703041395752,0.33634615823763025,0.07645325688516882,NSE
subsequent_2016_2020,hysets_08HD015,4,1,Continuous_FCM_Class_All,66,731,0.4308686443520453,0.32383945803634895,0.07816468325598154,NSE
subsequent_2016_2020,hysets_08HF004,3,1,Continuous_FCM_Class_All,66,731,0.3111867963719682,0.25442026458594014,0.05286409571537496,NSE
subsequent_2016_2020,hysets_08JD006,4,1,Continuous_FCM_Class_All,147,1096,-0.0930105579399525,-0.03132029171845874,0.11574022853858854,NSE
subsequent_2016_2020,hysets_08KA007,5,1,Continuous_FCM_Class_All,147,366,-0.15554475625825304,0.010739394954225823,0.22155629629419285,NSE
subsequent_2016_2020,hysets_08KH010,1,1,Continuous_FCM_Class_All,146,366,0.012145454555956059,0.13483509049100384,0.20177614257975549,NSE
subsequent_2016_2020,hysets_08KH019,5,1,Continuous_FCM_Class_All,238,1096,-0.7607194235110339,-0.22253256875771288,0.2077332825025579,NSE
subsequent_2016_2020,hysets_08LB038,2,1,Continuous_FCM_Class_All,146,366,-0.0990566380400777,-0.09609687426944724,0.23324497326050025,NSE
subsequent_2016_2020,hysets_08LB069,3,1,Continuous_FCM_Class_All,238,366,0.07019427680798473,0.0060579968278688945,0.20035266680054298,NSE
subsequent_2016_2020,hysets_08LB076,3,1,Continuous_FCM_Class_All,238,366,-0.011587660033113067,-0.04943003821216352,0.18645053195538494,NSE
subsequent_2016_2020,hysets_08LE024,5,0,Continuous_FCM_Class_All,147,731,0.06984957857259355,0.07933399530617624,0.17235367977979713,NSE
subsequent_2016_2020,hysets_08LE027,3,0,Continuous_FCM_Class_All,146,731,0.0499609334949116,0.04046764585697493,0.17129726524001027,NSE
subsequent_2016_2020,hysets_08LG048,5,0,Continuous_FCM_Class_All,238,366,0.0845492932000359,0.04208027044897933,0.15449940006362647,NSE
subsequent_2016_2020,hysets_08MA003,4,1,Continuous_FCM_Class_All,147,366,-0.16118318198824144,-0.06674136307843126,0.34945279844725463,NSE
subsequent_2016_2020,hysets_08ME023,1,0,Continuous_FCM_Class_All,146,1096,-0.46259999905018545,-0.733633454116525,0.32243497546374156,NSE
subsequent_2016_2020,hysets_08ME025,4,1,Continuous_FCM_Class_All,238,1096,-0.8936952657734463,0.16407193416192212,0.22956632325859871,NSE
subsequent_2016_2020,hysets_08MH016,5,1,Continuous_FCM_Class_All,66,731,-0.28881050821132837,0.4043968928339301,0.17235342030184456,NSE
subsequent_2016_2020,hysets_08MH056,3,1,Continuous_FCM_Class_All,66,731,0.6086103385202559,0.6527849299855351,0.05758914459990785,NSE
subsequent_2016_2020,hysets_08MH103,2,1,Continuous_FCM_Class_All,65,731,-0.590021120259139,0.31467237630457245,0.15980801111598555,NSE
subsequent_2016_2020,hysets_08MH147,4,1,Continuous_FCM_Class_All,66,366,0.09163780079386452,0.16905381654142648,0.10859492906105081,NSE
subsequent_2016_2020,hysets_08NA006,5,1,Continuous_FCM_Class_All,147,731,-0.17150719584600038,0.0775690936573511,0.1858970298839584,NSE
subsequent_2016_2020,hysets_08NB012,3,1,Continuous_FCM_Class_All,146,731,-0.056117380032789654,0.024054473248644626,0.16150344716776976,NSE
subsequent_2016_2020,hysets_08NB014,5,1,Continuous_FCM_Class_All,147,731,-0.11032397716514541,-0.17548069332834637,0.20358377055949697,NSE
subsequent_2016_2020,hysets_08ND012,4,1,Continuous_FCM_Class_All,147,1096,-0.13933199374984895,-0.14523232908292205,0.20013097586127168,NSE
subsequent_2016_2020,hysets_08ND013,4,1,Continuous_FCM_Class_All,147,731,0.013981156360555969,-0.007824066472547742,0.1552515096583105,NSE
subsequent_2016_2020,hysets_08NE039,3,1,Continuous_FCM_Class_All,238,731,0.18805306781775932,0.1053399397327931,0.11008244459282125,NSE
subsequent_2016_2020,hysets_08NE074,4,1,Continuous_FCM_Class_All,238,1096,0.06445696218241459,-0.03623752342679576,0.14445429326323123,NSE
subsequent_2016_2020,hysets_08NF001,5,1,Continuous_FCM_Class_All,238,731,0.2897594788342672,0.38509344958156244,0.14379237289822472,NSE
subsequent_2016_2020,hysets_08NG076,3,1,Continuous_FCM_Class_All,238,731,0.48603958295809657,0.4821755412864155,0.09769198095052604,NSE
subsequent_2016_2020,hysets_08NG077,2,1,Continuous_FCM_Class_All,146,731,0.123799771625268,0.05056291367801502,0.15207781636618314,NSE
subsequent_2016_2020,hysets_08NH005,1,1,Continuous_FCM_Class_All,146,731,0.17888267729865015,0.15724996222582333,0.15839264365703207,NSE
subsequent_2016_2020,hysets_08NH006,4,1,Continuous_FCM_Class_All,238,731,0.23277707822585825,0.1793298596697115,0.13954179479181966,NSE
subsequent_2016_2020,hysets_08NH120,1,1,Continuous_FCM_Class_All,237,366,-0.07146989793074798,-0.18713619594044917,0.22927144923361029,NSE
subsequent_2016_2020,hysets_08NH130,3,1,Continuous_FCM_Class_All,146,665,-0.025818544878960514,-0.10233466105111266,0.1837228561524646,NSE
subsequent_2016_2020,hysets_08NJ160,5,1,Continuous_FCM_Class_All,147,731,0.197472764657303,0.16803376324470576,0.13312883766155947,NSE
subsequent_2016_2020,hysets_08NK016,4,1,Continuous_FCM_Class_All,238,731,0.41638654051714896,0.49038418923667204,0.12866445311915406,NSE
subsequent_2016_2020,hysets_08NK018,2,1,Continuous_FCM_Class_All,237,731,0.2991765974646383,0.502829811676512,0.14426122598920132,NSE
subsequent_2016_2020,hysets_08NK022,4,1,Continuous_FCM_Class_All,238,731,0.4149435479688466,0.4324080203646403,0.13731950982081564,NSE
subsequent_2016_2020,hysets_08NL004,1,1,Continuous_FCM_Class_All,237,731,0.031845515119512835,0.014251079432948455,0.13021824799934312,NSE
subsequent_2016_2020,hysets_08NL024,5,1,Continuous_FCM_Class_All,238,366,0.25416025509161855,0.2767692968030726,0.1398270518487383,NSE
subsequent_2016_2020,hysets_08NL050,5,1,Continuous_FCM_Class_All,238,366,-0.2231675267128459,-0.043956322179372176,0.1614619079248037,NSE
subsequent_2016_2020,hysets_08NL071,4,1,Continuous_FCM_Class_All,147,366,0.23140445930003417,0.19171645701211282,0.13838977102087938,NSE
subsequent_2016_2020,hysets_08NN019,3,1,Continuous_FCM_Class_All,238,366,0.18385406451907682,0.2074854303960243,0.1536621095962431,NSE
subsequent_2016_2020,hysets_08OA002,2,1,Continuous_FCM_Class_All,171,731,-0.22181298579347253,-0.43399216554868936,0.10827547693028723,NSE
subsequent_2016_2020,hysets_09059500,4,1,Continuous_FCM_Class_All,238,1096,0.2740332690589533,0.221494171575628,0.14677439715400786,NSE
subsequent_2016_2020,hysets_09165000,3,1,Continuous_FCM_Class_All,238,1096,0.33069766730168304,0.3093503356160642,0.13882236431913275,NSE
subsequent_2016_2020,hysets_09196500,1,1,Continuous_FCM_Class_All,237,1096,0.013516800557406117,-0.15017823434537036,0.1637012745121608,NSE
subsequent_2016_2020,hysets_09223000,3,1,Continuous_FCM_Class_All,238,1096,0.40608530321215053,0.3336944377411465,0.13000505550937488,NSE
subsequent_2016_2020,hysets_09253000,5,1,Continuous_FCM_Class_All,238,1096,0.27485592820910065,0.2182399816287146,0.15473752073724178,NSE
subsequent_2016_2020,hysets_09255000,2,1,Continuous_FCM_Class_All,237,1050,-0.5992658331930769,-0.6010303389882743,0.1579016174660788,NSE
subsequent_2016_2020,hysets_09266500,2,1,Continuous_FCM_Class_All,237,1096,0.12235806453662956,0.23827022499070827,0.15290945263384353,NSE
subsequent_2016_2020,hysets_09289500,1,1,Continuous_FCM_Class_All,237,1096,0.30283303678589635,0.2664080069966711,0.13359105369769772,NSE
subsequent_2016_2020,hysets_09292500,5,1,Continuous_FCM_Class_All,238,1096,0.205599795293967,0.3551500967360194,0.1361531156941942,NSE
subsequent_2016_2020,hysets_09299500,1,1,Continuous_FCM_Class_All,237,1096,0.05868496708549531,0.33767652674693316,0.1326598461078021,NSE
subsequent_2016_2020,hysets_09304200,2,1,Continuous_FCM_Class_All,237,1096,-1.0416160492082942,0.006906004896111373,0.26158918969048844,NSE
subsequent_2016_2020,hysets_09304500,1,1,Continuous_FCM_Class_All,237,1096,-1.991023888960762,-0.27967150206231683,0.3093301604378169,NSE
subsequent_2016_2020,hysets_09306222,4,1,Continuous_FCM_Class_All,133,1096,-637.0947748608058,-20.74555876145006,4.821627647821601,NSE
subsequent_2016_2020,hysets_09310500,3,1,Continuous_FCM_Class_All,238,1096,0.03235612049786207,-0.3003095503589672,0.12632587556915434,NSE
subsequent_2016_2020,hysets_09312600,4,1,Continuous_FCM_Class_All,238,1096,-3.600005203717963,-3.236812100094168,0.28518319778433554,NSE
subsequent_2016_2020,hysets_09337000,3,1,Continuous_FCM_Class_All,133,1096,-135.33015666042851,-7.639125860289534,0.9586953667915081,NSE
subsequent_2016_2020,hysets_09342500,5,1,Continuous_FCM_Class_All,238,1096,0.39163599817981154,0.400466782095629,0.15684776135496395,NSE
subsequent_2016_2020,hysets_09352900,3,1,Continuous_FCM_Class_All,238,1096,0.26885725728254306,0.22706746385677024,0.1304086981458022,NSE
subsequent_2016_2020,hysets_09386900,1,1,Continuous_FCM_Class_All,60,1096,-51.69187715508328,-12.798098519041293,0.4627453685191043,NSE
subsequent_2016_2020,hysets_09403600,3,1,Continuous_FCM_Class_All,133,1096,-26.376944437865944,-7.389342313175044,0.4700646269539266,NSE
subsequent_2016_2020,hysets_09404450,5,1,Continuous_FCM_Class_All,133,1095,-3.249454118078827,-0.534023432449872,0.17615248905448502,NSE
subsequent_2016_2020,hysets_09405500,4,1,Continuous_FCM_Class_All,133,1096,-0.5632139077689251,0.01357354543489575,0.16169812690427704,NSE
subsequent_2016_2020,hysets_09430600,5,0,Continuous_FCM_Class_All,133,1096,-0.008376646530364962,-0.33930316045646136,0.03710427290554003,NSE
subsequent_2016_2020,hysets_09442680,3,1,Continuous_FCM_Class_All,133,885,-56.25948429900024,-13.07360101513639,0.7378805412837814,NSE
subsequent_2016_2020,hysets_09447000,5,1,Continuous_FCM_Class_All,133,1096,-70.38827195433701,-5.759472366939847,0.5383767572541586,NSE
subsequent_2016_2020,hysets_09447800,5,1,Continuous_FCM_Class_All,133,1096,-245.87405163047865,-38.307949781513145,0.9762848700660511,NSE
subsequent_2016_2020,hysets_09473000,3,1,Continuous_FCM_Class_All,133,1096,-22.70403095670085,-13.947614895560033,0.2414092255920105,NSE
subsequent_2016_2020,hysets_09494000,5,1,Continuous_FCM_Class_All,133,1096,-3.3146048602519267,-1.2054821323844522,0.2672062910058278,NSE
subsequent_2016_2020,hysets_09496500,2,1,Continuous_FCM_Class_All,133,1096,-32.412460001753225,-14.854034372983298,0.3682913378877767,NSE
subsequent_2016_2020,hysets_09497800,2,1,Continuous_FCM_Class_All,133,1096,-12.709527200933302,-4.027768104259918,0.28010936019109883,NSE
subsequent_2016_2020,hysets_09497980,4,1,Continuous_FCM_Class_All,133,1096,-0.5586877179154159,-1.9055725190660069,0.07374881876290246,NSE
subsequent_2016_2020,hysets_09499000,2,0,Continuous_FCM_Class_All,133,1096,-0.4027323618148071,-1.8744519348874689,0.05458107637116806,NSE
subsequent_2016_2020,hysets_09504420,2,1,Continuous_FCM_Class_All,133,1096,-0.12168861327238334,-0.3054840695977732,0.07148669317492927,NSE
subsequent_2016_2020,hysets_09505800,1,1,Continuous_FCM_Class_All,132,1096,-0.8082740890415734,-1.4173253979220801,0.08251836082212001,NSE
subsequent_2016_2020,hysets_09510200,1,1,Continuous_FCM_Class_All,60,1096,-0.28484647211640923,-1.226782360608547,0.040804034023376276,NSE
subsequent_2016_2020,hysets_09512280,5,1,Continuous_FCM_Class_All,60,1096,-2.537154545880005,-6.868941303333592,0.07809088282535043,NSE
subsequent_2016_2020,hysets_09513780,3,1,Continuous_FCM_Class_All,60,1096,-0.31273968198250035,-0.8605032005728825,0.04954318696246586,NSE
subsequent_2016_2020,hysets_09AA012,5,1,Continuous_FCM_Class_All,238,731,-1.1240812739941255,-0.052049114831851595,0.1559326590984368,NSE
subsequent_2016_2020,hysets_09AA013,2,1,Continuous_FCM_Class_All,146,366,-3.293338796523332,-0.5216180300878739,0.6280757611123522,NSE
subsequent_2016_2020,hysets_09AH003,1,1,Continuous_FCM_Class_All,132,731,0.03601733426715714,0.035913460055879365,0.1032638098993544,NSE
subsequent_2016_2020,hysets_09CA004,1,1,Continuous_FCM_Class_All,237,731,-0.8289753514972835,-0.14367529999278972,0.23876163006000073,NSE
subsequent_2016_2020,hysets_09EA004,2,1,Continuous_FCM_Class_All,237,366,-0.14323495190338886,-0.0153566117044599,0.2378328498200818,NSE
subsequent_2016_2020,hysets_10011500,2,1,Continuous_FCM_Class_All,237,1096,0.3270795863270384,0.3113895934023647,0.13944255098980932,NSE
subsequent_2016_2020,hysets_10032000,3,1,Continuous_FCM_Class_All,238,1096,0.42175616330362353,0.42748768424232075,0.1276121393439694,NSE
subsequent_2016_2020,hysets_10113500,4,1,Continuous_FCM_Class_All,238,1096,-4.239763991566173,-0.6684132386083876,0.3023484859493639,NSE
subsequent_2016_2020,hysets_10173450,2,1,Continuous_FCM_Class_All,133,1096,0.18147999914558943,0.11910639970132963,0.14961605419414628,NSE
subsequent_2016_2020,hysets_10174500,1,1,Continuous_FCM_Class_All,132,1096,-0.3234622602484789,0.20821367723223405,0.1915265112431181,NSE
subsequent_2016_2020,hysets_10194200,5,1,Continuous_FCM_Class_All,133,1096,-1.4569530023556432,-0.43201010605437706,0.27095877516017053,NSE
subsequent_2016_2020,hysets_10234500,2,1,Continuous_FCM_Class_All,237,1096,-3.9821606028483707,-1.0807496395225855,0.3257398171238325,NSE
subsequent_2016_2020,hysets_10258500,4,1,Continuous_FCM_Class_All,60,1096,-6.773137570036617,-6.817094895532991,0.1469004932239226,NSE
subsequent_2016_2020,hysets_10296000,3,1,Continuous_FCM_Class_All,238,1096,0.17858099756672496,0.06143677282112314,0.14634618452699347,NSE
subsequent_2016_2020,hysets_10296500,5,1,Continuous_FCM_Class_All,238,1096,0.31047206704518227,0.23784330244829477,0.12366224789450192,NSE
subsequent_2016_2020,hysets_10329500,4,1,Continuous_FCM_Class_All,133,1096,0.09399353303578906,-0.09300946551674061,0.05710518546616949,NSE
subsequent_2016_2020,hysets_10396000,4,1,Continuous_FCM_Class_All,238,1096,-2.1197569869324373,-0.638134426854174,0.23415248259320715,NSE
subsequent_2016_2020,hysets_10AC005,3,1,Continuous_FCM_Class_All,238,1096,0.06091709187538996,0.11949930114227514,0.18006915811996663,NSE
subsequent_2016_2020,hysets_10BE007,3,1,Continuous_FCM_Class_All,238,731,-1.833938972318697,-0.04482400968968148,0.33036743714601424,NSE
subsequent_2016_2020,hysets_10BE009,3,1,Continuous_FCM_Class_All,238,366,-168.6891703374577,-6.936103739915067,3.403216040704188,NSE
subsequent_2016_2020,hysets_10ED003,5,1,Continuous_FCM_Class_All,238,731,-2.26497635440295,-2.1516171515903735,0.24681442256914196,NSE
subsequent_2016_2020,hysets_10GC003,3,1,Continuous_FCM_Class_All,238,731,-1.1347052704812568,-1.6612921756480907,0.14959721414868413,NSE
subsequent_2016_2020,hysets_10LC003,3,1,Continuous_FCM_Class_All,133,397,0.07258870955425178,-0.09719037191204039,0.11587946431074751,NSE
subsequent_2016_2020,hysets_10LC007,2,1,Continuous_FCM_Class_All,237,712,-3.9465229866198213,-1.5886265765714023,0.20241253135203294,NSE
subsequent_2016_2020,hysets_11012500,4,1,Continuous_FCM_Class_All,60,1096,-102.48497487479311,-53.145066631056,0.34153672531859447,NSE
subsequent_2016_2020,hysets_11015000,2,1,Continuous_FCM_Class_All,60,1096,-0.3241184089024036,-0.4439132031314217,0.05279334397206758,NSE
subsequent_2016_2020,hysets_11042400,1,1,Continuous_FCM_Class_All,60,1096,-8.476417779132092,-7.289020264620824,0.1876732378224496,NSE
subsequent_2016_2020,hysets_11123000,2,1,Continuous_FCM_Class_All,60,1096,0.06401155019540239,-0.6664179145085589,0.043017078514615746,NSE
subsequent_2016_2020,hysets_11123500,4,1,Continuous_FCM_Class_All,60,1096,0.1094832977541399,-0.526422325671448,0.043007454172998116,NSE
subsequent_2016_2020,hysets_11124500,1,1,Continuous_FCM_Class_All,60,1096,0.4032915142335024,0.35311651913198006,0.03130077492295246,NSE
subsequent_2016_2020,hysets_11132500,4,1,Continuous_FCM_Class_All,60,1096,0.07755556252752982,-0.7347340252055228,0.030381425008836806,NSE
subsequent_2016_2020,hysets_11140000,1,1,Continuous_FCM_Class_All,60,1096,0.3040640327509587,-1.0623897003597436,0.03901729205915195,NSE
subsequent_2016_2020,hysets_11143000,5,1,Continuous_FCM_Class_All,238,1096,0.013897101377935428,-0.21527898201060536,0.09939306518852478,NSE
subsequent_2016_2020,hysets_11143200,3,1,Continuous_FCM_Class_All,60,1096,0.09497173664449743,-0.1844553178314856,0.06831903941433248,NSE
subsequent_2016_2020,hysets_11143250,5,1,Continuous_FCM_Class_All,238,1096,-0.16548300535292482,-0.5758191471735237,0.07073644253563348,NSE
subsequent_2016_2020,hysets_11148900,3,1,Continuous_FCM_Class_All,60,1096,0.033134432496902844,-0.3531208723672885,0.08461968618397268,NSE
subsequent_2016_2020,hysets_11149900,1,1,Continuous_FCM_Class_All,60,1096,0.23144221899358297,-0.0692251446712604,0.07339068954220052,NSE
subsequent_2016_2020,hysets_11151300,2,1,Continuous_FCM_Class_All,60,1096,-3.5363979607854894,-5.671366748408105,0.1117370821325691,NSE
subsequent_2016_2020,hysets_11152000,3,1,Continuous_FCM_Class_All,60,1096,0.06997079349137236,-0.23573776635392285,0.07678280813702695,NSE
subsequent_2016_2020,hysets_11202000,5,1,Continuous_FCM_Class_All,238,1004,0.17625450030924616,0.0684618082328905,0.058860366261131454,NSE
subsequent_2016_2020,hysets_11202001,3,1,Continuous_FCM_Class_All,238,1004,0.1684420960392733,0.05639079106448508,0.058490555578893225,NSE
subsequent_2016_2020,hysets_11224500,5,1,Continuous_FCM_Class_All,60,1096,-3.9120247954440766,-4.6175520280477516,0.12585103928552033,NSE
subsequent_2016_2020,hysets_11230500,4,1,Continuous_FCM_Class_All,238,1004,0.10551785420372872,0.0018259159201970965,0.14129005541640158,NSE
subsequent_2016_2020,hysets_11253310,4,1,Continuous_FCM_Class_All,60,1096,-20.428997417869066,-8.661273805995295,0.2593891409774139,NSE
subsequent_2016_2020,hysets_11264500,2,1,Continuous_FCM_Class_All,237,1096,0.1287793416402434,-0.0016195749296561424,0.1276385922692602,NSE
subsequent_2016_2020,hysets_11266500,5,1,Continuous_FCM_Class_All,238,1096,0.10671695371879786,-0.011999641979050457,0.14010800365050366,NSE
subsequent_2016_2020,hysets_11314500,4,1,Continuous_FCM_Class_All,238,1004,0.049734755441738,-0.06078515048799238,0.1872466973293162,NSE
subsequent_2016_2020,hysets_11317000,3,1,Continuous_FCM_Class_All,238,1004,0.09895388242969927,-0.034814608457440555,0.09023263189253884,NSE
subsequent_2016_2020,hysets_11318500,4,1,Continuous_FCM_Class_All,238,1004,0.08042042725475052,-0.07997293448522402,0.07597725233391019,NSE
subsequent_2016_2020,hysets_11367500,4,1,Continuous_FCM_Class_All,147,1004,-0.10373367006358514,0.5188333692469638,0.07704066738384466,NSE
subsequent_2016_2020,hysets_11374000,4,1,Continuous_FCM_Class_All,147,1096,0.14638702014163307,0.07518341095442316,0.1078932351517408,NSE
subsequent_2016_2020,hysets_11376550,4,1,Continuous_FCM_Class_All,147,1096,-0.15088239014118132,0.2746732480813874,0.11543509143493959,NSE
subsequent_2016_2020,hysets_11379500,1,1,Continuous_FCM_Class_All,237,1096,0.08176152578225648,0.01627900791141834,0.08835226263156094,NSE
subsequent_2016_2020,hysets_11381500,3,1,Continuous_FCM_Class_All,146,1096,0.2720704440060905,0.20395049808919374,0.0723825565687772,NSE
subsequent_2016_2020,hysets_11383500,1,1,Continuous_FCM_Class_All,146,1096,0.2985569642710394,0.24819092077853122,0.07370695758996086,NSE
subsequent_2016_2020,hysets_11402000,1,1,Continuous_FCM_Class_All,146,1096,0.2509813761030425,0.14352514269957573,0.06401332705576217,NSE
subsequent_2016_2020,hysets_11413000,3,1,Continuous_FCM_Class_All,146,1096,0.151310079258539,0.04235802026615598,0.09175111521352303,NSE
subsequent_2016_2020,hysets_11413300,4,1,Continuous_FCM_Class_All,147,1004,0.04881664246640127,-0.15296969570851515,0.0917982691571879,NSE
subsequent_2016_2020,hysets_11428800,5,1,Continuous_FCM_Class_All,147,1004,0.09738432440847977,-0.2441738048756643,0.05362191507621017,NSE
subsequent_2016_2020,hysets_11433300,5,1,Continuous_FCM_Class_All,147,1004,0.1651822239360875,0.05785062951597253,0.07327730347540873,NSE
subsequent_2016_2020,hysets_11451100,4,0,Continuous_FCM_Class_All,238,1096,0.04589819504456272,-0.1727647020061458,0.08320872892825554,NSE
subsequent_2016_2020,hysets_11461000,1,0,Continuous_FCM_Class_All,146,1096,0.18000433584307618,0.01879282885925382,0.07315794799641456,NSE
subsequent_2016_2020,hysets_11468500,5,0,Continuous_FCM_Class_All,147,1096,0.19488599098868586,0.09834031229627838,0.08554635680646686,NSE
subsequent_2016_2020,hysets_11470500,1,1,Continuous_FCM_Class_All,237,1004,0.03341595673651543,-0.19218448631925145,0.09515476963493708,NSE
subsequent_2016_2020,hysets_11473900,3,1,Continuous_FCM_Class_All,146,1095,0.23960294628819268,0.1640487747794871,0.08451760122049987,NSE
subsequent_2016_2020,hysets_11478500,4,1,Continuous_FCM_Class_All,147,1096,0.05082749210250015,-0.12884907521212474,0.10300242818271518,NSE
subsequent_2016_2020,hysets_11480390,3,1,Continuous_FCM_Class_All,146,1096,0.17209456295691472,0.06962003598288669,0.0904544202941918,NSE
subsequent_2016_2020,hysets_11480410,1,1,Continuous_FCM_Class_All,146,1003,0.1499817598894031,0.025550254535396166,0.10035150156817244,NSE
subsequent_2016_2020,hysets_11481200,4,1,Continuous_FCM_Class_All,147,1096,0.11062580882986206,0.005670452646487911,0.09196273149385369,NSE
subsequent_2016_2020,hysets_11482500,4,1,Continuous_FCM_Class_All,147,1096,0.09972591586443724,-0.008320021431829083,0.13234170813155383,NSE
subsequent_2016_2020,hysets_11521500,5,1,Continuous_FCM_Class_All,147,1096,0.13437317825996897,0.04315259154196993,0.07765923370730432,NSE
subsequent_2016_2020,hysets_11522500,3,1,Continuous_FCM_Class_All,146,1096,0.3244399033096287,0.2462619816134054,0.07985553551697916,NSE
subsequent_2016_2020,hysets_11523200,5,1,Continuous_FCM_Class_All,147,1096,0.24060325606902577,0.15271259939039128,0.06677048134030554,NSE
subsequent_2016_2020,hysets_11528700,2,1,Continuous_FCM_Class_All,146,1096,0.29859406351690077,0.21811693064435944,0.08566164428190247,NSE
subsequent_2016_2020,hysets_11532500,3,1,Continuous_FCM_Class_All,66,1096,0.10704195923938054,0.17840754667727976,0.11963562550715089,NSE
subsequent_2016_2020,hysets_12025700,2,1,Continuous_FCM_Class_All,65,1096,0.4328844749097557,0.4952164391957604,0.0841979748347126,NSE
subsequent_2016_2020,hysets_12035000,3,1,Continuous_FCM_Class_All,66,1096,0.5612056927983117,0.48540059704145566,0.055889647355616884,NSE
subsequent_2016_2020,hysets_12039500,2,1,Continuous_FCM_Class_All,65,1096,0.3774410808053924,0.2594063161824819,0.0826916497435679,NSE
subsequent_2016_2020,hysets_12040500,5,1,Continuous_FCM_Class_All,66,1096,0.4129536060713318,0.24805310589441198,0.09482121897377946,NSE
subsequent_2016_2020,hysets_12041200,1,1,Continuous_FCM_Class_All,65,1096,0.5195490819669927,0.3836166712892385,0.07395172987061839,NSE
subsequent_2016_2020,hysets_12043000,3,1,Continuous_FCM_Class_All,66,1096,0.496041681827621,0.35376387356923455,0.09285692272040226,NSE
subsequent_2016_2020,hysets_12048000,5,1,Continuous_FCM_Class_All,66,1096,-5.893753045718704,-0.9879844194866692,0.29201919228445744,NSE
subsequent_2016_2020,hysets_12054000,1,1,Continuous_FCM_Class_All,65,1096,0.6739445184864228,0.6852926261020093,0.07441954031233895,NSE
subsequent_2016_2020,hysets_12056500,5,1,Continuous_FCM_Class_All,66,1096,0.35057515797135164,0.21455768107419315,0.08276304122793757,NSE
subsequent_2016_2020,hysets_12082500,2,0,Continuous_FCM_Class_All,65,1096,0.3791730755102556,0.6742928940451044,0.06612404711812214,NSE
subsequent_2016_2020,hysets_12092000,5,0,Continuous_FCM_Class_All,66,1096,0.285006707415865,0.6512123455407236,0.08885412176528101,NSE
subsequent_2016_2020,hysets_12115000,1,1,Continuous_FCM_Class_All,65,1096,0.46603723372843886,0.6213359286048482,0.07533445652796872,NSE
subsequent_2016_2020,hysets_12134500,5,1,Continuous_FCM_Class_All,66,1096,0.4894816601567802,0.47811423105329964,0.0679658133117281,NSE
subsequent_2016_2020,hysets_12141300,5,1,Continuous_FCM_Class_All,66,1096,0.47439892206868517,0.4289523095217832,0.08873503798539246,NSE
subsequent_2016_2020,hysets_12142000,2,1,Continuous_FCM_Class_All,65,1096,0.5224004093469805,0.43447732730774047,0.08706758677635934,NSE
subsequent_2016_2020,hysets_12186000,1,1,Continuous_FCM_Class_All,65,1096,0.4720069186054059,0.5919296830820036,0.06459885405348224,NSE
subsequent_2016_2020,hysets_12189500,1,1,Continuous_FCM_Class_All,65,1096,0.3853606173967645,0.6826509745025642,0.05973974785977842,NSE
subsequent_2016_2020,hysets_12205000,4,1,Continuous_FCM_Class_All,66,1096,0.2740952043532414,0.6206596848347545,0.0726041383477134,NSE
subsequent_2016_2020,hysets_12324590,1,1,Continuous_FCM_Class_All,237,1096,-2.158345535588901,-0.9053912248399525,0.22169093819576077,NSE
subsequent_2016_2020,hysets_12330000,3,1,Continuous_FCM_Class_All,238,1096,0.011065539209956676,0.13542533006929203,0.0638708107512603,NSE
subsequent_2016_2020,hysets_12332000,4,1,Continuous_FCM_Class_All,238,1096,0.3075684595804865,0.3096038130065175,0.14450717394863602,NSE
subsequent_2016_2020,hysets_12370000,5,1,Continuous_FCM_Class_All,238,1096,0.16903838170904395,0.2194458992182572,0.18433821934051786,NSE
subsequent_2016_2020,hysets_12389500,1,1,Continuous_FCM_Class_All,237,1096,-0.45945337698134336,0.08847680743829545,0.1713322120639862,NSE
subsequent_2016_2020,hysets_12411000,1,1,Continuous_FCM_Class_All,146,1086,0.22323520904756156,0.22617378269971278,0.10745422332582265,NSE
subsequent_2016_2020,hysets_12414900,1,1,Continuous_FCM_Class_All,237,1096,0.09864691054819319,0.11147124915118534,0.093626610025816,NSE
subsequent_2016_2020,hysets_12452800,4,1,Continuous_FCM_Class_All,147,1096,0.15300397088269946,0.16414364493447875,0.1370080874018944,NSE
subsequent_2016_2020,hysets_12488500,1,1,Continuous_FCM_Class_All,146,1096,0.12092066309570249,0.13591931996854278,0.1287959488568385,NSE
subsequent_2016_2020,hysets_13010065,5,1,Continuous_FCM_Class_All,238,1096,0.19696245168430304,0.11009000648140499,0.1604679326822977,NSE
subsequent_2016_2020,hysets_13011900,2,1,Continuous_FCM_Class_All,237,1096,0.09182265484099039,0.01655781514264465,0.17381302717512387,NSE
subsequent_2016_2020,hysets_13023000,1,1,Continuous_FCM_Class_All,237,1096,0.3363061763943124,0.31439080492386884,0.18437242394223316,NSE
subsequent_2016_2020,hysets_13186000,5,1,Continuous_FCM_Class_All,238,1096,0.39874447353904763,0.31726065363887657,0.10169293521521286,NSE
subsequent_2016_2020,hysets_13235000,2,1,Continuous_FCM_Class_All,237,1096,0.18349520304545341,0.1379663361285528,0.1570914560840797,NSE
subsequent_2016_2020,hysets_13297355,3,1,Continuous_FCM_Class_All,238,1096,0.2535650505727217,0.06809657417651149,0.104485017113385,NSE
subsequent_2016_2020,hysets_13331500,4,1,Continuous_FCM_Class_All,238,1096,0.28459348928053074,0.19481588922408088,0.1451773974823762,NSE
subsequent_2016_2020,hysets_13339500,3,1,Continuous_FCM_Class_All,238,1096,0.11428739647326813,0.11157631658160594,0.08098038035696295,NSE
subsequent_2016_2020,hysets_14013000,2,1,Continuous_FCM_Class_All,237,1096,-0.07426919094939421,-0.05528045125277936,0.1163439606463452,NSE
subsequent_2016_2020,hysets_14020000,3,1,Continuous_FCM_Class_All,146,1096,0.14534108688578085,0.24154778115688436,0.09740753269354603,NSE
subsequent_2016_2020,hysets_14020300,2,1,Continuous_FCM_Class_All,237,1096,-0.009106284722278257,0.02882722432824658,0.12291103688511977,NSE
subsequent_2016_2020,hysets_14038530,3,1,Continuous_FCM_Class_All,238,1096,-3.4639553462875297,-0.7295407190011718,0.307712402885661,NSE
subsequent_2016_2020,hysets_14044000,5,1,Continuous_FCM_Class_All,238,1046,-1.2559985372657287,-0.5856283375958011,0.20202222707169862,NSE
subsequent_2016_2020,hysets_14091500,2,0,Continuous_FCM_Class_All,237,1096,-31.905345526508817,0.0390467682977339,0.8749588593030934,NSE
subsequent_2016_2020,hysets_14096850,2,1,Continuous_FCM_Class_All,133,1096,-0.05565833355700689,0.023942148147124254,0.11627692298362409,NSE
subsequent_2016_2020,hysets_14097100,1,1,Continuous_FCM_Class_All,237,1096,-4.232895965155805,-0.4519084488350251,0.3409933479896651,NSE
subsequent_2016_2020,hysets_14154500,4,1,Continuous_FCM_Class_All,147,1096,0.19142649378287668,0.17193703988720987,0.09004003624962402,NSE
subsequent_2016_2020,hysets_14158500,1,1,Continuous_FCM_Class_All,171,1095,-0.394638979855918,0.118245211472493,0.24565419623893828,NSE
subsequent_2016_2020,hysets_14166500,5,1,Continuous_FCM_Class_All,147,1096,0.23975970411620195,0.21475578785851923,0.09260974249489017,NSE
subsequent_2016_2020,hysets_14178000,3,1,Continuous_FCM_Class_All,171,1096,-0.2286375412597168,0.00029483009785225,0.14992623127550728,NSE
subsequent_2016_2020,hysets_14182500,5,1,Continuous_FCM_Class_All,66,1096,0.42472214517587104,0.4383709148818603,0.07430858512069584,NSE
subsequent_2016_2020,hysets_14185000,4,0,Continuous_FCM_Class_All,66,1096,0.03808488044330349,0.31316096575560426,0.118632050569476,NSE
subsequent_2016_2020,hysets_14185900,2,1,Continuous_FCM_Class_All,65,1096,0.41468364831054494,0.4131597245007331,0.0901754968483709,NSE
subsequent_2016_2020,hysets_14236200,3,1,Continuous_FCM_Class_All,66,1096,0.5070908635216371,0.5378278634037388,0.0861484922136191,NSE
subsequent_2016_2020,hysets_14301000,3,1,Continuous_FCM_Class_All,146,1095,0.017316011313739943,-0.06350741072566857,0.12872518514059372,NSE
subsequent_2016_2020,hysets_14306500,1,1,Continuous_FCM_Class_All,146,1096,0.02702889177178991,-0.034790177267079114,0.11458733784782893,NSE
subsequent_2016_2020,hysets_14308000,5,1,Continuous_FCM_Class_All,147,1096,0.2738536586589314,0.27143305911519455,0.0723885969395833,NSE
subsequent_2016_2020,hysets_14309500,2,1,Continuous_FCM_Class_All,146,1096,0.17909274095210004,0.07603104105907821,0.10017021020624112,NSE
subsequent_2016_2020,hysets_14316700,2,1,Continuous_FCM_Class_All,146,1096,0.22399911526213856,0.16116126716094226,0.09537651111647531,NSE
subsequent_2016_2020,hysets_14325000,4,0,Continuous_FCM_Class_All,147,1096,-0.014873383830382947,-0.15857407647364563,0.09735177011751174,NSE
subsequent_2016_2020,hysets_14338000,2,1,Continuous_FCM_Class_All,146,1096,0.2490841974518888,0.1892089796557581,0.08561989787286382,NSE
subsequent_2016_2020,hysets_14377100,4,1,Continuous_FCM_Class_All,147,1093,0.07742823610799976,-0.04641542978509405,0.11606410010063023,NSE
subsequent_2016_2020,hysets_14400000,3,1,Continuous_FCM_Class_All,66,1096,0.15970460469567016,0.1275938199159029,0.10373480171905551,NSE
subsequent_2016_2020,lamah_12425002,3,1,Continuous_FCM_Class_All,171,731,0.034432984807885925,0.08196950722418295,0.12086615059733981,NSE
subsequent_2016_2020,lamah_16000708,2,1,Continuous_FCM_Class_All,171,731,-0.1282966580315752,0.13670889278982656,0.19614331016765144,NSE
subsequent_2016_2020,lamah_16001303,5,1,Continuous_FCM_Class_All,172,731,-7.599602920622033,-1.2065050739556495,0.25896456443089666,NSE
subsequent_2016_2020,lamah_16610709,4,1,Continuous_FCM_Class_All,171,731,0.07612810450218321,0.05343902414764934,0.07109760414381498,NSE
subsequent_2016_2020,lamah_17404000,1,1,Continuous_FCM_Class_All,171,731,-0.8184008786469821,0.01577287748981182,0.1821575029966153,NSE
subsequent_2016_2020,lamah_18481006,5,1,Continuous_FCM_Class_All,172,731,0.11015114829046391,0.1428482243223218,0.10088523779647379,NSE
subsequent_2016_2020,lamah_18486000,4,1,Continuous_FCM_Class_All,171,731,-0.039229789106941304,0.13994980043782812,0.11461698026298393,NSE
subsequent_2016_2020,lamah_200253,4,1,Continuous_FCM_Class_All,171,731,-0.12476883437546782,-0.0421696044512907,0.13095766743828985,NSE
subsequent_2016_2020,lamah_200261,5,1,Continuous_FCM_Class_All,172,731,-0.08580106266806431,-0.06147816517560711,0.12264203115726705,NSE
subsequent_2016_2020,lamah_200303,2,1,Continuous_FCM_Class_All,171,731,0.16130595446649432,0.08455457864738014,0.0783026666245753,NSE
subsequent_2016_2020,lamah_201012,2,0,Continuous_FCM_Class_All,171,731,-0.1279984236738838,-0.06500870350900012,0.14132982283890808,NSE
subsequent_2016_2020,lamah_201087,4,1,Continuous_FCM_Class_All,171,731,0.010540303389248051,0.0344046720468435,0.14062120137353862,NSE
subsequent_2016_2020,lamah_201095,2,1,Continuous_FCM_Class_All,171,731,-0.06426114282994977,0.05637340681423675,0.17637156585862723,NSE
subsequent_2016_2020,lamah_201160,3,1,Continuous_FCM_Class_All,146,731,-0.1458385772768216,0.045537920024483425,0.1261945997089015,NSE
subsequent_2016_2020,lamah_201236,3,1,Continuous_FCM_Class_All,146,731,-0.4136448086720843,0.07663577641773744,0.1480025668846217,NSE
subsequent_2016_2020,lamah_201251,1,1,Continuous_FCM_Class_All,146,731,-0.15235767886779605,-0.01708423318243968,0.1703401595881507,NSE
subsequent_2016_2020,lamah_201335,5,1,Continuous_FCM_Class_All,147,731,-1.121004879651534,-0.20945696130819047,0.20682017239637315,NSE
subsequent_2016_2020,lamah_201392,2,1,Continuous_FCM_Class_All,146,731,-0.2771276484753378,-0.29243881181587805,0.25352597260627896,NSE
subsequent_2016_2020,lamah_201434,2,1,Continuous_FCM_Class_All,146,731,-0.3047194011064649,-0.23970943075338758,0.25254850036199306,NSE
subsequent_2016_2020,lamah_201558,1,1,Continuous_FCM_Class_All,171,731,-0.021326197783985812,-0.004646256677404148,0.18860583073080064,NSE
subsequent_2016_2020,lamah_201566,3,1,Continuous_FCM_Class_All,171,731,-0.03924649687373538,-0.111223708209514,0.11209296386401585,NSE
subsequent_2016_2020,lamah_201574,1,1,Continuous_FCM_Class_All,171,731,-0.02045705927480035,-0.006764673492553497,0.15704906893415851,NSE
subsequent_2016_2020,lamah_201723,5,1,Continuous_FCM_Class_All,172,731,-0.005726584081251929,0.005590984988171899,0.19776153637262642,NSE
subsequent_2016_2020,lamah_201848,2,1,Continuous_FCM_Class_All,171,731,0.04410360954410886,0.1698842931386947,0.17673990293537442,NSE
subsequent_2016_2020,lamah_202036,1,1,Continuous_FCM_Class_All,171,731,0.03681139283343049,0.08612052626231892,0.16052448106843814,NSE
subsequent_2016_2020,lamah_203026,3,1,Continuous_FCM_Class_All,146,731,-0.16119764514767554,-0.08693899190883458,0.18476491217255706,NSE
subsequent_2016_2020,lamah_203075,5,1,Continuous_FCM_Class_All,172,731,-0.04260852918983571,-0.1340343647898925,0.17088391087844873,NSE
subsequent_2016_2020,lamah_203166,2,1,Continuous_FCM_Class_All,171,731,-0.14487090997707064,0.03412492098938391,0.15671925361441955,NSE
subsequent_2016_2020,lamah_203224,3,1,Continuous_FCM_Class_All,171,731,0.08592875598305694,0.03396166026912706,0.13876503323890468,NSE
subsequent_2016_2020,lamah_203265,2,1,Continuous_FCM_Class_All,171,731,0.24679526268471608,0.22729108165984202,0.0844956705434266,NSE
subsequent_2016_2020,lamah_203307,4,1,Continuous_FCM_Class_All,171,731,0.07819673080018064,0.07365810398491679,0.09843387775701296,NSE
subsequent_2016_2020,lamah_203463,2,1,Continuous_FCM_Class_All,171,731,0.36257059787773194,0.35001570211477806,0.1364499998755533,NSE
subsequent_2016_2020,lamah_203505,1,1,Continuous_FCM_Class_All,171,731,0.0221132193913105,0.1366988106223197,0.1498801978489161,NSE
subsequent_2016_2020,lamah_203711,5,1,Continuous_FCM_Class_All,172,731,0.23238454197012137,0.2461855718973356,0.1347414777622632,NSE
subsequent_2016_2020,lamah_203752,1,1,Continuous_FCM_Class_All,171,731,-0.22850102699526964,0.18320327304625073,0.17295516280872306,NSE
subsequent_2016_2020,lamah_203760,2,1,Continuous_FCM_Class_All,171,731,-0.033830039341884444,0.06798793941375458,0.16106334604941872,NSE
subsequent_2016_2020,lamah_203786,1,1,Continuous_FCM_Class_All,171,731,0.05405918285992739,0.14398893065014107,0.1704755225553917,NSE
subsequent_2016_2020,lamah_203794,3,1,Continuous_FCM_Class_All,171,731,-0.31263359931883095,0.1932821395838893,0.182838777831631,NSE
subsequent_2016_2020,lamah_203828,3,1,Continuous_FCM_Class_All,171,731,-0.031281309783538935,0.22197586618869847,0.14498030625858363,NSE
subsequent_2016_2020,lamah_204875,2,1,Continuous_FCM_Class_All,146,731,-0.8413254459338066,0.036963536542198194,0.14069527739299534,NSE
subsequent_2016_2020,lamah_204925,1,1,Continuous_FCM_Class_All,132,731,-0.6092053802607023,-0.24251630207340114,0.13174243815506392,NSE
subsequent_2016_2020,lamah_205104,3,1,Continuous_FCM_Class_All,171,731,-0.24173865883910217,0.0092845996596006,0.18886691748743564,NSE
subsequent_2016_2020,lamah_205179,4,1,Continuous_FCM_Class_All,171,731,0.0817614795591165,0.0929051774394869,0.16385961354530684,NSE
subsequent_2016_2020,lamah_205294,2,1,Continuous_FCM_Class_All,171,731,0.1724430692152802,0.12094060557875386,0.0853762267001841,NSE
subsequent_2016_2020,lamah_205500,4,1,Continuous_FCM_Class_All,171,731,0.17763837780789393,0.22730899944392524,0.09702068978343541,NSE
subsequent_2016_2020,lamah_205740,5,1,Continuous_FCM_Class_All,172,731,0.11549902001088386,0.02333828255813586,0.08922808723537808,NSE
subsequent_2016_2020,lamah_205799,1,0,Continuous_FCM_Class_All,171,731,-0.15757751261792263,0.06297620949318283,0.14519692640302218,NSE
subsequent_2016_2020,lamah_205823,5,1,Continuous_FCM_Class_All,172,731,0.2097672883028766,0.23467581997748665,0.07855119976644198,NSE
subsequent_2016_2020,lamah_205831,5,1,Continuous_FCM_Class_All,172,731,0.07372449946330994,0.14681296889600948,0.09978276204967754,NSE
subsequent_2016_2020,lamah_205864,3,1,Continuous_FCM_Class_All,171,731,-0.0870657144299467,0.11175632580634987,0.11591035093404674,NSE
subsequent_2016_2020,lamah_205898,3,1,Continuous_FCM_Class_All,171,731,0.2896466356072849,0.24092437158781188,0.08640559980065976,NSE
subsequent_2016_2020,lamah_206508,4,1,Continuous_FCM_Class_All,171,731,-0.14079034933141443,0.03460861144593674,0.14467339236530358,NSE
subsequent_2016_2020,lamah_207613,5,0,Continuous_FCM_Class_All,133,731,-0.34074821711425884,-0.2310674107404802,0.12384432801296305,NSE
subsequent_2016_2020,lamah_207654,2,1,Continuous_FCM_Class_All,171,731,0.09429093949928224,0.09188268003811073,0.11904653403554297,NSE
subsequent_2016_2020,lamah_207738,2,1,Continuous_FCM_Class_All,171,731,0.2035119131988914,0.18763837953668028,0.08373697746133077,NSE
subsequent_2016_2020,lamah_207852,2,1,Continuous_FCM_Class_All,171,731,-0.19558255405033953,0.03737034677139217,0.10015696863089786,NSE
subsequent_2016_2020,lamah_208116,1,1,Continuous_FCM_Class_All,132,731,-0.18554351657179957,-0.14760604245127507,0.09839027089750595,NSE
subsequent_2016_2020,lamah_208686,2,1,Continuous_FCM_Class_All,171,731,-0.2847129071388761,0.21523659390697336,0.12675135065262405,NSE
subsequent_2016_2020,lamah_209361,1,1,Continuous_FCM_Class_All,171,731,0.2806797064134765,0.2650805266393452,0.08428842646220955,NSE
subsequent_2016_2020,lamah_209551,1,1,Continuous_FCM_Class_All,171,731,0.1863941473377163,0.10559758344294701,0.09831445913243396,NSE
subsequent_2016_2020,lamah_210526,4,1,Continuous_FCM_Class_All,171,731,-0.30274361608160394,0.031105769594892307,0.21408973304427822,NSE
subsequent_2016_2020,lamah_210641,1,1,Continuous_FCM_Class_All,171,731,0.2022308409427226,0.2409918820807473,0.11911118805495424,NSE
subsequent_2016_2020,lamah_210732,2,0,Continuous_FCM_Class_All,171,731,-1.6672116502942167,-0.43953385903567255,0.13385649387769255,NSE
subsequent_2016_2020,lamah_210773,1,1,Continuous_FCM_Class_All,171,731,0.14661176891622563,0.33229738710130474,0.1229965612623049,NSE
subsequent_2016_2020,lamah_210815,5,1,Continuous_FCM_Class_All,172,731,-0.0031474953439871722,0.23544974160999477,0.10601408595942552,NSE
subsequent_2016_2020,lamah_210856,3,1,Continuous_FCM_Class_All,171,731,0.005425835417295244,0.19817883999492603,0.1327627611418675,NSE
subsequent_2016_2020,lamah_210864,1,1,Continuous_FCM_Class_All,171,731,0.34502205837528466,0.3483931320118363,0.07752720226988392,NSE
subsequent_2016_2020,lamah_210898,1,1,Continuous_FCM_Class_All,171,731,0.31545495664019696,0.31882140051887176,0.11020306845453218,NSE
subsequent_2016_2020,lamah_211086,4,1,Continuous_FCM_Class_All,171,731,-0.6739412753756062,0.08558708104118451,0.18115475537568712,NSE
subsequent_2016_2020,lamah_211169,3,1,Continuous_FCM_Class_All,171,731,-0.9706168659427381,0.171169912816016,0.12373777802419249,NSE
subsequent_2016_2020,lamah_211656,1,1,Continuous_FCM_Class_All,146,731,-1.0599854501197368,-0.8920540857162318,0.06658993437749547,NSE
subsequent_2016_2020,lamah_212027,5,1,Continuous_FCM_Class_All,172,731,-1.2773048416792987,-0.07898634712456132,0.2491014909917464,NSE
subsequent_2016_2020,lamah_212043,5,0,Continuous_FCM_Class_All,147,731,-0.17796809193879404,-0.30577142634885335,0.16158592973265448,NSE
subsequent_2016_2020,lamah_212092,2,1,Continuous_FCM_Class_All,146,731,-0.2532254124568569,-0.23089619834875186,0.19543419963277325,NSE
subsequent_2016_2020,lamah_212100,2,1,Continuous_FCM_Class_All,146,731,-0.31305768766752173,-0.12286997443782433,0.20072537665203363,NSE
subsequent_2016_2020,lamah_212167,1,1,Continuous_FCM_Class_All,146,731,-0.23967344844355232,-0.11593098852582417,0.18540248549096713,NSE
subsequent_2016_2020,lamah_212183,2,1,Continuous_FCM_Class_All,146,731,-0.26822014637907476,-0.21290296769200334,0.1888610647090695,NSE
subsequent_2016_2020,lamah_212316,5,0,Continuous_FCM_Class_All,172,731,-0.14765841784361133,-0.095667117036222,0.19428968621538403,NSE
subsequent_2016_2020,lamah_212373,2,0,Continuous_FCM_Class_All,146,731,-2.005195101969095,-0.2785391832172739,0.23250668726365206,NSE
subsequent_2016_2020,lamah_212399,5,1,Continuous_FCM_Class_All,172,731,-0.6565694434667197,-0.06586755556307922,0.13033630121553202,NSE
subsequent_2016_2020,lamah_212431,3,1,Continuous_FCM_Class_All,171,731,-1.422274797217054,-0.0958096168733007,0.17455611387429307,NSE
subsequent_2016_2020,lamah_212522,1,0,Continuous_FCM_Class_All,132,731,-2.020238458953525,-0.40977343877264905,0.3575132100837905,NSE
subsequent_2016_2020,lamah_212613,2,1,Continuous_FCM_Class_All,171,731,-0.649939942854475,0.11097394747306022,0.23469437482380676,NSE
subsequent_2016_2020,lamah_212647,5,1,Continuous_FCM_Class_All,172,731,-0.3100625562397945,0.05584574408428378,0.14680429510453816,NSE
subsequent_2016_2020,lamah_212670,3,1,Continuous_FCM_Class_All,171,731,-0.15605217589195597,0.11427208185612159,0.09737782819011914,NSE
subsequent_2016_2020,lamah_212860,1,1,Continuous_FCM_Class_All,132,731,-0.8809229933291025,-0.47182603869752193,0.2094894246180468,NSE
subsequent_2016_2020,lamah_212878,3,1,Continuous_FCM_Class_All,133,731,-0.8101134224389193,-0.5261335698239287,0.18762285162962178,NSE
subsequent_2016_2020,lamah_212886,4,1,Continuous_FCM_Class_All,133,731,-0.7449298278207201,-0.4350531502531616,0.17717677402367094,NSE
subsequent_2016_2020,lamah_212894,5,0,Continuous_FCM_Class_All,133,731,-0.8671904384300961,-0.4876683622454263,0.18246874135823224,NSE
subsequent_2016_2020,lamah_212928,5,1,Continuous_FCM_Class_All,133,731,-1.1591206700049956,-0.4540639184166366,0.1628054302149576,NSE
subsequent_2016_2020,lamah_213124,2,1,Continuous_FCM_Class_All,171,731,-0.8260025613597397,-0.09572153880088896,0.1536127213693439,NSE
subsequent_2016_2020,lamah_213181,4,1,Continuous_FCM_Class_All,133,731,-1.5221976276133122,-0.3916100280167667,0.23818921012003902,NSE
subsequent_2016_2020,lamah_213306,3,1,Continuous_FCM_Class_All,133,731,-0.8119214452377512,-0.5183258491757485,0.2095195316239142,NSE
subsequent_2016_2020,lamah_2150,4,1,Continuous_FCM_Class_All,171,731,0.13018224874472506,0.09873942003393055,0.09840844150833107,NSE
subsequent_2016_2020,lamah_2262,1,1,Continuous_FCM_Class_All,146,731,-0.13883865769252735,-0.21016005574572016,0.13562975178492453,NSE
subsequent_2016_2020,lamah_403,2,1,Continuous_FCM_Class_All,146,731,-0.3018001401697834,-0.10373472920850713,0.18966752978019624,NSE
subsequent_2016_2020,camelsbr_57250000,5,1,Knoben_K5,5,1039,-9.115865149250375,-1.1944557136653038,0.24444696250325157,NSE
subsequent_2016_2020,camelsbr_58060000,3,1,Knoben_K5,5,1013,-3.9427220424057596,-0.44582457611734116,0.1260012162397648,NSE
subsequent_2016_2020,camelsbr_58258000,1,1,Knoben_K5,5,1003,0.20333199029266502,0.3496873980306261,0.059493434314570055,NSE
subsequent_2016_2020,camelsbr_58530000,3,1,Knoben_K5,5,1003,-1.0735702738853794,0.19063391657058915,0.15558434488931502,NSE
subsequent_2016_2020,camelsbr_58535000,3,1,Knoben_K5,5,1004,-2.030889714345271,-0.05097991206543839,0.22492417767660033,NSE
subsequent_2016_2020,camelsbr_58542000,1,1,Knoben_K5,5,1035,-0.5331019226099654,-0.08783137428585497,0.13834725100392403,NSE
subsequent_2016_2020,camelsbr_59370000,2,1,Knoben_K5,5,1040,-0.5185345585309831,-0.10550481363373732,0.09246106387785334,NSE
subsequent_2016_2020,camelsbr_70100000,4,1,Knoben_K5,5,1026,-0.41424263690921315,0.3953394497249252,0.11717131450528527,NSE
subsequent_2016_2020,camelsbr_71300000,1,1,Knoben_K5,5,1081,-1.4599428224173199,-0.37720569771811263,0.2450455642564635,NSE
subsequent_2016_2020,camelsbr_73765000,1,1,Knoben_K5,5,1035,0.162378795924622,0.18825325951814753,0.08904321545601505,NSE
subsequent_2016_2020,camelscl_1050002,4,1,Knoben_K5,5,678,-21083.115267244586,-141.52812900671339,33.68158827651239,NSE
subsequent_2016_2020,camelscl_1201005,3,1,Knoben_K5,5,922,-8404.973364737587,-80.63767550320134,11.115390756772934,NSE
subsequent_2016_2020,camelscl_12284002,1,1,Knoben_K5,5,974,-387.58512218646854,-19.563227504481976,2.362426085108474,NSE
subsequent_2016_2020,camelscl_12284003,4,1,Knoben_K5,5,730,-100.17943330463098,-10.796452279300075,1.203156875986899,NSE
subsequent_2016_2020,camelscl_12284006,1,1,Knoben_K5,5,720,-5.037978987988108,-1.2775669044999831,0.26440133348281647,NSE
subsequent_2016_2020,camelscl_12582001,4,1,Knoben_K5,5,1566,-0.2682027892129688,0.09533792745469494,0.07773694469973405,NSE
subsequent_2016_2020,camelscl_12600001,2,1,Knoben_K5,5,1137,-0.4071810414850059,-0.10806678754978227,0.2174896424357543,NSE
subsequent_2016_2020,camelscl_12622001,5,1,Knoben_K5,5,1535,-6.405000121810024,-1.1302206461665678,0.27750088197375494,NSE
subsequent_2016_2020,camelscl_12802001,3,1,Knoben_K5,5,1273,-15.922454864757793,-3.8570383206369003,0.29181115870391766,NSE
subsequent_2016_2020,camelscl_12805001,2,1,Knoben_K5,5,1286,-6.585385523770092,-1.0322559865475909,0.38516550283780504,NSE
subsequent_2016_2020,camelscl_12806001,5,1,Knoben_K5,5,1304,-50.94379250928015,-4.124398208001314,0.8807432356604971,NSE
subsequent_2016_2020,camelscl_4301002,3,1,Knoben_K5,5,1376,-4.143958404442365,-0.5930233548484951,0.42673925942957547,NSE
subsequent_2016_2020,camelscl_4311001,1,1,Knoben_K5,5,1230,-232.44249464687834,-12.154997948079966,3.028983797122097,NSE
subsequent_2016_2020,camelscl_4313001,1,1,Knoben_K5,5,1029,-1279.837176668933,-22.62111945864732,5.940353555835702,NSE
subsequent_2016_2020,camelscl_4314002,4,1,Knoben_K5,5,1429,-317.9080355432906,-15.732923440674028,0.7916125286153625,NSE
subsequent_2016_2020,camelscl_4501001,4,1,Knoben_K5,5,907,-1363.489950411697,-24.255390626024052,5.835713887975315,NSE
subsequent_2016_2020,camelscl_4503001,1,1,Knoben_K5,5,1066,-19.05742487849395,-14.046675579300484,0.295050198707246,NSE
subsequent_2016_2020,camelscl_4511002,1,1,Knoben_K5,5,1400,-52.00161978571712,-5.272061504178866,1.3166222303340709,NSE
subsequent_2016_2020,camelscl_4512001,1,1,Knoben_K5,5,1023,-12.36526198015636,-1.7896824572448136,0.5348590806723762,NSE
subsequent_2016_2020,camelscl_4513001,3,1,Knoben_K5,5,1223,-1.3393701498725816,-0.19329811950836095,0.0606626683711304,NSE
subsequent_2016_2020,camelscl_4514001,2,1,Knoben_K5,5,1217,-206.00779417130383,-18.912946178255677,1.3360068341120397,NSE
subsequent_2016_2020,camelscl_4520001,4,1,Knoben_K5,5,1307,-27666.528360638487,-155.8905193858981,13.450500993322432,NSE
subsequent_2016_2020,camelscl_4530001,4,1,Knoben_K5,5,862,-115.66862497972701,-8.79436136027953,2.075528831492989,NSE
subsequent_2016_2020,camelscl_4532001,3,0,Knoben_K5,5,1006,-356.57298878773645,-20.092030260151198,3.4117537662786868,NSE
subsequent_2016_2020,camelscl_4703002,1,1,Knoben_K5,5,1613,-18.30967307843606,-2.6475434800725086,0.5867429045109124,NSE
subsequent_2016_2020,camelscl_4721001,3,1,Knoben_K5,5,1097,-215.64828469692355,-12.791119543097587,2.915920227308546,NSE
subsequent_2016_2020,camelscl_4723001,5,1,Knoben_K5,5,1107,-5226.018827791965,-59.42906249514361,5.744636453634231,NSE
subsequent_2016_2020,camelscl_5200001,2,1,Knoben_K5,5,1307,-7925.100459781893,-82.02735157264493,8.06229170974541,NSE
subsequent_2016_2020,camelscl_5401003,2,0,Knoben_K5,5,1562,-0.41716845705946226,0.39645942012945856,0.2669050949143625,NSE
subsequent_2016_2020,camelscl_5402001,5,1,Knoben_K5,5,1448,-1.1522504904389268,-0.375917173500937,0.07552827983339282,NSE
subsequent_2016_2020,camelscl_5406001,1,1,Knoben_K5,5,1016,-36.97023199120411,-7.030066881925848,1.07481811054575,NSE
subsequent_2016_2020,camelscl_5706001,1,1,Knoben_K5,5,1517,-1.7710460672336366,-0.9744157062713061,0.09639555262283576,NSE
subsequent_2016_2020,camelscl_5707002,1,1,Knoben_K5,5,1597,-2.65850402438025,-0.15925764592520641,0.32880543967517134,NSE
subsequent_2016_2020,camelscl_5722001,4,1,Knoben_K5,5,644,-609.9866603732834,-19.960556478593038,3.7234396262142884,NSE
subsequent_2016_2020,camelscl_5722002,1,1,Knoben_K5,5,1561,-352.35582047614616,-15.403184402713553,0.8932822058285714,NSE
subsequent_2016_2020,camelscl_6013001,5,1,Knoben_K5,5,1552,-1.0029619111047925,0.07926582329125087,0.18780404876820997,NSE
subsequent_2016_2020,camelscl_7103001,4,1,Knoben_K5,5,908,-16.364489793727955,-2.1391174476358117,0.35633654842864626,NSE
subsequent_2016_2020,camelscl_7104002,4,1,Knoben_K5,5,1490,-2.9361367533004468,-0.25809014872560354,0.1547105628182458,NSE
subsequent_2016_2020,camelscl_7112001,5,1,Knoben_K5,5,1043,-15.570961670770934,-1.8176093173315726,0.6130624157971069,NSE
subsequent_2016_2020,camelscl_7115001,2,1,Knoben_K5,5,1294,-36.83564611708863,-3.6022842451033004,0.7464272269337289,NSE
subsequent_2016_2020,camelscl_7116001,3,1,Knoben_K5,5,1204,-7.185810459268399,-1.398745316976754,0.2274416361803847,NSE
subsequent_2016_2020,camelscl_7355002,1,1,Knoben_K5,5,1391,-2.469816808073615,-0.1186469849336691,0.19825315305371546,NSE
subsequent_2016_2020,camelscl_7374001,5,1,Knoben_K5,5,1019,-8.54039335676579,-2.8400825923963517,0.23835420408225372,NSE
subsequent_2016_2020,camelscl_8130002,1,1,Knoben_K5,5,1399,-1.5706752639070434,-0.13800244005628914,0.10808632815708877,NSE
subsequent_2016_2020,camelscl_8351001,3,0,Knoben_K5,5,1209,-3.7292591408565094,-0.46302556490950675,0.17252188330538396,NSE
subsequent_2016_2020,hysets_01010070,4,1,Knoben_K5,5,1096,0.17532540137675934,0.5475485976892255,0.11385080257907947,NSE
subsequent_2016_2020,hysets_01022500,1,1,Knoben_K5,5,1096,0.7929265917132606,0.8891843640160338,0.05410773906946902,NSE
subsequent_2016_2020,hysets_01031500,1,1,Knoben_K5,5,1096,0.7549874050467684,0.7090916922192824,0.057671293664065516,NSE
subsequent_2016_2020,hysets_01038000,3,1,Knoben_K5,5,1096,0.44616613278017203,0.6662581299451402,0.08651263782742365,NSE
subsequent_2016_2020,hysets_01047000,2,1,Knoben_K5,5,1096,0.9169484192751932,0.8909147808597585,0.03024625197253748,NSE
subsequent_2016_2020,hysets_01054200,1,1,Knoben_K5,5,1096,-0.21111516781286377,0.19012606667844278,0.04980421199595103,NSE
subsequent_2016_2020,hysets_01055000,3,1,Knoben_K5,5,1096,0.8141803834236078,0.7676542048550645,0.03273078137185433,NSE
subsequent_2016_2020,hysets_01057000,2,1,Knoben_K5,5,1096,0.5226695412511235,0.6643170204160845,0.08156648549077414,NSE
subsequent_2016_2020,hysets_01064500,3,1,Knoben_K5,5,1096,0.42319950904141035,0.43854334437951303,0.04489716191325372,NSE
subsequent_2016_2020,hysets_01076500,1,1,Knoben_K5,5,1096,0.7356146295050727,0.7373468969226488,0.03881276152656556,NSE
subsequent_2016_2020,hysets_01078000,2,1,Knoben_K5,5,1096,0.45278446448778686,0.647944589183697,0.07509653895952151,NSE
subsequent_2016_2020,hysets_01096000,1,0,Knoben_K5,5,1096,0.5098145020562348,0.5502324877460505,0.0697724855767608,NSE
subsequent_2016_2020,hysets_01118000,1,1,Knoben_K5,5,1096,-0.3007172880415121,0.3069051599781345,0.15757293856391696,NSE
subsequent_2016_2020,hysets_01134500,1,1,Knoben_K5,5,1096,0.6843704066867696,0.8417487683131273,0.061775818639034356,NSE
subsequent_2016_2020,hysets_01137500,4,1,Knoben_K5,5,1096,-0.292341784489341,0.3603826335568374,0.07406003978046463,NSE
subsequent_2016_2020,hysets_01169000,5,1,Knoben_K5,5,1096,0.4597358392658283,0.49556728416521234,0.04686263342716881,NSE
subsequent_2016_2020,hysets_01174500,5,1,Knoben_K5,5,1096,0.39343641533426055,0.48184859031553817,0.07588575748795044,NSE
subsequent_2016_2020,hysets_01181000,5,1,Knoben_K5,5,1096,0.15705395641378894,0.36363004246727937,0.04226011799490503,NSE
subsequent_2016_2020,hysets_01439500,5,1,Knoben_K5,5,1096,0.6553612990133653,0.6356852928910173,0.07763409863477949,NSE
subsequent_2016_2020,hysets_01440000,4,1,Knoben_K5,5,1096,0.6502485616846589,0.6832446338529579,0.048060114175420235,NSE
subsequent_2016_2020,hysets_01447500,1,1,Knoben_K5,5,1096,0.5438723439559815,0.7199911169410228,0.0669274651719314,NSE
subsequent_2016_2020,hysets_01543000,4,1,Knoben_K5,5,1096,0.5131742493110932,0.7580393686630884,0.08888240909929959,NSE
subsequent_2016_2020,hysets_01543500,2,1,Knoben_K5,5,1096,0.9398393153683381,0.9603025903193687,0.0271571390732078,NSE
subsequent_2016_2020,hysets_01544500,3,1,Knoben_K5,5,1096,0.589035524746393,0.617172990063557,0.06401587467799448,NSE
subsequent_2016_2020,hysets_01545600,5,0,Knoben_K5,5,1096,-0.20329600025033745,0.45286661845251175,0.09782292918352556,NSE
subsequent_2016_2020,hysets_01550000,5,1,Knoben_K5,5,1096,0.5947036149850649,0.7263364549722771,0.04709022140461968,NSE
subsequent_2016_2020,hysets_01552000,2,0,Knoben_K5,5,1096,0.27481748033753106,0.38313669638525927,0.06618243095460202,NSE
subsequent_2016_2020,hysets_01605500,1,1,Knoben_K5,5,1096,0.36365821814775623,0.4169356460930085,0.045188523521958145,NSE
subsequent_2016_2020,hysets_01606500,3,1,Knoben_K5,5,1096,0.32252770507886297,0.4977467176099669,0.052264809558918233,NSE
subsequent_2016_2020,hysets_01611500,5,1,Knoben_K5,5,1096,-0.2506856723353903,0.09744828036225028,0.09922608292380274,NSE
subsequent_2016_2020,hysets_01665500,3,0,Knoben_K5,5,1096,0.06060183048253509,0.13399063017752,0.050658028647402445,NSE
subsequent_2016_2020,hysets_01669520,2,1,Knoben_K5,5,1096,-0.09531558681754948,0.46146287687242526,0.04617115856628331,NSE
subsequent_2016_2020,hysets_01673800,1,1,Knoben_K5,5,1096,0.3197197479972085,0.3811035329490936,0.051020716402542854,NSE
subsequent_2016_2020,hysets_01AJ010,2,1,Knoben_K5,5,731,0.3600212481165702,0.6589532053127483,0.10050538259100975,NSE
subsequent_2016_2020,hysets_01AK001,3,1,Knoben_K5,5,731,0.8032957947824397,0.8767097462934224,0.06288866982282561,NSE
subsequent_2016_2020,hysets_01AK007,1,1,Knoben_K5,5,731,0.7817485814651375,0.7347512811153938,0.0633871435334864,NSE
subsequent_2016_2020,hysets_01AL002,2,1,Knoben_K5,5,731,0.20082510584201974,0.5184477021016722,0.11564100068332145,NSE
subsequent_2016_2020,hysets_01AM001,4,1,Knoben_K5,5,731,0.8480956182138795,0.8873332768770904,0.042758090961058016,NSE
subsequent_2016_2020,hysets_01AN002,1,1,Knoben_K5,5,731,0.8762110439854056,0.8446864577945737,0.05029721726757436,NSE
subsequent_2016_2020,hysets_01AP002,4,1,Knoben_K5,5,731,0.7686883419404225,0.6341709815599915,0.05713213403667004,NSE
subsequent_2016_2020,hysets_01AQ001,4,1,Knoben_K5,5,1096,0.3513725827127937,0.20372555631938838,0.059504142180398824,NSE
subsequent_2016_2020,hysets_01BJ003,1,1,Knoben_K5,5,731,0.39563312110149695,0.6552627121894872,0.09007898244651166,NSE
subsequent_2016_2020,hysets_01BL002,3,1,Knoben_K5,5,731,-0.08568365098916209,0.1491944011144849,0.137671559585521,NSE
subsequent_2016_2020,hysets_01BQ001,2,1,Knoben_K5,5,731,0.37620919989682666,0.546578587139692,0.06386491144541086,NSE
subsequent_2016_2020,hysets_01BS001,3,1,Knoben_K5,5,731,0.7498415453173659,0.7615536922920192,0.04991516074384358,NSE
subsequent_2016_2020,hysets_01BU002,1,1,Knoben_K5,5,731,0.5706262392527752,0.38750539035676235,0.0779604637879992,NSE
subsequent_2016_2020,hysets_01BV006,1,1,Knoben_K5,5,731,0.4323912385098504,0.3963035561258068,0.05773188110405875,NSE
subsequent_2016_2020,hysets_01DR001,2,1,Knoben_K5,5,1096,-0.14466564683549876,0.0661317175973819,0.1180982695271345,NSE
subsequent_2016_2020,hysets_01EC001,5,1,Knoben_K5,5,1096,0.5384555271198428,0.6912673067361695,0.11932874882977362,NSE
subsequent_2016_2020,hysets_01ED007,2,1,Knoben_K5,5,1096,0.6044175334665356,0.7760397282929056,0.1078196448332047,NSE
subsequent_2016_2020,hysets_01EF001,3,1,Knoben_K5,5,1096,0.5371041438609064,0.7691915714074504,0.1289154916137296,NSE
subsequent_2016_2020,hysets_01EO001,5,1,Knoben_K5,5,1096,0.4119836158008907,0.3882367150378624,0.082331346033001,NSE
subsequent_2016_2020,hysets_01FB001,5,1,Knoben_K5,5,1096,0.250501134625148,0.24892979253173153,0.09361150313593584,NSE
subsequent_2016_2020,hysets_01FB003,4,1,Knoben_K5,5,1096,0.1591732765929278,0.5653846051624839,0.15161678146866053,NSE
subsequent_2016_2020,hysets_02011400,5,1,Knoben_K5,5,1096,0.4426457966406854,0.528615444459877,0.052873597294529805,NSE
subsequent_2016_2020,hysets_02011460,5,1,Knoben_K5,5,1096,-0.26176059480703695,0.29069066938070576,0.05913269571767936,NSE
subsequent_2016_2020,hysets_02013000,3,1,Knoben_K5,5,1096,0.6523607177683846,0.7043909966932289,0.03850435212887202,NSE
subsequent_2016_2020,hysets_02014000,2,1,Knoben_K5,5,1096,0.45847052316266523,0.7094548403813687,0.07078424024903675,NSE
subsequent_2016_2020,hysets_02015700,2,1,Knoben_K5,5,1096,0.4516846892463363,0.4983662585472042,0.0401812050348511,NSE
subsequent_2016_2020,hysets_02016000,5,1,Knoben_K5,5,1096,0.13038578466741912,0.5907252977605897,0.07031943397030815,NSE
subsequent_2016_2020,hysets_02017500,5,1,Knoben_K5,5,1096,0.8989381193396065,0.9279092452651376,0.03591448677308955,NSE
subsequent_2016_2020,hysets_02018000,3,1,Knoben_K5,5,1096,0.7837718552520826,0.889184583187778,0.04463087534907432,NSE
subsequent_2016_2020,hysets_02020500,4,1,Knoben_K5,5,1096,0.7657029015339858,0.7013423034359663,0.03237709053638759,NSE
subsequent_2016_2020,hysets_02021500,3,1,Knoben_K5,5,1096,0.9159792846081695,0.873952745671205,0.02065624363701203,NSE
subsequent_2016_2020,hysets_02027000,4,0,Knoben_K5,5,1096,-0.21929806263531426,-0.40133267918339555,0.06431777354673496,NSE
subsequent_2016_2020,hysets_02028500,4,0,Knoben_K5,5,1096,-0.341164183859084,0.29682752150861735,0.09242295351812578,NSE
subsequent_2016_2020,hysets_02030000,4,1,Knoben_K5,5,1096,-0.3287091546273524,0.17248258312929632,0.08035837668263861,NSE
subsequent_2016_2020,hysets_02041000,4,1,Knoben_K5,5,1096,0.28282185763910106,0.2673143970697336,0.03245689631997357,NSE
subsequent_2016_2020,hysets_02046000,4,1,Knoben_K5,5,1096,-0.3771889738706351,0.18895439460314412,0.08081080153797122,NSE
subsequent_2016_2020,hysets_02212600,4,1,Knoben_K5,5,1096,-0.31142401621649185,-0.10048231304374067,0.06812353558370682,NSE
subsequent_2016_2020,hysets_02325000,1,1,Knoben_K5,5,1096,-7.533027120156479,-0.9932791090090103,0.44596598940757093,NSE
subsequent_2016_2020,hysets_02326000,3,1,Knoben_K5,5,1096,-56.35306609176863,-5.623628935952472,1.2579623708950258,NSE
subsequent_2016_2020,hysets_02327100,1,1,Knoben_K5,5,1096,-0.3168262644397706,-0.399200247897872,0.1496190639534305,NSE
subsequent_2016_2020,hysets_02331600,1,1,Knoben_K5,5,1096,0.5093433191973011,0.5748198008401053,0.04392837686323144,NSE
subsequent_2016_2020,hysets_02373000,5,1,Knoben_K5,5,1079,0.21498736642430327,0.14847122459728967,0.08932468948294142,NSE
subsequent_2016_2020,hysets_02374500,3,1,Knoben_K5,5,1096,0.2585914041362244,0.539311166166792,0.03958346117942866,NSE
subsequent_2016_2020,hysets_02380500,2,1,Knoben_K5,5,1096,0.6509063475198038,0.8021902139305739,0.05751856486332819,NSE
subsequent_2016_2020,hysets_02401390,4,1,Knoben_K5,5,1095,-0.006142585857708216,-0.10405759294964878,0.09444255414841236,NSE
subsequent_2016_2020,hysets_02450250,3,1,Knoben_K5,5,1096,0.23063752937447057,0.13696658773437598,0.07375978412903451,NSE
subsequent_2016_2020,hysets_02469800,5,1,Knoben_K5,5,1096,0.09446297140971383,-0.038481169300738305,0.07737009587702086,NSE
subsequent_2016_2020,hysets_02479155,1,1,Knoben_K5,5,1095,-0.028336194472007303,0.14360928742799184,0.07467995957552777,NSE
subsequent_2016_2020,hysets_02479300,1,0,Knoben_K5,5,884,-0.6203823181591188,-0.6116346318931802,0.1285634864956743,NSE
subsequent_2016_2020,hysets_02479560,3,1,Knoben_K5,5,1096,0.3426822300880875,0.36508679960718315,0.050230621367905355,NSE
subsequent_2016_2020,hysets_02AB017,5,1,Knoben_K5,5,731,0.06818321019957152,0.29847525541093467,0.145902694129215,NSE
subsequent_2016_2020,hysets_02AC001,3,1,Knoben_K5,5,731,-1.560894564652243,-0.047063853464384575,0.2995362377057229,NSE
subsequent_2016_2020,hysets_02AD010,2,1,Knoben_K5,5,1096,-1.5291408949617722,-0.06835089834090446,0.2191585331261664,NSE
subsequent_2016_2020,hysets_02BA003,2,1,Knoben_K5,5,731,-4.597205727480285,-0.769750747253118,0.3143410124049503,NSE
subsequent_2016_2020,hysets_02BF001,4,1,Knoben_K5,5,731,0.23802907061631962,0.6423335285894303,0.1075399592889197,NSE
subsequent_2016_2020,hysets_02BF002,1,1,Knoben_K5,5,731,0.055988875033285534,0.04386310332022081,0.12116329393091813,NSE
subsequent_2016_2020,hysets_02CB003,2,1,Knoben_K5,5,731,0.792092860203549,0.7388769541034328,0.05978840553255345,NSE
subsequent_2016_2020,hysets_02CD006,2,1,Knoben_K5,5,731,-1.4105147897386505,-0.10292962188686117,0.29026453873734204,NSE
subsequent_2016_2020,hysets_02DD015,1,1,Knoben_K5,5,731,0.2214003657982193,0.630742849289835,0.14123841873293222,NSE
subsequent_2016_2020,hysets_02HL003,5,1,Knoben_K5,5,1096,0.19794058876648535,0.3259086680748494,0.10032241000424712,NSE
subsequent_2016_2020,hysets_02HL004,5,1,Knoben_K5,5,1096,0.3964259982471,0.5728793786376503,0.10762568384083783,NSE
subsequent_2016_2020,hysets_02JC008,1,1,Knoben_K5,5,731,-1.0805997580657132,0.005506773014340216,0.2168206284304139,NSE
subsequent_2016_2020,hysets_02YC001,1,1,Knoben_K5,5,731,0.043387377062502064,0.43375532581377385,0.17869754800723336,NSE
subsequent_2016_2020,hysets_02YD002,1,1,Knoben_K5,5,731,0.2240139062981118,0.4167197461044744,0.13843329757570574,NSE
subsequent_2016_2020,hysets_02YJ001,4,1,Knoben_K5,5,731,0.42442891667300275,0.36293236357400316,0.11285724790905455,NSE
subsequent_2016_2020,hysets_02YK002,3,1,Knoben_K5,5,731,-0.28548012865046357,-0.07985664215236299,0.1784739147648684,NSE
subsequent_2016_2020,hysets_02YK005,1,1,Knoben_K5,5,731,0.4470432858218215,0.4441826606939002,0.14484358618566204,NSE
subsequent_2016_2020,hysets_02YN002,5,1,Knoben_K5,5,731,-0.2852401014254262,-0.03440042881890015,0.17697521561637247,NSE
subsequent_2016_2020,hysets_02YO006,5,1,Knoben_K5,5,1096,0.6905284976188988,0.6552554744808667,0.04784117770185156,NSE
subsequent_2016_2020,hysets_02YO008,2,1,Knoben_K5,5,1096,0.5412308247865902,0.4735154021037091,0.05287717374699013,NSE
subsequent_2016_2020,hysets_02YR001,1,1,Knoben_K5,5,1096,0.2597040483720525,0.5992492025045396,0.13896397036597144,NSE
subsequent_2016_2020,hysets_02YR003,4,1,Knoben_K5,5,1096,0.08659160213461536,0.5078939828241407,0.16573882292950803,NSE
subsequent_2016_2020,hysets_02ZB001,1,1,Knoben_K5,5,731,-0.09758292295274607,-0.26824923930626166,0.08432734230144666,NSE
subsequent_2016_2020,hysets_02ZC002,3,1,Knoben_K5,5,731,-0.18270231281938787,-0.37857647756904145,0.11834485351007518,NSE
subsequent_2016_2020,hysets_02ZF001,3,1,Knoben_K5,5,1096,-1.2027857488815803,0.11786185315784037,0.2121678204714468,NSE
subsequent_2016_2020,hysets_02ZG001,5,1,Knoben_K5,5,731,-0.10793793543000652,0.07677292468268082,0.15578413816204464,NSE
subsequent_2016_2020,hysets_02ZG003,3,1,Knoben_K5,5,692,-0.37084713794054336,-0.4347856521030422,0.14273132482431938,NSE
subsequent_2016_2020,hysets_02ZH001,3,1,Knoben_K5,5,731,-0.48278143325083467,-0.4399595037483346,0.13505117958179627,NSE
subsequent_2016_2020,hysets_02ZK001,2,1,Knoben_K5,5,731,0.014244343285947814,0.05320159445371986,0.13257308854553826,NSE
subsequent_2016_2020,hysets_02ZK004,2,1,Knoben_K5,5,731,0.09498060175464473,0.12960805637377348,0.14366573824719406,NSE
subsequent_2016_2020,hysets_03010500,2,0,Knoben_K5,5,1096,0.6302100307055487,0.8168220414691058,0.06974518584150143,NSE
subsequent_2016_2020,hysets_03010655,1,1,Knoben_K5,5,1096,0.6118513749396121,0.7766240924243307,0.05198557527022949,NSE
subsequent_2016_2020,hysets_03021350,3,0,Knoben_K5,5,1096,0.41491676214393214,0.40592107309355085,0.06867387216484078,NSE
subsequent_2016_2020,hysets_03028000,1,1,Knoben_K5,5,1096,-0.6528715947249335,0.30259495200048525,0.0931539317575119,NSE
subsequent_2016_2020,hysets_03065000,1,1,Knoben_K5,5,1096,0.6371800670686337,0.6843668658691194,0.055392190985891196,NSE
subsequent_2016_2020,hysets_03070500,1,1,Knoben_K5,5,1096,0.13706997840614288,0.5182820174911896,0.09145326157298866,NSE
subsequent_2016_2020,hysets_03072000,1,1,Knoben_K5,5,1096,0.08404914780940143,0.37760963720052954,0.09528181687349074,NSE
subsequent_2016_2020,hysets_03110000,4,1,Knoben_K5,5,1096,0.10088231686804527,0.3464438297129854,0.06294391780607486,NSE
subsequent_2016_2020,hysets_03151400,5,1,Knoben_K5,5,1096,0.3765407844736749,0.28892821130656277,0.06235715313243979,NSE
subsequent_2016_2020,hysets_03159540,3,1,Knoben_K5,5,1096,-0.0053039458909922566,0.280038530724664,0.08954198033123649,NSE
subsequent_2016_2020,hysets_03180500,4,1,Knoben_K5,5,1096,0.8745426195235546,0.9026966902180023,0.027946305039200096,NSE
subsequent_2016_2020,hysets_03182500,3,1,Knoben_K5,5,1096,0.5508238292989599,0.6482369353582849,0.049747418886779415,NSE
subsequent_2016_2020,hysets_03186500,3,1,Knoben_K5,5,1096,0.7270861063115817,0.520381200017749,0.031490924465296395,NSE
subsequent_2016_2020,hysets_03187500,2,1,Knoben_K5,5,1096,0.9307603735393358,0.9352652719147412,0.01998897878427592,NSE
subsequent_2016_2020,hysets_03189100,2,1,Knoben_K5,5,929,0.8942072059311909,0.8596669763361904,0.021367105434257995,NSE
subsequent_2016_2020,hysets_03194700,3,1,Knoben_K5,5,1096,0.7564907159308758,0.6693039345985206,0.047275746480625186,NSE
subsequent_2016_2020,hysets_03198500,5,0,Knoben_K5,5,1096,0.5301102640640529,0.7528715622571336,0.06728069623197235,NSE
subsequent_2016_2020,hysets_03202400,5,1,Knoben_K5,5,1096,0.6277300658353901,0.8078971445890426,0.03750378816134462,NSE
subsequent_2016_2020,hysets_03202750,2,1,Knoben_K5,5,1096,0.7098547663518309,0.6656059067037506,0.0510148065044446,NSE
subsequent_2016_2020,hysets_03207800,1,1,Knoben_K5,5,1096,0.7742609216538736,0.6241442860979658,0.026522721347894025,NSE
subsequent_2016_2020,hysets_03208500,2,1,Knoben_K5,5,1096,0.5281274246732696,0.4162165747449159,0.037372631215316685,NSE
subsequent_2016_2020,hysets_03210000,2,1,Knoben_K5,5,1096,-0.3131654180289931,-0.1175838938813889,0.09890176012175408,NSE
subsequent_2016_2020,hysets_03217000,3,1,Knoben_K5,5,1096,-0.07656591421920544,0.24619450031207246,0.07781101784290835,NSE
subsequent_2016_2020,hysets_03280700,2,1,Knoben_K5,5,1096,0.1869457705237032,0.1885064724993335,0.05078325477678777,NSE
subsequent_2016_2020,hysets_03460000,4,1,Knoben_K5,5,1096,-1.0129643899098255,-0.649838222981687,0.11327946972129609,NSE
subsequent_2016_2020,hysets_03497300,4,1,Knoben_K5,5,1094,0.3269534069186014,0.320590972046901,0.06351373887598295,NSE
subsequent_2016_2020,hysets_03512000,3,1,Knoben_K5,5,1096,0.7728026744490598,0.6510642225876464,0.03718894751538742,NSE
subsequent_2016_2020,hysets_03574500,4,1,Knoben_K5,5,1096,0.3829519803491984,0.4434005112912909,0.07347516743886683,NSE
subsequent_2016_2020,hysets_04015330,4,1,Knoben_K5,5,1096,-0.4575256406450914,-0.12338712591964396,0.11063279485527917,NSE
subsequent_2016_2020,hysets_04024430,2,1,Knoben_K5,5,1096,-3.3986993875212823,-1.0797353925550004,0.11760624311278323,NSE
subsequent_2016_2020,hysets_04025500,2,1,Knoben_K5,5,1096,-3.6740195479822306,-0.3135773427748083,0.18657112700094092,NSE
subsequent_2016_2020,hysets_04057510,2,1,Knoben_K5,5,1096,-4.245237076504117,-0.480580629580899,0.37528271711071065,NSE
subsequent_2016_2020,hysets_04063700,5,1,Knoben_K5,5,1096,0.5452748267383216,0.510513464216686,0.11361151028632711,NSE
subsequent_2016_2020,hysets_04256000,4,1,Knoben_K5,5,1096,-0.06308746879282978,0.512249532324488,0.11949970149318784,NSE
subsequent_2016_2020,hysets_04262500,1,1,Knoben_K5,5,1096,-0.6962923503838079,0.31352919126721335,0.15666665884115116,NSE
subsequent_2016_2020,hysets_04269000,4,1,Knoben_K5,5,1096,0.21051428566238162,0.5793473381450638,0.12079916101100203,NSE
subsequent_2016_2020,hysets_04287000,4,0,Knoben_K5,5,1096,0.3037231494572624,0.6193063068197404,0.07320986009895378,NSE
subsequent_2016_2020,hysets_04296000,5,1,Knoben_K5,5,1096,0.5971777059085852,0.5424634631715581,0.08910039216355725,NSE
subsequent_2016_2020,hysets_05AA008,2,1,Knoben_K5,5,1096,0.4537698418105892,0.3176488357323566,0.12831989942173463,NSE
subsequent_2016_2020,hysets_05BG006,2,0,Knoben_K5,5,1096,-7.0384181387535385,-1.4012397462300532,0.18017263982527768,NSE
subsequent_2016_2020,hysets_05DA009,1,0,Knoben_K5,5,366,-0.8380630438241357,0.052613478729179874,0.3805141548855497,NSE
subsequent_2016_2020,hysets_05DC006,1,1,Knoben_K5,5,1096,-17.173031891644147,-2.4470340992134463,0.5774768496419442,NSE
subsequent_2016_2020,hysets_05QE008,5,1,Knoben_K5,5,366,-7.409870851398464,-0.9655229627719311,0.7469917454621807,NSE
subsequent_2016_2020,hysets_05QE009,3,1,Knoben_K5,5,731,-0.08050602615993019,0.5024985344308668,0.18326080586403065,NSE
subsequent_2016_2020,hysets_05QE012,4,1,Knoben_K5,5,731,-4.100631429803329,-0.3266668505425421,0.5560638522295275,NSE
subsequent_2016_2020,hysets_05TG002,4,1,Knoben_K5,5,731,-1.353711366229898,-0.5726530715625209,0.2708526752698312,NSE
subsequent_2016_2020,hysets_05UF004,2,1,Knoben_K5,5,731,0.13275114427902124,0.03546451888500002,0.18545670877106818,NSE
subsequent_2016_2020,hysets_06019500,5,1,Knoben_K5,5,1096,-24.069909029174518,-3.463791810733225,0.8000487206342639,NSE
subsequent_2016_2020,hysets_06191000,2,1,Knoben_K5,5,1096,0.7124157385984913,0.7405865855498273,0.10130044443179426,NSE
subsequent_2016_2020,hysets_06200000,1,1,Knoben_K5,5,1096,0.4772709996209844,0.3340690983786002,0.12363923041030025,NSE
subsequent_2016_2020,hysets_06224000,3,1,Knoben_K5,5,1096,0.4336184723252693,0.3901144170332903,0.10394521920689033,NSE
subsequent_2016_2020,hysets_06289000,1,1,Knoben_K5,5,1096,-0.24157998252384716,0.4614899665254095,0.12712938461790582,NSE
subsequent_2016_2020,hysets_06309200,4,1,Knoben_K5,5,1096,0.25072614016193084,0.16553768460694385,0.09723439089481363,NSE
subsequent_2016_2020,hysets_06332515,2,1,Knoben_K5,5,1096,-5.5269163795209275,-5.541649758285338,0.16941942841440472,NSE
subsequent_2016_2020,hysets_06339100,1,0,Knoben_K5,5,1096,-1.6041176834289974,-2.8841787814045405,0.11072333746813978,NSE
subsequent_2016_2020,hysets_06344600,1,0,Knoben_K5,5,1096,-2.182710488143811,-4.712633160947679,0.0915039243630515,NSE
subsequent_2016_2020,hysets_06400875,3,1,Knoben_K5,5,1096,-433.96295204079934,-126.71430844305975,0.8145589318993006,NSE
subsequent_2016_2020,hysets_06404000,3,1,Knoben_K5,5,1096,-6.053790836752744,-0.8702616171004962,0.13598562526245525,NSE
subsequent_2016_2020,hysets_06406000,4,1,Knoben_K5,5,1096,-199.3268023228239,-12.59119622479066,0.7859808484552829,NSE
subsequent_2016_2020,hysets_06409000,1,1,Knoben_K5,5,1096,-23.693103922409236,-2.612953609707638,0.6094479225387831,NSE
subsequent_2016_2020,hysets_06422500,2,1,Knoben_K5,5,1096,-0.6070605999958456,-0.26107166697964157,0.10377365941259027,NSE
subsequent_2016_2020,hysets_06623800,5,1,Knoben_K5,5,1096,0.6640959275555133,0.3814209669135924,0.08993588953218688,NSE
subsequent_2016_2020,hysets_06712000,1,1,Knoben_K5,5,1096,-165.34477091615315,-11.136008957039767,1.3783512864449272,NSE
subsequent_2016_2020,hysets_06719505,3,1,Knoben_K5,5,1096,-2.0895485388697264,-0.7167456263720875,0.2700910287749992,NSE
subsequent_2016_2020,hysets_06876700,2,1,Knoben_K5,5,1096,-2.9119783061855116,-1.2210822890520805,0.20468948782821833,NSE
subsequent_2016_2020,hysets_06FD002,4,1,Knoben_K5,5,731,-1.1267631070942228,-0.54004115145622,0.14039859576276004,NSE
subsequent_2016_2020,hysets_07060710,1,1,Knoben_K5,5,1095,-1.1516522334283135,-0.3315687191927206,0.07862525358621103,NSE
subsequent_2016_2020,hysets_07124200,2,1,Knoben_K5,5,1096,0.48717529879990995,0.4785531474575322,0.050231464980813656,NSE
subsequent_2016_2020,hysets_07203000,3,1,Knoben_K5,5,1096,-41.98256656604579,-7.349946442691495,0.44459182835228167,NSE
subsequent_2016_2020,hysets_07207500,3,1,Knoben_K5,5,1096,-2.8052064526859755,-3.374702418100245,0.12502688554472327,NSE
subsequent_2016_2020,hysets_07208500,5,1,Knoben_K5,5,1091,0.45779931159653964,0.3658152025139312,0.0663678283983074,NSE
subsequent_2016_2020,hysets_07291000,1,1,Knoben_K5,5,1093,-0.1564120496502317,-0.13721517713976916,0.061922037702095686,NSE
subsequent_2016_2020,hysets_07299670,1,1,Knoben_K5,5,1096,-6.715458832166543,-1.6085068903961357,0.1432461925952555,NSE
subsequent_2016_2020,hysets_07315200,3,1,Knoben_K5,5,1096,-0.7169499976548024,-2.926733693003949,0.07899245849045114,NSE
subsequent_2016_2020,hysets_07335700,1,1,Knoben_K5,5,1096,-0.7159038737581889,0.08240668520974992,0.08196346629305921,NSE
subsequent_2016_2020,hysets_07337900,3,1,Knoben_K5,5,1096,0.3711538764594474,0.22754520098937292,0.04607972439498314,NSE
subsequent_2016_2020,hysets_07340300,4,1,Knoben_K5,5,1096,0.4244805535002921,0.22353456153674933,0.05450952722934668,NSE
subsequent_2016_2020,hysets_07352000,5,1,Knoben_K5,5,1096,0.35182503285683475,0.41751466898506684,0.03369329570006135,NSE
subsequent_2016_2020,hysets_07361500,3,1,Knoben_K5,5,1089,0.5093620930426872,0.48020440838337797,0.04052611744957355,NSE
subsequent_2016_2020,hysets_07362100,3,1,Knoben_K5,5,1096,0.45105584568605517,0.4954001047719213,0.04671226763831482,NSE
subsequent_2016_2020,hysets_07373000,1,1,Knoben_K5,5,1096,0.13156212214536356,0.499934333453384,0.06448418366148527,NSE
subsequent_2016_2020,hysets_07376000,1,1,Knoben_K5,5,1096,0.42310790077985194,0.4066259451789054,0.036796575447285235,NSE
subsequent_2016_2020,hysets_07377000,3,0,Knoben_K5,5,1096,-0.04006479402305052,0.15852694641298515,0.04896420565257398,NSE
subsequent_2016_2020,hysets_07BJ001,5,1,Knoben_K5,5,366,-0.7279549052606902,-0.3428538872556184,0.2221723859452438,NSE
subsequent_2016_2020,hysets_07MA003,4,1,Knoben_K5,5,731,-38.83230074407319,-3.1420610622318375,0.9485364965118956,NSE
subsequent_2016_2020,hysets_07SB013,5,0,Knoben_K5,5,366,-10374357.690052591,-7244.277203345339,812.5437202187957,NSE
subsequent_2016_2020,hysets_08013000,3,1,Knoben_K5,5,1096,-0.09314670880450682,0.32986801171092506,0.07110265829962845,NSE
subsequent_2016_2020,hysets_08013500,4,1,Knoben_K5,5,1096,0.047918565673427116,0.26826312186800183,0.08357080308409752,NSE
subsequent_2016_2020,hysets_08014500,1,1,Knoben_K5,5,1096,-0.1089560655570132,-0.023468296690562163,0.08038887620137722,NSE
subsequent_2016_2020,hysets_08025500,4,1,Knoben_K5,5,1094,0.1985477982731324,0.04658326265224044,0.036786914818506114,NSE
subsequent_2016_2020,hysets_08029500,5,1,Knoben_K5,5,1096,0.20697663922542298,0.3323520316045394,0.03238785537677893,NSE
subsequent_2016_2020,hysets_08065800,1,1,Knoben_K5,5,1096,0.0496430812207479,0.2201378241824331,0.0682637653405585,NSE
subsequent_2016_2020,hysets_08066200,2,1,Knoben_K5,5,1096,0.16544559671132464,0.511730345024936,0.05677080615538143,NSE
subsequent_2016_2020,hysets_08068720,1,1,Knoben_K5,5,1096,0.44401190496028686,0.5503966737384572,0.03734814549550521,NSE
subsequent_2016_2020,hysets_08070000,4,1,Knoben_K5,5,1095,-0.0014442155971687853,-0.24970473163494988,0.0374511948480387,NSE
subsequent_2016_2020,hysets_08082700,4,1,Knoben_K5,5,1096,0.08722496918595535,-0.19051814148203183,0.07130595950398211,NSE
subsequent_2016_2020,hysets_08084800,3,1,Knoben_K5,5,1096,-2.5050826385767677,-2.222229075185894,0.18431300518092433,NSE
subsequent_2016_2020,hysets_08086212,5,1,Knoben_K5,5,1096,-0.2532811957751604,-0.05139049558958231,0.05676491478281891,NSE
subsequent_2016_2020,hysets_08150800,3,1,Knoben_K5,5,1096,-1.4516616872381531,-7.184651167278913,0.04771843260763551,NSE
subsequent_2016_2020,hysets_08164300,2,1,Knoben_K5,5,1096,0.45238950993050087,0.08545361835419218,0.02765867646321164,NSE
subsequent_2016_2020,hysets_08165300,1,1,Knoben_K5,5,1096,-3.066690416191773,-4.682178511079971,0.06523734735319175,NSE
subsequent_2016_2020,hysets_08165500,3,1,Knoben_K5,5,1096,-0.852838318155577,-1.8764169329242693,0.04278416509651122,NSE
subsequent_2016_2020,hysets_08171000,5,1,Knoben_K5,5,1096,-22.244296096556262,-3.3751195504573337,0.30065762721606326,NSE
subsequent_2016_2020,hysets_08175000,5,1,Knoben_K5,5,1096,0.3132425008030877,0.06353539474170877,0.036079631916212745,NSE
subsequent_2016_2020,hysets_08176900,1,0,Knoben_K5,5,1096,-1.2402403680516239,-1.456409585328383,0.0863884664811539,NSE
subsequent_2016_2020,hysets_08178880,4,1,Knoben_K5,5,1096,-1.7675041608451565,-1.0569119801154683,0.07311925498484831,NSE
subsequent_2016_2020,hysets_08189500,2,0,Knoben_K5,5,1095,-2.5722322706111678,-3.4762039573085355,0.11822079385300852,NSE
subsequent_2016_2020,hysets_08194200,5,1,Knoben_K5,5,884,-36.51955870031477,-34.42942480940357,0.25202587086872036,NSE
subsequent_2016_2020,hysets_08195000,2,1,Knoben_K5,5,1096,-2.2972437459926693,-0.4044586188745598,0.09273699940166065,NSE
subsequent_2016_2020,hysets_08198000,5,1,Knoben_K5,5,1096,-12.204921331598532,-3.8219396016203024,0.2867607568984638,NSE
subsequent_2016_2020,hysets_08198500,1,1,Knoben_K5,5,1096,-41.86303239251031,-13.567514494197535,0.48557115165070636,NSE
subsequent_2016_2020,hysets_08201500,1,0,Knoben_K5,5,1096,-4.537336097604382,-2.228395147216285,0.11275322759644256,NSE
subsequent_2016_2020,hysets_08202700,3,0,Knoben_K5,5,1096,-193.90380506105896,-131.5129059567148,0.48727506939324194,NSE
subsequent_2016_2020,hysets_08247500,2,1,Knoben_K5,5,1096,0.28695045560120436,-0.26636683764041247,0.11135269296071489,NSE
subsequent_2016_2020,hysets_08269000,3,1,Knoben_K5,5,1096,0.5369697727598154,0.33122041202260644,0.08857993341445224,NSE
subsequent_2016_2020,hysets_08279000,2,1,Knoben_K5,5,1096,-0.8229137201455725,-0.13601772914561439,0.2045351087249674,NSE
subsequent_2016_2020,hysets_08284100,1,1,Knoben_K5,5,1096,0.5972741266579222,0.5589151069557554,0.09288693661084156,NSE
subsequent_2016_2020,hysets_08289000,3,1,Knoben_K5,5,1004,-1.261988882738108,-1.2327448909786392,0.1787576688520174,NSE
subsequent_2016_2020,hysets_08291000,2,1,Knoben_K5,5,1085,0.016564244866470013,0.42372339445928897,0.17705438009393298,NSE
subsequent_2016_2020,hysets_08324000,4,1,Knoben_K5,5,1096,0.4259307069062894,0.434110863603426,0.13576458732445945,NSE
subsequent_2016_2020,hysets_08334000,4,1,Knoben_K5,5,1096,-4152.202736100468,-118.26155456889396,6.390105006519642,NSE
subsequent_2016_2020,hysets_08378500,5,1,Knoben_K5,5,1096,-0.3398108744898176,-0.18142277450716415,0.2089482384253776,NSE
subsequent_2016_2020,hysets_08401200,4,1,Knoben_K5,5,1096,-37803.486667865494,-2636.816856698331,6.164248870826211,NSE
subsequent_2016_2020,hysets_08401900,5,1,Knoben_K5,5,1096,-2685.8248813706036,-425.2918119844303,1.9464733960700975,NSE
subsequent_2016_2020,hysets_08405150,5,1,Knoben_K5,5,1096,-9018.685399808468,-1029.3870248176763,2.8966934486169333,NSE
subsequent_2016_2020,hysets_08405500,3,1,Knoben_K5,5,1095,-186946.04514990412,-429.5457022657394,15.311788953153531,NSE
subsequent_2016_2020,hysets_08AA008,1,1,Knoben_K5,5,731,-74.51964980558847,-6.588051310152416,1.9536490390728036,NSE
subsequent_2016_2020,hysets_08AA009,4,1,Knoben_K5,5,731,-242.716120989987,-14.95645618617236,2.720585674629118,NSE
subsequent_2016_2020,hysets_08AC001,2,1,Knoben_K5,5,731,-14.11692191411617,-2.6935833771829665,0.5288605312161423,NSE
subsequent_2016_2020,hysets_08EB004,5,1,Knoben_K5,5,731,-4.511563423879858,-0.5527991613264356,0.3350925156002465,NSE
subsequent_2016_2020,hysets_08ED001,4,1,Knoben_K5,5,1096,0.6046598550771893,0.6326739668915425,0.060446532362382836,NSE
subsequent_2016_2020,hysets_08ED002,2,0,Knoben_K5,5,1096,-0.061246800385583944,0.4162363555963432,0.22823809498816566,NSE
subsequent_2016_2020,hysets_08EE008,2,1,Knoben_K5,5,656,-1.7095596692661816,-0.3830148018200543,0.22762278434191857,NSE
subsequent_2016_2020,hysets_08EE013,4,1,Knoben_K5,5,365,-1.3646578659599533,-0.6844126463036408,0.26473802413298825,NSE
subsequent_2016_2020,hysets_08EE020,3,1,Knoben_K5,5,731,-0.7592442629030172,0.09700494327575904,0.1377718558449425,NSE
subsequent_2016_2020,hysets_08EG012,5,1,Knoben_K5,5,731,0.11045004428743954,0.07763310244985566,0.08153708692993597,NSE
subsequent_2016_2020,hysets_08FE003,2,1,Knoben_K5,5,731,0.3822733360485834,0.3438715106129677,0.0443372141505943,NSE
subsequent_2016_2020,hysets_08FF001,3,1,Knoben_K5,5,731,-0.3067687272760333,-0.18120651527858933,0.08274827190771968,NSE
subsequent_2016_2020,hysets_08FF002,3,1,Knoben_K5,5,366,0.48021429016888506,0.4800083037444731,0.0630630874161208,NSE
subsequent_2016_2020,hysets_08FF003,4,1,Knoben_K5,5,731,-0.27228471357962913,-0.27653461751799857,0.09515314414124391,NSE
subsequent_2016_2020,hysets_08GA071,2,1,Knoben_K5,5,731,-0.004839133106743443,0.11626274241815271,0.09929320260361035,NSE
subsequent_2016_2020,hysets_08GA072,5,0,Knoben_K5,5,366,0.12840575205789995,0.4580254923430084,0.16719829483410517,NSE
subsequent_2016_2020,hysets_08HA001,5,1,Knoben_K5,5,1096,0.5090673892567394,0.5253498447318341,0.07006566344840952,NSE
subsequent_2016_2020,hysets_08HA010,1,1,Knoben_K5,5,1096,0.3898917511743507,0.22215619876849146,0.08347183743116346,NSE
subsequent_2016_2020,hysets_08HB014,2,1,Knoben_K5,5,1096,0.5863284818892249,0.47322635248990486,0.07441819375160405,NSE
subsequent_2016_2020,hysets_08HB074,5,1,Knoben_K5,5,1096,-0.547288790594465,-0.5351628658572247,0.11214430543716945,NSE
subsequent_2016_2020,hysets_08HD011,2,1,Knoben_K5,5,731,0.5106736182967075,0.44186923703414804,0.0701973139813127,NSE
subsequent_2016_2020,hysets_08HD015,4,1,Knoben_K5,5,731,0.6766029191987182,0.6962599792805736,0.05892130585473636,NSE
subsequent_2016_2020,hysets_08HF004,3,1,Knoben_K5,5,731,0.3678986313368823,0.16044370649307227,0.050641136224817626,NSE
subsequent_2016_2020,hysets_08JD006,4,1,Knoben_K5,5,1096,-2.278931533032116,-1.3761717442426389,0.20046489516506832,NSE
subsequent_2016_2020,hysets_08KA007,5,1,Knoben_K5,5,366,0.2688594260698315,0.35206480192005707,0.1762345904610483,NSE
subsequent_2016_2020,hysets_08KH010,1,1,Knoben_K5,5,366,0.6217696966683932,0.5672165467079255,0.1248537165082003,NSE
subsequent_2016_2020,hysets_08KH019,5,1,Knoben_K5,5,1096,-4.912678171199938,-1.485197955817839,0.38067392194487965,NSE
subsequent_2016_2020,hysets_08LB038,2,1,Knoben_K5,5,366,0.4035545760764153,0.2700916516385361,0.17182549809561257,NSE
subsequent_2016_2020,hysets_08LB069,3,1,Knoben_K5,5,366,0.7898578568775243,0.6210488567284498,0.09524794150853363,NSE
subsequent_2016_2020,hysets_08LB076,3,1,Knoben_K5,5,366,0.7382800465739086,0.5459729100136805,0.09483754048850551,NSE
subsequent_2016_2020,hysets_08LE024,5,0,Knoben_K5,5,731,0.41310309995988614,0.26707541444362615,0.13690675421135987,NSE
subsequent_2016_2020,hysets_08LE027,3,0,Knoben_K5,5,731,0.5426994757514181,0.36909141647508503,0.11884489930453768,NSE
subsequent_2016_2020,hysets_08LG048,5,0,Knoben_K5,5,366,0.24428139968489204,0.2558824827765773,0.14037487125663453,NSE
subsequent_2016_2020,hysets_08MA003,4,1,Knoben_K5,5,366,-0.7294859846100867,-0.05627519369382239,0.4264780439384563,NSE
subsequent_2016_2020,hysets_08ME023,1,0,Knoben_K5,5,731,-0.03868511214462722,-0.011799273383039877,0.28562309026667093,NSE
subsequent_2016_2020,hysets_08ME025,4,1,Knoben_K5,5,1096,-11.716593187471279,-1.7718503087865258,0.5948925373685188,NSE
subsequent_2016_2020,hysets_08MH016,5,1,Knoben_K5,5,731,0.22845677277737564,0.48587431283575977,0.13335383316633256,NSE
subsequent_2016_2020,hysets_08MH056,3,1,Knoben_K5,5,731,0.5436984966475793,0.4039684055721964,0.06218160144117386,NSE
subsequent_2016_2020,hysets_08MH103,2,1,Knoben_K5,5,731,0.6916386894853429,0.8107506957724515,0.07037639902442991,NSE
subsequent_2016_2020,hysets_08MH147,4,1,Knoben_K5,5,366,-0.4101291011780708,-0.11243575596356004,0.13530363274832236,NSE
subsequent_2016_2020,hysets_08NA006,5,1,Knoben_K5,5,731,0.6048535870748462,0.657416118333666,0.1079640064965983,NSE
subsequent_2016_2020,hysets_08NB012,3,1,Knoben_K5,5,731,-0.8890598732640764,-0.00504918901299245,0.21599741970185496,NSE
subsequent_2016_2020,hysets_08NB014,5,1,Knoben_K5,5,731,-0.36790217865130637,0.20508714457572885,0.22596741376489313,NSE
subsequent_2016_2020,hysets_08ND012,4,1,Knoben_K5,5,731,0.16836617185645197,0.480539799863526,0.16733202182176782,NSE
subsequent_2016_2020,hysets_08ND013,4,1,Knoben_K5,5,731,-0.49802248921501446,0.23016769042009622,0.19136054148045065,NSE
subsequent_2016_2020,hysets_08NE039,3,1,Knoben_K5,5,731,0.6346211170511848,0.7099544824972621,0.073845828030941,NSE
subsequent_2016_2020,hysets_08NE074,4,1,Knoben_K5,5,731,0.9068236305025292,0.840874038914156,0.051506473857779046,NSE
subsequent_2016_2020,hysets_08NF001,5,1,Knoben_K5,5,731,-5.36237738088432,-2.00548216050559,0.4303708423353818,NSE
subsequent_2016_2020,hysets_08NG076,3,1,Knoben_K5,5,731,-2.7948725601405005,-0.6296070452186922,0.26545608048610536,NSE
subsequent_2016_2020,hysets_08NG077,2,1,Knoben_K5,5,731,0.5287517358281558,0.3446954643316146,0.11152932371257085,NSE
subsequent_2016_2020,hysets_08NH005,1,1,Knoben_K5,5,731,0.6365296185214018,0.3657697042703517,0.10538211576977918,NSE
subsequent_2016_2020,hysets_08NH006,4,1,Knoben_K5,5,731,-0.10881681051803604,0.348132214394935,0.16775420710332725,NSE
subsequent_2016_2020,hysets_08NH120,1,1,Knoben_K5,5,366,0.213472648236954,0.10974518306366243,0.19643411020501067,NSE
subsequent_2016_2020,hysets_08NH130,3,1,Knoben_K5,5,665,0.24137631791543968,0.2978459380843258,0.15799418876695828,NSE
subsequent_2016_2020,hysets_08NJ160,5,1,Knoben_K5,5,731,0.6142873113784144,0.6208940151995395,0.09229415823432363,NSE
subsequent_2016_2020,hysets_08NK016,4,1,Knoben_K5,5,731,-3.4759113112033067,-0.4099064765851961,0.35631710001311273,NSE
subsequent_2016_2020,hysets_08NK018,2,1,Knoben_K5,5,731,-6.1211948082643195,-1.0047061059772227,0.4598558906481411,NSE
subsequent_2016_2020,hysets_08NK022,4,1,Knoben_K5,5,731,-4.473355787625352,-0.6292452968486741,0.42001054852299735,NSE
subsequent_2016_2020,hysets_08NL004,1,1,Knoben_K5,5,731,0.7238094550572916,0.6406736409506371,0.06955108678837954,NSE
subsequent_2016_2020,hysets_08NL024,5,1,Knoben_K5,5,366,0.5938785802474902,0.5395618928517936,0.10318020526286718,NSE
subsequent_2016_2020,hysets_08NL050,5,1,Knoben_K5,5,366,0.6249815886715562,0.532972987152037,0.08940326995571425,NSE
subsequent_2016_2020,hysets_08NL071,4,1,Knoben_K5,5,366,0.6078068421105475,0.4609646431767339,0.09885646282332738,NSE
subsequent_2016_2020,hysets_08NN019,3,1,Knoben_K5,5,366,-1.2729130066773697,-1.1877246829520276,0.2564332207909601,NSE
subsequent_2016_2020,hysets_08OA002,2,1,Knoben_K5,5,731,-0.5255792518558504,-0.23158059701675948,0.12098878734259713,NSE
subsequent_2016_2020,hysets_09059500,4,1,Knoben_K5,5,1096,0.5667220157522896,0.3940457592277422,0.1133901310049973,NSE
subsequent_2016_2020,hysets_09165000,3,1,Knoben_K5,5,1096,0.6285488357523423,0.3447750341728607,0.10341871311319817,NSE
subsequent_2016_2020,hysets_09196500,1,1,Knoben_K5,5,1096,0.4737878416988024,0.40797902006822007,0.1195604809025721,NSE
subsequent_2016_2020,hysets_09223000,3,1,Knoben_K5,5,1096,0.47384875982447394,0.4834532965764441,0.1223639545685364,NSE
subsequent_2016_2020,hysets_09253000,5,1,Knoben_K5,5,1096,0.3999709785015009,0.26690714715136155,0.14075687355994046,NSE
subsequent_2016_2020,hysets_09255000,2,1,Knoben_K5,5,1050,-0.7525594498274164,-0.5001166291235848,0.1652961082655444,NSE
subsequent_2016_2020,hysets_09266500,2,1,Knoben_K5,5,1096,0.6388410590429201,0.44831033577665813,0.09809002288304255,NSE
subsequent_2016_2020,hysets_09289500,1,1,Knoben_K5,5,1096,0.87245524343546,0.7615273194516543,0.057140005849404346,NSE
subsequent_2016_2020,hysets_09292500,5,1,Knoben_K5,5,1096,0.4972097967616047,0.4759206968398717,0.10831816992948927,NSE
subsequent_2016_2020,hysets_09299500,1,1,Knoben_K5,5,1096,0.6090963964896638,0.4882553827936501,0.0854883291343505,NSE
subsequent_2016_2020,hysets_09304200,2,1,Knoben_K5,5,1096,-3.129060299618441,-0.8889849730607393,0.37201321679591387,NSE
subsequent_2016_2020,hysets_09304500,1,1,Knoben_K5,5,1096,-4.386874814907444,-1.2200487416150483,0.41512679600533803,NSE
subsequent_2016_2020,hysets_09306222,4,1,Knoben_K5,5,1096,-3737.8781570199612,-56.013952440340404,11.671367145927675,NSE
subsequent_2016_2020,hysets_09310500,3,1,Knoben_K5,5,1096,0.5713486689408409,0.4508620168797295,0.08407882394689095,NSE
subsequent_2016_2020,hysets_09312600,4,1,Knoben_K5,5,1096,-2.2508269500236073,-1.5748849774250129,0.23974066118602494,NSE
subsequent_2016_2020,hysets_09337000,3,1,Knoben_K5,5,1096,-49.80768824238593,-5.218004461416523,0.5852607224509601,NSE
subsequent_2016_2020,hysets_09342500,5,1,Knoben_K5,5,1096,0.39176428406474373,0.20874139324077812,0.15683122321770931,NSE
subsequent_2016_2020,hysets_09352900,3,1,Knoben_K5,5,1096,0.684315681352824,0.6656193697693363,0.08569036194654692,NSE
subsequent_2016_2020,hysets_09386900,1,1,Knoben_K5,5,1096,-7.88335463326894,-8.622448416909714,0.19000225065595808,NSE
subsequent_2016_2020,hysets_09403600,3,1,Knoben_K5,5,1096,-608.0864985080435,-34.08175227430377,2.2171984698187273,NSE
subsequent_2016_2020,hysets_09404450,5,1,Knoben_K5,5,1095,-53.88676508890593,-5.769835334465194,0.6330762621731292,NSE
subsequent_2016_2020,hysets_09405500,4,1,Knoben_K5,5,1096,-63.298607998132965,-6.5968420061894575,1.0370425345866938,NSE
subsequent_2016_2020,hysets_09430600,5,0,Knoben_K5,5,1096,-0.030691082443639273,-0.5934517456856299,0.037512567966986765,NSE
subsequent_2016_2020,hysets_09442680,3,1,Knoben_K5,5,885,-231.7295499120137,-14.553320425940056,1.4876066336823937,NSE
subsequent_2016_2020,hysets_09447000,5,1,Knoben_K5,5,1096,-13.726324409887988,-2.225493373708368,0.24452318799167228,NSE
subsequent_2016_2020,hysets_09447800,5,1,Knoben_K5,5,1096,-28.816095765772992,-4.101227800431863,0.3392846595961358,NSE
subsequent_2016_2020,hysets_09473000,3,1,Knoben_K5,5,1096,0.195074691706019,-0.04339539818163307,0.044485712559868607,NSE
subsequent_2016_2020,hysets_09494000,5,1,Knoben_K5,5,1096,0.22121184170800423,0.14905232384255263,0.11352351621980772,NSE
subsequent_2016_2020,hysets_09496500,2,1,Knoben_K5,5,1096,-6.913593285150441,-1.8181360848064716,0.17923554537020395,NSE
subsequent_2016_2020,hysets_09497800,2,1,Knoben_K5,5,1096,-0.4991113656791202,0.17666986867875933,0.0926260898889517,NSE
subsequent_2016_2020,hysets_09497980,4,1,Knoben_K5,5,1096,0.5503041892007038,0.5371110592121415,0.03961274450935534,NSE
subsequent_2016_2020,hysets_09499000,2,0,Knoben_K5,5,1096,0.3335806391037016,0.18183236740369524,0.03762084020012165,NSE
subsequent_2016_2020,hysets_09504420,2,1,Knoben_K5,5,1096,-0.024289751415885963,-0.29842079910559693,0.06831254510868079,NSE
subsequent_2016_2020,hysets_09505800,1,1,Knoben_K5,5,1096,0.293054275762497,0.26973922539380135,0.05159546119210292,NSE
subsequent_2016_2020,hysets_09510200,1,1,Knoben_K5,5,1096,0.0411042478139223,-0.214471090109692,0.03525032944453104,NSE
subsequent_2016_2020,hysets_09512280,5,1,Knoben_K5,5,1004,-165.30452670042777,-69.35575883508218,0.5529969580461219,NSE
subsequent_2016_2020,hysets_09513780,3,1,Knoben_K5,5,1096,-3.555826334225009,-2.5158169391865504,0.09229500838131666,NSE
subsequent_2016_2020,hysets_09AA012,5,1,Knoben_K5,5,731,-31.745867761040422,-4.559738644700618,0.6122513785415306,NSE
subsequent_2016_2020,hysets_09AA013,2,1,Knoben_K5,5,366,-14.631879641607204,-2.08637767558355,1.1984503707569412,NSE
subsequent_2016_2020,hysets_09AH003,1,1,Knoben_K5,5,731,-20.66870119571,-4.04753148838448,0.4895871069942772,NSE
subsequent_2016_2020,hysets_09CA004,1,1,Knoben_K5,5,731,-13.369546712743526,-2.8579279757638156,0.6692403892718698,NSE
subsequent_2016_2020,hysets_09EA004,2,1,Knoben_K5,5,366,-0.637793280256745,-0.5547750034489958,0.2846647130482143,NSE
subsequent_2016_2020,hysets_10011500,2,1,Knoben_K5,5,1096,0.9591841548988014,0.844367055320304,0.034342180315218525,NSE
subsequent_2016_2020,hysets_10032000,3,1,Knoben_K5,5,1096,0.6368646165255976,0.5422137229970173,0.10112784839342577,NSE
subsequent_2016_2020,hysets_10113500,4,1,Knoben_K5,5,1096,-3.0839469000154986,-0.35707867988559494,0.26692667613249454,NSE
subsequent_2016_2020,hysets_10173450,2,1,Knoben_K5,5,1096,0.516382991116402,0.3655810421338248,0.11500436709953894,NSE
subsequent_2016_2020,hysets_10174500,1,1,Knoben_K5,5,1096,-11.55420995189029,-2.376484684126207,0.5898856220637562,NSE
subsequent_2016_2020,hysets_10194200,5,1,Knoben_K5,5,1096,-16.959564062562674,-3.1952138201768,0.7325760078030705,NSE
subsequent_2016_2020,hysets_10234500,2,1,Knoben_K5,5,1096,-0.01865544376860906,0.07429095372041072,0.1472908070662131,NSE
subsequent_2016_2020,hysets_10258500,4,1,Knoben_K5,5,1096,-1.0864036272736945,-1.340651802885207,0.07610693662002806,NSE
subsequent_2016_2020,hysets_10296000,3,1,Knoben_K5,5,1096,0.7726829147916502,0.823101517629381,0.07698658771459949,NSE
subsequent_2016_2020,hysets_10296500,5,1,Knoben_K5,5,1096,0.5826585576313388,0.35127377040184415,0.09620706392339105,NSE
subsequent_2016_2020,hysets_10329500,4,1,Knoben_K5,5,1096,-0.13043549224509898,-0.47080800652109334,0.06378708999810832,NSE
subsequent_2016_2020,hysets_10396000,4,1,Knoben_K5,5,1096,-14.615969727473413,-2.436969991637697,0.5238691967897734,NSE
subsequent_2016_2020,hysets_10AC005,3,1,Knoben_K5,5,731,-2.106992875288957,-0.509443219987104,0.33517129239069354,NSE
subsequent_2016_2020,hysets_10BE007,3,1,Knoben_K5,5,731,-2.748967026864435,-0.3440652050578008,0.37997742715876365,NSE
subsequent_2016_2020,hysets_10BE009,3,1,Knoben_K5,5,366,-2085.7178625729143,-21.84535414268996,11.934227796916,NSE
subsequent_2016_2020,hysets_10ED003,5,1,Knoben_K5,5,731,-0.7762506073147319,-0.7324384129379358,0.1820466257123397,NSE
subsequent_2016_2020,hysets_10GC003,3,1,Knoben_K5,5,731,-0.4512241403595365,-0.44875112185909627,0.1233450688888002,NSE
subsequent_2016_2020,hysets_10LC003,3,1,Knoben_K5,5,397,-27.963952426903443,-9.23688261565353,0.6475886108954637,NSE
subsequent_2016_2020,hysets_10LC007,2,1,Knoben_K5,5,712,-89.36797308313662,-11.751857780432047,0.8651564521968379,NSE
subsequent_2016_2020,hysets_11012500,4,1,Knoben_K5,5,1096,-33.205138695678,-20.661644362190533,0.1963561185545457,NSE
subsequent_2016_2020,hysets_11015000,2,1,Knoben_K5,5,1096,0.2949065565769535,0.14860310592252612,0.038524685127541564,NSE
subsequent_2016_2020,hysets_11042400,1,1,Knoben_K5,5,1096,-13.297255319689596,-3.2414639284709965,0.2305189239768099,NSE
subsequent_2016_2020,hysets_11123000,2,1,Knoben_K5,5,1096,0.42809124357100947,0.17317251768551423,0.03362552241598088,NSE
subsequent_2016_2020,hysets_11123500,4,1,Knoben_K5,5,1096,0.5328973048047532,0.37723034485931795,0.031147908278580896,NSE
subsequent_2016_2020,hysets_11124500,1,1,Knoben_K5,5,1096,0.7338650171328713,0.7347423609317378,0.020903786704581827,NSE
subsequent_2016_2020,hysets_11132500,4,1,Knoben_K5,5,1096,-1.3538911787471783,-4.775275104911462,0.048532339018052824,NSE
subsequent_2016_2020,hysets_11140000,1,1,Knoben_K5,5,1096,0.18309779432464846,-0.11794698688360938,0.042272459598204845,NSE
subsequent_2016_2020,hysets_11143000,5,1,Knoben_K5,5,1096,-0.1849752533606568,-0.4574609009385904,0.10895561256993895,NSE
subsequent_2016_2020,hysets_11143200,3,1,Knoben_K5,5,1096,0.9292453512701365,0.6854669919167682,0.019102410341184744,NSE
subsequent_2016_2020,hysets_11143250,5,1,Knoben_K5,5,1096,-0.1394485591325192,-0.09654015844514019,0.06994192864050887,NSE
subsequent_2016_2020,hysets_11148900,3,1,Knoben_K5,5,1096,0.3150257621380561,-0.054955086119423235,0.07122385598271287,NSE
subsequent_2016_2020,hysets_11149900,1,1,Knoben_K5,5,1096,0.9311287974199808,0.6293733272303648,0.02196956912330458,NSE
subsequent_2016_2020,hysets_11151300,2,1,Knoben_K5,5,1004,-666.1328176924153,-73.92414850346704,1.4148372677497294,NSE
subsequent_2016_2020,hysets_11152000,3,1,Knoben_K5,5,1096,0.5009803794382458,0.2095019658856504,0.056243780992117486,NSE
subsequent_2016_2020,hysets_11202000,5,1,Knoben_K5,5,1004,0.38562632402629027,0.08775257878020892,0.05083264782993095,NSE
subsequent_2016_2020,hysets_11202001,3,1,Knoben_K5,5,1004,0.36210777133726557,0.06519551950706681,0.05122867865791767,NSE
subsequent_2016_2020,hysets_11224500,5,1,Knoben_K5,5,1096,-178.5252632354625,-35.875115881219074,0.7608329579647312,NSE
subsequent_2016_2020,hysets_11230500,4,1,Knoben_K5,5,1004,0.8259133972232937,0.8480087723956895,0.06233162259826115,NSE
subsequent_2016_2020,hysets_11253310,4,1,Knoben_K5,5,1096,-371.3284115406937,-41.702533128017734,1.081219708425289,NSE
subsequent_2016_2020,hysets_11264500,2,1,Knoben_K5,5,1096,0.9631551857763718,0.8444154280389209,0.026248597828362388,NSE
subsequent_2016_2020,hysets_11266500,5,1,Knoben_K5,5,1096,0.5604340138739952,0.596501617006515,0.09828346037831055,NSE
subsequent_2016_2020,hysets_11314500,4,1,Knoben_K5,5,1004,0.5308360544441553,0.45582957201346896,0.13156914685238572,NSE
subsequent_2016_2020,hysets_11317000,3,1,Knoben_K5,5,1004,0.6310450344972639,0.33249641530174046,0.05774000204463398,NSE
subsequent_2016_2020,hysets_11318500,4,1,Knoben_K5,5,1004,-0.15122428191185477,-0.6215178449681713,0.08500978082398845,NSE
subsequent_2016_2020,hysets_11367500,4,1,Knoben_K5,5,1004,-2.649411579612027,0.05231732190386329,0.14008747698779173,NSE
subsequent_2016_2020,hysets_11374000,4,1,Knoben_K5,5,1096,0.6868227554482111,0.7612229802361701,0.06535198896679786,NSE
subsequent_2016_2020,hysets_11376550,4,1,Knoben_K5,5,1096,-4.060979797603282,-1.115964179896225,0.24206928124761923,NSE
subsequent_2016_2020,hysets_11379500,1,1,Knoben_K5,5,1096,0.5651801286506133,0.5700002610016731,0.06079874639044246,NSE
subsequent_2016_2020,hysets_11381500,3,1,Knoben_K5,5,1096,0.7422900404749958,0.7580378672388346,0.043068013759558425,NSE
subsequent_2016_2020,hysets_11383500,1,1,Knoben_K5,5,1096,0.8734152736486601,0.7599172961969928,0.031311432339845124,NSE
subsequent_2016_2020,hysets_11402000,1,1,Knoben_K5,5,1096,0.543078364071859,0.48112745800956425,0.04999711598250941,NSE
subsequent_2016_2020,hysets_11413000,3,1,Knoben_K5,5,1096,0.2109879900952224,-0.002173451040547336,0.08846645738626861,NSE
subsequent_2016_2020,hysets_11413300,4,1,Knoben_K5,5,1004,-0.0420807153276499,-0.35875652801858604,0.0960844372047317,NSE
subsequent_2016_2020,hysets_11428800,5,1,Knoben_K5,5,1004,0.27610673733977065,0.046196969018079126,0.04802066301734144,NSE
subsequent_2016_2020,hysets_11433300,5,1,Knoben_K5,5,1004,0.2653262528925,0.2753201319380686,0.06874179935617912,NSE
subsequent_2016_2020,hysets_11451100,4,0,Knoben_K5,5,1096,0.5957643120083302,0.3779002758984473,0.05416127201336949,NSE
subsequent_2016_2020,hysets_11461000,1,0,Knoben_K5,5,1096,0.6975464349395104,0.5361845290362312,0.04443089805405874,NSE
subsequent_2016_2020,hysets_11468500,5,0,Knoben_K5,5,1096,0.7529390877934504,0.5965963212011127,0.04738870571780997,NSE
subsequent_2016_2020,hysets_11470500,1,1,Knoben_K5,5,1004,-0.13085382477478213,-0.5126938559819665,0.10292336747291214,NSE
subsequent_2016_2020,hysets_11473900,3,1,Knoben_K5,5,1095,0.563485526086235,0.3350324343498382,0.06403630640177381,NSE
subsequent_2016_2020,hysets_11478500,4,1,Knoben_K5,5,1096,0.3785706681956501,0.08630748102702701,0.08334331328994236,NSE
subsequent_2016_2020,hysets_11480390,3,1,Knoben_K5,5,1096,0.8647615466140246,0.7095029873837276,0.036558597374966424,NSE
subsequent_2016_2020,hysets_11480410,1,1,Knoben_K5,5,1003,0.8761239317330183,0.640771337803113,0.03830923318725848,NSE
subsequent_2016_2020,hysets_11481200,4,1,Knoben_K5,5,1096,0.4882279856822418,0.58264635064747,0.06976022420076866,NSE
subsequent_2016_2020,hysets_11482500,4,1,Knoben_K5,5,1096,0.5703718061473566,0.7009652614020911,0.09142305895446529,NSE
subsequent_2016_2020,hysets_11521500,5,1,Knoben_K5,5,1096,0.2336901009876361,0.3943483760150578,0.07306846204854256,NSE
subsequent_2016_2020,hysets_11522500,3,1,Knoben_K5,5,1096,0.5687236310538217,0.566557056683945,0.06380443437809197,NSE
subsequent_2016_2020,hysets_11523200,5,1,Knoben_K5,5,1096,-0.16756739277696808,-0.3246496310757716,0.08279252360302819,NSE
subsequent_2016_2020,hysets_11528700,2,1,Knoben_K5,5,1096,0.503105576501651,0.22918430174095084,0.07209974840191004,NSE
subsequent_2016_2020,hysets_11532500,3,1,Knoben_K5,5,1096,0.6542817103006012,0.3871874754671937,0.07443996776386208,NSE
subsequent_2016_2020,hysets_12025700,2,1,Knoben_K5,5,1096,0.6613061792164732,0.5186113150412537,0.06506830807258042,NSE
subsequent_2016_2020,hysets_12035000,3,1,Knoben_K5,5,1096,0.5098843193522108,0.34796368348807216,0.059067715691927654,NSE
subsequent_2016_2020,hysets_12039500,2,1,Knoben_K5,5,1096,0.5419957821433552,0.393662456951562,0.07092611394849066,NSE
subsequent_2016_2020,hysets_12040500,5,1,Knoben_K5,5,1096,0.8508854252198251,0.6502088466104545,0.04778915692662239,NSE
subsequent_2016_2020,hysets_12041200,1,1,Knoben_K5,5,1096,0.5645603299312891,0.5413979281813455,0.07040245760975242,NSE
subsequent_2016_2020,hysets_12043000,3,1,Knoben_K5,5,1096,0.9024275333904297,0.832771014800231,0.04085833078204838,NSE
subsequent_2016_2020,hysets_12048000,5,1,Knoben_K5,5,1095,-0.0902086355872882,0.4086231993935985,0.11617816586489431,NSE
subsequent_2016_2020,hysets_12054000,1,1,Knoben_K5,5,1096,-0.033199282403995944,0.421263399775885,0.13247480170314047,NSE
subsequent_2016_2020,hysets_12056500,5,1,Knoben_K5,5,1096,0.18500193532876774,0.08272375724356185,0.0927150594215331,NSE
subsequent_2016_2020,hysets_12082500,2,0,Knoben_K5,5,1096,0.39447248403075486,0.45786665350308,0.06530419741460002,NSE
subsequent_2016_2020,hysets_12092000,5,0,Knoben_K5,5,1096,0.4549504346770241,0.5684839514556637,0.07757907438930219,NSE
subsequent_2016_2020,hysets_12115000,1,1,Knoben_K5,5,1096,0.48901702252788903,0.5645994254882523,0.07369557109241848,NSE
subsequent_2016_2020,hysets_12134500,5,1,Knoben_K5,5,1096,-0.7521014603250273,-0.6209771994644155,0.12591123099058252,NSE
subsequent_2016_2020,hysets_12141300,5,1,Knoben_K5,5,1096,0.8606454189460387,0.7656883483914743,0.04569068203758672,NSE
subsequent_2016_2020,hysets_12142000,2,1,Knoben_K5,5,1096,0.6328334069340291,0.42451022978877606,0.07634069586538557,NSE
subsequent_2016_2020,hysets_12186000,1,1,Knoben_K5,5,1078,-0.0283889037346452,0.10748702436612012,0.09067917108842292,NSE
subsequent_2016_2020,hysets_12189500,1,1,Knoben_K5,5,1078,-0.052569463798659344,0.1354339521039707,0.07862529266554322,NSE
subsequent_2016_2020,hysets_12205000,4,1,Knoben_K5,5,1096,0.16575487926873111,0.36534231582323884,0.07783382624453682,NSE
subsequent_2016_2020,hysets_12324590,1,1,Knoben_K5,5,731,-96.40826518233519,-7.845068089443204,1.643514758763639,NSE
subsequent_2016_2020,hysets_12330000,3,1,Knoben_K5,5,1096,0.20250682418094845,0.19571785663640895,0.0573564365156399,NSE
subsequent_2016_2020,hysets_12332000,4,1,Knoben_K5,5,1096,0.48053203208359196,0.3362038909485935,0.1251642707235887,NSE
subsequent_2016_2020,hysets_12370000,5,1,Knoben_K5,5,1096,-0.3082627927467958,0.38632084387076004,0.23129827873853193,NSE
subsequent_2016_2020,hysets_12389500,1,1,Knoben_K5,5,1096,-4.168198037989417,-0.8249766793866753,0.32241369633008404,NSE
subsequent_2016_2020,hysets_12411000,1,1,Knoben_K5,5,1086,-0.12640294701222365,-0.18667206504532086,0.12939741863048762,NSE
subsequent_2016_2020,hysets_12414900,1,1,Knoben_K5,5,1096,-0.29835219381828315,0.1785106533034161,0.11236940499173753,NSE
subsequent_2016_2020,hysets_12452800,4,1,Knoben_K5,5,1096,0.5547606153199942,0.5079541649322912,0.09933500169628239,NSE
subsequent_2016_2020,hysets_12488500,1,1,Knoben_K5,5,1096,0.4239688716951141,0.40602054504996843,0.10425842106733813,NSE
subsequent_2016_2020,hysets_13010065,5,1,Knoben_K5,5,1096,0.7152897878875091,0.8288967195969473,0.09554805565246505,NSE
subsequent_2016_2020,hysets_13011900,2,1,Knoben_K5,5,1096,0.1812937783933002,0.5891457560932469,0.16502929210812686,NSE
subsequent_2016_2020,hysets_13023000,1,1,Knoben_K5,5,1096,-0.5475773091122247,0.3037220815232401,0.2815387992547956,NSE
subsequent_2016_2020,hysets_13186000,5,1,Knoben_K5,5,1096,0.3297363521202272,0.3940937386599529,0.10737027738292433,NSE
subsequent_2016_2020,hysets_13235000,2,1,Knoben_K5,5,1096,0.8917110854032803,0.888280013577837,0.05720911049585629,NSE
subsequent_2016_2020,hysets_13297355,3,1,Knoben_K5,5,1096,0.6410981835857432,0.6369306231535532,0.07245124679112931,NSE
subsequent_2016_2020,hysets_13331500,4,1,Knoben_K5,5,1096,0.5397162659857442,0.33111051943593084,0.1164488962488075,NSE
subsequent_2016_2020,hysets_13339500,3,1,Knoben_K5,5,1096,-1.2380605822964643,0.09590020827721102,0.12872690249116367,NSE
subsequent_2016_2020,hysets_14013000,2,1,Knoben_K5,5,1096,-0.33975241764653275,-0.29483450859758564,0.12992704421545112,NSE
subsequent_2016_2020,hysets_14020000,3,1,Knoben_K5,5,1096,-0.03420324066933356,-0.0904618698422186,0.10715170279085258,NSE
subsequent_2016_2020,hysets_14020300,2,1,Knoben_K5,5,1096,0.7058708046434037,0.5181522778051058,0.06635772592515926,NSE
subsequent_2016_2020,hysets_14038530,3,1,Knoben_K5,5,1096,-13.374529530340256,-2.489001376493192,0.5521815614240934,NSE
subsequent_2016_2020,hysets_14044000,5,1,Knoben_K5,5,1046,-20.895398455373254,-3.964967239329745,0.6293701975907091,NSE
subsequent_2016_2020,hysets_14091500,2,0,Knoben_K5,5,1096,-31.60126518081635,-0.8777432992786129,0.8709067013804876,NSE
subsequent_2016_2020,hysets_14096850,2,1,Knoben_K5,5,1096,0.2314198451495969,0.5559062140230208,0.09921479140731333,NSE
subsequent_2016_2020,hysets_14097100,1,1,Knoben_K5,5,1096,0.023818681962865407,0.48138355578014247,0.1472787544443808,NSE
subsequent_2016_2020,hysets_14154500,4,1,Knoben_K5,5,1096,0.47867457734324503,0.39799768632961996,0.07229867857274558,NSE
subsequent_2016_2020,hysets_14158500,1,1,Knoben_K5,5,1095,0.3135877097101112,0.668989601011037,0.17233989057908022,NSE
subsequent_2016_2020,hysets_14166500,5,1,Knoben_K5,5,1096,-7.999229779571184,-2.0864545734073134,0.3186279757175844,NSE
subsequent_2016_2020,hysets_14178000,3,1,Knoben_K5,5,1095,0.06700352050791114,0.37993917495593144,0.1306992888110724,NSE
subsequent_2016_2020,hysets_14182500,5,1,Knoben_K5,5,1096,0.5825705596621412,0.5094521249903923,0.06329824978513669,NSE
subsequent_2016_2020,hysets_14185000,4,0,Knoben_K5,5,1096,-1.0386816313363454,-0.020032037344776654,0.17270637420640714,NSE
subsequent_2016_2020,hysets_14185900,2,1,Knoben_K5,5,1096,0.5948492553067413,0.5076042050312048,0.07502422815918072,NSE
subsequent_2016_2020,hysets_14236200,3,1,Knoben_K5,5,1096,0.6243612527936458,0.7821941028819305,0.07520547149209968,NSE
subsequent_2016_2020,hysets_14301000,3,1,Knoben_K5,5,1095,0.8382413237091065,0.7608692735621487,0.052226434471445524,NSE
subsequent_2016_2020,hysets_14306500,1,1,Knoben_K5,5,1096,0.2447643284258043,0.3901483416585295,0.10095501668039536,NSE
subsequent_2016_2020,hysets_14308000,5,1,Knoben_K5,5,1096,-6.893964130191595,-1.9637598145277386,0.23867429951488708,NSE
subsequent_2016_2020,hysets_14309500,2,1,Knoben_K5,5,1096,0.6046391583240374,0.2546902111180316,0.06951657446326709,NSE
subsequent_2016_2020,hysets_14316700,2,1,Knoben_K5,5,1096,0.7987638695143623,0.8475111615505184,0.048569463083743936,NSE
subsequent_2016_2020,hysets_14325000,4,0,Knoben_K5,5,1096,0.9334540868719757,0.8380783094589828,0.024928641700935658,NSE
subsequent_2016_2020,hysets_14338000,2,1,Knoben_K5,5,1096,-3.6949304828454714,-1.5159534409907307,0.21408866133436985,NSE
subsequent_2016_2020,hysets_14377100,4,1,Knoben_K5,5,1093,0.7957538037906624,0.5667575405883193,0.054610332123305995,NSE
subsequent_2016_2020,hysets_14400000,3,1,Knoben_K5,5,1096,0.09368527970405038,-0.06896238014070133,0.1077328145940113,NSE
subsequent_2016_2020,lamah_12425002,3,1,Knoben_K5,5,731,-0.150987712670269,0.4280047463157941,0.13196198014769833,NSE
subsequent_2016_2020,lamah_16000708,2,1,Knoben_K5,5,731,0.5548379802742902,0.7656219569913159,0.12320289175597313,NSE
subsequent_2016_2020,lamah_16001303,5,1,Knoben_K5,5,731,-14.64860331878837,-2.124198948160774,0.34933245241000166,NSE
subsequent_2016_2020,lamah_16610709,4,1,Knoben_K5,5,731,0.30444332956722875,0.5059709566958851,0.06169008207476112,NSE
subsequent_2016_2020,lamah_17404000,1,1,Knoben_K5,5,731,-3.301630148875483,-0.47644281596396687,0.28016816247477194,NSE
subsequent_2016_2020,lamah_18481006,5,1,Knoben_K5,5,731,0.6155943299876732,0.6853259341037223,0.06630776540692529,NSE
subsequent_2016_2020,lamah_18486000,4,1,Knoben_K5,5,731,0.34579335111887466,0.5355732468849519,0.09093909867744197,NSE
subsequent_2016_2020,lamah_200253,4,1,Knoben_K5,5,731,0.7129909488051549,0.6278748015430667,0.06615262626460203,NSE
subsequent_2016_2020,lamah_200261,5,1,Knoben_K5,5,731,0.6016709231051578,0.49390394656063363,0.07428227707467755,NSE
subsequent_2016_2020,lamah_200303,2,1,Knoben_K5,5,731,0.34783084739693815,0.4024316162393171,0.0690486034294904,NSE
subsequent_2016_2020,lamah_201012,2,0,Knoben_K5,5,731,0.4490650824470528,0.3931429180432491,0.09877106062120133,NSE
subsequent_2016_2020,lamah_201087,4,1,Knoben_K5,5,731,0.530762093545676,0.464376191162443,0.096838553514205,NSE
subsequent_2016_2020,lamah_201095,2,1,Knoben_K5,5,731,0.35307574605323266,0.6863727504631514,0.13750901923262,NSE
subsequent_2016_2020,lamah_201160,3,1,Knoben_K5,5,731,0.6319150787033805,0.49695971739634937,0.07152420906524778,NSE
subsequent_2016_2020,lamah_201236,3,1,Knoben_K5,5,731,0.19192261269585587,0.22608128771722924,0.11189883712734544,NSE
subsequent_2016_2020,lamah_201251,1,1,Knoben_K5,5,731,0.9007743249481807,0.8931200237906259,0.049984509050804635,NSE
subsequent_2016_2020,lamah_201335,5,1,Knoben_K5,5,731,-0.30495224147090205,0.02221896814164437,0.16222559317091267,NSE
subsequent_2016_2020,lamah_201392,2,1,Knoben_K5,5,731,0.29298328159260933,0.4936732108028823,0.18863407453024061,NSE
subsequent_2016_2020,lamah_201434,2,1,Knoben_K5,5,731,0.6866952643309343,0.5752754143415244,0.1237569830313122,NSE
subsequent_2016_2020,lamah_201558,1,1,Knoben_K5,5,731,0.8175632679512128,0.7601184002079243,0.07971297554323568,NSE
subsequent_2016_2020,lamah_201566,3,1,Knoben_K5,5,731,0.4943256602571209,0.49611114220020325,0.07819059644261281,NSE
subsequent_2016_2020,lamah_201574,1,1,Knoben_K5,5,731,0.5882794910949138,0.6527417464497975,0.09975605116427792,NSE
subsequent_2016_2020,lamah_201723,5,1,Knoben_K5,5,731,0.8562742020418922,0.8101886044050852,0.074759988636973,NSE
subsequent_2016_2020,lamah_201848,2,1,Knoben_K5,5,731,0.517384102344363,0.6108657461996773,0.125582756998195,NSE
subsequent_2016_2020,lamah_202036,1,1,Knoben_K5,5,731,0.6674251593148811,0.5676509870886931,0.09432575759209762,NSE
subsequent_2016_2020,lamah_203026,3,1,Knoben_K5,5,731,0.574728430096175,0.6663823496313013,0.1118148799597858,NSE
subsequent_2016_2020,lamah_203075,5,1,Knoben_K5,5,731,0.7859594959333636,0.7157577048168271,0.077426302614974,NSE
subsequent_2016_2020,lamah_203166,2,1,Knoben_K5,5,731,0.06689812953902086,0.36552523590068786,0.14148442181721113,NSE
subsequent_2016_2020,lamah_203224,3,1,Knoben_K5,5,731,0.6178964754437897,0.45212124466642134,0.0897181980910481,NSE
subsequent_2016_2020,lamah_203265,2,1,Knoben_K5,5,731,-0.947936884429659,0.057703222426388145,0.13588307800973448,NSE
subsequent_2016_2020,lamah_203307,4,1,Knoben_K5,5,731,0.7426554639566363,0.786609667257242,0.05200953227031617,NSE
subsequent_2016_2020,lamah_203463,2,1,Knoben_K5,5,731,0.5767735608447886,0.691393415929472,0.11118440822261112,NSE
subsequent_2016_2020,lamah_203505,1,1,Knoben_K5,5,731,0.6662600216790682,0.815200866114449,0.0875596640904393,NSE
subsequent_2016_2020,lamah_203711,5,1,Knoben_K5,5,731,0.8596379362813471,0.7827404204611565,0.05761748834811184,NSE
subsequent_2016_2020,lamah_203752,1,1,Knoben_K5,5,731,0.7057827843912325,0.642088179496507,0.0846408096601677,NSE
subsequent_2016_2020,lamah_203760,2,1,Knoben_K5,5,731,0.7617218490621146,0.7298122476769044,0.0773239897033144,NSE
subsequent_2016_2020,lamah_203786,1,1,Knoben_K5,5,731,0.8570583600740515,0.8300509463641592,0.06626884902620626,NSE
subsequent_2016_2020,lamah_203794,3,1,Knoben_K5,5,731,0.6117808936429319,0.6287246439539811,0.09943402144205787,NSE
subsequent_2016_2020,lamah_203828,3,1,Knoben_K5,5,731,0.7745869439507984,0.804871168000382,0.0677813122968671,NSE
subsequent_2016_2020,lamah_204875,2,1,Knoben_K5,5,731,-0.26659784587465585,0.3322265595823468,0.11668999336937422,NSE
subsequent_2016_2020,lamah_204925,1,1,Knoben_K5,5,731,-6.732871405884496,-1.0428780446090173,0.28879545409167406,NSE
subsequent_2016_2020,lamah_205104,3,1,Knoben_K5,5,731,0.41830180126241556,0.49271721819701275,0.12926758956034756,NSE
subsequent_2016_2020,lamah_205179,4,1,Knoben_K5,5,731,0.27384336030172896,0.3932948449015703,0.14571670049248897,NSE
subsequent_2016_2020,lamah_205294,2,1,Knoben_K5,5,731,0.6050314870578355,0.5596529211766463,0.058981967304586484,NSE
subsequent_2016_2020,lamah_205500,4,1,Knoben_K5,5,731,0.3227500537811687,0.5148189716233971,0.08804555396898173,NSE
subsequent_2016_2020,lamah_205740,5,1,Knoben_K5,5,731,0.5716661801413022,0.41310103493011974,0.0620931378250909,NSE
subsequent_2016_2020,lamah_205799,1,0,Knoben_K5,5,731,0.5687441602164582,0.7509731337589781,0.08862369984091412,NSE
subsequent_2016_2020,lamah_205823,5,1,Knoben_K5,5,731,0.7324167129221699,0.8477722377982869,0.04570932555184765,NSE
subsequent_2016_2020,lamah_205831,5,1,Knoben_K5,5,731,0.7039647020991882,0.7458517996968888,0.05641014049186429,NSE
subsequent_2016_2020,lamah_205864,3,1,Knoben_K5,5,731,0.17801397974669386,0.31997775609664236,0.10079211006642413,NSE
subsequent_2016_2020,lamah_205898,3,1,Knoben_K5,5,731,0.8587225022111795,0.9294400762435221,0.038533740255807324,NSE
subsequent_2016_2020,lamah_206508,4,1,Knoben_K5,5,731,-0.37516663407960116,0.003351084700593754,0.15884129131912492,NSE
subsequent_2016_2020,lamah_207613,5,0,Knoben_K5,5,731,-9.45221971419669,-1.5405761496793597,0.3457854954460329,NSE
subsequent_2016_2020,lamah_207654,2,1,Knoben_K5,5,731,0.5327350950710877,0.47301561499860634,0.08550745515484398,NSE
subsequent_2016_2020,lamah_207738,2,1,Knoben_K5,5,731,0.6220180058288303,0.650396249151261,0.05768503951964303,NSE
subsequent_2016_2020,lamah_207852,2,1,Knoben_K5,5,731,-0.031226346440474062,0.2944493641340198,0.09301829764514553,NSE
subsequent_2016_2020,lamah_208116,1,1,Knoben_K5,5,731,-9.009273711613353,-1.6842908830285883,0.285887185520638,NSE
subsequent_2016_2020,lamah_208686,2,1,Knoben_K5,5,731,-0.6327539654439736,0.23444336603560345,0.14289266160906808,NSE
subsequent_2016_2020,lamah_209361,1,1,Knoben_K5,5,731,0.4133113922032715,0.37356918127283956,0.07612207488458435,NSE
subsequent_2016_2020,lamah_209551,1,1,Knoben_K5,5,731,0.6571749902346007,0.529524305929778,0.06381850273238833,NSE
subsequent_2016_2020,lamah_210526,4,1,Knoben_K5,5,731,0.12897867091907145,0.3883403139530085,0.17505751481302748,NSE
subsequent_2016_2020,lamah_210641,1,1,Knoben_K5,5,731,0.8145896830152567,0.7043507096656951,0.057422339587754855,NSE
subsequent_2016_2020,lamah_210732,2,0,Knoben_K5,5,731,-1.2781710334298402,-0.2794186347611869,0.12370973264643728,NSE
subsequent_2016_2020,lamah_210773,1,1,Knoben_K5,5,731,0.812368427065606,0.8733664581105215,0.05767300819964102,NSE
subsequent_2016_2020,lamah_210815,5,1,Knoben_K5,5,731,0.6343379672331627,0.8043305572385193,0.06400606250766173,NSE
subsequent_2016_2020,lamah_210856,3,1,Knoben_K5,5,731,-0.24056717633723346,0.26756010604378244,0.14827496573738447,NSE
subsequent_2016_2020,lamah_210864,1,1,Knoben_K5,5,731,-0.1094826822966648,0.44188529625993844,0.10090229370590671,NSE
subsequent_2016_2020,lamah_210898,1,1,Knoben_K5,5,731,0.44653621656537756,0.6864423886149932,0.09909169921569005,NSE
subsequent_2016_2020,lamah_211086,4,1,Knoben_K5,5,731,0.41780662341378794,0.6179925554101623,0.10683492758660783,NSE
subsequent_2016_2020,lamah_211169,3,1,Knoben_K5,5,731,-1.912408417518927,-0.03277432576306727,0.1504275402605913,NSE
subsequent_2016_2020,lamah_211656,1,1,Knoben_K5,5,731,-1.7804427415933892,-1.1933051626736488,0.07736303310804633,NSE
subsequent_2016_2020,lamah_212027,5,1,Knoben_K5,5,731,-0.3438584838242249,0.23456612806387034,0.19135618805312868,NSE
subsequent_2016_2020,lamah_212043,5,0,Knoben_K5,5,731,0.7162130059384415,0.4505899098515589,0.07931092626965847,NSE
subsequent_2016_2020,lamah_212092,2,1,Knoben_K5,5,731,0.8401033952478542,0.8318098773280187,0.06980806325870431,NSE
subsequent_2016_2020,lamah_212100,2,1,Knoben_K5,5,731,0.8495253516566849,0.7110164428121575,0.06795040454847778,NSE
subsequent_2016_2020,lamah_212167,1,1,Knoben_K5,5,731,0.9219585099269776,0.7599422766607098,0.04651839035157558,NSE
subsequent_2016_2020,lamah_212183,2,1,Knoben_K5,5,731,0.8513539329748914,0.799971606344761,0.06465793364012756,NSE
subsequent_2016_2020,lamah_212316,5,0,Knoben_K5,5,731,0.10123246860449309,0.40491076443098195,0.1719361156651704,NSE
subsequent_2016_2020,lamah_212373,2,0,Knoben_K5,5,731,-2.1043792386276383,-0.50221666701048,0.23631239263912915,NSE
subsequent_2016_2020,lamah_212399,5,1,Knoben_K5,5,731,-0.5838315612399263,0.10845340896472411,0.12744272981420496,NSE
subsequent_2016_2020,lamah_212431,3,1,Knoben_K5,5,731,0.2978157128808776,0.5340029113457514,0.09398291539271958,NSE
subsequent_2016_2020,lamah_212522,1,0,Knoben_K5,5,731,-4.887403751657104,-0.3317129709087039,0.49915265673584003,NSE
subsequent_2016_2020,lamah_212613,2,1,Knoben_K5,5,731,-0.02889327359565641,0.45227910294324336,0.18533343553244008,NSE
subsequent_2016_2020,lamah_212647,5,1,Knoben_K5,5,731,0.10693321385309584,0.4511520829080323,0.1212089569705618,NSE
subsequent_2016_2020,lamah_212670,3,1,Knoben_K5,5,731,0.08303347075189016,0.4997496030973032,0.08672575879081738,NSE
subsequent_2016_2020,lamah_212860,1,1,Knoben_K5,5,731,-0.021744820540011034,0.3775564122878744,0.1544001857955968,NSE
subsequent_2016_2020,lamah_212878,3,1,Knoben_K5,5,731,-0.9526897373077341,0.08873145459763432,0.19487200784399705,NSE
subsequent_2016_2020,lamah_212886,4,1,Knoben_K5,5,731,-1.0828612670773214,0.15223616779408,0.19357442532038574,NSE
subsequent_2016_2020,lamah_212894,5,0,Knoben_K5,5,731,-2.406392770145549,-0.6358983568530334,0.24645721134784138,NSE
subsequent_2016_2020,lamah_212928,5,1,Knoben_K5,5,731,-2.798075686184776,-0.2729896525268185,0.21592962780347294,NSE
subsequent_2016_2020,lamah_213124,2,1,Knoben_K5,5,731,0.03457939516258868,0.3906457648442504,0.11169526780086905,NSE
subsequent_2016_2020,lamah_213181,4,1,Knoben_K5,5,731,-4.03853266787574,-0.2969062082288738,0.33665461097670735,NSE
subsequent_2016_2020,lamah_213306,3,1,Knoben_K5,5,731,-7.222988774173887,-0.9847076367867598,0.4463439789687631,NSE
subsequent_2016_2020,lamah_2150,4,1,Knoben_K5,5,731,0.8867664307144691,0.9177591671591542,0.03550633278932278,NSE
subsequent_2016_2020,lamah_2262,1,1,Knoben_K5,5,731,0.31332521756680654,0.42353336369193395,0.10531722705655241,NSE
subsequent_2016_2020,lamah_403,2,1,Knoben_K5,5,731,0.4238891657925372,0.394930943222235,0.12617515656361286,NSE
subsequent_2016_2020,camelsbr_57250000,5,1,RF_Signature_K5,5,1095,-14.644605133649417,-1.8521835180717727,0.3195569035606464,NSE
subsequent_2016_2020,camelsbr_58060000,3,1,RF_Signature_K5,5,1074,-0.6118546014681481,0.16594324289049145,0.07850747399799789,NSE
subsequent_2016_2020,camelsbr_58258000,1,1,RF_Signature_K5,5,731,-1.4297424982260925,-0.30798359761553584,0.08154770100468474,NSE
subsequent_2016_2020,camelsbr_58530000,3,1,RF_Signature_K5,5,1003,-1.1361290253381857,0.125164224223683,0.15791386274200392,NSE
subsequent_2016_2020,camelsbr_58535000,3,1,RF_Signature_K5,5,731,-1.2002855632691873,-0.06821560824175243,0.186093313382808,NSE
subsequent_2016_2020,camelsbr_58542000,1,1,RF_Signature_K5,5,1035,-0.40396798804158296,0.35962129587774394,0.13239257301415294,NSE
subsequent_2016_2020,camelsbr_59370000,2,1,RF_Signature_K5,5,1040,-0.08403572650785507,0.2787383359300465,0.07812109894578549,NSE
subsequent_2016_2020,camelsbr_70100000,4,1,RF_Signature_K5,5,1087,-0.33629891558432856,-0.06817537242693539,0.11335288842474299,NSE
subsequent_2016_2020,camelsbr_71300000,1,1,RF_Signature_K5,5,1081,-0.6931941700039161,-0.02763355236164644,0.20330016041128537,NSE
subsequent_2016_2020,camelsbr_73765000,1,1,RF_Signature_K5,5,1035,-0.5306685386547989,-0.03699463150874749,0.12036981165914962,NSE
subsequent_2016_2020,camelscl_1050002,4,1,RF_Signature_K5,5,678,-74.33133882388272,-6.532353128941674,2.013273211196007,NSE
subsequent_2016_2020,camelscl_1201005,3,1,RF_Signature_K5,5,1296,-235.82623365540445,-11.593193677445495,1.1340424616257776,NSE
subsequent_2016_2020,camelscl_12284002,1,1,RF_Signature_K5,5,974,-73.82352875546256,-7.203875585735151,1.0366549792650068,NSE
subsequent_2016_2020,camelscl_12284003,4,1,RF_Signature_K5,5,1095,-100.72166559286832,-9.138874203824132,1.1015478555804106,NSE
subsequent_2016_2020,camelscl_12284006,1,1,RF_Signature_K5,5,1072,-26.49676946958706,-4.453186839574948,0.4708363003707695,NSE
subsequent_2016_2020,camelscl_12582001,4,1,RF_Signature_K5,5,1096,-3.5536471442968356,-0.5019860528091671,0.14204855223838148,NSE
subsequent_2016_2020,camelscl_12600001,2,1,RF_Signature_K5,5,436,-9.965585811925484,-1.317101753139545,0.5730025552670686,NSE
subsequent_2016_2020,camelscl_12622001,5,1,RF_Signature_K5,5,1065,-18.45100431039548,-2.276462952414351,0.5665208641063517,NSE
subsequent_2016_2020,camelscl_12802001,3,1,RF_Signature_K5,5,939,-69.85085781350277,-9.799665423418832,0.615523264290888,NSE
subsequent_2016_2020,camelscl_12805001,2,1,RF_Signature_K5,5,1044,-8.817885818817022,-1.4366192931666824,0.4153894321652516,NSE
subsequent_2016_2020,camelscl_12806001,5,1,RF_Signature_K5,5,1062,-53.22997927158841,-4.0087345589935754,0.889559947112862,NSE
subsequent_2016_2020,camelscl_4301002,3,1,RF_Signature_K5,5,1011,-1.0767450353087908,-0.19197904928740228,0.3007591532962602,NSE
subsequent_2016_2020,camelscl_4311001,1,1,RF_Signature_K5,5,1230,-1.2064566896799072,0.19715624346977056,0.29447924837428396,NSE
subsequent_2016_2020,camelscl_4313001,1,1,RF_Signature_K5,5,1210,-1.8471859309999408,0.03365592534430972,0.2755213378439849,NSE
subsequent_2016_2020,camelscl_4314002,4,1,RF_Signature_K5,5,1429,-2.7496933494216558,-0.18487049528256638,0.08583764699598082,NSE
subsequent_2016_2020,camelscl_4501001,4,1,RF_Signature_K5,5,1181,-5.501729793916744,-1.0283415323196254,0.4678604663029037,NSE
subsequent_2016_2020,camelscl_4503001,1,1,RF_Signature_K5,5,1216,-0.19118526055253837,-0.1785927754426584,0.06743343897545204,NSE
subsequent_2016_2020,camelscl_4511002,1,1,RF_Signature_K5,5,1484,-0.6384078360152692,0.33777957752408083,0.22644424828212859,NSE
subsequent_2016_2020,camelscl_4512001,1,1,RF_Signature_K5,5,892,-1.7241785944931456,-0.29738229641520464,0.23363358500918963,NSE
subsequent_2016_2020,camelscl_4513001,3,1,RF_Signature_K5,5,1064,-0.9661062890752801,0.10461070991434285,0.2196648687305756,NSE
subsequent_2016_2020,camelscl_4514001,2,1,RF_Signature_K5,5,1230,-0.567449502099957,-0.2794736409944376,0.11571162338497415,NSE
subsequent_2016_2020,camelscl_4520001,4,1,RF_Signature_K5,5,1087,-45336.919683322754,-201.15212877985917,18.52008049053395,NSE
subsequent_2016_2020,camelscl_4530001,4,1,RF_Signature_K5,5,862,-2.8639746744596795,-0.2014528191045395,0.37771903069327684,NSE
subsequent_2016_2020,camelscl_4532001,3,0,RF_Signature_K5,5,1006,-1.8886172265207923,-0.28799171300952064,0.3066481336529277,NSE
subsequent_2016_2020,camelscl_4703002,1,1,RF_Signature_K5,5,1613,-0.14470348891049345,-0.0026420527569581687,0.14285876425363345,NSE
subsequent_2016_2020,camelscl_4721001,3,1,RF_Signature_K5,5,1077,0.6398209434355714,0.5676933305396197,0.1196539733145719,NSE
subsequent_2016_2020,camelscl_4723001,5,1,RF_Signature_K5,5,1146,-5.140694977222367,-0.6639596997275345,0.19345704651929502,NSE
subsequent_2016_2020,camelscl_5200001,2,1,RF_Signature_K5,5,1343,-42.01484718815816,-4.632791575752647,0.583309741090417,NSE
subsequent_2016_2020,camelscl_5401003,2,0,RF_Signature_K5,5,1507,-4.1931839354229385,-0.511161855358188,0.5166552484392887,NSE
subsequent_2016_2020,camelscl_5402001,5,1,RF_Signature_K5,5,986,-0.5012563381663866,-0.3136870048257785,0.0741179608657842,NSE
subsequent_2016_2020,camelscl_5406001,1,1,RF_Signature_K5,5,1007,-8.222561104270781,-3.204193168289695,0.5315605632675795,NSE
subsequent_2016_2020,camelscl_5706001,1,1,RF_Signature_K5,5,670,-14.156730039280344,-3.0601694754313113,0.5179844496335629,NSE
subsequent_2016_2020,camelscl_5707002,1,1,RF_Signature_K5,5,731,-5.3911167828907995,-0.6801185789631896,0.5208472506547991,NSE
subsequent_2016_2020,camelscl_5722001,4,1,RF_Signature_K5,5,997,-17.77972545074451,-1.9395903173365614,0.5977660057586089,NSE
subsequent_2016_2020,camelscl_5722002,1,1,RF_Signature_K5,5,1045,-60.17529024210175,-5.0859600094979935,0.40397718114472886,NSE
subsequent_2016_2020,camelscl_6013001,5,1,RF_Signature_K5,5,1035,-4.460374114114313,-0.4999091410602814,0.32493432115932097,NSE
subsequent_2016_2020,camelscl_7103001,4,1,RF_Signature_K5,5,1096,-0.6272973836120885,0.07607684143064575,0.10360767104626907,NSE
subsequent_2016_2020,camelscl_7104002,4,1,RF_Signature_K5,5,1161,-0.5756455642578333,0.20534429084016215,0.10524889928900731,NSE
subsequent_2016_2020,camelscl_7112001,5,1,RF_Signature_K5,5,1231,-0.2341446603144126,0.4396721642144764,0.16152317949685596,NSE
subsequent_2016_2020,camelscl_7115001,2,1,RF_Signature_K5,5,1421,-0.21408926846603427,0.4652863867856112,0.129387187991123,NSE
subsequent_2016_2020,camelscl_7116001,3,1,RF_Signature_K5,5,1204,-6.3460525251788855,-1.7682158335922287,0.2154597459187821,NSE
subsequent_2016_2020,camelscl_7355002,1,1,RF_Signature_K5,5,1391,-0.8047820137609958,0.0013901277208901996,0.14298128868124627,NSE
subsequent_2016_2020,camelscl_7374001,5,1,RF_Signature_K5,5,808,-3.0967341573466074,-0.5516944125317291,0.17230739428253633,NSE
subsequent_2016_2020,camelscl_8130002,1,1,RF_Signature_K5,5,1236,0.174409314394246,0.34643559323162476,0.0644362715654429,NSE
subsequent_2016_2020,camelscl_8351001,3,0,RF_Signature_K5,5,1027,-1.2259639100922857,-0.3167247737802017,0.1076439060340363,NSE
subsequent_2016_2020,hysets_01010070,4,1,RF_Signature_K5,5,1096,0.378134783813747,0.4371291250342285,0.09886507958221873,NSE
subsequent_2016_2020,hysets_01022500,1,1,RF_Signature_K5,5,1096,0.4573129625361465,0.5689186620601832,0.08759351317338325,NSE
subsequent_2016_2020,hysets_01031500,1,1,RF_Signature_K5,5,1096,0.8834110892706397,0.8703234619353419,0.0397826868165988,NSE
subsequent_2016_2020,hysets_01038000,3,1,RF_Signature_K5,5,1096,0.4321416598927482,0.6245051152141295,0.0876011492334836,NSE
subsequent_2016_2020,hysets_01047000,2,1,RF_Signature_K5,5,1096,-0.18300267933276926,0.30963637904166097,0.11415382772655473,NSE
subsequent_2016_2020,hysets_01054200,1,1,RF_Signature_K5,5,1096,0.223334264080166,0.2764458634677406,0.03988323930964784,NSE
subsequent_2016_2020,hysets_01055000,3,1,RF_Signature_K5,5,1096,0.4938712325028547,0.5165581698375621,0.054018323909269965,NSE
subsequent_2016_2020,hysets_01057000,2,1,RF_Signature_K5,5,1096,0.24432457812631803,0.5653092725881851,0.10262893557964467,NSE
subsequent_2016_2020,hysets_01064500,3,1,RF_Signature_K5,5,1096,0.18228307413587985,0.3657191167015059,0.05345736793831183,NSE
subsequent_2016_2020,hysets_01076500,1,1,RF_Signature_K5,5,1096,0.03954559062008922,0.38506616471799404,0.07397657343774221,NSE
subsequent_2016_2020,hysets_01078000,2,1,RF_Signature_K5,5,1096,0.5417771265904983,0.608112336929487,0.06871935818006476,NSE
subsequent_2016_2020,hysets_01096000,1,0,RF_Signature_K5,5,731,-0.9859870904370998,0.20145067432970798,0.16952143671489037,NSE
subsequent_2016_2020,hysets_01118000,1,1,RF_Signature_K5,5,1096,-0.5104751118099504,0.3357949129952279,0.16980362789638578,NSE
subsequent_2016_2020,hysets_01134500,1,1,RF_Signature_K5,5,1096,0.3518845635314921,0.5812621710693029,0.08852294100600014,NSE
subsequent_2016_2020,hysets_01137500,4,1,RF_Signature_K5,5,1096,0.1006536793992765,0.4421906537501953,0.06178153991099626,NSE
subsequent_2016_2020,hysets_01169000,5,1,RF_Signature_K5,5,1096,-0.2401121789215468,0.31483613894901663,0.07099930488973959,NSE
subsequent_2016_2020,hysets_01174500,5,1,RF_Signature_K5,5,1096,0.30678559835956676,0.5920622204918574,0.08112522140732281,NSE
subsequent_2016_2020,hysets_01181000,5,1,RF_Signature_K5,5,1096,-0.0511642397729557,0.2765788859369388,0.047191752553069594,NSE
subsequent_2016_2020,hysets_01439500,5,1,RF_Signature_K5,5,1096,0.44401914703057854,0.6294553769987836,0.0986053344390842,NSE
subsequent_2016_2020,hysets_01440000,4,1,RF_Signature_K5,5,1096,0.1422495921224498,0.4501940322423128,0.0752636905760522,NSE
subsequent_2016_2020,hysets_01447500,1,1,RF_Signature_K5,5,1096,0.13899799439209437,0.4970139796624876,0.09195243951462076,NSE
subsequent_2016_2020,hysets_01543000,4,1,RF_Signature_K5,5,1096,0.6383346028194351,0.7101589946459391,0.07660948198906806,NSE
subsequent_2016_2020,hysets_01543500,2,1,RF_Signature_K5,5,1096,0.9190091762871246,0.9172788652877862,0.03150979221858268,NSE
subsequent_2016_2020,hysets_01544500,3,1,RF_Signature_K5,5,1096,0.49735047707139246,0.7042585367132281,0.07079754205700456,NSE
subsequent_2016_2020,hysets_01545600,5,0,RF_Signature_K5,5,1096,-1.001993090190521,0.233229651037422,0.12617860266882938,NSE
subsequent_2016_2020,hysets_01550000,5,1,RF_Signature_K5,5,1096,0.3115634109751775,0.39452286889921695,0.06137285679661569,NSE
subsequent_2016_2020,hysets_01552000,2,0,RF_Signature_K5,5,1096,0.4803013058456336,0.4413316370322661,0.05602667696782216,NSE
subsequent_2016_2020,hysets_01605500,1,1,RF_Signature_K5,5,1096,0.7170175238675289,0.7475048703988125,0.03013441069552575,NSE
subsequent_2016_2020,hysets_01606500,3,1,RF_Signature_K5,5,1096,-0.833864580913874,0.2389074653500023,0.085989858407426,NSE
subsequent_2016_2020,hysets_01611500,5,1,RF_Signature_K5,5,1096,-0.27255203898918046,0.17089781909332902,0.10008973412594159,NSE
subsequent_2016_2020,hysets_01665500,3,0,RF_Signature_K5,5,1096,0.046024562152015,0.10285271271103513,0.051049562789814276,NSE
subsequent_2016_2020,hysets_01669520,2,1,RF_Signature_K5,5,1096,-1.2891473821617052,0.004524392111968312,0.06674796288695867,NSE
subsequent_2016_2020,hysets_01673800,1,1,RF_Signature_K5,5,1096,0.39460570094761416,0.6020987672344928,0.048130656328158695,NSE
subsequent_2016_2020,hysets_01AJ010,2,1,RF_Signature_K5,5,731,0.44331764495001125,0.47223697525256136,0.09373683196163007,NSE
subsequent_2016_2020,hysets_01AK001,3,1,RF_Signature_K5,5,731,0.7568220851183343,0.7858824681942463,0.06992422342510703,NSE
subsequent_2016_2020,hysets_01AK007,1,1,RF_Signature_K5,5,731,0.7925646978604727,0.7658732523294756,0.061796514143053205,NSE
subsequent_2016_2020,hysets_01AL002,2,1,RF_Signature_K5,5,731,0.3459775800537189,0.36386608850290425,0.10461338216868389,NSE
subsequent_2016_2020,hysets_01AM001,4,1,RF_Signature_K5,5,731,0.671842809263161,0.6187248738258098,0.06284549027533146,NSE
subsequent_2016_2020,hysets_01AN002,1,1,RF_Signature_K5,5,731,0.6959136980172347,0.7599278776967728,0.07883179879550475,NSE
subsequent_2016_2020,hysets_01AP002,4,1,RF_Signature_K5,5,731,0.6518829104291013,0.6566426353568794,0.07008811139127313,NSE
subsequent_2016_2020,hysets_01AQ001,4,1,RF_Signature_K5,5,1096,0.24681672709789948,0.35401346556726954,0.06412094006233672,NSE
subsequent_2016_2020,hysets_01BJ003,1,1,RF_Signature_K5,5,731,0.18099674157673107,0.3580456492985037,0.10486147411152807,NSE
subsequent_2016_2020,hysets_01BL002,3,1,RF_Signature_K5,5,731,-0.18560295584141806,0.4058081694222946,0.1438673420135099,NSE
subsequent_2016_2020,hysets_01BQ001,2,1,RF_Signature_K5,5,731,0.5571867340360663,0.49502134478265924,0.05380877972530884,NSE
subsequent_2016_2020,hysets_01BS001,3,1,RF_Signature_K5,5,731,0.6080515114552678,0.6842546579871503,0.06247976369403139,NSE
subsequent_2016_2020,hysets_01BU002,1,1,RF_Signature_K5,5,731,0.44888321675243137,0.47125886602555245,0.08832394975898014,NSE
subsequent_2016_2020,hysets_01BV006,1,1,RF_Signature_K5,5,731,0.27044855064674833,0.4363222204593922,0.06545142789092523,NSE
subsequent_2016_2020,hysets_01DR001,2,1,RF_Signature_K5,5,1096,0.04284563565057031,0.3056396327896048,0.10799289942721488,NSE
subsequent_2016_2020,hysets_01EC001,5,1,RF_Signature_K5,5,1096,-0.005524205228456758,0.4748490697196385,0.1761305026545122,NSE
subsequent_2016_2020,hysets_01ED007,2,1,RF_Signature_K5,5,731,-0.40395354461995137,0.0967790027390778,0.24830743039171324,NSE
subsequent_2016_2020,hysets_01EF001,3,1,RF_Signature_K5,5,1096,0.04470271995613029,0.5408391955562828,0.18519648229055133,NSE
subsequent_2016_2020,hysets_01EO001,5,1,RF_Signature_K5,5,1096,0.24580225229476238,0.49198759440098927,0.09324233005890369,NSE
subsequent_2016_2020,hysets_01FB001,5,1,RF_Signature_K5,5,1096,-0.038367013264207106,0.19117122342841397,0.11018416136440658,NSE
subsequent_2016_2020,hysets_01FB003,4,1,RF_Signature_K5,5,1096,-0.32415100590658374,0.40713489130608305,0.19026669636036675,NSE
subsequent_2016_2020,hysets_02011400,5,1,RF_Signature_K5,5,1096,0.6976467744329213,0.7908802145892316,0.0389431001604266,NSE
subsequent_2016_2020,hysets_02011460,5,1,RF_Signature_K5,5,1096,-0.03968532652399426,0.30875418909216357,0.05367723730156891,NSE
subsequent_2016_2020,hysets_02013000,3,1,RF_Signature_K5,5,1096,0.624965131446233,0.6559740404383572,0.03999274573344715,NSE
subsequent_2016_2020,hysets_02014000,2,1,RF_Signature_K5,5,1096,0.7049453708005022,0.7549380615967163,0.05224885056189756,NSE
subsequent_2016_2020,hysets_02015700,2,1,RF_Signature_K5,5,1096,-0.2843007627147065,0.37393631413043993,0.0614951890340644,NSE
subsequent_2016_2020,hysets_02016000,5,1,RF_Signature_K5,5,1096,0.4382070321369712,0.6687107565032404,0.05651974586290028,NSE
subsequent_2016_2020,hysets_02017500,5,1,RF_Signature_K5,5,1096,0.7857868791118799,0.7999274377177605,0.0522876364611746,NSE
subsequent_2016_2020,hysets_02018000,3,1,RF_Signature_K5,5,1096,0.6343836112606224,0.7467693516424545,0.05803528494617324,NSE
subsequent_2016_2020,hysets_02020500,4,1,RF_Signature_K5,5,1096,0.24562944100018158,0.41586023645654224,0.05809606666161999,NSE
subsequent_2016_2020,hysets_02021500,3,1,RF_Signature_K5,5,1096,0.37871916839928943,0.4639288087957949,0.056169704243119574,NSE
subsequent_2016_2020,hysets_02027000,4,0,RF_Signature_K5,5,1096,0.14597734157047226,0.27511328361589316,0.05382831150834573,NSE
subsequent_2016_2020,hysets_02028500,4,0,RF_Signature_K5,5,1096,0.3107124124346138,0.39444141401989075,0.06625811837482863,NSE
subsequent_2016_2020,hysets_02030000,4,1,RF_Signature_K5,5,1096,0.0036290062074669782,0.3212286159063418,0.06958677816592256,NSE
subsequent_2016_2020,hysets_02041000,4,1,RF_Signature_K5,5,1096,0.07969788125134758,0.19144907864351735,0.03676704076859092,NSE
subsequent_2016_2020,hysets_02046000,4,1,RF_Signature_K5,5,1096,-0.4253634697522781,0.1635715721330534,0.08221204627719088,NSE
subsequent_2016_2020,hysets_02212600,4,1,RF_Signature_K5,5,1096,-1.0147228197269795,-0.6825816467329318,0.08443709163660734,NSE
subsequent_2016_2020,hysets_02325000,1,1,RF_Signature_K5,5,1096,-5.192731896163403,-0.6604043518325826,0.3799192644083101,NSE
subsequent_2016_2020,hysets_02326000,3,1,RF_Signature_K5,5,1096,-5.098991620312508,-0.8758390742345961,0.4102214341401413,NSE
subsequent_2016_2020,hysets_02327100,1,1,RF_Signature_K5,5,1096,-0.6070710616799297,-0.07149384779462742,0.16528758481166178,NSE
subsequent_2016_2020,hysets_02331600,1,1,RF_Signature_K5,5,1096,-0.3443166555853878,0.32746731299892207,0.07271216701414535,NSE
subsequent_2016_2020,hysets_02373000,5,1,RF_Signature_K5,5,1079,-0.1811445579221478,0.11994143359776432,0.10956824835996153,NSE
subsequent_2016_2020,hysets_02374500,3,1,RF_Signature_K5,5,1096,-0.4518293124340822,0.16346592193376852,0.0553914505250366,NSE
subsequent_2016_2020,hysets_02380500,2,1,RF_Signature_K5,5,1096,-1.8596209398899655,-0.044395397603804954,0.1646232986707963,NSE
subsequent_2016_2020,hysets_02401390,4,1,RF_Signature_K5,5,1095,0.09374511252610673,0.2627217790274521,0.08963201071594279,NSE
subsequent_2016_2020,hysets_02450250,3,1,RF_Signature_K5,5,1096,0.2401475817802352,0.4750752612656326,0.07330249603821717,NSE
subsequent_2016_2020,hysets_02469800,5,1,RF_Signature_K5,5,1096,-0.07117009586211465,0.07085692298330704,0.08414905593863548,NSE
subsequent_2016_2020,hysets_02479155,1,1,RF_Signature_K5,5,1095,0.09315031869798795,0.09267279149552621,0.07013005274827165,NSE
subsequent_2016_2020,hysets_02479300,1,0,RF_Signature_K5,5,1096,-0.3054876826588673,0.06688175685243147,0.10714727414559119,NSE
subsequent_2016_2020,hysets_02479560,3,1,RF_Signature_K5,5,1096,-0.15283621968637573,0.008708190484216671,0.06652190386599602,NSE
subsequent_2016_2020,hysets_02AB017,5,1,RF_Signature_K5,5,731,-0.1259936955152201,-0.26047734761716224,0.1603858407380857,NSE
subsequent_2016_2020,hysets_02AC001,3,1,RF_Signature_K5,5,731,-0.17904359598068065,0.046581185116687185,0.20324433680426954,NSE
subsequent_2016_2020,hysets_02AD010,2,1,RF_Signature_K5,5,1096,0.4520437986874628,0.4843516737542829,0.10201048117585818,NSE
subsequent_2016_2020,hysets_02BA003,2,1,RF_Signature_K5,5,731,-0.11739364082163495,0.3791333280044338,0.14044895439946273,NSE
subsequent_2016_2020,hysets_02BF001,4,1,RF_Signature_K5,5,731,0.7091509387049604,0.812018846279454,0.06644074594244193,NSE
subsequent_2016_2020,hysets_02BF002,1,1,RF_Signature_K5,5,731,0.8607126703126322,0.8338169373623227,0.04654127981416035,NSE
subsequent_2016_2020,hysets_02CB003,2,1,RF_Signature_K5,5,731,0.15691603637807905,0.33476956402081803,0.12039755957831805,NSE
subsequent_2016_2020,hysets_02CD006,2,1,RF_Signature_K5,5,731,0.2869109492677888,0.6014679230938342,0.15787412830942277,NSE
subsequent_2016_2020,hysets_02DD015,1,1,RF_Signature_K5,5,731,-0.16408237077488308,0.1756531056223929,0.1726981181138612,NSE
subsequent_2016_2020,hysets_02HL003,5,1,RF_Signature_K5,5,1096,-0.3724335145654749,0.3154796706287173,0.1312321803282603,NSE
subsequent_2016_2020,hysets_02HL004,5,1,RF_Signature_K5,5,731,-0.5291646986031988,0.30538732262985235,0.17380457369872873,NSE
subsequent_2016_2020,hysets_02JC008,1,1,RF_Signature_K5,5,731,0.32920841425452285,0.6057755686751202,0.12311192729203113,NSE
subsequent_2016_2020,hysets_02YC001,1,1,RF_Signature_K5,5,731,-0.049968359293560916,0.24175811216456788,0.1872141393193589,NSE
subsequent_2016_2020,hysets_02YD002,1,1,RF_Signature_K5,5,731,-0.27177963089692736,0.17603589408811526,0.17722277292101843,NSE
subsequent_2016_2020,hysets_02YJ001,4,1,RF_Signature_K5,5,731,-0.11271639047538606,0.16825793223023822,0.15691780148139525,NSE
subsequent_2016_2020,hysets_02YK002,3,1,RF_Signature_K5,5,731,0.536314902479594,0.6273216041743865,0.10718984309033933,NSE
subsequent_2016_2020,hysets_02YK005,1,1,RF_Signature_K5,5,731,-0.4647579382910265,0.35673738037044944,0.2357418195548928,NSE
subsequent_2016_2020,hysets_02YN002,5,1,RF_Signature_K5,5,731,-0.19465547888895451,0.2739388820816543,0.17062460376723973,NSE
subsequent_2016_2020,hysets_02YO006,5,1,RF_Signature_K5,5,1096,0.1989221532925044,0.5228133525508876,0.07697131236077179,NSE
subsequent_2016_2020,hysets_02YO008,2,1,RF_Signature_K5,5,1096,0.14560929910760811,0.23775298336610828,0.07216047375636697,NSE
subsequent_2016_2020,hysets_02YR001,1,1,RF_Signature_K5,5,1096,-0.22338881966377166,0.33715548186322364,0.17864126291290203,NSE
subsequent_2016_2020,hysets_02YR003,4,1,RF_Signature_K5,5,1096,-0.2577351787667219,0.3113410515372306,0.19448510881861306,NSE
subsequent_2016_2020,hysets_02ZB001,1,1,RF_Signature_K5,5,731,0.055694886049753256,0.10486866783230087,0.07821785704175617,NSE
subsequent_2016_2020,hysets_02ZC002,3,1,RF_Signature_K5,5,731,0.09656285423064048,0.1519180356896792,0.10343335811074517,NSE
subsequent_2016_2020,hysets_02ZF001,3,1,RF_Signature_K5,5,1096,0.053991970085516594,0.5408936097023298,0.13904033240835667,NSE
subsequent_2016_2020,hysets_02ZG001,5,1,RF_Signature_K5,5,731,0.022075503719466094,0.48508370516348565,0.14635857829250043,NSE
subsequent_2016_2020,hysets_02ZG003,3,1,RF_Signature_K5,5,692,-0.25901389361784277,0.005937044435325944,0.1367854940676134,NSE
subsequent_2016_2020,hysets_02ZH001,3,1,RF_Signature_K5,5,731,0.5396777509645048,0.732582535026711,0.07524727817291457,NSE
subsequent_2016_2020,hysets_02ZK001,2,1,RF_Signature_K5,5,731,-0.11975884231013989,-0.20051478399372868,0.14129701444356096,NSE
subsequent_2016_2020,hysets_02ZK004,2,1,RF_Signature_K5,5,731,-0.1465030961195899,-0.0397840988563527,0.16170069287191807,NSE
subsequent_2016_2020,hysets_03010500,2,0,RF_Signature_K5,5,1096,0.6447286964671355,0.8176521685063195,0.06836231124791518,NSE
subsequent_2016_2020,hysets_03010655,1,1,RF_Signature_K5,5,1096,0.5430819062640777,0.7765681863180958,0.05640310417803612,NSE
subsequent_2016_2020,hysets_03021350,3,0,RF_Signature_K5,5,1096,0.16230443957836882,0.31651612469984414,0.08217237029373214,NSE
subsequent_2016_2020,hysets_03028000,1,1,RF_Signature_K5,5,1096,-0.18526568534616517,0.4450718450796294,0.07888410227338978,NSE
subsequent_2016_2020,hysets_03065000,1,1,RF_Signature_K5,5,1096,0.37751786376215435,0.5902251930625158,0.07255484532538083,NSE
subsequent_2016_2020,hysets_03070500,1,1,RF_Signature_K5,5,1096,0.10318258636774391,0.5105287496277491,0.09323166186970144,NSE
subsequent_2016_2020,hysets_03072000,1,1,RF_Signature_K5,5,1096,0.24314640510232388,0.5689639574373433,0.08661236219866512,NSE
subsequent_2016_2020,hysets_03110000,4,1,RF_Signature_K5,5,1096,-0.03657919999044368,0.3574703955184789,0.06758444419825846,NSE
subsequent_2016_2020,hysets_03151400,5,1,RF_Signature_K5,5,1096,0.5878369658232625,0.6362474763430325,0.05070102909572639,NSE
subsequent_2016_2020,hysets_03159540,3,1,RF_Signature_K5,5,1096,0.26248926437442843,0.40816547562464844,0.07669413874207283,NSE
subsequent_2016_2020,hysets_03180500,4,1,RF_Signature_K5,5,1096,0.174989511475803,0.4292354358546623,0.07166482132438311,NSE
subsequent_2016_2020,hysets_03182500,3,1,RF_Signature_K5,5,1096,0.6990313556740861,0.7825409762802868,0.04072141160737021,NSE
subsequent_2016_2020,hysets_03186500,3,1,RF_Signature_K5,5,1096,0.46133521199662497,0.4668869379639592,0.04424170758359785,NSE
subsequent_2016_2020,hysets_03187500,2,1,RF_Signature_K5,5,1096,0.593922248144511,0.5778618185301069,0.048408078807590536,NSE
subsequent_2016_2020,hysets_03189100,2,1,RF_Signature_K5,5,929,0.5107248208792527,0.5187954179349581,0.04595092324476853,NSE
subsequent_2016_2020,hysets_03194700,3,1,RF_Signature_K5,5,1096,0.5837314398244279,0.6320719758596303,0.06181123750337939,NSE
subsequent_2016_2020,hysets_03198500,5,0,RF_Signature_K5,5,1096,0.653005716932247,0.7767750273427946,0.05781674760980766,NSE
subsequent_2016_2020,hysets_03202400,5,1,RF_Signature_K5,5,1096,0.49376601718110835,0.5571797059007694,0.04373426210306775,NSE
subsequent_2016_2020,hysets_03202750,2,1,RF_Signature_K5,5,1096,0.39335191483423015,0.5771744628610012,0.07376611970420352,NSE
subsequent_2016_2020,hysets_03207800,1,1,RF_Signature_K5,5,1096,0.5074572542699651,0.6979109947529634,0.03917749576159586,NSE
subsequent_2016_2020,hysets_03208500,2,1,RF_Signature_K5,5,1096,0.0910281712270391,0.309108267417716,0.051870032304851606,NSE
subsequent_2016_2020,hysets_03210000,2,1,RF_Signature_K5,5,1096,-0.15942294994868877,0.25637550033547085,0.09293199244058441,NSE
subsequent_2016_2020,hysets_03217000,3,1,RF_Signature_K5,5,1096,0.23938516075027827,0.5254548287270675,0.06540382995607137,NSE
subsequent_2016_2020,hysets_03280700,2,1,RF_Signature_K5,5,1096,-0.2456475175627273,0.260218847809088,0.06285768160477825,NSE
subsequent_2016_2020,hysets_03460000,4,1,RF_Signature_K5,5,1096,-2.072056326994957,-0.07372664268392226,0.13994189432842727,NSE
subsequent_2016_2020,hysets_03497300,4,1,RF_Signature_K5,5,1094,-0.19716073183347116,0.24944219984388682,0.084707398802393,NSE
subsequent_2016_2020,hysets_03512000,3,1,RF_Signature_K5,5,1096,0.5149080391910712,0.7138016732668346,0.054340586171766646,NSE
subsequent_2016_2020,hysets_03574500,4,1,RF_Signature_K5,5,1096,0.09704378291239635,0.21714250142329616,0.08888212911573411,NSE
subsequent_2016_2020,hysets_04015330,4,1,RF_Signature_K5,5,1096,-0.06829646790160782,-0.25132605388648344,0.09471563567503333,NSE
subsequent_2016_2020,hysets_04024430,2,1,RF_Signature_K5,5,1096,-0.3262690942402715,-0.0657219661263988,0.06457792111811282,NSE
subsequent_2016_2020,hysets_04025500,2,1,RF_Signature_K5,5,1096,-5.74807013059588,-0.6896873436824826,0.22417592294824482,NSE
subsequent_2016_2020,hysets_04057510,2,1,RF_Signature_K5,5,1096,-0.6436327137981945,-0.296921300065333,0.21007694415607825,NSE
subsequent_2016_2020,hysets_04063700,5,1,RF_Signature_K5,5,1096,-0.29714022956791664,-0.08986662579238391,0.19188512040053146,NSE
subsequent_2016_2020,hysets_04256000,4,1,RF_Signature_K5,5,1096,0.24749860303146654,0.6361946349588702,0.10053932756719441,NSE
subsequent_2016_2020,hysets_04262500,1,1,RF_Signature_K5,5,1096,-0.3159850265083337,0.4412388140176249,0.13799129921852835,NSE
subsequent_2016_2020,hysets_04269000,4,1,RF_Signature_K5,5,1096,-0.21088320197537835,0.4398212925502133,0.1496038972564811,NSE
subsequent_2016_2020,hysets_04287000,4,0,RF_Signature_K5,5,1096,0.4519569156658598,0.5958476141212448,0.06495101612026703,NSE
subsequent_2016_2020,hysets_04296000,5,1,RF_Signature_K5,5,1096,0.06672494147977581,0.5483167073522006,0.13562123539096352,NSE
subsequent_2016_2020,hysets_05AA008,2,1,RF_Signature_K5,5,1096,0.60091025328178,0.4639353639696455,0.10968353991097984,NSE
subsequent_2016_2020,hysets_05BG006,2,0,RF_Signature_K5,5,1096,-0.34434685232536744,0.08214529821267136,0.0736816278815388,NSE
subsequent_2016_2020,hysets_05DA009,1,0,RF_Signature_K5,5,366,-0.3819918871775012,0.11558713775783402,0.32994637559583345,NSE
subsequent_2016_2020,hysets_05DC006,1,1,RF_Signature_K5,5,731,-1.2260034504179105,0.09283585253172433,0.2101683357459315,NSE
subsequent_2016_2020,hysets_05QE008,5,1,RF_Signature_K5,5,366,-4.302221269906802,0.026293554742000458,0.5931302355030429,NSE
subsequent_2016_2020,hysets_05QE009,3,1,RF_Signature_K5,5,731,-2.0713010693193197,-0.02489126645251627,0.30897062457763247,NSE
subsequent_2016_2020,hysets_05QE012,4,1,RF_Signature_K5,5,731,-1.321458062008757,-0.04207251050512184,0.3751397752481384,NSE
subsequent_2016_2020,hysets_05TG002,4,1,RF_Signature_K5,5,731,-0.014593024719831149,0.3500668353916587,0.17782894967670787,NSE
subsequent_2016_2020,hysets_05UF004,2,1,RF_Signature_K5,5,731,0.18645914040970213,-0.005775867391295764,0.17962234650217676,NSE
subsequent_2016_2020,hysets_06019500,5,1,RF_Signature_K5,5,1096,-2.181721888174427,-0.4649812738676038,0.28501726207514966,NSE
subsequent_2016_2020,hysets_06191000,2,1,RF_Signature_K5,5,1096,0.34151072268356386,0.6307201314777549,0.15328623139791503,NSE
subsequent_2016_2020,hysets_06200000,1,1,RF_Signature_K5,5,1096,-1.5352451955498343,-0.16757701385175472,0.2722876726618145,NSE
subsequent_2016_2020,hysets_06224000,3,1,RF_Signature_K5,5,1096,0.1872093729976393,0.12516513510712313,0.12452006036320197,NSE
subsequent_2016_2020,hysets_06289000,1,1,RF_Signature_K5,5,1096,-0.3433196697832721,0.24911905272119894,0.1322355667015979,NSE
subsequent_2016_2020,hysets_06309200,4,1,RF_Signature_K5,5,1096,0.14237033841584867,0.016224319696570677,0.10402782147821078,NSE
subsequent_2016_2020,hysets_06332515,2,1,RF_Signature_K5,5,1096,-318.5411885181988,-16.16140287698982,1.185420984545655,NSE
subsequent_2016_2020,hysets_06339100,1,0,RF_Signature_K5,5,1096,-1.6312694281241975,-0.07667594609632955,0.11129906721417916,NSE
subsequent_2016_2020,hysets_06344600,1,0,RF_Signature_K5,5,1096,-0.362571313823143,0.008071099884481514,0.05987158745542508,NSE
subsequent_2016_2020,hysets_06400875,3,1,RF_Signature_K5,5,1096,-4.709684161308757,-3.2165201259837,0.09332594992855682,NSE
subsequent_2016_2020,hysets_06404000,3,1,RF_Signature_K5,5,1096,-2.042336593801097,-0.5569512577012063,0.08930696782614449,NSE
subsequent_2016_2020,hysets_06406000,4,1,RF_Signature_K5,5,1096,-12.21083673578171,-2.2268487329391284,0.20184016721769346,NSE
subsequent_2016_2020,hysets_06409000,1,1,RF_Signature_K5,5,1096,-39.35948447279839,-3.1776643341309754,0.779150877272346,NSE
subsequent_2016_2020,hysets_06422500,2,1,RF_Signature_K5,5,1096,-11.852330032172093,-2.140723498217155,0.29346880217617977,NSE
subsequent_2016_2020,hysets_06623800,5,1,RF_Signature_K5,5,1096,0.5188517461407001,0.3764181385637718,0.10763781096841601,NSE
subsequent_2016_2020,hysets_06712000,1,1,RF_Signature_K5,5,1096,-908.9691008235798,-28.22760347542877,3.2238042393021216,NSE
subsequent_2016_2020,hysets_06719505,3,1,RF_Signature_K5,5,1096,-11.612117673042604,-3.096481169751292,0.5457033939284699,NSE
subsequent_2016_2020,hysets_06876700,2,1,RF_Signature_K5,5,1096,-1.808931428144394,-0.07766309861367371,0.17344743793912792,NSE
subsequent_2016_2020,hysets_06FD002,4,1,RF_Signature_K5,5,731,-0.08182989740696311,-0.4610594412431479,0.10013426048380762,NSE
subsequent_2016_2020,hysets_07060710,1,1,RF_Signature_K5,5,1095,-1.6585401351132885,-0.8341057324991794,0.0873972223981837,NSE
subsequent_2016_2020,hysets_07124200,2,1,RF_Signature_K5,5,1096,-0.7489927887118555,-0.21532170835815156,0.09276526423362338,NSE
subsequent_2016_2020,hysets_07203000,3,1,RF_Signature_K5,5,1096,-22.074963344411714,-5.662938621988622,0.32575104211199446,NSE
subsequent_2016_2020,hysets_07207500,3,1,RF_Signature_K5,5,1096,-6.26177403818365,-4.927671155536957,0.17271723075163128,NSE
subsequent_2016_2020,hysets_07208500,5,1,RF_Signature_K5,5,1091,-0.10143883649820995,0.23074542465346393,0.09459273180165607,NSE
subsequent_2016_2020,hysets_07291000,1,1,RF_Signature_K5,5,1093,-0.002377376325739533,0.0416032045000202,0.05765069713872765,NSE
subsequent_2016_2020,hysets_07299670,1,1,RF_Signature_K5,5,1096,-16.046073584200506,-2.326196444439332,0.21291898527886893,NSE
subsequent_2016_2020,hysets_07315200,3,1,RF_Signature_K5,5,1096,0.18309870696485897,0.09097945944099273,0.05448683713780193,NSE
subsequent_2016_2020,hysets_07335700,1,1,RF_Signature_K5,5,1096,-0.3392246748840222,0.057155527636157166,0.07241033565545428,NSE
subsequent_2016_2020,hysets_07337900,3,1,RF_Signature_K5,5,1096,-0.26432607030790556,0.00588251978045129,0.06533820894778153,NSE
subsequent_2016_2020,hysets_07340300,4,1,RF_Signature_K5,5,1096,-0.08571491691762168,-0.09297606688757298,0.0748687041528698,NSE
subsequent_2016_2020,hysets_07352000,5,1,RF_Signature_K5,5,1096,0.49691401459888174,0.4757384790720268,0.02968373022277363,NSE
subsequent_2016_2020,hysets_07361500,3,1,RF_Signature_K5,5,1089,-0.14578053580562855,0.012055136456940008,0.061930583144102984,NSE
subsequent_2016_2020,hysets_07362100,3,1,RF_Signature_K5,5,1096,0.48977672691682594,0.49411631557633096,0.04503467162941839,NSE
subsequent_2016_2020,hysets_07373000,1,1,RF_Signature_K5,5,1096,-0.1324864907465133,0.0261352026590691,0.07363772158360353,NSE
subsequent_2016_2020,hysets_07376000,1,1,RF_Signature_K5,5,1096,0.3344977952397463,0.2756284856421556,0.03952163070326225,NSE
subsequent_2016_2020,hysets_07377000,3,0,RF_Signature_K5,5,1096,-0.0896880245220033,-0.03202277872188364,0.05011867771621906,NSE
subsequent_2016_2020,hysets_07BJ001,5,1,RF_Signature_K5,5,366,-0.014886129735969034,-0.18818473130588997,0.17026780420811993,NSE
subsequent_2016_2020,hysets_07MA003,4,1,RF_Signature_K5,5,731,-10.282047607301617,-1.441589847095487,0.5048127480088902,NSE
subsequent_2016_2020,hysets_07SB013,5,0,RF_Signature_K5,5,366,-8490.167800586509,-150.05439216671343,23.246084928023347,NSE
subsequent_2016_2020,hysets_08013000,3,1,RF_Signature_K5,5,1096,0.061554219076198846,0.05534692054001622,0.06587963816460464,NSE
subsequent_2016_2020,hysets_08013500,4,1,RF_Signature_K5,5,1096,0.23889585194332352,0.23130021011251833,0.0747204660105103,NSE
subsequent_2016_2020,hysets_08014500,1,1,RF_Signature_K5,5,1096,-0.11092289703789282,-0.12723700286717965,0.08046013300465177,NSE
subsequent_2016_2020,hysets_08025500,4,1,RF_Signature_K5,5,1094,0.026095944820352157,-0.23982121343913287,0.040552033839540834,NSE
subsequent_2016_2020,hysets_08029500,5,1,RF_Signature_K5,5,1096,-0.04984085037667607,-0.25195294538520296,0.03726498362118101,NSE
subsequent_2016_2020,hysets_08065800,1,1,RF_Signature_K5,5,1096,0.1986155441841111,0.047490408916724625,0.06268553351360044,NSE
subsequent_2016_2020,hysets_08066200,2,1,RF_Signature_K5,5,1096,0.2232078212870252,0.27070066547851157,0.05477093526051407,NSE
subsequent_2016_2020,hysets_08068720,1,1,RF_Signature_K5,5,1096,0.4472214839782819,0.19009512498244918,0.037240188757034526,NSE
subsequent_2016_2020,hysets_08070000,4,1,RF_Signature_K5,5,1095,-0.020351849979134418,-0.3188030922172207,0.03780308780058861,NSE
subsequent_2016_2020,hysets_08082700,4,1,RF_Signature_K5,5,1096,-0.04033100193271144,-0.5906505655969918,0.07612542370220404,NSE
subsequent_2016_2020,hysets_08084800,3,1,RF_Signature_K5,5,1096,-0.10564798846676404,-0.5083958520529797,0.10351786098183342,NSE
subsequent_2016_2020,hysets_08086212,5,1,RF_Signature_K5,5,1096,-0.03424688937139919,-0.5818130517173283,0.05156652194342505,NSE
subsequent_2016_2020,hysets_08150800,3,1,RF_Signature_K5,5,1096,-0.006173947285037729,-0.2734994448671484,0.030569788495652544,NSE
subsequent_2016_2020,hysets_08164300,2,1,RF_Signature_K5,5,1096,0.045754561799240756,-0.40542623120045485,0.03651115409678701,NSE
subsequent_2016_2020,hysets_08165300,1,1,RF_Signature_K5,5,1096,-0.012264472911210467,-0.49375774806957495,0.032547882160654816,NSE
subsequent_2016_2020,hysets_08165500,3,1,RF_Signature_K5,5,1096,-0.029666160874285197,-0.47994321719159294,0.03189425922749178,NSE
subsequent_2016_2020,hysets_08171000,5,1,RF_Signature_K5,5,1096,-3.1220840189047845,-0.36993722764747283,0.12661129358013468,NSE
subsequent_2016_2020,hysets_08175000,5,1,RF_Signature_K5,5,1096,-0.01133837043480157,-0.10319625664118925,0.0437833144787281,NSE
subsequent_2016_2020,hysets_08176900,1,0,RF_Signature_K5,5,1096,-1.1675682175685371,-0.11019360065020889,0.08497571795084852,NSE
subsequent_2016_2020,hysets_08178880,4,1,RF_Signature_K5,5,1096,0.42778966543788843,0.3877685978598546,0.03324799534500723,NSE
subsequent_2016_2020,hysets_08189500,2,0,RF_Signature_K5,5,1095,-0.7143399060699285,0.04649784216598696,0.08189784871860348,NSE
subsequent_2016_2020,hysets_08194200,5,1,RF_Signature_K5,5,884,-0.105703972143248,-0.3053842096358683,0.04326489939504321,NSE
subsequent_2016_2020,hysets_08195000,2,1,RF_Signature_K5,5,1096,0.4157363970497062,0.38051810388848273,0.03903749390409311,NSE
subsequent_2016_2020,hysets_08198000,5,1,RF_Signature_K5,5,1095,-0.47088519881438073,0.10281438587745817,0.0957485810318861,NSE
subsequent_2016_2020,hysets_08198500,1,1,RF_Signature_K5,5,1096,-2.001829467753549,-0.033361906319657963,0.12850038799018768,NSE
subsequent_2016_2020,hysets_08201500,1,0,RF_Signature_K5,5,1096,-0.10206851166351627,-0.1672720317829064,0.050301720208560524,NSE
subsequent_2016_2020,hysets_08202700,3,0,RF_Signature_K5,5,1096,-70.46145766793192,-18.8234024510614,0.2950529549374853,NSE
subsequent_2016_2020,hysets_08247500,2,1,RF_Signature_K5,5,1096,-3.08046257263641,-2.3345357778119262,0.26637629280965175,NSE
subsequent_2016_2020,hysets_08269000,3,1,RF_Signature_K5,5,1096,0.6464047611115733,0.6600250285891882,0.07740764985169478,NSE
subsequent_2016_2020,hysets_08279000,2,1,RF_Signature_K5,5,1096,-0.31013723649228186,-0.14369884027802327,0.17339764877656408,NSE
subsequent_2016_2020,hysets_08284100,1,1,RF_Signature_K5,5,1096,0.5222782766327934,0.2688765701132805,0.10116665005063735,NSE
subsequent_2016_2020,hysets_08289000,3,1,RF_Signature_K5,5,1004,-2.7585085561625786,-1.6810517018065312,0.230423739822114,NSE
subsequent_2016_2020,hysets_08291000,2,1,RF_Signature_K5,5,1085,0.38527366417954545,0.5286500911469958,0.13998277148815952,NSE
subsequent_2016_2020,hysets_08324000,4,1,RF_Signature_K5,5,1096,-3.7003991699058982,-0.9648041122429198,0.3884827288699756,NSE
subsequent_2016_2020,hysets_08334000,4,1,RF_Signature_K5,5,1050,-59.67318878050118,-16.03334353609151,0.786421614253331,NSE
subsequent_2016_2020,hysets_08378500,5,1,RF_Signature_K5,5,1096,-0.2367946331588653,0.34994815306759586,0.20075471816627347,NSE
subsequent_2016_2020,hysets_08401200,4,1,RF_Signature_K5,5,1096,-543.0191592911267,-62.04704931022378,0.739461536931811,NSE
subsequent_2016_2020,hysets_08401900,5,1,RF_Signature_K5,5,1096,-60.64365863882347,-36.770293778521655,0.2948308978129572,NSE
subsequent_2016_2020,hysets_08405150,5,1,RF_Signature_K5,5,1096,-255.36956347498017,-95.34322373893235,0.4883599876657495,NSE
subsequent_2016_2020,hysets_08405500,3,1,RF_Signature_K5,5,1096,-154.0695097427013,-10.428109539284355,0.4407935565549387,NSE
subsequent_2016_2020,hysets_08AA008,1,1,RF_Signature_K5,5,731,-3.348623582767396,-0.3986206975376274,0.46880525666399114,NSE
subsequent_2016_2020,hysets_08AA009,4,1,RF_Signature_K5,5,731,0.30786936726351366,0.36446635505536396,0.14498207588420195,NSE
subsequent_2016_2020,hysets_08AC001,2,1,RF_Signature_K5,5,731,-3.078504294618753,-0.6046822845713069,0.2747008061953901,NSE
subsequent_2016_2020,hysets_08EB004,5,1,RF_Signature_K5,5,731,-1.5286658844357661,-0.07571232195009792,0.2269723989004373,NSE
subsequent_2016_2020,hysets_08ED001,4,1,RF_Signature_K5,5,1096,0.5563082994097803,0.6555337570381007,0.06403635237219521,NSE
subsequent_2016_2020,hysets_08ED002,2,0,RF_Signature_K5,5,1096,0.6993197850369606,0.8271445271832214,0.1214877147647558,NSE
subsequent_2016_2020,hysets_08EE008,2,1,RF_Signature_K5,5,656,-0.13553278000684843,0.28690257011948106,0.14735545223400656,NSE
subsequent_2016_2020,hysets_08EE013,4,1,RF_Signature_K5,5,365,-9.337196322997494,-2.3205745266443283,0.5535202947575454,NSE
subsequent_2016_2020,hysets_08EE020,3,1,RF_Signature_K5,5,731,0.5779829882015428,0.6000680329049324,0.06747803324261989,NSE
subsequent_2016_2020,hysets_08EG012,5,1,RF_Signature_K5,5,731,0.36241657084072443,0.3212310023073415,0.06903010449100538,NSE
subsequent_2016_2020,hysets_08FE003,2,1,RF_Signature_K5,5,731,-0.11974867910052822,0.23801950652896697,0.059693976045068584,NSE
subsequent_2016_2020,hysets_08FF001,3,1,RF_Signature_K5,5,731,-1.2458084684946091,0.06579199888330256,0.10847906270340811,NSE
subsequent_2016_2020,hysets_08FF002,3,1,RF_Signature_K5,5,366,-1.781765271909757,-0.20674271627880314,0.1458892533748253,NSE
subsequent_2016_2020,hysets_08FF003,4,1,RF_Signature_K5,5,731,-0.4055419152160278,-0.019237445653061958,0.10001217896221315,NSE
subsequent_2016_2020,hysets_08GA071,2,1,RF_Signature_K5,5,731,0.11439307038118529,0.23830209211217845,0.09321627660054557,NSE
subsequent_2016_2020,hysets_08GA072,5,0,RF_Signature_K5,5,366,-0.3220427095715612,0.14159436693943683,0.20591946870975825,NSE
subsequent_2016_2020,hysets_08HA001,5,1,RF_Signature_K5,5,1096,0.49860679921533924,0.47406631047092096,0.07080819407424076,NSE
subsequent_2016_2020,hysets_08HA010,1,1,RF_Signature_K5,5,1096,0.2934303302558865,0.38813672821174494,0.0898284737190493,NSE
subsequent_2016_2020,hysets_08HB014,2,1,RF_Signature_K5,5,1096,0.0675835532574699,-0.07179210437427352,0.11172652144643233,NSE
subsequent_2016_2020,hysets_08HB074,5,1,RF_Signature_K5,5,1096,0.3035790701284736,0.4487278102212813,0.07523630237303273,NSE
subsequent_2016_2020,hysets_08HD011,2,1,RF_Signature_K5,5,731,0.2773356585757526,0.2905993976502931,0.08530794730538085,NSE
subsequent_2016_2020,hysets_08HD015,4,1,RF_Signature_K5,5,731,0.1630054055020429,0.2692013617063007,0.09479068077957854,NSE
subsequent_2016_2020,hysets_08HF004,3,1,RF_Signature_K5,5,731,0.33349773625580925,0.3209394638421128,0.052000903610351035,NSE
subsequent_2016_2020,hysets_08JD006,4,1,RF_Signature_K5,5,1096,-0.00393746387441718,0.1735327704759364,0.11092399117146443,NSE
subsequent_2016_2020,hysets_08KA007,5,1,RF_Signature_K5,5,366,0.23924473375187305,0.6325116670343645,0.17976833443353715,NSE
subsequent_2016_2020,hysets_08KH010,1,1,RF_Signature_K5,5,366,-0.48282088579109983,0.37904307358902034,0.24721092590775745,NSE
subsequent_2016_2020,hysets_08KH019,5,1,RF_Signature_K5,5,1004,-4.910324938572155,-0.9734364876389334,0.3945840117763223,NSE
subsequent_2016_2020,hysets_08LB038,2,1,RF_Signature_K5,5,366,0.4474926832251198,0.4496323522764005,0.16537553909608613,NSE
subsequent_2016_2020,hysets_08LB069,3,1,RF_Signature_K5,5,366,-0.08604077885491179,-0.14176536644402105,0.21653199948066099,NSE
subsequent_2016_2020,hysets_08LB076,3,1,RF_Signature_K5,5,366,-0.12623797668670922,-0.17873866774303537,0.1967328797441259,NSE
subsequent_2016_2020,hysets_08LE024,5,0,RF_Signature_K5,5,731,0.49911514572324134,0.5911395258674331,0.12647739626276058,NSE
subsequent_2016_2020,hysets_08LE027,3,0,RF_Signature_K5,5,731,0.6196794369388594,0.5646788552492825,0.1083813611728501,NSE
subsequent_2016_2020,hysets_08LG048,5,0,RF_Signature_K5,5,366,0.5824698112932472,0.7390611196861798,0.10434058229834442,NSE
subsequent_2016_2020,hysets_08MA003,4,1,RF_Signature_K5,5,366,-0.24956914377971828,0.4379126877932489,0.36250858856930035,NSE
subsequent_2016_2020,hysets_08ME023,1,0,RF_Signature_K5,5,731,0.06279460712618978,0.050309329365795574,0.2713118418927976,NSE
subsequent_2016_2020,hysets_08ME025,4,1,RF_Signature_K5,5,1096,-8.206276985330236,-1.131863901205537,0.5061685418807046,NSE
subsequent_2016_2020,hysets_08MH016,5,1,RF_Signature_K5,5,731,0.447667811309152,0.7251963306752514,0.11283024960751928,NSE
subsequent_2016_2020,hysets_08MH056,3,1,RF_Signature_K5,5,731,0.5706765007499397,0.628155099569369,0.060315409844402534,NSE
subsequent_2016_2020,hysets_08MH103,2,1,RF_Signature_K5,5,731,-0.20138905181320133,0.21364468844003903,0.13891173477600963,NSE
subsequent_2016_2020,hysets_08MH147,4,1,RF_Signature_K5,5,366,0.07883378833891141,0.13595950363421117,0.10935761227752315,NSE
subsequent_2016_2020,hysets_08NA006,5,1,RF_Signature_K5,5,731,0.07763188399219201,0.5588710693983507,0.1649499209565243,NSE
subsequent_2016_2020,hysets_08NB012,3,1,RF_Signature_K5,5,731,0.6996750707790346,0.8413998418674233,0.08612344494517098,NSE
subsequent_2016_2020,hysets_08NB014,5,1,RF_Signature_K5,5,731,0.7716482958171282,0.7280966516683149,0.09232523526076754,NSE
subsequent_2016_2020,hysets_08ND012,4,1,RF_Signature_K5,5,731,0.8830445396180089,0.8672071780596768,0.06275137357519436,NSE
subsequent_2016_2020,hysets_08ND013,4,1,RF_Signature_K5,5,731,0.5732790055100572,0.528642574461148,0.10213279798190218,NSE
subsequent_2016_2020,hysets_08NE039,3,1,RF_Signature_K5,5,731,0.4548727986263835,0.5451069132416485,0.09019930047717112,NSE
subsequent_2016_2020,hysets_08NE074,4,1,RF_Signature_K5,5,731,-0.274185140356235,-0.12900651465005009,0.19046939164798982,NSE
subsequent_2016_2020,hysets_08NF001,5,1,RF_Signature_K5,5,731,-0.5805842352957076,0.12247242389063862,0.21450723774861657,NSE
subsequent_2016_2020,hysets_08NG076,3,1,RF_Signature_K5,5,731,0.35183409854339365,0.5544861070943787,0.10970771501779603,NSE
subsequent_2016_2020,hysets_08NG077,2,1,RF_Signature_K5,5,731,0.5855348974054186,0.3447465857032451,0.10459433707910275,NSE
subsequent_2016_2020,hysets_08NH005,1,1,RF_Signature_K5,5,731,0.49163688771188774,0.484859134975434,0.12462908749861656,NSE
subsequent_2016_2020,hysets_08NH006,4,1,RF_Signature_K5,5,731,0.22893651825453354,0.37000628248842093,0.13989061754921484,NSE
subsequent_2016_2020,hysets_08NH120,1,1,RF_Signature_K5,5,366,0.03094723857560777,-0.06383310174892864,0.2180387585959658,NSE
subsequent_2016_2020,hysets_08NH130,3,1,RF_Signature_K5,5,665,0.40145762894174153,0.2932284938266059,0.1403380265626083,NSE
subsequent_2016_2020,hysets_08NJ160,5,1,RF_Signature_K5,5,731,0.7133234947710949,0.668987372916962,0.07956797418684709,NSE
subsequent_2016_2020,hysets_08NK016,4,1,RF_Signature_K5,5,731,-0.49114871548045613,0.3042971717969577,0.20566311442338528,NSE
subsequent_2016_2020,hysets_08NK018,2,1,RF_Signature_K5,5,731,-0.14563145288087154,0.4195490365507435,0.18444538152631745,NSE
subsequent_2016_2020,hysets_08NK022,4,1,RF_Signature_K5,5,731,0.6371625445369102,0.810746931184275,0.10814075920745439,NSE
subsequent_2016_2020,hysets_08NL004,1,1,RF_Signature_K5,5,731,-3.4332576415467315,-0.910117130520913,0.2786512545944999,NSE
subsequent_2016_2020,hysets_08NL024,5,1,RF_Signature_K5,5,366,0.05972906628738339,0.25854770016657314,0.15699829832024523,NSE
subsequent_2016_2020,hysets_08NL050,5,1,RF_Signature_K5,5,366,-2.7819513355787713,-0.43551304668725455,0.28391286799554394,NSE
subsequent_2016_2020,hysets_08NL071,4,1,RF_Signature_K5,5,366,0.3707039610719516,0.48351946322160655,0.12522255466994667,NSE
subsequent_2016_2020,hysets_08NN019,3,1,RF_Signature_K5,5,366,0.28497603545928085,0.40531633296575864,0.1438279131088562,NSE
subsequent_2016_2020,hysets_08OA002,2,1,RF_Signature_K5,5,731,0.009564911849960112,0.17500880895685866,0.09748566215725686,NSE
subsequent_2016_2020,hysets_09059500,4,1,RF_Signature_K5,5,1096,0.43194958010481255,0.4551883256673418,0.1298330885728412,NSE
subsequent_2016_2020,hysets_09165000,3,1,RF_Signature_K5,5,1096,0.5777747568016405,0.5952368308947524,0.11026060335625347,NSE
subsequent_2016_2020,hysets_09196500,1,1,RF_Signature_K5,5,1004,-0.11042710289139768,-0.167325798644812,0.17922472213814866,NSE
subsequent_2016_2020,hysets_09223000,3,1,RF_Signature_K5,5,1096,0.41305573239010795,0.26989632018092313,0.1292399072366606,NSE
subsequent_2016_2020,hysets_09253000,5,1,RF_Signature_K5,5,1096,0.6129064389257326,0.5635894075787276,0.11305543812788046,NSE
subsequent_2016_2020,hysets_09255000,2,1,RF_Signature_K5,5,1050,0.4331737498363989,0.544069585901138,0.09400505903266185,NSE
subsequent_2016_2020,hysets_09266500,2,1,RF_Signature_K5,5,1096,0.45156743216145134,0.395840742310395,0.12087521757634889,NSE
subsequent_2016_2020,hysets_09289500,1,1,RF_Signature_K5,5,1096,0.366899943640718,0.32869822826289585,0.12730490934973154,NSE
subsequent_2016_2020,hysets_09292500,5,1,RF_Signature_K5,5,1096,0.3613933921258784,0.49860419245090004,0.12207440449646084,NSE
subsequent_2016_2020,hysets_09299500,1,1,RF_Signature_K5,5,1096,0.07978134723276387,0.3762640215198477,0.13116486240093714,NSE
subsequent_2016_2020,hysets_09304200,2,1,RF_Signature_K5,5,1096,-4.145373617362532,-0.7229552894512286,0.4152801901517764,NSE
subsequent_2016_2020,hysets_09304500,1,1,RF_Signature_K5,5,1096,-1.602780040488407,-0.09688842339556403,0.2885566316729877,NSE
subsequent_2016_2020,hysets_09306222,4,1,RF_Signature_K5,5,1096,-895.9384803952682,-26.587032230234506,5.716528892367565,NSE
subsequent_2016_2020,hysets_09310500,3,1,RF_Signature_K5,5,1096,0.49281898768898225,0.40594941548589314,0.09145680662153984,NSE
subsequent_2016_2020,hysets_09312600,4,1,RF_Signature_K5,5,1096,-0.31706986728305475,-0.6710938761764096,0.1525981188545258,NSE
subsequent_2016_2020,hysets_09337000,3,1,RF_Signature_K5,5,1096,-197.8230374841846,-11.219202215508842,1.1577585950035814,NSE
subsequent_2016_2020,hysets_09342500,5,1,RF_Signature_K5,5,1096,0.3406883257224079,0.15908731205054283,0.16328336932053142,NSE
subsequent_2016_2020,hysets_09352900,3,1,RF_Signature_K5,5,1096,0.18588344480232422,0.5655940882567579,0.13760961055868365,NSE
subsequent_2016_2020,hysets_09386900,1,1,RF_Signature_K5,5,1096,-20.07110967579792,-3.0441335053515033,0.2926266996545906,NSE
subsequent_2016_2020,hysets_09403600,3,1,RF_Signature_K5,5,1096,-89.11784286647365,-8.226408263053584,0.8528457265404225,NSE
subsequent_2016_2020,hysets_09404450,5,1,RF_Signature_K5,5,1095,-0.8907265936542419,-0.3778462783249965,0.11749965145020606,NSE
subsequent_2016_2020,hysets_09405500,4,1,RF_Signature_K5,5,1096,0.10145111968535703,0.2132063422120556,0.12259327233341501,NSE
subsequent_2016_2020,hysets_09430600,5,0,RF_Signature_K5,5,1096,-0.015110957514169465,-0.33902573364920463,0.03722796474075135,NSE
subsequent_2016_2020,hysets_09442680,3,1,RF_Signature_K5,5,885,-19.695534417834693,-6.557077290480183,0.44360932251892216,NSE
subsequent_2016_2020,hysets_09447000,5,1,RF_Signature_K5,5,1096,-4.993063970299732,-0.7093336514889717,0.15599020337578887,NSE
subsequent_2016_2020,hysets_09447800,5,1,RF_Signature_K5,5,1096,-2473.797945391047,-51.11087978638672,3.0910690735188644,NSE
subsequent_2016_2020,hysets_09473000,3,1,RF_Signature_K5,5,1095,-71.53546574977366,-8.018490304115286,0.4224829410940701,NSE
subsequent_2016_2020,hysets_09494000,5,1,RF_Signature_K5,5,1096,-0.615743528006919,0.23425308216195306,0.16351679911700948,NSE
subsequent_2016_2020,hysets_09496500,2,1,RF_Signature_K5,5,1096,-1185.488251233897,-32.81978721537914,2.1946688504174094,NSE
subsequent_2016_2020,hysets_09497800,2,1,RF_Signature_K5,5,1096,-60.90178310532145,-6.53577904167502,0.5952069071116031,NSE
subsequent_2016_2020,hysets_09497980,4,1,RF_Signature_K5,5,1096,-2.745243629600184,-2.0949738257149204,0.11431824509249633,NSE
subsequent_2016_2020,hysets_09499000,2,0,RF_Signature_K5,5,731,-0.40854939639670973,-0.6761905111422994,0.06633349943545475,NSE
subsequent_2016_2020,hysets_09504420,2,1,RF_Signature_K5,5,1096,-0.8456302381731857,-0.1126548730617658,0.0916983245973945,NSE
subsequent_2016_2020,hysets_09505800,1,1,RF_Signature_K5,5,1096,-0.14370452141833456,-0.19130565316814452,0.06562591652169424,NSE
subsequent_2016_2020,hysets_09510200,1,1,RF_Signature_K5,5,1096,-0.5864398464193965,-0.2656658102437288,0.04534081137318157,NSE
subsequent_2016_2020,hysets_09512280,5,1,RF_Signature_K5,5,1096,-3.3539457061219657,-3.4709757131298815,0.08663927698434742,NSE
subsequent_2016_2020,hysets_09513780,3,1,RF_Signature_K5,5,1096,-0.5463987623666267,-1.2049409569012224,0.05377189971303319,NSE
subsequent_2016_2020,hysets_09AA012,5,1,RF_Signature_K5,5,731,-4.86587162891229,-0.8789188135386381,0.25913006087134727,NSE
subsequent_2016_2020,hysets_09AA013,2,1,RF_Signature_K5,5,366,-5.021008655393163,-0.7339873743740954,0.7437878480271932,NSE
subsequent_2016_2020,hysets_09AH003,1,1,RF_Signature_K5,5,731,-0.127811747375985,0.44024901594574817,0.11169451300686067,NSE
subsequent_2016_2020,hysets_09CA004,1,1,RF_Signature_K5,5,731,-0.42868796651733776,-0.28265576610729704,0.2110227616214591,NSE
subsequent_2016_2020,hysets_09EA004,2,1,RF_Signature_K5,5,366,-0.34675532515569096,-0.16097605367385315,0.25813592134736124,NSE
subsequent_2016_2020,hysets_10011500,2,1,RF_Signature_K5,5,1096,0.7095251622620523,0.5056120989555877,0.09161524060686166,NSE
subsequent_2016_2020,hysets_10032000,3,1,RF_Signature_K5,5,1096,0.5249028047738369,0.3800883434215492,0.11567185930186999,NSE
subsequent_2016_2020,hysets_10113500,4,1,RF_Signature_K5,5,1096,-2.1066610248954487,-0.29669022845986026,0.23280851981483663,NSE
subsequent_2016_2020,hysets_10173450,2,1,RF_Signature_K5,5,1096,0.5931576716876872,0.4982687400478999,0.10548157709709023,NSE
subsequent_2016_2020,hysets_10174500,1,1,RF_Signature_K5,5,1096,-0.04985665346699486,0.05004640951232786,0.1705839315130589,NSE
subsequent_2016_2020,hysets_10194200,5,1,RF_Signature_K5,5,1096,-1.2129481646764773,-0.3354205502909442,0.2571523020442848,NSE
subsequent_2016_2020,hysets_10234500,2,1,RF_Signature_K5,5,1096,0.49951328677504536,0.6198127222816497,0.10324244068595548,NSE
subsequent_2016_2020,hysets_10258500,4,1,RF_Signature_K5,5,1096,-64.00743099927942,-10.574944404549587,0.4248215887737262,NSE
subsequent_2016_2020,hysets_10296000,3,1,RF_Signature_K5,5,1096,-0.1098701580485475,-0.23812081880269598,0.17011206581763685,NSE
subsequent_2016_2020,hysets_10296500,5,1,RF_Signature_K5,5,1096,0.047975052190101675,-0.0850634904931229,0.1453066094582845,NSE
subsequent_2016_2020,hysets_10329500,4,1,RF_Signature_K5,5,1096,0.07018322221590823,0.2116775384070939,0.057850695794760924,NSE
subsequent_2016_2020,hysets_10396000,4,1,RF_Signature_K5,5,1096,0.4741270626460128,0.6668050828930459,0.09613439433577162,NSE
subsequent_2016_2020,hysets_10AC005,3,1,RF_Signature_K5,5,1096,0.5344865576519928,0.7588825988127,0.1267807974610294,NSE
subsequent_2016_2020,hysets_10BE007,3,1,RF_Signature_K5,5,731,-3.077105651375538,-0.225539757194001,0.3962579334142875,NSE
subsequent_2016_2020,hysets_10BE009,3,1,RF_Signature_K5,5,366,-46.79051873395321,-4.485702785050736,1.8060648013811968,NSE
subsequent_2016_2020,hysets_10ED003,5,1,RF_Signature_K5,5,731,-0.1557141386567822,0.052535101914948035,0.14684383802013745,NSE
subsequent_2016_2020,hysets_10GC003,3,1,RF_Signature_K5,5,731,-1.2448359674951242,-0.025265835327241914,0.15340759127494727,NSE
subsequent_2016_2020,hysets_10LC003,3,1,RF_Signature_K5,5,397,-0.14341045180917233,-0.30075602318382977,0.12866824234101804,NSE
subsequent_2016_2020,hysets_10LC007,2,1,RF_Signature_K5,5,622,0.20113456553951936,0.3076848914705559,0.0856905194468483,NSE
subsequent_2016_2020,hysets_11012500,4,1,RF_Signature_K5,5,1096,-182.09231498378134,-51.993065549369184,0.45429067117137906,NSE
subsequent_2016_2020,hysets_11015000,2,1,RF_Signature_K5,5,1096,-1.5570105745864105,-0.9223781892710949,0.07336383437020579,NSE
subsequent_2016_2020,hysets_11042400,1,1,RF_Signature_K5,5,1096,-49.92051067342323,-14.417308866647495,0.4350374278656208,NSE
subsequent_2016_2020,hysets_11123000,2,1,RF_Signature_K5,5,1096,-0.11073674390788968,-1.069034288830593,0.0468609659813623,NSE
subsequent_2016_2020,hysets_11123500,4,1,RF_Signature_K5,5,1096,0.2911677097667662,-0.11286924231921436,0.03837023395044493,NSE
subsequent_2016_2020,hysets_11124500,1,1,RF_Signature_K5,5,1096,-4.019083547597335,-1.4883626069217244,0.09077916739048447,NSE
subsequent_2016_2020,hysets_11132500,4,1,RF_Signature_K5,5,1096,-0.24472213694727252,-0.9107465094443272,0.0352918348834406,NSE
subsequent_2016_2020,hysets_11140000,1,1,RF_Signature_K5,5,1096,-14.517700578468054,-6.725017202069088,0.1842409512427089,NSE
subsequent_2016_2020,hysets_11143000,5,1,RF_Signature_K5,5,1096,-0.18184498186679598,-0.12223836919524245,0.10881160695271593,NSE
subsequent_2016_2020,hysets_11143200,3,1,RF_Signature_K5,5,1096,-0.0011567281442712574,0.3746609808506147,0.07185578123744886,NSE
subsequent_2016_2020,hysets_11143250,5,1,RF_Signature_K5,5,1096,0.9027080908193403,0.9156169068267563,0.020437539286883064,NSE
subsequent_2016_2020,hysets_11148900,3,1,RF_Signature_K5,5,1096,-0.184704218125467,0.18933958849617616,0.09366844934773023,NSE
subsequent_2016_2020,hysets_11149900,1,1,RF_Signature_K5,5,1096,-0.7064719263382229,0.0074748156532468135,0.10935843341149855,NSE
subsequent_2016_2020,hysets_11151300,2,1,RF_Signature_K5,5,1096,-42.911837622853554,-12.828475282426684,0.3476422553646217,NSE
subsequent_2016_2020,hysets_11152000,3,1,RF_Signature_K5,5,1096,0.03239671864488236,-0.14126472417619707,0.0783185005168417,NSE
subsequent_2016_2020,hysets_11202000,5,1,RF_Signature_K5,5,1004,0.7332552330122517,0.4436557012555302,0.03349456846214354,NSE
subsequent_2016_2020,hysets_11202001,3,1,RF_Signature_K5,5,1004,-0.29648633707802974,-0.17265857479192337,0.0730337281816943,NSE
subsequent_2016_2020,hysets_11224500,5,1,RF_Signature_K5,5,1096,-3.3397006508907667,-1.9754369938067873,0.11829228412842004,NSE
subsequent_2016_2020,hysets_11230500,4,1,RF_Signature_K5,5,1004,-0.1938994129232543,-0.2793381087215816,0.16323362550192144,NSE
subsequent_2016_2020,hysets_11253310,4,1,RF_Signature_K5,5,1096,-26.57337851562704,-8.429141126505302,0.2942360325706828,NSE
subsequent_2016_2020,hysets_11264500,2,1,RF_Signature_K5,5,1096,0.8891340125171898,0.7366235106435388,0.04553203783733616,NSE
subsequent_2016_2020,hysets_11266500,5,1,RF_Signature_K5,5,1096,0.8272100586562847,0.826557800870135,0.06162084193279024,NSE
subsequent_2016_2020,hysets_11314500,4,1,RF_Signature_K5,5,1004,0.4185082274823019,0.35655660795780764,0.1464750081157421,NSE
subsequent_2016_2020,hysets_11317000,3,1,RF_Signature_K5,5,1004,-0.08081059848010907,-0.04062715140287887,0.09882456525907606,NSE
subsequent_2016_2020,hysets_11318500,4,1,RF_Signature_K5,5,1004,0.43166686824894873,0.37991161096716175,0.059729710955277085,NSE
subsequent_2016_2020,hysets_11367500,4,1,RF_Signature_K5,5,731,-2.4809205789025324,-0.21121057218403783,0.1558534602462913,NSE
subsequent_2016_2020,hysets_11374000,4,1,RF_Signature_K5,5,1096,0.13422807873122367,0.16823755701184195,0.10865893866338171,NSE
subsequent_2016_2020,hysets_11376550,4,1,RF_Signature_K5,5,1096,-1.0850339046261421,0.10825770566363302,0.15537421216433303,NSE
subsequent_2016_2020,hysets_11379500,1,1,RF_Signature_K5,5,1096,0.48994273778955166,0.4703397131512588,0.06584903286042765,NSE
subsequent_2016_2020,hysets_11381500,3,1,RF_Signature_K5,5,1096,-0.38229916350602977,0.01164067159619453,0.09974480011809737,NSE
subsequent_2016_2020,hysets_11383500,1,1,RF_Signature_K5,5,1096,-0.1600769100664592,0.049182575507664805,0.0947885047906199,NSE
subsequent_2016_2020,hysets_11402000,1,1,RF_Signature_K5,5,1096,-0.2716269946681904,-0.05616042877273353,0.08340728049612513,NSE
subsequent_2016_2020,hysets_11413000,3,1,RF_Signature_K5,5,1096,0.1798696888712572,0.053923491485840636,0.09019412737150319,NSE
subsequent_2016_2020,hysets_11413300,4,1,RF_Signature_K5,5,1004,0.16763696239276205,0.02481077255842601,0.08587342097976816,NSE
subsequent_2016_2020,hysets_11428800,5,1,RF_Signature_K5,5,1004,-0.0893063660624962,-0.022531981584415384,0.05890686434955752,NSE
subsequent_2016_2020,hysets_11433300,5,1,RF_Signature_K5,5,1004,-0.3354372619478385,-0.15242024389696418,0.09267986239881383,NSE
subsequent_2016_2020,hysets_11451100,4,0,RF_Signature_K5,5,1096,0.5194752819727351,0.48107159186845727,0.0590512908239146,NSE
subsequent_2016_2020,hysets_11461000,1,0,RF_Signature_K5,5,1096,0.557210056760919,0.5304033705012268,0.05375942460183187,NSE
subsequent_2016_2020,hysets_11468500,5,0,RF_Signature_K5,5,1096,0.8454361298544976,0.8751081844130696,0.03748235062158513,NSE
subsequent_2016_2020,hysets_11470500,1,1,RF_Signature_K5,5,1004,0.7038105918602668,0.5487366092212542,0.05267390467525769,NSE
subsequent_2016_2020,hysets_11473900,3,1,RF_Signature_K5,5,1095,0.8439861956918524,0.7197110436753393,0.0382832203571489,NSE
subsequent_2016_2020,hysets_11478500,4,1,RF_Signature_K5,5,1096,0.59306157642608,0.43982263463364946,0.06744336593228742,NSE
subsequent_2016_2020,hysets_11480390,3,1,RF_Signature_K5,5,1096,0.8335703029529291,0.7753497433766063,0.04055597424845551,NSE
subsequent_2016_2020,hysets_11480410,1,1,RF_Signature_K5,5,1003,0.8053551503659292,0.5236129358502235,0.04802100125550345,NSE
subsequent_2016_2020,hysets_11481200,4,1,RF_Signature_K5,5,1096,0.7649075958517297,0.8427199668593734,0.047281244554434124,NSE
subsequent_2016_2020,hysets_11482500,4,1,RF_Signature_K5,5,1096,0.7966560081193285,0.7428166264107954,0.06289629074536397,NSE
subsequent_2016_2020,hysets_11521500,5,1,RF_Signature_K5,5,1096,0.7512330564156133,0.7972598323099981,0.04163169408953773,NSE
subsequent_2016_2020,hysets_11522500,3,1,RF_Signature_K5,5,731,-0.2780513330248864,-0.12337586550474877,0.12398422563994933,NSE
subsequent_2016_2020,hysets_11523200,5,1,RF_Signature_K5,5,1086,0.17239960897876194,0.3549127919173972,0.1049326980452976,NSE
subsequent_2016_2020,hysets_11528700,2,1,RF_Signature_K5,5,1096,0.48785604753305123,0.5123912226701985,0.07319774672694247,NSE
subsequent_2016_2020,hysets_11532500,3,1,RF_Signature_K5,5,1096,0.6116915872745219,0.6302406505778979,0.07889207852117222,NSE
subsequent_2016_2020,hysets_12025700,2,1,RF_Signature_K5,5,1096,0.7174164930351674,0.7259136697158064,0.059434591600243135,NSE
subsequent_2016_2020,hysets_12035000,3,1,RF_Signature_K5,5,1096,0.38823996483951606,0.4155476034275787,0.06599202090726844,NSE
subsequent_2016_2020,hysets_12039500,2,1,RF_Signature_K5,5,1096,0.5934827193321253,0.5774273824571887,0.06682068640813271,NSE
subsequent_2016_2020,hysets_12040500,5,1,RF_Signature_K5,5,1096,0.6645074927989338,0.558415179282473,0.07168210238173399,NSE
subsequent_2016_2020,hysets_12041200,1,1,RF_Signature_K5,5,1096,0.6863411143028562,0.6906540401455296,0.05975202405458842,NSE
subsequent_2016_2020,hysets_12043000,3,1,RF_Signature_K5,5,1096,0.2586330211918366,0.2216758782709879,0.11262468704610394,NSE
subsequent_2016_2020,hysets_12048000,5,1,RF_Signature_K5,5,1096,-4.768152331933452,-0.7189369017758798,0.26711722551784756,NSE
subsequent_2016_2020,hysets_12054000,1,1,RF_Signature_K5,5,1096,0.6217680674955564,0.7738845904816668,0.0801531004121187,NSE
subsequent_2016_2020,hysets_12056500,5,1,RF_Signature_K5,5,1096,0.16422048312720783,0.15178977149898454,0.0938896789309539,NSE
subsequent_2016_2020,hysets_12082500,2,0,RF_Signature_K5,5,1096,0.8279026173375561,0.8486711093185233,0.03481459021312596,NSE
subsequent_2016_2020,hysets_12092000,5,0,RF_Signature_K5,5,1096,0.7365736164991272,0.8613976705182076,0.05393320505959342,NSE
subsequent_2016_2020,hysets_12115000,1,1,RF_Signature_K5,5,1096,0.5114490095853989,0.6341216801162993,0.07205981145051389,NSE
subsequent_2016_2020,hysets_12134500,5,1,RF_Signature_K5,5,1096,0.5497848232235051,0.4684671128388753,0.06382560051004109,NSE
subsequent_2016_2020,hysets_12141300,5,1,RF_Signature_K5,5,1096,0.6415540623154613,0.6812772227499191,0.07327888412256223,NSE
subsequent_2016_2020,hysets_12142000,2,1,RF_Signature_K5,5,1096,0.6918141991869293,0.673203814007943,0.06994084052074018,NSE
subsequent_2016_2020,hysets_12186000,1,1,RF_Signature_K5,5,1096,0.8089770958762345,0.8414454947490118,0.03885558211547964,NSE
subsequent_2016_2020,hysets_12189500,1,1,RF_Signature_K5,5,1096,0.6509086736512774,0.7227888308226404,0.045021786323846576,NSE
subsequent_2016_2020,hysets_12205000,4,1,RF_Signature_K5,5,1096,0.5605140293806777,0.7079034754904978,0.05649292361504513,NSE
subsequent_2016_2020,hysets_12324590,1,1,RF_Signature_K5,5,1096,-0.138065281699437,0.08337200553863766,0.13307660347383524,NSE
subsequent_2016_2020,hysets_12330000,3,1,RF_Signature_K5,5,1096,0.6277015919355655,0.6147465649473519,0.03918900736440061,NSE
subsequent_2016_2020,hysets_12332000,4,1,RF_Signature_K5,5,1096,0.6574840362584473,0.6058535388741826,0.10163455634035673,NSE
subsequent_2016_2020,hysets_12370000,5,1,RF_Signature_K5,5,1096,0.6381498586257777,0.777532005708333,0.12164360410797953,NSE
subsequent_2016_2020,hysets_12389500,1,1,RF_Signature_K5,5,1096,-0.6987657588094736,0.2967452823221759,0.18484625598254792,NSE
subsequent_2016_2020,hysets_12411000,1,1,RF_Signature_K5,5,1086,0.18703946265948046,0.4361298439198168,0.10992929832657047,NSE
subsequent_2016_2020,hysets_12414900,1,1,RF_Signature_K5,5,1096,-0.6956613055059566,0.18547328211859027,0.1284166623538668,NSE
subsequent_2016_2020,hysets_12452800,4,1,RF_Signature_K5,5,731,0.4862228641885259,0.45774484671377147,0.1091412593775468,NSE
subsequent_2016_2020,hysets_12488500,1,1,RF_Signature_K5,5,1096,0.14442311455008472,0.21808355066324037,0.12706258558381445,NSE
subsequent_2016_2020,hysets_13010065,5,1,RF_Signature_K5,5,1096,0.8324204854976289,0.7659042950739561,0.07330452692276661,NSE
subsequent_2016_2020,hysets_13011900,2,1,RF_Signature_K5,5,1096,0.46717749158889466,0.375350003199323,0.13313378303461154,NSE
subsequent_2016_2020,hysets_13023000,1,1,RF_Signature_K5,5,1096,0.3703844668390891,0.28879546498076536,0.1795766205426278,NSE
subsequent_2016_2020,hysets_13186000,5,1,RF_Signature_K5,5,1096,0.29646148820761997,0.16021131149388956,0.11000316480423626,NSE
subsequent_2016_2020,hysets_13235000,2,1,RF_Signature_K5,5,1096,0.5659237296149022,0.707230453057164,0.1145397464477651,NSE
subsequent_2016_2020,hysets_13297355,3,1,RF_Signature_K5,5,1096,0.452862832698814,0.32705902010252064,0.08945531393414531,NSE
subsequent_2016_2020,hysets_13331500,4,1,RF_Signature_K5,5,731,-0.1731375112122635,0.11273414249711322,0.1952721850724478,NSE
subsequent_2016_2020,hysets_13339500,3,1,RF_Signature_K5,5,731,-0.9583118005947595,-0.29956270802528095,0.12184985552545564,NSE
subsequent_2016_2020,hysets_14013000,2,1,RF_Signature_K5,5,1096,-0.3015017584522661,0.1489453186182289,0.1280588694650281,NSE
subsequent_2016_2020,hysets_14020000,3,1,RF_Signature_K5,5,731,-2.0277913855547034,-0.027712460409293982,0.18635208927668315,NSE
subsequent_2016_2020,hysets_14020300,2,1,RF_Signature_K5,5,1096,-0.7494792895051163,0.10661090713830534,0.1618366312722296,NSE
subsequent_2016_2020,hysets_14038530,3,1,RF_Signature_K5,5,1096,0.03502488268912263,0.5575568103703115,0.14306820825356592,NSE
subsequent_2016_2020,hysets_14044000,5,1,RF_Signature_K5,5,1046,0.13070422089686307,0.46044548064224244,0.12540461898295854,NSE
subsequent_2016_2020,hysets_14091500,2,0,RF_Signature_K5,5,1004,-33.346878689683656,-1.119545533158674,0.8980854903255407,NSE
subsequent_2016_2020,hysets_14096850,2,1,RF_Signature_K5,5,1096,-0.638851658942359,0.13842985398331709,0.1448777400869042,NSE
subsequent_2016_2020,hysets_14097100,1,1,RF_Signature_K5,5,1096,-8.264091094315619,-1.1651280799595831,0.45370782035830365,NSE
subsequent_2016_2020,hysets_14154500,4,1,RF_Signature_K5,5,1096,0.549619804281814,0.728795497986799,0.06719942396310719,NSE
subsequent_2016_2020,hysets_14158500,1,1,RF_Signature_K5,5,731,-0.9289101418931365,0.029573434097340034,0.30743679129715484,NSE
subsequent_2016_2020,hysets_14166500,5,1,RF_Signature_K5,5,1096,0.5025574582708097,0.5960204932012392,0.0749122249045483,NSE
subsequent_2016_2020,hysets_14178000,3,1,RF_Signature_K5,5,731,-0.7933086685307518,-0.1075981256805405,0.19473840973308296,NSE
subsequent_2016_2020,hysets_14182500,5,1,RF_Signature_K5,5,1096,0.7822282250957855,0.857824423994486,0.045719446016372005,NSE
subsequent_2016_2020,hysets_14185000,4,0,RF_Signature_K5,5,1096,0.4814984006811578,0.553333547441687,0.08709810615667794,NSE
subsequent_2016_2020,hysets_14185900,2,1,RF_Signature_K5,5,1096,0.8083954559382156,0.8272794865534584,0.0515936338993078,NSE
subsequent_2016_2020,hysets_14236200,3,1,RF_Signature_K5,5,1096,0.6207989654583583,0.5721338348038438,0.07556122731281184,NSE
subsequent_2016_2020,hysets_14301000,3,1,RF_Signature_K5,5,1095,0.6995819253445117,0.8035426528304187,0.0711737116274338,NSE
subsequent_2016_2020,hysets_14306500,1,1,RF_Signature_K5,5,1096,0.7964175016326906,0.702108129172496,0.052415155369819465,NSE
subsequent_2016_2020,hysets_14308000,5,1,RF_Signature_K5,5,1096,0.5081999116538272,0.34749888410880014,0.0595733995137786,NSE
subsequent_2016_2020,hysets_14309500,2,1,RF_Signature_K5,5,1096,0.8515031042061116,0.7955645514870446,0.042603985157693335,NSE
subsequent_2016_2020,hysets_14316700,2,1,RF_Signature_K5,5,1096,0.7362208777857139,0.7732783732628608,0.05560713668196432,NSE
subsequent_2016_2020,hysets_14325000,4,0,RF_Signature_K5,5,1096,0.6893366797811538,0.5146462145325581,0.05386205399083778,NSE
subsequent_2016_2020,hysets_14338000,2,1,RF_Signature_K5,5,1096,-1.1644562434191652,-0.0006481582617428039,0.14536286994989067,NSE
subsequent_2016_2020,hysets_14377100,4,1,RF_Signature_K5,5,1093,0.6463611784697063,0.6598831709357104,0.07185844195403394,NSE
subsequent_2016_2020,hysets_14400000,3,1,RF_Signature_K5,5,1096,0.4902231662333575,0.4887131949900938,0.0807976142052656,NSE
subsequent_2016_2020,lamah_12425002,3,1,RF_Signature_K5,5,731,-1.038350859282728,0.035010464291491905,0.17561149916539467,NSE
subsequent_2016_2020,lamah_16000708,2,1,RF_Signature_K5,5,731,0.6853370286392555,0.7442062475122597,0.10358208987318847,NSE
subsequent_2016_2020,lamah_16001303,5,1,RF_Signature_K5,5,731,-11.9454851322077,-1.7674536901265783,0.31773152489121465,NSE
subsequent_2016_2020,lamah_16610709,4,1,RF_Signature_K5,5,731,0.13051858273831785,0.20928178556626553,0.06897301973240517,NSE
subsequent_2016_2020,lamah_17404000,1,1,RF_Signature_K5,5,731,-5.173234578334289,-0.6624438373707242,0.33562835021517684,NSE
subsequent_2016_2020,lamah_18481006,5,1,RF_Signature_K5,5,731,0.8008458357986912,0.8430359792272868,0.047727006497385094,NSE
subsequent_2016_2020,lamah_18486000,4,1,RF_Signature_K5,5,731,0.6822969355727152,0.6721712403631738,0.0633729422148084,NSE
subsequent_2016_2020,lamah_200253,4,1,RF_Signature_K5,5,731,0.08008496864135406,0.23675320539639622,0.11843311483434925,NSE
subsequent_2016_2020,lamah_200261,5,1,RF_Signature_K5,5,731,0.18315888221946053,0.2192636086510018,0.10637338973199408,NSE
subsequent_2016_2020,lamah_200303,2,1,RF_Signature_K5,5,731,0.2539107650574355,0.45628838004012473,0.07385334313605782,NSE
subsequent_2016_2020,lamah_201012,2,0,RF_Signature_K5,5,731,0.544704491372523,0.4821837170427584,0.08978964432816793,NSE
subsequent_2016_2020,lamah_201087,4,1,RF_Signature_K5,5,731,0.5083136386876985,0.4626468609023515,0.09912788276693012,NSE
subsequent_2016_2020,lamah_201095,2,1,RF_Signature_K5,5,731,0.7389414463747148,0.8201019361967844,0.08735211635104838,NSE
subsequent_2016_2020,lamah_201160,3,1,RF_Signature_K5,5,731,0.5963006012534063,0.6010101482368592,0.0749045331956012,NSE
subsequent_2016_2020,lamah_201236,3,1,RF_Signature_K5,5,731,0.5726143590858963,0.6049922484326316,0.08137838368294147,NSE
subsequent_2016_2020,lamah_201251,1,1,RF_Signature_K5,5,731,0.7932113035336871,0.8485195747994587,0.07215838382782656,NSE
subsequent_2016_2020,lamah_201335,5,1,RF_Signature_K5,5,731,-1.007066613006654,-0.28988977946897654,0.20118840855408449,NSE
subsequent_2016_2020,lamah_201392,2,1,RF_Signature_K5,5,731,0.5208947514283817,0.7162232039383959,0.15528187564860824,NSE
subsequent_2016_2020,lamah_201434,2,1,RF_Signature_K5,5,731,0.7317254525380115,0.7722424050136917,0.11451858396918632,NSE
subsequent_2016_2020,lamah_201558,1,1,RF_Signature_K5,5,731,0.85284774865563,0.7911013625600685,0.07159065472564843,NSE
subsequent_2016_2020,lamah_201566,3,1,RF_Signature_K5,5,731,0.7048714644849361,0.61517818227984,0.059734422491528175,NSE
subsequent_2016_2020,lamah_201574,1,1,RF_Signature_K5,5,731,0.9351639688940849,0.938138148651233,0.03958641833466249,NSE
subsequent_2016_2020,lamah_201723,5,1,RF_Signature_K5,5,731,0.8688156086939083,0.8982554455474188,0.0714237987205578,NSE
subsequent_2016_2020,lamah_201848,2,1,RF_Signature_K5,5,731,0.6384097053694373,0.8146139791773952,0.10870201230725748,NSE
subsequent_2016_2020,lamah_202036,1,1,RF_Signature_K5,5,731,0.7142459517962825,0.7232612229874618,0.08743429286043225,NSE
subsequent_2016_2020,lamah_203026,3,1,RF_Signature_K5,5,731,0.8332331078211042,0.7007222164833506,0.07001987714305007,NSE
subsequent_2016_2020,lamah_203075,5,1,RF_Signature_K5,5,731,0.7774247428881819,0.6887095378565355,0.07895488039148757,NSE
subsequent_2016_2020,lamah_203166,2,1,RF_Signature_K5,5,731,0.8249765086049492,0.813481534153691,0.0612762622026612,NSE
subsequent_2016_2020,lamah_203224,3,1,RF_Signature_K5,5,731,0.6986980672200334,0.553020755526517,0.07966929600175657,NSE
subsequent_2016_2020,lamah_203265,2,1,RF_Signature_K5,5,731,0.25560368810960765,0.4887172685016039,0.0840001461603109,NSE
subsequent_2016_2020,lamah_203307,4,1,RF_Signature_K5,5,731,0.6893218636177632,0.6009588887445481,0.05714533959690135,NSE
subsequent_2016_2020,lamah_203463,2,1,RF_Signature_K5,5,731,0.5953042513993512,0.7162265615365547,0.10872309695670246,NSE
subsequent_2016_2020,lamah_203505,1,1,RF_Signature_K5,5,731,0.4040566412335941,0.665535117515611,0.11700447230453571,NSE
subsequent_2016_2020,lamah_203711,5,1,RF_Signature_K5,5,731,0.7975699669000788,0.7604300063123639,0.06919375878542357,NSE
subsequent_2016_2020,lamah_203752,1,1,RF_Signature_K5,5,731,0.7273012502830893,0.7428264953173733,0.08148681474819175,NSE
subsequent_2016_2020,lamah_203760,2,1,RF_Signature_K5,5,731,0.4751857935303553,0.48970812417488496,0.11475587665510663,NSE
subsequent_2016_2020,lamah_203786,1,1,RF_Signature_K5,5,731,0.8283523786223137,0.7915010300436647,0.07261877897360731,NSE
subsequent_2016_2020,lamah_203794,3,1,RF_Signature_K5,5,731,0.551354064646707,0.5582899811582,0.10689279180677917,NSE
subsequent_2016_2020,lamah_203828,3,1,RF_Signature_K5,5,731,0.6420661718405039,0.6358048956617695,0.08541257439213656,NSE
subsequent_2016_2020,lamah_204875,2,1,RF_Signature_K5,5,731,-0.9086494550321595,0.0589120692993238,0.14324429323153176,NSE
subsequent_2016_2020,lamah_204925,1,1,RF_Signature_K5,5,731,-1.6227730230453528,0.011872138816837685,0.16819005504253345,NSE
subsequent_2016_2020,lamah_205104,3,1,RF_Signature_K5,5,731,0.36124840387349055,0.3313061661605181,0.13545866474676432,NSE
subsequent_2016_2020,lamah_205179,4,1,RF_Signature_K5,5,731,0.17356923682679049,0.4665390894897635,0.15545239232399283,NSE
subsequent_2016_2020,lamah_205294,2,1,RF_Signature_K5,5,731,-0.06502137190526014,0.3036850008947003,0.09685391449781491,NSE
subsequent_2016_2020,lamah_205500,4,1,RF_Signature_K5,5,731,0.7777253231716961,0.8821836705844913,0.05044033176732678,NSE
subsequent_2016_2020,lamah_205740,5,1,RF_Signature_K5,5,731,0.6118454043889078,0.4401225575971468,0.05910916034892437,NSE
subsequent_2016_2020,lamah_205799,1,0,RF_Signature_K5,5,731,0.6334684972755031,0.5890822285026357,0.08170300614621276,NSE
subsequent_2016_2020,lamah_205823,5,1,RF_Signature_K5,5,731,0.7123358105861504,0.7543435565107162,0.04739343879146666,NSE
subsequent_2016_2020,lamah_205831,5,1,RF_Signature_K5,5,731,0.8132030881866916,0.8200977554062008,0.04480951864750304,NSE
subsequent_2016_2020,lamah_205864,3,1,RF_Signature_K5,5,731,0.6058928861260064,0.6097278744955532,0.06979132741291683,NSE
subsequent_2016_2020,lamah_205898,3,1,RF_Signature_K5,5,731,0.6177599767548019,0.5925980907913795,0.06338299369020531,NSE
subsequent_2016_2020,lamah_206508,4,1,RF_Signature_K5,5,731,0.42929980682126134,0.4292632631155979,0.10232688545424275,NSE
subsequent_2016_2020,lamah_207613,5,0,RF_Signature_K5,5,731,-5.1164370005553295,-0.6202285815086122,0.26451588649741414,NSE
subsequent_2016_2020,lamah_207654,2,1,RF_Signature_K5,5,731,0.12293040210402029,0.24928034969438784,0.11714922723194235,NSE
subsequent_2016_2020,lamah_207738,2,1,RF_Signature_K5,5,731,0.2110540229452944,0.38708185867795875,0.0833395731042612,NSE
subsequent_2016_2020,lamah_207852,2,1,RF_Signature_K5,5,731,-0.6603807740915308,-0.032663565847322884,0.11803076854854144,NSE
subsequent_2016_2020,lamah_208116,1,1,RF_Signature_K5,5,731,-3.202508771611954,-0.3144140449712003,0.18524552296269056,NSE
subsequent_2016_2020,lamah_208686,2,1,RF_Signature_K5,5,731,-0.5580273036085666,0.11954482106292263,0.13958446432715435,NSE
subsequent_2016_2020,lamah_209361,1,1,RF_Signature_K5,5,731,0.5684150991575367,0.750290449291517,0.06528898410108865,NSE
subsequent_2016_2020,lamah_209551,1,1,RF_Signature_K5,5,731,0.7077403236189467,0.5187394057420966,0.05892435154285129,NSE
subsequent_2016_2020,lamah_210526,4,1,RF_Signature_K5,5,731,0.40487473352749404,0.5912131095598894,0.1447006754186973,NSE
subsequent_2016_2020,lamah_210641,1,1,RF_Signature_K5,5,731,0.830655000419618,0.7909246231114461,0.05487823355593513,NSE
subsequent_2016_2020,lamah_210732,2,0,RF_Signature_K5,5,731,-2.1937246430792205,-0.5745047467471773,0.14647362850864104,NSE
subsequent_2016_2020,lamah_210773,1,1,RF_Signature_K5,5,731,0.6167553651383859,0.7293552810434811,0.08242475916165395,NSE
subsequent_2016_2020,lamah_210815,5,1,RF_Signature_K5,5,731,0.5996770246911003,0.7802033702088704,0.06697094615173385,NSE
subsequent_2016_2020,lamah_210856,3,1,RF_Signature_K5,5,731,0.007259932593878804,0.31513905582850554,0.1326402905522682,NSE
subsequent_2016_2020,lamah_210864,1,1,RF_Signature_K5,5,731,0.23786206277853938,0.5581625301624609,0.08362912732316143,NSE
subsequent_2016_2020,lamah_210898,1,1,RF_Signature_K5,5,731,-0.13258590887748256,0.2842777227989546,0.14175169116976175,NSE
subsequent_2016_2020,lamah_211086,4,1,RF_Signature_K5,5,731,0.6839715445181911,0.6899370607630068,0.0787123219900543,NSE
subsequent_2016_2020,lamah_211169,3,1,RF_Signature_K5,5,731,0.29508872027291577,0.6277874841317999,0.07400625799134093,NSE
subsequent_2016_2020,lamah_211656,1,1,RF_Signature_K5,5,731,-1.2153122944132506,-0.2457531836744411,0.06905481868871576,NSE
subsequent_2016_2020,lamah_212027,5,1,RF_Signature_K5,5,731,0.16122768212379568,0.534810662891039,0.15117771844496553,NSE
subsequent_2016_2020,lamah_212043,5,0,RF_Signature_K5,5,731,0.7432057580194356,0.5579878338719825,0.07544481862494465,NSE
subsequent_2016_2020,lamah_212092,2,1,RF_Signature_K5,5,731,0.8685348678002264,0.7748723182364806,0.06329818530564109,NSE
subsequent_2016_2020,lamah_212100,2,1,RF_Signature_K5,5,731,0.6940842054009411,0.6022971290684399,0.0968860674205947,NSE
subsequent_2016_2020,lamah_212167,1,1,RF_Signature_K5,5,731,0.7757626540592932,0.6440776546757734,0.07885257396492261,NSE
subsequent_2016_2020,lamah_212183,2,1,RF_Signature_K5,5,731,0.88192575543216,0.844097993054675,0.05762656030541747,NSE
subsequent_2016_2020,lamah_212316,5,0,RF_Signature_K5,5,731,0.8555170170764238,0.8616631718395945,0.06893690371480367,NSE
subsequent_2016_2020,lamah_212373,2,0,RF_Signature_K5,5,731,0.06615805386618734,0.2589280978567785,0.12960919136042592,NSE
subsequent_2016_2020,lamah_212399,5,1,RF_Signature_K5,5,731,0.40933170305650424,0.5641918701099172,0.07782737806875059,NSE
subsequent_2016_2020,lamah_212431,3,1,RF_Signature_K5,5,731,0.08821470422572286,0.3231000261145952,0.10709511252446052,NSE
subsequent_2016_2020,lamah_212522,1,0,RF_Signature_K5,5,731,-1.7666799333999461,-0.0029226692979360536,0.34217709658356604,NSE
subsequent_2016_2020,lamah_212613,2,1,RF_Signature_K5,5,731,0.45245994768384623,0.6451937538423862,0.13519995868669296,NSE
subsequent_2016_2020,lamah_212647,5,1,RF_Signature_K5,5,731,0.6842665570629187,0.6744551725603702,0.07206975369163422,NSE
subsequent_2016_2020,lamah_212670,3,1,RF_Signature_K5,5,731,0.32341006083353163,0.45862706832073796,0.07449620241727062,NSE
subsequent_2016_2020,lamah_212860,1,1,RF_Signature_K5,5,731,0.44881734349753444,0.4036124716816879,0.1134029541236711,NSE
subsequent_2016_2020,lamah_212878,3,1,RF_Signature_K5,5,731,-0.1560796513450904,-0.2033702327285103,0.14994317979042482,NSE
subsequent_2016_2020,lamah_212886,4,1,RF_Signature_K5,5,731,0.36992526572810813,0.3556300437602816,0.10646671129571375,NSE
subsequent_2016_2020,lamah_212894,5,0,RF_Signature_K5,5,731,-1.5329879773344226,-0.03222931908181392,0.212525346639653,NSE
subsequent_2016_2020,lamah_212928,5,1,RF_Signature_K5,5,731,-1.2351687842917496,0.11913804127936134,0.16564776880173626,NSE
subsequent_2016_2020,lamah_213124,2,1,RF_Signature_K5,5,731,0.12560491505309646,0.38936545633590647,0.10629928559309483,NSE
subsequent_2016_2020,lamah_213181,4,1,RF_Signature_K5,5,731,0.8452147619002384,0.8792999638688113,0.05900615252883289,NSE
subsequent_2016_2020,lamah_213306,3,1,RF_Signature_K5,5,731,-0.6568353705580066,-0.16530517101702236,0.2003523822470894,NSE
subsequent_2016_2020,lamah_2150,4,1,RF_Signature_K5,5,731,0.7440399578815295,0.7087086226594219,0.05338316356898285,NSE
subsequent_2016_2020,lamah_2262,1,1,RF_Signature_K5,5,731,0.4990267683938364,0.46379600186771186,0.08995620531970133,NSE
subsequent_2016_2020,lamah_403,2,1,RF_Signature_K5,5,731,0.8704864899902814,0.8842930198633835,0.059824402230545574,NSE
subsequent_2016_2020,camelsbr_57250000,5,1,Koppen_Class_All,302,1095,-3.853443587174609,-0.39767971851693207,0.1779880701700729,KGE
subsequent_2016_2020,camelsbr_58060000,3,1,Koppen_Class_All,288,1074,-0.26092188900019786,0.29435760078451345,0.06943719430196356,KGE
subsequent_2016_2020,camelsbr_58258000,1,1,Koppen_Class_All,287,1004,-0.17104500349231744,-0.14563608293045838,0.07209427081663128,KGE
subsequent_2016_2020,camelsbr_58530000,3,1,Koppen_Class_All,288,1095,-0.08465823546198425,0.1668091166001352,0.11162821757766558,KGE
subsequent_2016_2020,camelsbr_58535000,3,1,Koppen_Class_All,288,1035,0.03648072750760012,0.25095731729461457,0.12592492447409917,KGE
subsequent_2016_2020,camelsbr_58542000,1,1,Koppen_Class_All,287,1035,-0.19705395295761052,0.44296705122382074,0.12224803370211965,KGE
subsequent_2016_2020,camelsbr_59370000,2,1,Koppen_Class_All,293,1040,-0.05593521957210723,0.3602131938764467,0.07710191839854239,KGE
subsequent_2016_2020,camelsbr_70100000,4,1,Koppen_Class_All,290,1087,-0.16966590918283297,-0.11908182770805853,0.10605025064791596,KGE
subsequent_2016_2020,camelsbr_71300000,1,1,Koppen_Class_All,287,1081,-0.4242320696781565,0.10164967863973373,0.18645529428633356,KGE
subsequent_2016_2020,camelsbr_73765000,1,1,Koppen_Class_All,287,1035,-0.12304018752514789,-0.13866471315261975,0.10310379523304308,KGE
subsequent_2016_2020,camelscl_1050002,4,1,Koppen_Class_All,46,921,-2104.6429375177927,-42.25640530705626,9.5624525317402,KGE
subsequent_2016_2020,camelscl_1201005,3,1,Koppen_Class_All,45,1370,-1170.5420483909952,-27.471209148476444,2.514159551877793,KGE
subsequent_2016_2020,camelscl_12284002,1,1,Koppen_Class_All,35,1005,-9.097625297166067,-1.706167821792366,0.3742730558967407,KGE
subsequent_2016_2020,camelscl_12284003,4,1,Koppen_Class_All,46,1215,-50.31703252408878,-5.985190455794959,0.735563975169984,KGE
subsequent_2016_2020,camelscl_12284006,1,1,Koppen_Class_All,35,1589,-1.553337942946205,-0.1749325726924822,0.11934013187948903,KGE
subsequent_2016_2020,camelscl_12582001,4,1,Koppen_Class_All,46,1613,-0.23949591415254545,0.11103848161395347,0.07806278455083196,KGE
subsequent_2016_2020,camelscl_12600001,2,1,Koppen_Class_All,41,1184,-0.4135931384317957,-0.32256756568557265,0.21433815067220074,KGE
subsequent_2016_2020,camelscl_12622001,5,1,Koppen_Class_All,45,1535,-2.9971937987699313,-0.2778321900707681,0.2038822582310307,KGE
subsequent_2016_2020,camelscl_12802001,3,1,Koppen_Class_All,45,1425,-27.038251468844177,-5.190366863427911,0.35593984071330964,KGE
subsequent_2016_2020,camelscl_12805001,2,1,Koppen_Class_All,41,1286,-15.8219794302785,-2.414903832156268,0.5735840978429603,KGE
subsequent_2016_2020,camelscl_12806001,5,1,Koppen_Class_All,45,1427,-38.040329430408555,-3.7503274735308434,0.7426374216118495,KGE
subsequent_2016_2020,camelscl_4301002,3,1,Koppen_Class_All,45,1376,-66.24186977520539,-5.412569728390978,1.5428857422721896,KGE
subsequent_2016_2020,camelscl_4311001,1,1,Koppen_Class_All,35,1230,-128.0660219968351,-7.644610462440809,2.252231118509845,KGE
subsequent_2016_2020,camelscl_4313001,1,1,Koppen_Class_All,35,1210,-55.52411331875509,-4.499734495200049,1.227620701210455,KGE
subsequent_2016_2020,camelscl_4314002,4,1,Koppen_Class_All,452,1429,-98.51798589965945,-7.524163882304547,0.44221219682141727,KGE
subsequent_2016_2020,camelscl_4501001,4,1,Koppen_Class_All,46,1181,-298.80362175445845,-12.157622108489525,3.1770227776795052,KGE
subsequent_2016_2020,camelscl_4503001,1,1,Koppen_Class_All,287,1416,-2.922880903250579,-5.951476324293553,0.1135796695497888,KGE
subsequent_2016_2020,camelscl_4511002,1,1,Koppen_Class_All,35,1484,-30.346572558661187,-3.333898832442647,0.9904791018226218,KGE
subsequent_2016_2020,camelscl_4512001,1,1,Koppen_Class_All,463,1101,-48.150326419297016,-4.3284743116914495,1.024277000208804,KGE
subsequent_2016_2020,camelscl_4513001,3,1,Koppen_Class_All,456,1223,-9.292705869485422,-3.575222597292126,0.12724385522105314,KGE
subsequent_2016_2020,camelscl_4514001,2,1,Koppen_Class_All,452,1230,-21.443375897563296,-5.942426755567312,0.4378489364977121,KGE
subsequent_2016_2020,camelscl_4520001,4,1,Koppen_Class_All,46,1307,-15607.02324567118,-116.0368556801985,10.102462117564727,KGE
subsequent_2016_2020,camelscl_4530001,4,1,Koppen_Class_All,452,993,-67.58212238118354,-7.465148928291885,1.5244972723849208,KGE
subsequent_2016_2020,camelscl_4532001,3,0,Koppen_Class_All,456,1006,-93.02630484978481,-11.2210767000813,1.7495244325164534,KGE
subsequent_2016_2020,camelscl_4703002,1,1,Koppen_Class_All,463,1613,-16.922600194391393,-2.6649839499215293,0.5652764521410576,KGE
subsequent_2016_2020,camelscl_4721001,3,1,Koppen_Class_All,456,1097,-110.74894722767385,-8.60175045227254,2.0942075997897365,KGE
subsequent_2016_2020,camelscl_4723001,5,1,Koppen_Class_All,449,1250,-1.262086485003123,-4.214454085282932,0.11299832822628347,KGE
subsequent_2016_2020,camelscl_5200001,2,1,Koppen_Class_All,293,1551,-666.0837732893976,-23.057050587078106,2.2833309405398214,KGE
subsequent_2016_2020,camelscl_5401003,2,0,Koppen_Class_All,41,1562,-3.3299026819672193,-0.49553435837290616,0.4665360339130338,KGE
subsequent_2016_2020,camelscl_5402001,5,1,Koppen_Class_All,45,1448,-2.608591888442016,-1.068886748764375,0.09779847218240885,KGE
subsequent_2016_2020,camelscl_5406001,1,1,Koppen_Class_All,35,1016,-46.55542649649825,-8.33844941963511,1.2028553129808133,KGE
subsequent_2016_2020,camelscl_5706001,1,1,Koppen_Class_All,35,1517,-1.7690804487572138,-1.056471504370116,0.09636135786613254,KGE
subsequent_2016_2020,camelscl_5707002,1,1,Koppen_Class_All,35,1597,-3.688533795793705,-0.4092157406103163,0.37222518175548835,KGE
subsequent_2016_2020,camelscl_5722001,4,1,Koppen_Class_All,452,1484,-68.18722555086143,-5.188594710787831,1.08604863475689,KGE
subsequent_2016_2020,camelscl_5722002,1,1,Koppen_Class_All,463,1561,-26.020494563445023,-2.97730021834743,0.24701834355320668,KGE
subsequent_2016_2020,camelscl_6013001,5,1,Koppen_Class_All,449,1552,-0.39270862979469756,0.2728775120576251,0.15660251726893276,KGE
subsequent_2016_2020,camelscl_7103001,4,1,Koppen_Class_All,452,1245,-0.3669300739883643,-0.06289929037273057,0.0897426719371143,KGE
subsequent_2016_2020,camelscl_7104002,4,1,Koppen_Class_All,452,1490,-0.28690188525735816,0.09183453084964399,0.08846217136622574,KGE
subsequent_2016_2020,camelscl_7112001,5,1,Koppen_Class_All,449,1231,-0.49293710043473515,-0.07612445824916003,0.17765301234908368,KGE
subsequent_2016_2020,camelscl_7115001,2,1,Koppen_Class_All,452,1576,-1.5814381732410467,0.0542687616743629,0.17914883227883813,KGE
subsequent_2016_2020,camelscl_7116001,3,1,Koppen_Class_All,288,1204,-2.75698334191732,-0.9698522000184879,0.15408443259776394,KGE
subsequent_2016_2020,camelscl_7355002,1,1,Koppen_Class_All,287,1532,-1.1920605000590392,-0.08990039590964582,0.15679274367005178,KGE
subsequent_2016_2020,camelscl_7374001,5,1,Koppen_Class_All,302,1173,-1.4678209238928535,-0.9515715297791418,0.11485501147373053,KGE
subsequent_2016_2020,camelscl_8130002,1,1,Koppen_Class_All,287,1539,-0.3818036505374194,-0.34677130109331666,0.07726920576237538,KGE
subsequent_2016_2020,camelscl_8351001,3,0,Koppen_Class_All,288,1229,-0.3302538463417606,-0.41955327513232277,0.09108999848702062,KGE
subsequent_2016_2020,hysets_01010070,4,1,Koppen_Class_All,452,1096,0.1723551700599949,0.08180607893549452,0.1140556465722338,KGE
subsequent_2016_2020,hysets_01022500,1,1,Koppen_Class_All,463,1096,0.17134081151313318,0.1530964639225496,0.10823935516793191,KGE
subsequent_2016_2020,hysets_01031500,1,1,Koppen_Class_All,463,1096,0.17277958767112722,0.11539357551415008,0.10596833476942563,KGE
subsequent_2016_2020,hysets_01038000,3,1,Koppen_Class_All,456,1096,0.11469703904455064,0.18487294733227266,0.10937945566505079,KGE
subsequent_2016_2020,hysets_01047000,2,1,Koppen_Class_All,452,1096,0.1909901764971823,0.12102643520997636,0.09440054725240173,KGE
subsequent_2016_2020,hysets_01054200,1,1,Koppen_Class_All,463,1096,0.08350576066469073,-0.06853944206591822,0.04332496506877236,KGE
subsequent_2016_2020,hysets_01055000,3,1,Koppen_Class_All,456,1096,0.16628182094596522,0.07835509916704153,0.06932984496869836,KGE
subsequent_2016_2020,hysets_01057000,2,1,Koppen_Class_All,452,1096,0.18947600523250874,0.1608991154476549,0.10628821514213997,KGE
subsequent_2016_2020,hysets_01064500,3,1,Koppen_Class_All,456,1096,0.1743159848390814,0.0887109109261024,0.05371715664947473,KGE
subsequent_2016_2020,hysets_01076500,1,1,Koppen_Class_All,463,1096,0.15205449408645433,0.07414053050335034,0.06950880227897124,KGE
subsequent_2016_2020,hysets_01078000,2,1,Koppen_Class_All,452,1096,0.21041202583650587,0.20233706952790576,0.09020715272184508,KGE
subsequent_2016_2020,hysets_01096000,1,0,Koppen_Class_All,463,1096,0.034703503319067464,0.10659416821876877,0.09791164120000304,KGE
subsequent_2016_2020,hysets_01118000,1,1,Koppen_Class_All,463,1096,0.11994070156563608,0.22913942754033556,0.12961227867518765,KGE
subsequent_2016_2020,hysets_01134500,1,1,Koppen_Class_All,463,1096,0.16382408418208805,0.12075824243487099,0.10054916737922241,KGE
subsequent_2016_2020,hysets_01137500,4,1,Koppen_Class_All,452,1096,0.20097017967850328,0.12796011193458512,0.05823401603555851,KGE
subsequent_2016_2020,hysets_01169000,5,1,Koppen_Class_All,449,1096,0.10860737126634623,0.04076029372672807,0.06019468272584593,KGE
subsequent_2016_2020,hysets_01174500,5,1,Koppen_Class_All,449,1096,-0.02784181220432047,-0.005712065659934096,0.09878369049063573,KGE
subsequent_2016_2020,hysets_01181000,5,1,Koppen_Class_All,449,1096,0.062215805333443175,-0.05639113323703637,0.04457406801942232,KGE
subsequent_2016_2020,hysets_01439500,5,1,Koppen_Class_All,449,1096,0.004626896199896091,0.02891012407737381,0.13193603957333896,KGE
subsequent_2016_2020,hysets_01440000,4,1,Koppen_Class_All,452,1096,0.029140439865525725,0.0716993881941449,0.08007247441888929,KGE
subsequent_2016_2020,hysets_01447500,1,1,Koppen_Class_All,463,1096,-0.04516631489733247,-0.028132844471282725,0.10131036410669951,KGE
subsequent_2016_2020,hysets_01543000,4,1,Koppen_Class_All,452,1096,0.08487932126008035,0.09187221502457033,0.1218619801654464,KGE
subsequent_2016_2020,hysets_01543500,2,1,Koppen_Class_All,452,1096,0.06631569223587186,0.11784263815087548,0.10698617512191885,KGE
subsequent_2016_2020,hysets_01544500,3,1,Koppen_Class_All,456,1096,0.01631632778737757,0.11022741206516928,0.0990406026208992,KGE
subsequent_2016_2020,hysets_01545600,5,0,Koppen_Class_All,449,1096,0.07087506606059524,0.10444883653062786,0.08595902562847556,KGE
subsequent_2016_2020,hysets_01550000,5,1,Koppen_Class_All,449,1096,0.022520827442818026,-0.07449828189190555,0.07313042941561067,KGE
subsequent_2016_2020,hysets_01552000,2,0,Koppen_Class_All,452,1096,-0.009841597936929292,-0.13311820934184082,0.0780990371992506,KGE
subsequent_2016_2020,hysets_01605500,1,1,Koppen_Class_All,463,1096,-0.26678945840786494,-0.09942910775527314,0.06375806851001102,KGE
subsequent_2016_2020,hysets_01606500,3,1,Koppen_Class_All,456,1096,-0.08535470635084885,0.014333279051971015,0.06615298559373249,KGE
subsequent_2016_2020,hysets_01611500,5,1,Koppen_Class_All,449,1096,-0.28385263096260505,-0.23372939756400912,0.10053316325242048,KGE
subsequent_2016_2020,hysets_01665500,3,0,Koppen_Class_All,288,1096,-0.12991788195480702,-0.16503278949861078,0.05555803427402936,KGE
subsequent_2016_2020,hysets_01669520,2,1,Koppen_Class_All,293,1096,-1.0044224716952308,-0.3760545793724588,0.06245910689119761,KGE
subsequent_2016_2020,hysets_01673800,1,1,Koppen_Class_All,287,1096,-1.009654894386649,-0.7284659065689554,0.0876926840682156,KGE
subsequent_2016_2020,hysets_01AJ010,2,1,Koppen_Class_All,452,731,0.17579163801545472,0.10817405373493894,0.11405781609822753,KGE
subsequent_2016_2020,hysets_01AK001,3,1,Koppen_Class_All,456,731,0.21806862121687676,0.189749735642475,0.12538624815691218,KGE
subsequent_2016_2020,hysets_01AK007,1,1,Koppen_Class_All,463,731,0.1261679624713128,0.04938104522294584,0.12683427341828274,KGE
subsequent_2016_2020,hysets_01AL002,2,1,Koppen_Class_All,452,731,0.17829140010312006,0.0856995024203896,0.11725998685281043,KGE
subsequent_2016_2020,hysets_01AM001,4,1,Koppen_Class_All,452,731,0.1901516888234286,0.14674046497694138,0.09872678542673623,KGE
subsequent_2016_2020,hysets_01AN002,1,1,Koppen_Class_All,463,731,0.1259818221648139,0.10260568753286292,0.13364823893532815,KGE
subsequent_2016_2020,hysets_01AP002,4,1,Koppen_Class_All,452,731,0.10780666366073133,0.04079675668657945,0.11220473211022707,KGE
subsequent_2016_2020,hysets_01AQ001,4,1,Koppen_Class_All,452,1096,0.12056934337366265,0.008951654304483414,0.06928677512610665,KGE
subsequent_2016_2020,hysets_01BJ003,1,1,Koppen_Class_All,463,731,0.22127727447337786,0.12639904991495654,0.10225029467221818,KGE
subsequent_2016_2020,hysets_01BL002,3,1,Koppen_Class_All,456,731,0.2903528044346789,0.22549229939684723,0.11130478336392197,KGE
subsequent_2016_2020,hysets_01BQ001,2,1,Koppen_Class_All,452,731,0.2920236656298635,0.21254918531033062,0.06803810388573593,KGE
subsequent_2016_2020,hysets_01BS001,3,1,Koppen_Class_All,456,731,0.06522579902776904,0.0010599847668455453,0.09648909657934056,KGE
subsequent_2016_2020,hysets_01BU002,1,1,Koppen_Class_All,463,731,-0.10631558209216996,-0.13520700818480647,0.12514000796030308,KGE
subsequent_2016_2020,hysets_01BV006,1,1,Koppen_Class_All,463,731,0.10924266027458007,0.0029038250502760876,0.07232207334074542,KGE
subsequent_2016_2020,hysets_01DR001,2,1,Koppen_Class_All,452,1096,0.027935473852096826,-0.08741314732012984,0.1088307837365131,KGE
subsequent_2016_2020,hysets_01EC001,5,1,Koppen_Class_All,449,1096,-0.09782790401003227,-0.02887187759023835,0.18403712594639857,KGE
subsequent_2016_2020,hysets_01ED007,2,1,Koppen_Class_All,452,1096,0.04255779004782878,0.07253122755489916,0.1677396238691158,KGE
subsequent_2016_2020,hysets_01EF001,3,1,Koppen_Class_All,456,1096,0.04296699928886971,0.07054657466188619,0.1853646516589971,KGE
subsequent_2016_2020,hysets_01EO001,5,1,Koppen_Class_All,449,1096,0.021095183679096574,-0.07195054023330516,0.1062284231254942,KGE
subsequent_2016_2020,hysets_01FB001,5,1,Koppen_Class_All,449,1096,0.0036523714907500393,-0.0804146923899558,0.10793173905187817,KGE
subsequent_2016_2020,hysets_01FB003,4,1,Koppen_Class_All,452,1096,-0.006583541737246845,0.281254642861418,0.16588951318432726,KGE
subsequent_2016_2020,hysets_02011400,5,1,Koppen_Class_All,449,1096,-0.17219786721676744,-0.028116616427836583,0.07667851297193985,KGE
subsequent_2016_2020,hysets_02011460,5,1,Koppen_Class_All,449,1096,0.08203527571647451,0.05221386202231082,0.05043734228116155,KGE
subsequent_2016_2020,hysets_02013000,3,1,Koppen_Class_All,456,1096,-0.025672597313207923,-0.1341846294731588,0.06613780456259007,KGE
subsequent_2016_2020,hysets_02014000,2,1,Koppen_Class_All,452,1096,0.0500539959374704,0.06469466328379392,0.09375080044569505,KGE
subsequent_2016_2020,hysets_02015700,2,1,Koppen_Class_All,452,1096,0.03611716184958047,0.05007467809291277,0.0532745628191609,KGE
subsequent_2016_2020,hysets_02016000,5,1,Koppen_Class_All,449,1096,-0.02568941425358573,-0.02389765160257329,0.07636950712123172,KGE
subsequent_2016_2020,hysets_02017500,5,1,Koppen_Class_All,449,1096,0.04638398892589213,0.09772707045624462,0.11032215683574151,KGE
subsequent_2016_2020,hysets_02018000,3,1,Koppen_Class_All,456,1096,0.01306753947873529,0.043691461937071074,0.09535050782693062,KGE
subsequent_2016_2020,hysets_02020500,4,1,Koppen_Class_All,452,1096,0.06321927573203812,-0.043411004315658364,0.06474009576057685,KGE
subsequent_2016_2020,hysets_02021500,3,1,Koppen_Class_All,456,1096,0.015090090282912305,-0.06427219874150358,0.07072230607137558,KGE
subsequent_2016_2020,hysets_02027000,4,0,Koppen_Class_All,290,1096,-0.19040083944296948,-0.08684578016649591,0.06355104154113499,KGE
subsequent_2016_2020,hysets_02028500,4,0,Koppen_Class_All,290,1096,-0.2379980367789949,-0.05953284897712319,0.08879711328111907,KGE
subsequent_2016_2020,hysets_02030000,4,1,Koppen_Class_All,290,1096,-0.6514457851363111,-0.21992173988771735,0.08958769274198264,KGE
subsequent_2016_2020,hysets_02041000,4,1,Koppen_Class_All,290,1096,-0.6479655947226981,-0.9872990999215607,0.04920027565178491,KGE
subsequent_2016_2020,hysets_02046000,4,1,Koppen_Class_All,290,1096,-2.6872415475699976,-1.3472376290046881,0.13222800340862667,KGE
subsequent_2016_2020,hysets_02212600,4,1,Koppen_Class_All,290,1096,-1.4420088664361397,-1.8393275510385414,0.09296066706722134,KGE
subsequent_2016_2020,hysets_02325000,1,1,Koppen_Class_All,287,1096,-9.620188250394701,-1.1792843885720146,0.49752657592244454,KGE
subsequent_2016_2020,hysets_02326000,3,1,Koppen_Class_All,288,1096,-6.704200573666713,-1.457672389533014,0.46105540818746277,KGE
subsequent_2016_2020,hysets_02327100,1,1,Koppen_Class_All,287,1096,-0.3675505645567283,-0.12327505262020244,0.15247350714807056,KGE
subsequent_2016_2020,hysets_02331600,1,1,Koppen_Class_All,287,1096,-0.39774910395452756,0.12457879074803724,0.07414312887460875,KGE
subsequent_2016_2020,hysets_02373000,5,1,Koppen_Class_All,302,1079,-0.04392304730360386,0.08475991547207351,0.10300716511930756,KGE
subsequent_2016_2020,hysets_02374500,3,1,Koppen_Class_All,288,1096,-0.2228839858602012,0.1971984960115688,0.05083672757466646,KGE
subsequent_2016_2020,hysets_02380500,2,1,Koppen_Class_All,293,1096,-0.593378903222072,0.2038699514184782,0.12288435570016745,KGE
subsequent_2016_2020,hysets_02401390,4,1,Koppen_Class_All,290,1095,-0.0018100899916724256,0.044463981214165504,0.09423899780838638,KGE
subsequent_2016_2020,hysets_02450250,3,1,Koppen_Class_All,288,1096,0.07552938711752222,0.060113134288967696,0.08085384793378678,KGE
subsequent_2016_2020,hysets_02469800,5,1,Koppen_Class_All,302,1096,0.05528802588747772,0.032045589212329584,0.07902595231997217,KGE
subsequent_2016_2020,hysets_02479155,1,1,Koppen_Class_All,287,1095,0.016535737762682245,-0.02822061559897482,0.07303243899967607,KGE
subsequent_2016_2020,hysets_02479300,1,0,Koppen_Class_All,287,1096,-0.19713674322684316,0.07813247553232117,0.10260454952229639,KGE
subsequent_2016_2020,hysets_02479560,3,1,Koppen_Class_All,288,1096,-0.039281534825993614,-0.024779930354091873,0.06316077780116151,KGE
subsequent_2016_2020,hysets_02AB017,5,1,Koppen_Class_All,449,731,-0.1147155768773871,-0.15761575088755153,0.1595805952016572,KGE
subsequent_2016_2020,hysets_02AC001,3,1,Koppen_Class_All,456,731,-1.4497777152464377,-0.48209088879920103,0.2929657569899538,KGE
subsequent_2016_2020,hysets_02AD010,2,1,Koppen_Class_All,452,1096,-0.8971628959173514,-0.43173332747548065,0.18981222676844142,KGE
subsequent_2016_2020,hysets_02BA003,2,1,Koppen_Class_All,452,731,-1.3178956628373526,-0.45396379853415514,0.20228438249811342,KGE
subsequent_2016_2020,hysets_02BF001,4,1,Koppen_Class_All,452,731,0.04016934586650789,0.13260053154083584,0.12069741655491419,KGE
subsequent_2016_2020,hysets_02BF002,1,1,Koppen_Class_All,463,731,-0.0906999034460465,0.08319811358616902,0.13023723058802467,KGE
subsequent_2016_2020,hysets_02CB003,2,1,Koppen_Class_All,452,731,-0.5624532526609409,0.1455392811817382,0.16390257850507006,KGE
subsequent_2016_2020,hysets_02CD006,2,1,Koppen_Class_All,452,731,-0.41054012740058776,0.13657965496317548,0.22204029947864257,KGE
subsequent_2016_2020,hysets_02DD015,1,1,Koppen_Class_All,463,731,0.07649051153114583,0.1106967528929017,0.1538212831887786,KGE
subsequent_2016_2020,hysets_02HL003,5,1,Koppen_Class_All,449,1096,0.15617893573889552,0.1888694613528713,0.10290106465164768,KGE
subsequent_2016_2020,hysets_02HL004,5,1,Koppen_Class_All,449,1096,0.03580711242587953,0.1871445286357355,0.1360293501496411,KGE
subsequent_2016_2020,hysets_02JC008,1,1,Koppen_Class_All,463,731,-0.35043164224162693,0.011739094877165734,0.17467977736900714,KGE
subsequent_2016_2020,hysets_02YC001,1,1,Koppen_Class_All,463,731,-0.003864060635605071,0.013383739327302746,0.18305769640514413,KGE
subsequent_2016_2020,hysets_02YD002,1,1,Koppen_Class_All,463,731,0.2558010249676449,0.19231296985716562,0.1355682933370924,KGE
subsequent_2016_2020,hysets_02YJ001,4,1,Koppen_Class_All,452,731,0.09839585272811413,0.11313831797007434,0.14124982631539088,KGE
subsequent_2016_2020,hysets_02YK002,3,1,Koppen_Class_All,456,731,0.17794747047618786,0.14492775017848314,0.14272230501117095,KGE
subsequent_2016_2020,hysets_02YK005,1,1,Koppen_Class_All,463,731,0.3627138309430836,0.30913554939546894,0.1554966179877914,KGE
subsequent_2016_2020,hysets_02YN002,5,1,Koppen_Class_All,449,731,0.04877644442267215,-0.017745567155522668,0.15225151205756204,KGE
subsequent_2016_2020,hysets_02YO006,5,1,Koppen_Class_All,449,1096,0.14517077226703434,0.056544279129269626,0.07951173165317653,KGE
subsequent_2016_2020,hysets_02YO008,2,1,Koppen_Class_All,452,1096,0.10310609569146922,-0.008726604298228136,0.07393356629873658,KGE
subsequent_2016_2020,hysets_02YR001,1,1,Koppen_Class_All,463,1096,0.27838397027201855,0.3165543363363076,0.13719952654062978,KGE
subsequent_2016_2020,hysets_02YR003,4,1,Koppen_Class_All,452,1096,0.3180682369270428,0.3392594570983387,0.14320632827892193,KGE
subsequent_2016_2020,hysets_02ZB001,1,1,Koppen_Class_All,463,731,-0.09160415677550127,-0.21483317306050354,0.08409735424649342,KGE
subsequent_2016_2020,hysets_02ZC002,3,1,Koppen_Class_All,456,731,-0.03988284822928878,-0.2426948602725476,0.11096955919391578,KGE
subsequent_2016_2020,hysets_02ZF001,3,1,Koppen_Class_All,456,1096,-0.03577941790174455,0.06486064160880545,0.1454879499745406,KGE
subsequent_2016_2020,hysets_02ZG001,5,1,Koppen_Class_All,449,731,-0.1748190846576183,-0.13010607573939592,0.16041723118435386,KGE
subsequent_2016_2020,hysets_02ZG003,3,1,Koppen_Class_All,456,692,-0.1012996455339048,-0.2645089301893131,0.12793151171463726,KGE
subsequent_2016_2020,hysets_02ZH001,3,1,Koppen_Class_All,456,731,0.06281278978562754,0.021105577144397092,0.10736753654567958,KGE
subsequent_2016_2020,hysets_02ZK001,2,1,Koppen_Class_All,452,731,-0.13512403658963668,-0.23021110444454296,0.14226314166624368,KGE
subsequent_2016_2020,hysets_02ZK004,2,1,Koppen_Class_All,452,731,-0.18752425074889412,-0.3533959441179231,0.16456804445675366,KGE
subsequent_2016_2020,hysets_03010500,2,0,Koppen_Class_All,452,1096,0.02222756265995962,0.1125124307794989,0.11341110132946566,KGE
subsequent_2016_2020,hysets_03010655,1,1,Koppen_Class_All,463,1096,-0.08801727709292351,0.02243205284622496,0.08703656125240827,KGE
subsequent_2016_2020,hysets_03021350,3,0,Koppen_Class_All,456,1096,0.005182726511474112,-0.1416734116934315,0.08954768572715617,KGE
subsequent_2016_2020,hysets_03028000,1,1,Koppen_Class_All,463,1096,0.0513004601557171,0.07758056881560926,0.0705742021012333,KGE
subsequent_2016_2020,hysets_03065000,1,1,Koppen_Class_All,463,1096,0.050938383929397535,-0.022331393147920098,0.08958806961427764,KGE
subsequent_2016_2020,hysets_03070500,1,1,Koppen_Class_All,463,1096,0.03370793491224955,-0.022279499498518485,0.09677554284024442,KGE
subsequent_2016_2020,hysets_03072000,1,1,Koppen_Class_All,463,1096,0.013767036547646216,-0.039277927003408264,0.09886981041691224,KGE
subsequent_2016_2020,hysets_03110000,4,1,Koppen_Class_All,452,1096,-0.10606995987729739,-0.08177842686367076,0.06981308027185938,KGE
subsequent_2016_2020,hysets_03151400,5,1,Koppen_Class_All,449,1096,0.0843877786028866,0.0051707291145393075,0.07556802043453668,KGE
subsequent_2016_2020,hysets_03159540,3,1,Koppen_Class_All,456,1096,-0.12977509712759527,-0.2888679602554882,0.09492355623299625,KGE
subsequent_2016_2020,hysets_03180500,4,1,Koppen_Class_All,452,1096,0.09816728804497243,0.042994202012744065,0.07492716138169406,KGE
subsequent_2016_2020,hysets_03182500,3,1,Koppen_Class_All,456,1096,0.09809181918043941,0.08175619414593827,0.07049257279906944,KGE
subsequent_2016_2020,hysets_03186500,3,1,Koppen_Class_All,456,1096,0.027463887927684727,-0.08819968256758748,0.059446385795992,KGE
subsequent_2016_2020,hysets_03187500,2,1,Koppen_Class_All,452,1096,0.020006690729394316,-0.0581339413832076,0.07520120579527707,KGE
subsequent_2016_2020,hysets_03189100,2,1,Koppen_Class_All,452,929,0.06051249046400631,-0.04295263140841454,0.06367414976948646,KGE
subsequent_2016_2020,hysets_03194700,3,1,Koppen_Class_All,456,1096,0.05416744730638756,-0.013938238484326959,0.09317250279666232,KGE
subsequent_2016_2020,hysets_03198500,5,0,Koppen_Class_All,449,1096,0.10703209753937559,0.1359787763286504,0.09274925330739313,KGE
subsequent_2016_2020,hysets_03202400,5,1,Koppen_Class_All,449,1096,0.09140899346357756,0.11178767234931675,0.05859092744082526,KGE
subsequent_2016_2020,hysets_03202750,2,1,Koppen_Class_All,452,1096,0.13499887774419317,0.09939972433440891,0.08808396565413644,KGE
subsequent_2016_2020,hysets_03207800,1,1,Koppen_Class_All,287,1096,-0.38927185193601654,0.04452934650892282,0.06579733854032072,KGE
subsequent_2016_2020,hysets_03208500,2,1,Koppen_Class_All,293,1096,-0.370307885740641,-0.11001565161173188,0.06368694037437164,KGE
subsequent_2016_2020,hysets_03210000,2,1,Koppen_Class_All,293,1096,-0.376603779533514,0.0003710289199169159,0.10126253164232188,KGE
subsequent_2016_2020,hysets_03217000,3,1,Koppen_Class_All,288,1096,-0.20107818344091966,0.023435158462952854,0.08218762353372157,KGE
subsequent_2016_2020,hysets_03280700,2,1,Koppen_Class_All,293,1096,-0.12320787784215725,-0.016674727595041405,0.05968852484316381,KGE
subsequent_2016_2020,hysets_03460000,4,1,Koppen_Class_All,290,1096,-0.30982016894604536,0.18017912144258685,0.09137744235839576,KGE
subsequent_2016_2020,hysets_03497300,4,1,Koppen_Class_All,290,1094,-0.08333975256474613,0.12857119037582587,0.08058003541026845,KGE
subsequent_2016_2020,hysets_03512000,3,1,Koppen_Class_All,288,1096,-0.16093822901763,0.14035852390251435,0.08406531340620241,KGE
subsequent_2016_2020,hysets_03574500,4,1,Koppen_Class_All,290,1096,0.035536241321597495,0.0832867648933513,0.09185949625971873,KGE
subsequent_2016_2020,hysets_04015330,4,1,Koppen_Class_All,452,1096,-0.22174875088697266,-0.3353216098607741,0.10129003796883182,KGE
subsequent_2016_2020,hysets_04024430,2,1,Koppen_Class_All,452,1096,-0.277728133780593,-0.37131874404416654,0.06338514149730388,KGE
subsequent_2016_2020,hysets_04025500,2,1,Koppen_Class_All,452,1096,-2.2816449330514,0.0012554272106960473,0.15633095016836215,KGE
subsequent_2016_2020,hysets_04057510,2,1,Koppen_Class_All,452,1096,-1.3655409553336422,0.03632085458908463,0.2520236162345108,KGE
subsequent_2016_2020,hysets_04063700,5,1,Koppen_Class_All,449,1096,-0.6962870999685289,0.06743562386776969,0.21943076352065694,KGE
subsequent_2016_2020,hysets_04256000,4,1,Koppen_Class_All,452,1096,0.1487552752591892,0.12814628542231477,0.10693245502529768,KGE
subsequent_2016_2020,hysets_04262500,1,1,Koppen_Class_All,463,1096,0.09268306835468543,0.09165350089140845,0.11457918728025307,KGE
subsequent_2016_2020,hysets_04269000,4,1,Koppen_Class_All,452,1096,0.17046405237791462,0.31076704646950526,0.12382529901800775,KGE
subsequent_2016_2020,hysets_04287000,4,0,Koppen_Class_All,452,1096,0.16368164177926559,0.134014395161558,0.0802351028995107,KGE
subsequent_2016_2020,hysets_04296000,5,1,Koppen_Class_All,449,1096,0.18361147864622507,0.2352159558812228,0.1268444037089072,KGE
subsequent_2016_2020,hysets_05AA008,2,1,Koppen_Class_All,452,1096,-0.42099107751304676,-0.20740266043354771,0.20696735464594623,KGE
subsequent_2016_2020,hysets_05BG006,2,0,Koppen_Class_All,452,1096,-10.433383193390123,-2.6972691816088976,0.21487749115281143,KGE
subsequent_2016_2020,hysets_05DA009,1,0,Koppen_Class_All,35,366,0.48821329727301366,0.3990954816074497,0.20078677961564376,KGE
subsequent_2016_2020,hysets_05DC006,1,1,Koppen_Class_All,463,1096,-4.571652610096059,-1.1327791262856466,0.31975172748793684,KGE
subsequent_2016_2020,hysets_05QE008,5,1,Koppen_Class_All,449,366,-33.01949647814039,-1.79559022822531,1.5023982884035558,KGE
subsequent_2016_2020,hysets_05QE009,3,1,Koppen_Class_All,456,731,-21.072209290741895,-1.958157928360126,0.8282832865308914,KGE
subsequent_2016_2020,hysets_05QE012,4,1,Koppen_Class_All,452,731,-24.292400084677986,-1.9399263010797534,1.2382482252922278,KGE
subsequent_2016_2020,hysets_05TG002,4,1,Koppen_Class_All,452,731,-3.022201306183609,-1.724757813086287,0.35406942739018266,KGE
subsequent_2016_2020,hysets_05UF004,2,1,Koppen_Class_All,452,731,-0.1879461350981475,-0.30273540260916487,0.21705463037591585,KGE
subsequent_2016_2020,hysets_06019500,5,1,Koppen_Class_All,449,1096,-47.06322202817483,-4.759306371904006,1.1077620852908314,KGE
subsequent_2016_2020,hysets_06191000,2,1,Koppen_Class_All,452,1096,-0.5176160713875642,0.003708288554198691,0.2327071631484938,KGE
subsequent_2016_2020,hysets_06200000,1,1,Koppen_Class_All,463,1096,-0.20299063527415218,-0.18682215188199436,0.1875638415095497,KGE
subsequent_2016_2020,hysets_06224000,3,1,Koppen_Class_All,456,1096,0.0766369020591644,0.02033350161227243,0.13271995818847185,KGE
subsequent_2016_2020,hysets_06289000,1,1,Koppen_Class_All,463,1096,-3.463145334094526,-0.9337650330303584,0.24103444414607839,KGE
subsequent_2016_2020,hysets_06309200,4,1,Koppen_Class_All,452,1096,-1.6252362615008416,-1.8758742683247909,0.18200520344604315,KGE
subsequent_2016_2020,hysets_06332515,2,1,Koppen_Class_All,452,1096,-205.98524788804195,-52.20210441918114,0.9540670227273992,KGE
subsequent_2016_2020,hysets_06339100,1,0,Koppen_Class_All,463,1096,-46.324264590932586,-25.3050052381015,0.4720095673169545,KGE
subsequent_2016_2020,hysets_06344600,1,0,Koppen_Class_All,463,1096,-55.52044928469045,-35.77025301754188,0.38560615308451596,KGE
subsequent_2016_2020,hysets_06400875,3,1,Koppen_Class_All,456,1096,-488.5963745969054,-194.6013792478803,0.8642024099951034,KGE
subsequent_2016_2020,hysets_06404000,3,1,Koppen_Class_All,456,1096,-42.47325249041027,-13.644373166343458,0.33759249282193077,KGE
subsequent_2016_2020,hysets_06406000,4,1,Koppen_Class_All,452,1096,-460.5602479385908,-21.11837242289981,1.1930444742505408,KGE
subsequent_2016_2020,hysets_06409000,1,1,Koppen_Class_All,463,1096,-2802.4787179408468,-23.96798306640982,6.493777299986671,KGE
subsequent_2016_2020,hysets_06422500,2,1,Koppen_Class_All,452,1096,-294.5621512122677,-15.834001435644943,1.4073282782500514,KGE
subsequent_2016_2020,hysets_06623800,5,1,Koppen_Class_All,449,1096,0.18178626872752524,0.0937789385625869,0.1403649843861434,KGE
subsequent_2016_2020,hysets_06712000,1,1,Koppen_Class_All,463,1096,-2295.478473800274,-51.329980063430625,5.1213744290662815,KGE
subsequent_2016_2020,hysets_06719505,3,1,Koppen_Class_All,456,1096,-9.271856954198562,-3.184941609649213,0.49247833419416587,KGE
subsequent_2016_2020,hysets_06876700,2,1,Koppen_Class_All,452,1096,-7.802078681683756,-5.864336000711281,0.30703645536871343,KGE
subsequent_2016_2020,hysets_06FD002,4,1,Koppen_Class_All,452,731,-0.4209746287639786,-0.9971903984937389,0.11476153986662628,KGE
subsequent_2016_2020,hysets_07060710,1,1,Koppen_Class_All,287,1095,-1.8963502585275278,-1.6874682627237858,0.09122241385670843,KGE
subsequent_2016_2020,hysets_07124200,2,1,Koppen_Class_All,452,1096,-101.96302669449956,-14.069934354768929,0.7117574585355556,KGE
subsequent_2016_2020,hysets_07203000,3,1,Koppen_Class_All,456,1096,-736.2673053083606,-41.00715206787855,1.8413137295575996,KGE
subsequent_2016_2020,hysets_07207500,3,1,Koppen_Class_All,456,1096,-246.88849037658875,-38.27494918240072,1.0091192293362028,KGE
subsequent_2016_2020,hysets_07208500,5,1,Koppen_Class_All,449,1091,-76.95369254993001,-10.416281501935309,0.7957853157971907,KGE
subsequent_2016_2020,hysets_07291000,1,1,Koppen_Class_All,287,1093,0.050857335025849104,-0.055622663074290646,0.05609894361415365,KGE
subsequent_2016_2020,hysets_07299670,1,1,Koppen_Class_All,287,1096,-53.80646038269336,-23.27632821813903,0.381784318046173,KGE
subsequent_2016_2020,hysets_07315200,3,1,Koppen_Class_All,288,1096,-1.1660620972848705,-4.371043341092613,0.08872423395924645,KGE
subsequent_2016_2020,hysets_07335700,1,1,Koppen_Class_All,287,1096,0.00814133245260329,-0.018396663281657233,0.0623158804996944,KGE
subsequent_2016_2020,hysets_07337900,3,1,Koppen_Class_All,288,1096,-0.003018679486996634,-0.10917135005642753,0.05819587325806837,KGE
subsequent_2016_2020,hysets_07340300,4,1,Koppen_Class_All,290,1096,0.027045618331328347,-0.07975912945711094,0.07087427886673832,KGE
subsequent_2016_2020,hysets_07352000,5,1,Koppen_Class_All,302,1096,0.06359660558866287,-0.17985536584491713,0.04049755985225776,KGE
subsequent_2016_2020,hysets_07361500,3,1,Koppen_Class_All,288,1089,0.02892217780856654,-0.0947973727191862,0.05701399418075203,KGE
subsequent_2016_2020,hysets_07362100,3,1,Koppen_Class_All,288,1096,0.11138087278451825,0.015209594615100963,0.059432595479570124,KGE
subsequent_2016_2020,hysets_07373000,1,1,Koppen_Class_All,287,1096,-0.016037841338857106,-0.14508160551654914,0.06974912585601849,KGE
subsequent_2016_2020,hysets_07376000,1,1,Koppen_Class_All,287,1096,0.012175566961030171,-0.06503085363019201,0.048150409875579635,KGE
subsequent_2016_2020,hysets_07377000,3,0,Koppen_Class_All,288,1096,-0.010920992170666333,-0.13108784536949614,0.04827331493167589,KGE
subsequent_2016_2020,hysets_07BJ001,5,1,Koppen_Class_All,449,366,-0.9840998518551751,-0.8019526420349257,0.23807053019106877,KGE
subsequent_2016_2020,hysets_07MA003,4,1,Koppen_Class_All,452,731,-79.88804717941207,-4.060970859054965,1.3516944323555238,KGE
subsequent_2016_2020,hysets_07SB013,5,0,Koppen_Class_All,449,366,-715832.7478833143,-2936.8672697361417,213.4382213245901,KGE
subsequent_2016_2020,hysets_08013000,3,1,Koppen_Class_All,288,1096,0.05775766085091294,-0.04632811998192965,0.06601276435667491,KGE
subsequent_2016_2020,hysets_08013500,4,1,Koppen_Class_All,290,1096,-0.03467130328875223,-0.011190525924478223,0.08712017304768949,KGE
subsequent_2016_2020,hysets_08014500,1,1,Koppen_Class_All,287,1096,-0.09603362626642009,0.04544779927956388,0.07991912611066512,KGE
subsequent_2016_2020,hysets_08025500,4,1,Koppen_Class_All,290,1094,0.0675300295356086,-0.11540145135384439,0.03968002899380878,KGE
subsequent_2016_2020,hysets_08029500,5,1,Koppen_Class_All,302,1096,0.018683867640663543,-0.1923834029712781,0.036028291684685645,KGE
subsequent_2016_2020,hysets_08065800,1,1,Koppen_Class_All,287,1096,-0.02519876696961032,-0.2892965031799086,0.07090076267814654,KGE
subsequent_2016_2020,hysets_08066200,2,1,Koppen_Class_All,293,1096,0.014082581657357318,-0.2394901436008423,0.06170466581685742,KGE
subsequent_2016_2020,hysets_08068720,1,1,Koppen_Class_All,287,1096,-0.11620078852899218,-0.7237133806337568,0.05291849181864449,KGE
subsequent_2016_2020,hysets_08070000,4,1,Koppen_Class_All,290,1095,0.003519282626222253,-0.33098623500011515,0.03735826913087171,KGE
subsequent_2016_2020,hysets_08082700,4,1,Koppen_Class_All,290,1096,-2.9574532721168914,-7.679427925900972,0.14847449278415173,KGE
subsequent_2016_2020,hysets_08084800,3,1,Koppen_Class_All,288,1096,-7.2857147442018775,-7.970870593750767,0.2833817240800117,KGE
subsequent_2016_2020,hysets_08086212,5,1,Koppen_Class_All,302,1096,-2.9911210213669346,-6.921531134286268,0.10129853788130759,KGE
subsequent_2016_2020,hysets_08150800,3,1,Koppen_Class_All,288,1096,-0.6756625983029936,-9.925069738944188,0.039450198066513835,KGE
subsequent_2016_2020,hysets_08164300,2,1,Koppen_Class_All,293,1096,-0.11042108910351689,-1.7385685155124855,0.039385772262716744,KGE
subsequent_2016_2020,hysets_08165300,1,1,Koppen_Class_All,287,1096,-2.550482770264975,-8.279034773876642,0.06095641852888418,KGE
subsequent_2016_2020,hysets_08165500,3,1,Koppen_Class_All,288,1096,-2.5715941865518683,-6.019263011506686,0.0594012184352954,KGE
subsequent_2016_2020,hysets_08171000,5,1,Koppen_Class_All,302,1096,-27.355825215711583,-5.118163829798536,0.3320742278862805,KGE
subsequent_2016_2020,hysets_08175000,5,1,Koppen_Class_All,302,1096,-1.8548146313466969,-5.790773531488186,0.07356129226052606,KGE
subsequent_2016_2020,hysets_08176900,1,0,Koppen_Class_All,287,1096,-14.512110539483063,-18.590909343625963,0.22732327320877563,KGE
subsequent_2016_2020,hysets_08178880,4,1,Koppen_Class_All,290,1096,-5.761844786541109,-3.4801255699192044,0.11429315339995902,KGE
subsequent_2016_2020,hysets_08189500,2,0,Koppen_Class_All,293,1095,-9.307941616849504,-9.741139342068884,0.20082140520071892,KGE
subsequent_2016_2020,hysets_08194200,5,1,Koppen_Class_All,13,884,-0.03742721722750009,-0.4479810269205615,0.041907821181029016,KGE
subsequent_2016_2020,hysets_08195000,2,1,Koppen_Class_All,293,1096,-4.673448318487604,-3.27440697460342,0.12164690523005088,KGE
subsequent_2016_2020,hysets_08198000,5,1,Koppen_Class_All,302,1096,-7.311440904464305,-4.208361870065166,0.227504488592364,KGE
subsequent_2016_2020,hysets_08198500,1,1,Koppen_Class_All,287,1096,-23.474432124562348,-14.232300309996742,0.3669169227708544,KGE
subsequent_2016_2020,hysets_08201500,1,0,Koppen_Class_All,287,1096,-5.426398881592172,-3.617027875944003,0.12146813947796663,KGE
subsequent_2016_2020,hysets_08202700,3,0,Koppen_Class_All,288,1096,-113.24487710584495,-134.59664797422994,0.37306319087466117,KGE
subsequent_2016_2020,hysets_08247500,2,1,Koppen_Class_All,452,1096,-20.728151529711486,-10.45989475063574,0.6146844997145509,KGE
subsequent_2016_2020,hysets_08269000,3,1,Koppen_Class_All,456,1096,-19.322493677440686,-5.3302880666098,0.5868392811172528,KGE
subsequent_2016_2020,hysets_08279000,2,1,Koppen_Class_All,452,1096,-86.88903686802196,-10.514975072699471,1.4202086772156344,KGE
subsequent_2016_2020,hysets_08284100,1,1,Koppen_Class_All,463,1096,-0.9316415135697345,-1.318271513147356,0.20342912888839573,KGE
subsequent_2016_2020,hysets_08289000,3,1,Koppen_Class_All,456,1004,-81.38445433941874,-16.779788187767178,1.078802847718748,KGE
subsequent_2016_2020,hysets_08291000,2,1,Koppen_Class_All,452,1085,-55.1371303295653,-5.875341737608522,1.3377001697482522,KGE
subsequent_2016_2020,hysets_08324000,4,1,Koppen_Class_All,452,1096,-348.97749290071874,-21.808627133492852,3.3521574037434156,KGE
subsequent_2016_2020,hysets_08334000,4,1,Koppen_Class_All,452,1096,-3009.4350189772513,-129.61836586006837,5.440402828740154,KGE
subsequent_2016_2020,hysets_08378500,5,1,Koppen_Class_All,449,1096,-17.468132576906033,-3.4064950063912693,0.7757619185775089,KGE
subsequent_2016_2020,hysets_08401200,4,1,Koppen_Class_All,18,1096,-80.42804832806097,-44.06017910088629,0.2860852746902832,KGE
subsequent_2016_2020,hysets_08401900,5,1,Koppen_Class_All,13,1096,-2.6217442036522356,-4.846285496319153,0.07146405881613954,KGE
subsequent_2016_2020,hysets_08405150,5,1,Koppen_Class_All,13,1096,-11.0527770982366,-15.150726762486247,0.10588889215109999,KGE
subsequent_2016_2020,hysets_08405500,3,1,Koppen_Class_All,16,1096,-14.655659109132724,-2.0208599459953187,0.1400579317120832,KGE
subsequent_2016_2020,hysets_08AA008,1,1,Koppen_Class_All,35,731,-21.406996467553462,-3.167060719838716,1.0641635694577738,KGE
subsequent_2016_2020,hysets_08AA009,4,1,Koppen_Class_All,452,731,-36.39437598973088,-5.860172348731782,1.0656716772560813,KGE
subsequent_2016_2020,hysets_08AC001,2,1,Koppen_Class_All,41,731,-0.39741054108002993,0.14773054257158813,0.16079460734553647,KGE
subsequent_2016_2020,hysets_08EB004,5,1,Koppen_Class_All,449,731,0.22255096713408995,0.29143654902938254,0.12585291727493805,KGE
subsequent_2016_2020,hysets_08ED001,4,1,Koppen_Class_All,452,1096,-0.021879972486963606,-0.07152333562250757,0.09718200993619709,KGE
subsequent_2016_2020,hysets_08ED002,2,0,Koppen_Class_All,452,1096,-0.2262840845835754,-0.15480063955857148,0.24534402325091434,KGE
subsequent_2016_2020,hysets_08EE008,2,1,Koppen_Class_All,452,656,-0.013663104821880934,0.11026141337406492,0.13922370643919946,KGE
subsequent_2016_2020,hysets_08EE013,4,1,Koppen_Class_All,452,365,-0.15067810609295518,-0.5251952859957545,0.18467541837999918,KGE
subsequent_2016_2020,hysets_08EE020,3,1,Koppen_Class_All,45,731,0.10360093462986608,0.11907932687317857,0.0983440601839668,KGE
subsequent_2016_2020,hysets_08EG012,5,1,Koppen_Class_All,449,731,-0.4136511224609669,-0.4529275785941447,0.10278769835869571,KGE
subsequent_2016_2020,hysets_08FE003,2,1,Koppen_Class_All,452,731,-0.28590744935980394,-0.39115661286387127,0.06396981337022317,KGE
subsequent_2016_2020,hysets_08FF001,3,1,Koppen_Class_All,456,731,-0.30642717988828694,-0.2515050155388656,0.08273745733032481,KGE
subsequent_2016_2020,hysets_08FF002,3,1,Koppen_Class_All,456,366,-0.0851042036955183,-0.15372140017492453,0.09111686821320741,KGE
subsequent_2016_2020,hysets_08FF003,4,1,Koppen_Class_All,452,731,-0.29958881331309817,-0.2747717028267267,0.0961687499290487,KGE
subsequent_2016_2020,hysets_08GA071,2,1,Koppen_Class_All,452,731,-0.5537090899680419,-0.30366691453472394,0.12346848006124934,KGE
subsequent_2016_2020,hysets_08GA072,5,0,Koppen_Class_All,449,366,-1.0630070415220767,-0.18856273405664936,0.2572320159894496,KGE
subsequent_2016_2020,hysets_08HA001,5,1,Koppen_Class_All,302,1096,0.05314077239040149,-0.09896026127970403,0.09730541424973752,KGE
subsequent_2016_2020,hysets_08HA010,1,1,Koppen_Class_All,287,1096,-0.058403844827255025,-0.1994383483395219,0.1099416446860495,KGE
subsequent_2016_2020,hysets_08HB014,2,1,Koppen_Class_All,293,1096,-0.14510344028192468,-0.33650222622137416,0.12381511759142276,KGE
subsequent_2016_2020,hysets_08HB074,5,1,Koppen_Class_All,449,1096,-0.35980433476117435,-0.2915807786305067,0.10513074608238135,KGE
subsequent_2016_2020,hysets_08HD011,2,1,Koppen_Class_All,452,731,-0.06285169763007015,-0.21085739474668785,0.10345643628773567,KGE
subsequent_2016_2020,hysets_08HD015,4,1,Koppen_Class_All,452,731,-0.05797338797429452,-0.2361571339194657,0.10657164945220225,KGE
subsequent_2016_2020,hysets_08HF004,3,1,Koppen_Class_All,456,731,-0.07535004523191824,-0.32568564031376224,0.06605185286453787,KGE
subsequent_2016_2020,hysets_08JD006,4,1,Koppen_Class_All,452,1096,0.20506728400079732,0.13926158582352088,0.09870458856912369,KGE
subsequent_2016_2020,hysets_08KA007,5,1,Koppen_Class_All,45,366,0.6181243035536634,0.6044569960505409,0.12736547534642836,KGE
subsequent_2016_2020,hysets_08KH010,1,1,Koppen_Class_All,463,366,0.28431819423764815,0.26355263103599946,0.17174468361202044,KGE
subsequent_2016_2020,hysets_08KH019,5,1,Koppen_Class_All,449,1096,-3.207323488923177,-1.570510524951338,0.32111748854277217,KGE
subsequent_2016_2020,hysets_08LB038,2,1,Koppen_Class_All,452,366,-0.04491396920952928,-0.008195477820335029,0.22742726239909367,KGE
subsequent_2016_2020,hysets_08LB069,3,1,Koppen_Class_All,456,366,0.31623888658264443,0.22764893909618056,0.17181110027107857,KGE
subsequent_2016_2020,hysets_08LB076,3,1,Koppen_Class_All,456,366,0.2838975817422772,0.1951525756721857,0.1568734455606511,KGE
subsequent_2016_2020,hysets_08LE024,5,0,Koppen_Class_All,449,731,0.10660236315134364,0.09264164215118875,0.16891427994522515,KGE
subsequent_2016_2020,hysets_08LE027,3,0,Koppen_Class_All,456,731,0.0786886608410472,0.05869411327591434,0.16868750141722666,KGE
subsequent_2016_2020,hysets_08LG048,5,0,Koppen_Class_All,449,366,0.40930947199493684,0.2979888329158623,0.12410501134083189,KGE
subsequent_2016_2020,hysets_08MA003,4,1,Koppen_Class_All,46,366,0.7075461691020182,0.6520673013444258,0.17537464763863733,KGE
subsequent_2016_2020,hysets_08ME023,1,0,Koppen_Class_All,35,1096,-0.3371180109709848,-0.258219611618141,0.3082934017736052,KGE
subsequent_2016_2020,hysets_08ME025,4,1,Koppen_Class_All,452,1096,-5.449751709529304,-0.9247229190030826,0.42366699268898517,KGE
subsequent_2016_2020,hysets_08MH016,5,1,Koppen_Class_All,449,731,-0.5134313892605624,-0.019694612883171203,0.1867698373875576,KGE
subsequent_2016_2020,hysets_08MH056,3,1,Koppen_Class_All,456,731,-0.25437742730985646,-0.09344508971142629,0.1030979590751821,KGE
subsequent_2016_2020,hysets_08MH103,2,1,Koppen_Class_All,452,731,-0.31901834347951397,0.0701332810596964,0.1455534546318142,KGE
subsequent_2016_2020,hysets_08MH147,4,1,Koppen_Class_All,452,366,-0.867032346101215,-0.3460877836620735,0.15568828708142343,KGE
subsequent_2016_2020,hysets_08NA006,5,1,Koppen_Class_All,449,731,0.14566903082345506,0.1688231328718518,0.15874974836809327,KGE
subsequent_2016_2020,hysets_08NB012,3,1,Koppen_Class_All,456,731,0.08871972557189367,0.052860775244416125,0.15002087233023423,KGE
subsequent_2016_2020,hysets_08NB014,5,1,Koppen_Class_All,449,731,-0.07027524567330046,-0.15673049294566566,0.19987847847620463,KGE
subsequent_2016_2020,hysets_08ND012,4,1,Koppen_Class_All,452,1096,-0.04648114283717897,-0.07515353642435518,0.19180276782259428,KGE
subsequent_2016_2020,hysets_08ND013,4,1,Koppen_Class_All,452,731,-0.03146820217221369,-0.04421428366830327,0.1587892679946055,KGE
subsequent_2016_2020,hysets_08NE039,3,1,Koppen_Class_All,456,731,0.39072552888615053,0.2869806860885782,0.09535879037445714,KGE
subsequent_2016_2020,hysets_08NE074,4,1,Koppen_Class_All,452,1096,0.25487154833232206,0.16189168891279448,0.1289181728298541,KGE
subsequent_2016_2020,hysets_08NF001,5,1,Koppen_Class_All,449,731,-0.4189739766567009,-0.3113618321067919,0.2032452210906058,KGE
subsequent_2016_2020,hysets_08NG076,3,1,Koppen_Class_All,456,731,-0.02536568841813569,-0.12943090123515133,0.13798550584462296,KGE
subsequent_2016_2020,hysets_08NG077,2,1,Koppen_Class_All,452,731,0.18272074906311697,0.08293327598511457,0.14687552216339905,KGE
subsequent_2016_2020,hysets_08NH005,1,1,Koppen_Class_All,463,731,0.2633218450660182,0.17706920272859927,0.15002764638576116,KGE
subsequent_2016_2020,hysets_08NH006,4,1,Koppen_Class_All,452,731,0.10272889391395701,0.003713939357487872,0.15090560168128864,KGE
subsequent_2016_2020,hysets_08NH120,1,1,Koppen_Class_All,463,366,0.1791014604483645,0.08312860158089996,0.2006802948690752,KGE
subsequent_2016_2020,hysets_08NH130,3,1,Koppen_Class_All,456,665,0.07094951463534416,-0.036330990965052656,0.17484272743755164,KGE
subsequent_2016_2020,hysets_08NJ160,5,1,Koppen_Class_All,449,731,0.27179660853139564,0.18068649079289623,0.126814408063467,KGE
subsequent_2016_2020,hysets_08NK016,4,1,Koppen_Class_All,452,731,-0.3719001391625343,-0.07234511228329032,0.19726824409203067,KGE
subsequent_2016_2020,hysets_08NK018,2,1,Koppen_Class_All,452,731,-0.6994164284527942,-0.25150170238529235,0.22464420866756282,KGE
subsequent_2016_2020,hysets_08NK022,4,1,Koppen_Class_All,452,731,0.001115741962604555,0.09859894986554718,0.17942829998358828,KGE
subsequent_2016_2020,hysets_08NL004,1,1,Koppen_Class_All,463,731,-1.5496492617167044,-1.3361790634993644,0.2113195795191353,KGE
subsequent_2016_2020,hysets_08NL024,5,1,Koppen_Class_All,449,366,-0.10251018317679805,-0.20999169913272642,0.1700042365939763,KGE
subsequent_2016_2020,hysets_08NL050,5,1,Koppen_Class_All,449,366,-2.280289131522287,-1.5050646937146923,0.2644132237869499,KGE
subsequent_2016_2020,hysets_08NL071,4,1,Koppen_Class_All,452,366,0.3386682327662536,0.24436511578855447,0.12837035814681463,KGE
subsequent_2016_2020,hysets_08NN019,3,1,Koppen_Class_All,456,366,-0.4193303583467485,-0.5814119768606205,0.20263974310758104,KGE
subsequent_2016_2020,hysets_08OA002,2,1,Koppen_Class_All,293,731,-0.22986466254117288,-0.18028364093290383,0.10863165565268762,KGE
subsequent_2016_2020,hysets_09059500,4,1,Koppen_Class_All,452,1096,-0.7147826854803516,-0.7856051766033438,0.22557786961463921,KGE
subsequent_2016_2020,hysets_09165000,3,1,Koppen_Class_All,456,1096,-0.14622029371783363,-0.34331732921406877,0.1816696226279662,KGE
subsequent_2016_2020,hysets_09196500,1,1,Koppen_Class_All,463,1096,0.04675018667106978,-0.11261226417653702,0.160920205487612,KGE
subsequent_2016_2020,hysets_09223000,3,1,Koppen_Class_All,456,1096,-0.18558055690184672,-0.4867264101545321,0.18368079021951925,KGE
subsequent_2016_2020,hysets_09253000,5,1,Koppen_Class_All,449,1096,-0.24454106113271745,-0.5996115573661589,0.2027160329220197,KGE
subsequent_2016_2020,hysets_09255000,2,1,Koppen_Class_All,452,1050,-3.1016092339025665,-2.299438463631227,0.2528735411373868,KGE
subsequent_2016_2020,hysets_09266500,2,1,Koppen_Class_All,452,1096,-0.6184916467206163,-0.5409640667253879,0.20764949610698635,KGE
subsequent_2016_2020,hysets_09289500,1,1,Koppen_Class_All,463,1096,0.14220618745562175,0.0673608867539841,0.148183698646839,KGE
subsequent_2016_2020,hysets_09292500,5,1,Koppen_Class_All,449,1096,-0.4722639036320053,-0.15706211918641655,0.18535347925934847,KGE
subsequent_2016_2020,hysets_09299500,1,1,Koppen_Class_All,463,1096,-1.043670762825986,-0.43451199303303656,0.1954688049757408,KGE
subsequent_2016_2020,hysets_09304200,2,1,Koppen_Class_All,452,1096,-5.2081966276415415,-1.1675353797929189,0.4561582027146469,KGE
subsequent_2016_2020,hysets_09304500,1,1,Koppen_Class_All,463,1096,-8.138693939973637,-1.5853395939281287,0.5406975383786228,KGE
subsequent_2016_2020,hysets_09306222,4,1,Koppen_Class_All,452,1096,-16859.155890479695,-112.56816004737581,24.784597335615427,KGE
subsequent_2016_2020,hysets_09310500,3,1,Koppen_Class_All,456,1096,-1.346108530283062,-1.9292150350655768,0.19670191558805986,KGE
subsequent_2016_2020,hysets_09312600,4,1,Koppen_Class_All,452,1096,-12.75362741814793,-7.246101093233527,0.493120889726919,KGE
subsequent_2016_2020,hysets_09337000,3,1,Koppen_Class_All,456,1096,-3753.6843921835034,-45.896202743204505,5.031197666533953,KGE
subsequent_2016_2020,hysets_09342500,5,1,Koppen_Class_All,449,1096,0.09881753485698208,-0.021785744586551026,0.19089868505396188,KGE
subsequent_2016_2020,hysets_09352900,3,1,Koppen_Class_All,456,1096,0.22329782064506676,0.2185000038556455,0.13441035697255774,KGE
subsequent_2016_2020,hysets_09386900,1,1,Koppen_Class_All,463,1096,-2079.4437940872936,-181.63954738168968,2.9076909117099845,KGE
subsequent_2016_2020,hysets_09403600,3,1,Koppen_Class_All,456,1096,-725.2980816910873,-43.02008797281792,2.4211546596719202,KGE
subsequent_2016_2020,hysets_09404450,5,1,Koppen_Class_All,449,1095,-156.65499655008165,-9.622966366985871,1.0729415940618843,KGE
subsequent_2016_2020,hysets_09405500,4,1,Koppen_Class_All,452,1096,-71.40601076174003,-7.1681926832856355,1.100482382138026,KGE
subsequent_2016_2020,hysets_09430600,5,0,Koppen_Class_All,449,1096,-1.3603525980131783,-3.8413226328166354,0.056767658104039435,KGE
subsequent_2016_2020,hysets_09442680,3,1,Koppen_Class_All,456,885,-1538.7322310979096,-72.529586612804,3.8263521950947257,KGE
subsequent_2016_2020,hysets_09447000,5,1,Koppen_Class_All,302,1096,-2499.8221036754417,-42.83280312972318,3.1865025268656755,KGE
subsequent_2016_2020,hysets_09447800,5,1,Koppen_Class_All,13,1096,-12.72635031834389,-2.1576491963032582,0.2302058606750184,KGE
subsequent_2016_2020,hysets_09473000,3,1,Koppen_Class_All,16,1096,-0.44718742621173013,0.09599071326017916,0.05964927237322431,KGE
subsequent_2016_2020,hysets_09494000,5,1,Koppen_Class_All,449,1096,-134.99561155896976,-12.81690777520864,1.5001635594692706,KGE
subsequent_2016_2020,hysets_09496500,2,1,Koppen_Class_All,293,1096,-1040.1775336209084,-79.45453576630109,2.055889046826881,KGE
subsequent_2016_2020,hysets_09497800,2,1,Koppen_Class_All,293,1096,-478.97156265303414,-28.7471801573932,1.6573877946423237,KGE
subsequent_2016_2020,hysets_09497980,4,1,Koppen_Class_All,290,1096,-29.960879284855565,-16.63370118971206,0.3286867180769318,KGE
subsequent_2016_2020,hysets_09499000,2,0,Koppen_Class_All,293,1096,-18.504723630570943,-15.308070598636323,0.2035281983542896,KGE
subsequent_2016_2020,hysets_09504420,2,1,Koppen_Class_All,293,1096,-13.099073459778332,-5.993046175908662,0.2534453566974823,KGE
subsequent_2016_2020,hysets_09505800,1,1,Koppen_Class_All,287,1096,-40.85179485830746,-13.036809190828986,0.39698628827953436,KGE
subsequent_2016_2020,hysets_09510200,1,1,Koppen_Class_All,287,1096,-42.80740573062384,-40.37087832744803,0.23826006194608199,KGE
subsequent_2016_2020,hysets_09512280,5,1,Koppen_Class_All,13,1096,0.517518153261693,0.36105789769348373,0.028841231714484255,KGE
subsequent_2016_2020,hysets_09513780,3,1,Koppen_Class_All,16,1096,0.12960042145200756,-0.25406728195153105,0.04034167899344137,KGE
subsequent_2016_2020,hysets_09AA012,5,1,Koppen_Class_All,45,731,-1.632540904246603,-0.42859120770656256,0.1735957481194076,KGE
subsequent_2016_2020,hysets_09AA013,2,1,Koppen_Class_All,41,366,0.4381574189706846,0.556325509025227,0.22720703698976083,KGE
subsequent_2016_2020,hysets_09AH003,1,1,Koppen_Class_All,463,731,-16.0453717602894,-3.7802159607242993,0.43422694664082273,KGE
subsequent_2016_2020,hysets_09CA004,1,1,Koppen_Class_All,35,731,-0.09436668571523543,0.1430824124179677,0.18468942996181736,KGE
subsequent_2016_2020,hysets_09EA004,2,1,Koppen_Class_All,452,366,-0.290685988569545,-0.04891830628734106,0.2527053234252384,KGE
subsequent_2016_2020,hysets_10011500,2,1,Koppen_Class_All,452,1096,0.10244325323982306,-0.016099317822403814,0.16104395421273046,KGE
subsequent_2016_2020,hysets_10032000,3,1,Koppen_Class_All,456,1096,0.07475395511939997,0.1695379163180608,0.1614228838687663,KGE
subsequent_2016_2020,hysets_10113500,4,1,Koppen_Class_All,452,1096,-17.453239218243443,-2.440039734124581,0.5673985753639889,KGE
subsequent_2016_2020,hysets_10173450,2,1,Koppen_Class_All,452,1096,-6.878672550826764,-3.2470971561399633,0.4641839014273028,KGE
subsequent_2016_2020,hysets_10174500,1,1,Koppen_Class_All,463,1096,-61.76232698258246,-6.045380485778866,1.3189326997138175,KGE
subsequent_2016_2020,hysets_10194200,5,1,Koppen_Class_All,449,1096,-90.89299980893169,-9.23756323173963,1.6570896715932109,KGE
subsequent_2016_2020,hysets_10234500,2,1,Koppen_Class_All,452,1096,-13.350296239372602,-2.984946899997477,0.5528310404415724,KGE
subsequent_2016_2020,hysets_10258500,4,1,Koppen_Class_All,18,1096,0.23148366742486592,0.37209444849092854,0.04619038985286135,KGE
subsequent_2016_2020,hysets_10296000,3,1,Koppen_Class_All,456,1096,0.24448181881927555,0.17106006749976332,0.14035293259390494,KGE
subsequent_2016_2020,hysets_10296500,5,1,Koppen_Class_All,449,1096,0.2531539957160822,0.2052675671493791,0.1286994632006812,KGE
subsequent_2016_2020,hysets_10329500,4,1,Koppen_Class_All,452,1096,-15.06655411685372,-6.558374439477305,0.24047573907223727,KGE
subsequent_2016_2020,hysets_10396000,4,1,Koppen_Class_All,452,1096,-11.041046468747822,-2.601565732581876,0.4600134182717738,KGE
subsequent_2016_2020,hysets_10AC005,3,1,Koppen_Class_All,45,1096,0.3183044862220469,0.46352684686792234,0.15342021392389446,KGE
subsequent_2016_2020,hysets_10BE007,3,1,Koppen_Class_All,456,731,-5.83428325208073,-0.6329246713857557,0.513036748769184,KGE
subsequent_2016_2020,hysets_10BE009,3,1,Koppen_Class_All,456,366,-631.030010797424,-10.123353585912511,6.567972211542129,KGE
subsequent_2016_2020,hysets_10ED003,5,1,Koppen_Class_All,449,731,-7.666676190008014,-5.148495049903124,0.402121041851469,KGE
subsequent_2016_2020,hysets_10GC003,3,1,Koppen_Class_All,456,731,-4.428251874387327,-4.472094496898473,0.23855281203966983,KGE
subsequent_2016_2020,hysets_10LC003,3,1,Koppen_Class_All,456,397,-5.46263815413005,-4.136044589891424,0.305896994256864,KGE
subsequent_2016_2020,hysets_10LC007,2,1,Koppen_Class_All,452,712,-11.264653688864644,-4.0678426130831555,0.31872418937276487,KGE
subsequent_2016_2020,hysets_11012500,4,1,Koppen_Class_All,18,1096,-2.759560888667325,-4.148067679157142,0.06509795147190804,KGE
subsequent_2016_2020,hysets_11015000,2,1,Koppen_Class_All,293,1096,-16.220926594219616,-18.190059279715765,0.1903899489603231,KGE
subsequent_2016_2020,hysets_11042400,1,1,Koppen_Class_All,287,1096,-591.9824731069675,-121.5365225124362,1.4845716943091525,KGE
subsequent_2016_2020,hysets_11123000,2,1,Koppen_Class_All,293,1096,-7.148163867771272,-20.433638280204345,0.12692160185941956,KGE
subsequent_2016_2020,hysets_11123500,4,1,Koppen_Class_All,290,1096,-4.69268811544874,-18.966282480106845,0.10873801380720395,KGE
subsequent_2016_2020,hysets_11124500,1,1,Koppen_Class_All,287,1096,-11.269803957820375,-13.542572207276066,0.14193607603503047,KGE
subsequent_2016_2020,hysets_11132500,4,1,Koppen_Class_All,290,1096,-2.696479376699106,-20.49917529321242,0.06081800580744698,KGE
subsequent_2016_2020,hysets_11140000,1,1,Koppen_Class_All,287,1096,-44.68863991854246,-39.36520453263504,0.316137924956647,KGE
subsequent_2016_2020,hysets_11143000,5,1,Koppen_Class_All,302,1096,0.2258946997585184,0.11502638102237828,0.08806330630634356,KGE
subsequent_2016_2020,hysets_11143200,3,1,Koppen_Class_All,288,1096,-0.22312837675206332,-1.0162493455429344,0.07942307570359268,KGE
subsequent_2016_2020,hysets_11143250,5,1,Koppen_Class_All,302,1096,-1.0159171191708523,-2.0360385514222417,0.0930307620472443,KGE
subsequent_2016_2020,hysets_11148900,3,1,Koppen_Class_All,288,1096,0.183872425495213,-0.1281868669246986,0.07774409082836639,KGE
subsequent_2016_2020,hysets_11149900,1,1,Koppen_Class_All,287,1096,-0.9419268038972175,-2.544073729793138,0.11665923772916084,KGE
subsequent_2016_2020,hysets_11151300,2,1,Koppen_Class_All,293,1096,-124.13395680197807,-66.6330671587429,0.5868530169283344,KGE
subsequent_2016_2020,hysets_11152000,3,1,Koppen_Class_All,288,1096,-0.02542979652114341,-0.7336426771937998,0.08062480255184126,KGE
subsequent_2016_2020,hysets_11202000,5,1,Koppen_Class_All,449,1004,0.06219143377041492,-0.054011639891941465,0.06280345416358361,KGE
subsequent_2016_2020,hysets_11202001,3,1,Koppen_Class_All,456,1004,0.07254521204523612,-0.020091533535432804,0.06177117641436449,KGE
subsequent_2016_2020,hysets_11224500,5,1,Koppen_Class_All,302,1096,-133.9908602245573,-58.23207690027638,0.6597489588912601,KGE
subsequent_2016_2020,hysets_11230500,4,1,Koppen_Class_All,452,1004,0.1901416762716277,0.10925782814954388,0.13444055059338433,KGE
subsequent_2016_2020,hysets_11253310,4,1,Koppen_Class_All,290,1096,-530.6535336545488,-89.75544751490283,1.2920080423931217,KGE
subsequent_2016_2020,hysets_11264500,2,1,Koppen_Class_All,452,1096,0.23886885850933337,0.13685403794206852,0.11930198478968775,KGE
subsequent_2016_2020,hysets_11266500,5,1,Koppen_Class_All,449,1096,0.23255661935092364,0.12844713212243541,0.12986483603341187,KGE
subsequent_2016_2020,hysets_11314500,4,1,Koppen_Class_All,452,1004,0.19708944707773546,0.09650783014903563,0.17211761780778145,KGE
subsequent_2016_2020,hysets_11317000,3,1,Koppen_Class_All,288,1004,0.2889115957300893,0.24791450326670206,0.08015893038177223,KGE
subsequent_2016_2020,hysets_11318500,4,1,Koppen_Class_All,290,1004,0.3018082025417238,0.23202700755369132,0.06620279069727204,KGE
subsequent_2016_2020,hysets_11367500,4,1,Koppen_Class_All,452,1004,-0.44722783738314864,0.26141982216026094,0.08821782467963125,KGE
subsequent_2016_2020,hysets_11374000,4,1,Koppen_Class_All,290,1096,0.3954459366295693,0.33178032705019844,0.0907990453943072,KGE
subsequent_2016_2020,hysets_11376550,4,1,Koppen_Class_All,290,1096,0.02036415395185409,0.4468460395739269,0.10650125190860592,KGE
subsequent_2016_2020,hysets_11379500,1,1,Koppen_Class_All,287,1096,0.2795043614046806,-0.30383970087338263,0.07826284137628946,KGE
subsequent_2016_2020,hysets_11381500,3,1,Koppen_Class_All,288,1096,0.29835529936126126,0.213491770556555,0.07106370830901408,KGE
subsequent_2016_2020,hysets_11383500,1,1,Koppen_Class_All,287,1096,0.48389570338355037,0.4467030614552774,0.06322386165481479,KGE
subsequent_2016_2020,hysets_11402000,1,1,Koppen_Class_All,463,1096,0.01859483123441208,-0.14595931814811203,0.07327372366344591,KGE
subsequent_2016_2020,hysets_11413000,3,1,Koppen_Class_All,456,1096,-0.033774648817029185,-0.1800197133610184,0.10126276189465803,KGE
subsequent_2016_2020,hysets_11413300,4,1,Koppen_Class_All,452,1004,-0.037424543112200004,-0.3824801575351604,0.09586953707925622,KGE
subsequent_2016_2020,hysets_11428800,5,1,Koppen_Class_All,449,1004,0.06850589213787295,-0.18577284300767372,0.05447295570846619,KGE
subsequent_2016_2020,hysets_11433300,5,1,Koppen_Class_All,302,1004,0.1925064550178469,0.07600096488434915,0.0720681153530715,KGE
subsequent_2016_2020,hysets_11451100,4,0,Koppen_Class_All,290,1096,0.2974014399979811,0.21026784874204485,0.0714044300333527,KGE
subsequent_2016_2020,hysets_11461000,1,0,Koppen_Class_All,287,1096,0.3823908142782845,0.2588576980345816,0.06349106482485044,KGE
subsequent_2016_2020,hysets_11468500,5,0,Koppen_Class_All,302,1096,0.3728783086111377,0.27367541909182336,0.07550031063474932,KGE
subsequent_2016_2020,hysets_11470500,1,1,Koppen_Class_All,287,1004,0.3345680580550414,0.23552261538611086,0.07895189774506382,KGE
subsequent_2016_2020,hysets_11473900,3,1,Koppen_Class_All,288,1095,0.39096669132743656,0.28696098544704585,0.0756392950008623,KGE
subsequent_2016_2020,hysets_11478500,4,1,Koppen_Class_All,290,1096,0.18492979332671877,0.012686945159269825,0.09544922288412512,KGE
subsequent_2016_2020,hysets_11480390,3,1,Koppen_Class_All,288,1096,0.2856801604079927,0.14627022393324196,0.08402060096051259,KGE
subsequent_2016_2020,hysets_11480410,1,1,Koppen_Class_All,287,1003,0.2922312934187744,0.13005244363552249,0.09157046742642236,KGE
subsequent_2016_2020,hysets_11481200,4,1,Koppen_Class_All,290,1096,0.32900004928985194,0.19771357156684044,0.07987867368546069,KGE
subsequent_2016_2020,hysets_11482500,4,1,Koppen_Class_All,290,1096,0.2986966467668434,0.14768858140215257,0.11680523816511823,KGE
subsequent_2016_2020,hysets_11521500,5,1,Koppen_Class_All,302,1096,0.22375419828350407,0.10014777924841878,0.07354063587062287,KGE
subsequent_2016_2020,hysets_11522500,3,1,Koppen_Class_All,456,1096,0.06255804972261758,-0.029983311516804667,0.09406871769284728,KGE
subsequent_2016_2020,hysets_11523200,5,1,Koppen_Class_All,449,1096,0.08765026199302917,-0.033426433554260004,0.0731864728920282,KGE
subsequent_2016_2020,hysets_11528700,2,1,Koppen_Class_All,293,1096,0.47688702450730325,0.37131343410191076,0.07397746311098148,KGE
subsequent_2016_2020,hysets_11532500,3,1,Koppen_Class_All,288,1096,0.004484597969962367,-0.11545227906576949,0.12631909054913895,KGE
subsequent_2016_2020,hysets_12025700,2,1,Koppen_Class_All,293,1096,0.06434216029480444,0.021140790194264958,0.10814947310952155,KGE
subsequent_2016_2020,hysets_12035000,3,1,Koppen_Class_All,288,1096,-0.15574960672972926,-0.1615274659549053,0.09070531884431812,KGE
subsequent_2016_2020,hysets_12039500,2,1,Koppen_Class_All,452,1096,-0.6349703502630473,-0.3932926468275102,0.13400665518542954,KGE
subsequent_2016_2020,hysets_12040500,5,1,Koppen_Class_All,302,1096,-0.2881740489261644,-0.24292863412058008,0.14046127123710125,KGE
subsequent_2016_2020,hysets_12041200,1,1,Koppen_Class_All,287,1096,-0.5346867561325259,-0.20959863617278685,0.13217024538242608,KGE
subsequent_2016_2020,hysets_12043000,3,1,Koppen_Class_All,288,1096,-0.15245686542648706,-0.21301370517051543,0.14042011287485945,KGE
subsequent_2016_2020,hysets_12048000,5,1,Koppen_Class_All,449,1096,0.19763175814026457,0.2637079027083973,0.09962547382333634,KGE
subsequent_2016_2020,hysets_12054000,1,1,Koppen_Class_All,463,1096,-0.40909950647068194,-0.23922448568385835,0.15470774700105486,KGE
subsequent_2016_2020,hysets_12056500,5,1,Koppen_Class_All,449,1096,-0.40890513709871934,-0.39613518988078833,0.12190257193564824,KGE
subsequent_2016_2020,hysets_12082500,2,0,Koppen_Class_All,452,1096,-0.7418570977285799,-0.11252562383726339,0.1107593545454169,KGE
subsequent_2016_2020,hysets_12092000,5,0,Koppen_Class_All,449,1096,-0.8209134676655858,-0.1883477653551291,0.14179837334949286,KGE
subsequent_2016_2020,hysets_12115000,1,1,Koppen_Class_All,463,1096,-0.28931671489884403,-0.1489393046516243,0.11706254964104433,KGE
subsequent_2016_2020,hysets_12134500,5,1,Koppen_Class_All,449,1096,-0.38052473644117457,-0.21782562248795623,0.11176528772789308,KGE
subsequent_2016_2020,hysets_12141300,5,1,Koppen_Class_All,449,1096,-0.3827465888043995,-0.26417907135262686,0.1439256878827356,KGE
subsequent_2016_2020,hysets_12142000,2,1,Koppen_Class_All,452,1096,-0.33240254845178363,-0.2910792144350598,0.14542606797044005,KGE
subsequent_2016_2020,hysets_12186000,1,1,Koppen_Class_All,463,1096,-0.5360709611118697,-0.19062822557819037,0.11018344262969354,KGE
subsequent_2016_2020,hysets_12189500,1,1,Koppen_Class_All,463,1096,-0.49351083258002126,-0.12741135514150126,0.09312309075277149,KGE
subsequent_2016_2020,hysets_12205000,4,1,Koppen_Class_All,452,1096,-1.0140708811813566,-0.21596701236328886,0.12093692398638078,KGE
subsequent_2016_2020,hysets_12324590,1,1,Koppen_Class_All,463,1096,-7.136883130513645,-2.767749026201889,0.35583376806247635,KGE
subsequent_2016_2020,hysets_12330000,3,1,Koppen_Class_All,456,1096,-1.4530865740734065,-0.9687421807977863,0.10059470267973171,KGE
subsequent_2016_2020,hysets_12332000,4,1,Koppen_Class_All,452,1096,-0.11217408024323117,-0.02656659503080605,0.18314175500723454,KGE
subsequent_2016_2020,hysets_12370000,5,1,Koppen_Class_All,449,1096,0.3214530526331725,0.35388199921266306,0.16657693096437207,KGE
subsequent_2016_2020,hysets_12389500,1,1,Koppen_Class_All,463,1096,-3.1977901458782467,-1.0897908390478186,0.29057234016338385,KGE
subsequent_2016_2020,hysets_12411000,1,1,Koppen_Class_All,463,1086,0.24670972034921623,0.1805091737528941,0.10581808682408869,KGE
subsequent_2016_2020,hysets_12414900,1,1,Koppen_Class_All,463,1096,0.09331543912644447,0.10329875874267058,0.09390310080221707,KGE
subsequent_2016_2020,hysets_12452800,4,1,Koppen_Class_All,452,1096,0.3122623263143225,0.2330760750054126,0.12345734249101396,KGE
subsequent_2016_2020,hysets_12488500,1,1,Koppen_Class_All,463,1096,0.18038912662780304,0.13461018885176645,0.12436323845288395,KGE
subsequent_2016_2020,hysets_13010065,5,1,Koppen_Class_All,449,1096,0.2633878360584627,0.20713309073691655,0.1536879347155717,KGE
subsequent_2016_2020,hysets_13011900,2,1,Koppen_Class_All,452,1096,0.13352168135207387,0.08097759421583728,0.1697758218407088,KGE
subsequent_2016_2020,hysets_13023000,1,1,Koppen_Class_All,463,1096,0.35265833724442686,0.3593532713146296,0.1820869648497161,KGE
subsequent_2016_2020,hysets_13186000,5,1,Koppen_Class_All,449,1096,0.41009518305837267,0.29563652006035124,0.10072846444449896,KGE
subsequent_2016_2020,hysets_13235000,2,1,Koppen_Class_All,452,1096,0.39260764616580346,0.31513129593516964,0.13549019105464052,KGE
subsequent_2016_2020,hysets_13297355,3,1,Koppen_Class_All,456,1096,-1.0778088067562956,-1.2665548317934405,0.17432546273981908,KGE
subsequent_2016_2020,hysets_13331500,4,1,Koppen_Class_All,452,1096,0.4223945298608308,0.35184011298841955,0.13044823621970691,KGE
subsequent_2016_2020,hysets_13339500,3,1,Koppen_Class_All,456,1096,0.148246033103815,0.16825435837505276,0.07941279513695744,KGE
subsequent_2016_2020,hysets_14013000,2,1,Koppen_Class_All,452,1096,0.03955205223113012,0.08967357777329565,0.11000798257972265,KGE
subsequent_2016_2020,hysets_14020000,3,1,Koppen_Class_All,456,1096,0.14854776225432487,0.1464723824252785,0.0972246247112737,KGE
subsequent_2016_2020,hysets_14020300,2,1,Koppen_Class_All,452,1096,-0.14289933681705924,-0.1245154845748433,0.13080562411180252,KGE
subsequent_2016_2020,hysets_14038530,3,1,Koppen_Class_All,456,1096,-14.970578262355849,-2.6432145038307264,0.5820300416404817,KGE
subsequent_2016_2020,hysets_14044000,5,1,Koppen_Class_All,449,1046,-5.172723058825704,-2.284323060617818,0.33417052723765056,KGE
subsequent_2016_2020,hysets_14091500,2,0,Koppen_Class_All,452,1096,-18.69490305714649,0.13124003952488272,0.6769106217336535,KGE
subsequent_2016_2020,hysets_14096850,2,1,Koppen_Class_All,452,1096,-16.251095317521308,-2.6608515685879652,0.4700458013770195,KGE
subsequent_2016_2020,hysets_14097100,1,1,Koppen_Class_All,463,1096,-13.219311599278925,-1.336426387688276,0.5621007209650588,KGE
subsequent_2016_2020,hysets_14154500,4,1,Koppen_Class_All,290,1096,0.5124659318125766,0.4325643370794071,0.06991629274285564,KGE
subsequent_2016_2020,hysets_14158500,1,1,Koppen_Class_All,463,1095,-0.8517798188218337,0.1172615083133498,0.2830661647673321,KGE
subsequent_2016_2020,hysets_14166500,5,1,Koppen_Class_All,302,1096,0.48289001373097684,0.3849204781633305,0.07637877635932332,KGE
subsequent_2016_2020,hysets_14178000,3,1,Koppen_Class_All,456,1096,-0.42068496304400615,0.027706991373418255,0.16121840697631706,KGE
subsequent_2016_2020,hysets_14182500,5,1,Koppen_Class_All,302,1096,-0.0843012812571462,-0.11444397733265022,0.10201761106598872,KGE
subsequent_2016_2020,hysets_14185000,4,0,Koppen_Class_All,452,1096,-0.1339716123581003,-0.19602996615243296,0.12880560239794714,KGE
subsequent_2016_2020,hysets_14185900,2,1,Koppen_Class_All,293,1096,-0.03666989611689009,-0.10695066834692613,0.12000890110043608,KGE
subsequent_2016_2020,hysets_14236200,3,1,Koppen_Class_All,288,1096,-0.10568414753840161,-0.10045430018955748,0.1290267589146164,KGE
subsequent_2016_2020,hysets_14301000,3,1,Koppen_Class_All,288,1095,0.16048113958421273,0.061093853931125985,0.11897941077299208,KGE
subsequent_2016_2020,hysets_14306500,1,1,Koppen_Class_All,287,1096,0.22517896583764652,0.10727339565084792,0.10225566057937702,KGE
subsequent_2016_2020,hysets_14308000,5,1,Koppen_Class_All,302,1096,0.5404651262149648,0.4719785863172534,0.05758605397186767,KGE
subsequent_2016_2020,hysets_14309500,2,1,Koppen_Class_All,293,1096,0.33970865064298206,0.18411213675693716,0.0898378481466636,KGE
subsequent_2016_2020,hysets_14316700,2,1,Koppen_Class_All,293,1096,0.39622243002127777,0.276503564682699,0.08412959751900208,KGE
subsequent_2016_2020,hysets_14325000,4,0,Koppen_Class_All,290,1096,0.15713206317992146,0.001866721144770933,0.08871921446441916,KGE
subsequent_2016_2020,hysets_14338000,2,1,Koppen_Class_All,293,1096,0.5726666074217104,0.45991351404305325,0.0645895857052189,KGE
subsequent_2016_2020,hysets_14377100,4,1,Koppen_Class_All,290,1093,0.2778827964784757,0.11311703565739395,0.10268373920420328,KGE
subsequent_2016_2020,hysets_14400000,3,1,Koppen_Class_All,288,1096,-0.11461424001935039,-0.19306373592416515,0.1194732789022241,KGE
subsequent_2016_2020,lamah_12425002,3,1,Koppen_Class_All,456,731,-0.1277254388133242,-0.04433165989646226,0.1306216509615657,KGE
subsequent_2016_2020,lamah_16000708,2,1,Koppen_Class_All,452,731,-0.287428862997974,0.164811116704207,0.20951902773909192,KGE
subsequent_2016_2020,lamah_16001303,5,1,Koppen_Class_All,449,731,-4.645169351055052,-0.7160063211246059,0.2098164957729146,KGE
subsequent_2016_2020,lamah_16610709,4,1,Koppen_Class_All,452,731,-0.13313859447922227,-0.0664683031900728,0.07873912856733187,KGE
subsequent_2016_2020,lamah_17404000,1,1,Koppen_Class_All,463,731,-0.5429830621625884,0.0809615950391892,0.16779647280690813,KGE
subsequent_2016_2020,lamah_18481006,5,1,Koppen_Class_All,449,731,-0.2804537677695398,-0.057496532586292615,0.12101841233364197,KGE
subsequent_2016_2020,lamah_18486000,4,1,Koppen_Class_All,452,731,-0.4767338566432444,-0.030273486228173052,0.13662943883833023,KGE
subsequent_2016_2020,lamah_200253,4,1,Koppen_Class_All,452,731,-0.28574332853704787,-0.12396610881540315,0.1400156025382656,KGE
subsequent_2016_2020,lamah_200261,5,1,Koppen_Class_All,449,731,-0.24554419643099545,-0.16616645679452313,0.13135414279713564,KGE
subsequent_2016_2020,lamah_200303,2,1,Koppen_Class_All,452,731,-0.008537973893985251,-0.06985975808940359,0.08586593435249691,KGE
subsequent_2016_2020,lamah_201012,2,0,Koppen_Class_All,452,731,-0.23735354541798204,-0.059723517902154244,0.14802206947184973,KGE
subsequent_2016_2020,lamah_201087,4,1,Koppen_Class_All,452,731,-0.17185540353498574,-0.022872571513371076,0.15303429351785508,KGE
subsequent_2016_2020,lamah_201095,2,1,Koppen_Class_All,452,731,-0.28298354833187345,0.06104393465654512,0.193648889771564,KGE
subsequent_2016_2020,lamah_201160,3,1,Koppen_Class_All,45,731,0.5506807069971723,0.48162674289444296,0.07902355877812342,KGE
subsequent_2016_2020,lamah_201236,3,1,Koppen_Class_All,45,731,0.681960222673053,0.6831719136509713,0.07020043716883838,KGE
subsequent_2016_2020,lamah_201251,1,1,Koppen_Class_All,35,731,0.37024148228950404,0.31764724755843676,0.12592455500777802,KGE
subsequent_2016_2020,lamah_201335,5,1,Koppen_Class_All,45,731,0.8567669036628981,0.79120015936489,0.053745703528637036,KGE
subsequent_2016_2020,lamah_201392,2,1,Koppen_Class_All,41,731,0.31203589626282446,0.16531177431116795,0.18607507091672928,KGE
subsequent_2016_2020,lamah_201434,2,1,Koppen_Class_All,41,731,0.41362643269884447,0.2426832514284527,0.1693064198548319,KGE
subsequent_2016_2020,lamah_201558,1,1,Koppen_Class_All,35,731,0.5200070941223244,0.46328931078490243,0.1292975477395157,KGE
subsequent_2016_2020,lamah_201566,3,1,Koppen_Class_All,456,731,-0.15789891760694097,-0.1339919088895849,0.11831897314845742,KGE
subsequent_2016_2020,lamah_201574,1,1,Koppen_Class_All,463,731,-0.08464032571789515,0.03476711165450519,0.16191268409690834,KGE
subsequent_2016_2020,lamah_201723,5,1,Koppen_Class_All,45,731,0.5114726988152855,0.4847236380181327,0.13783080162247296,KGE
subsequent_2016_2020,lamah_201848,2,1,Koppen_Class_All,452,731,-0.28734332113102146,0.10831625111984666,0.205105068847363,KGE
subsequent_2016_2020,lamah_202036,1,1,Koppen_Class_All,35,731,0.6037859238611368,0.5335864303088091,0.10295573808282525,KGE
subsequent_2016_2020,lamah_203026,3,1,Koppen_Class_All,45,731,0.42634300492835,0.29951610538713713,0.12986513565862695,KGE
subsequent_2016_2020,lamah_203075,5,1,Koppen_Class_All,449,731,-0.14636996479153797,-0.1282165590249471,0.17918553080398217,KGE
subsequent_2016_2020,lamah_203166,2,1,Koppen_Class_All,452,731,-0.42873646697551804,0.033284267902702,0.175073397279697,KGE
subsequent_2016_2020,lamah_203224,3,1,Koppen_Class_All,456,731,-0.02880648525817442,-0.005819175863217785,0.1472166284683975,KGE
subsequent_2016_2020,lamah_203265,2,1,Koppen_Class_All,452,731,-0.06918636534622169,0.03628107849521278,0.10067105995534935,KGE
subsequent_2016_2020,lamah_203307,4,1,Koppen_Class_All,452,731,-0.170027129046318,-0.08855921444282555,0.11089792957830813,KGE
subsequent_2016_2020,lamah_203463,2,1,Koppen_Class_All,452,731,0.14353771916485458,0.2947759968248892,0.1581654474169404,KGE
subsequent_2016_2020,lamah_203505,1,1,Koppen_Class_All,463,731,-0.33536669954142617,0.006002680291866236,0.1751460071506165,KGE
subsequent_2016_2020,lamah_203711,5,1,Koppen_Class_All,449,731,0.1239724741002105,0.20781735506570675,0.14394226307451255,KGE
subsequent_2016_2020,lamah_203752,1,1,Koppen_Class_All,463,731,-0.20872360098573695,0.22322962246229738,0.17155732644241287,KGE
subsequent_2016_2020,lamah_203760,2,1,Koppen_Class_All,452,731,-0.22270440898756716,0.08982696914268018,0.17515917169860384,KGE
subsequent_2016_2020,lamah_203786,1,1,Koppen_Class_All,463,731,0.0343692073500419,0.1941271933522536,0.1722406281836375,KGE
subsequent_2016_2020,lamah_203794,3,1,Koppen_Class_All,456,731,-0.3181865998257829,0.19795931205928596,0.18322511271581726,KGE
subsequent_2016_2020,lamah_203828,3,1,Koppen_Class_All,456,731,0.04693659359396707,0.28926334210734184,0.13937386276607575,KGE
subsequent_2016_2020,lamah_204875,2,1,Koppen_Class_All,452,731,-0.2138142182974232,0.09969498232095331,0.11423267657378579,KGE
subsequent_2016_2020,lamah_204925,1,1,Koppen_Class_All,463,731,-1.8015329404187477,-0.0970693944188763,0.1738272363014929,KGE
subsequent_2016_2020,lamah_205104,3,1,Koppen_Class_All,456,731,-0.46984479657543465,-0.08137007359865756,0.20548329954403827,KGE
subsequent_2016_2020,lamah_205179,4,1,Koppen_Class_All,452,731,-0.22430436369853535,-0.08597048251271877,0.18920772817853337,KGE
subsequent_2016_2020,lamah_205294,2,1,Koppen_Class_All,452,731,-0.09776932803030935,-0.0769193536877184,0.09833170346238056,KGE
subsequent_2016_2020,lamah_205500,4,1,Koppen_Class_All,452,731,-0.25144244629256374,0.05027991304807378,0.11968462994520897,KGE
subsequent_2016_2020,lamah_205740,5,1,Koppen_Class_All,449,731,-0.06641936138619142,-0.17600802517463277,0.09797526225462827,KGE
subsequent_2016_2020,lamah_205799,1,0,Koppen_Class_All,463,731,-0.46263700759631843,-0.0244077193865746,0.16321146431237868,KGE
subsequent_2016_2020,lamah_205823,5,1,Koppen_Class_All,449,731,-0.24460500511719396,0.035805198926045945,0.09858051726036944,KGE
subsequent_2016_2020,lamah_205831,5,1,Koppen_Class_All,449,731,-0.29965967043058317,-0.016060063840088512,0.118195312692973,KGE
subsequent_2016_2020,lamah_205864,3,1,Koppen_Class_All,456,731,-0.4245028120025107,-0.020301436973773956,0.13268626733638117,KGE
subsequent_2016_2020,lamah_205898,3,1,Koppen_Class_All,456,731,0.003651846062114994,0.0505810952625213,0.1023317093517904,KGE
subsequent_2016_2020,lamah_206508,4,1,Koppen_Class_All,452,731,-0.4670962807317134,-0.12244141421559607,0.1640646641713077,KGE
subsequent_2016_2020,lamah_207613,5,0,Koppen_Class_All,449,731,-3.742517434845465,-0.5538594052933821,0.23292010381013903,KGE
subsequent_2016_2020,lamah_207654,2,1,Koppen_Class_All,452,731,-0.20673389395992037,-0.09569515451359689,0.13741310563318668,KGE
subsequent_2016_2020,lamah_207738,2,1,Koppen_Class_All,452,731,-0.11885640860406332,0.010384046647278655,0.09924641211264786,KGE
subsequent_2016_2020,lamah_207852,2,1,Koppen_Class_All,452,731,-0.19282137605051708,0.02712879146255831,0.10004124635198425,KGE
subsequent_2016_2020,lamah_208116,1,1,Koppen_Class_All,463,731,-3.367801285400521,-0.6367593590836085,0.18885341490809848,KGE
subsequent_2016_2020,lamah_208686,2,1,Koppen_Class_All,452,731,-0.18700546421704756,0.22827935334361682,0.12183607827188168,KGE
subsequent_2016_2020,lamah_209361,1,1,Koppen_Class_All,463,731,0.026787130843014317,0.09661835304568656,0.09804167252728438,KGE
subsequent_2016_2020,lamah_209551,1,1,Koppen_Class_All,463,731,-0.03132279770884239,-0.0979574450131182,0.1106898174877806,KGE
subsequent_2016_2020,lamah_210526,4,1,Koppen_Class_All,452,731,-0.5717372580073565,-0.007154379194541205,0.2351561481923382,KGE
subsequent_2016_2020,lamah_210641,1,1,Koppen_Class_All,463,731,-0.03511555487449236,0.18194068121418927,0.1356776623840233,KGE
subsequent_2016_2020,lamah_210732,2,0,Koppen_Class_All,452,731,-1.0935600043138263,-0.2001005597781489,0.11859145896631272,KGE
subsequent_2016_2020,lamah_210773,1,1,Koppen_Class_All,463,731,-0.2897748683757604,0.23093091250317055,0.1512086375079269,KGE
subsequent_2016_2020,lamah_210815,5,1,Koppen_Class_All,449,731,-0.3069606673980052,0.12040853773257887,0.12100754096877235,KGE
subsequent_2016_2020,lamah_210856,3,1,Koppen_Class_All,456,731,-0.4649888499982715,0.03742443291548603,0.16112942189343107,KGE
subsequent_2016_2020,lamah_210864,1,1,Koppen_Class_All,463,731,-0.0024411106775623637,0.14420282035223042,0.0959113953548676,KGE
subsequent_2016_2020,lamah_210898,1,1,Koppen_Class_All,463,731,-0.14769291618258795,0.13694779424913994,0.14269393763935528,KGE
subsequent_2016_2020,lamah_211086,4,1,Koppen_Class_All,452,731,-0.49631228531272664,0.11032504803659104,0.17127372793640586,KGE
subsequent_2016_2020,lamah_211169,3,1,Koppen_Class_All,456,731,-0.9836215744829424,0.08779709607777542,0.12414539850894211,KGE
subsequent_2016_2020,lamah_211656,1,1,Koppen_Class_All,463,731,-0.5765630589184512,-0.6562906262662278,0.05825486277315941,KGE
subsequent_2016_2020,lamah_212027,5,1,Koppen_Class_All,449,731,-0.7240073710328783,0.04259398217458776,0.21673811973947815,KGE
subsequent_2016_2020,lamah_212043,5,0,Koppen_Class_All,45,731,0.19262606873819588,0.05938366830622499,0.13377474734291184,KGE
subsequent_2016_2020,lamah_212092,2,1,Koppen_Class_All,41,731,0.27191393007162235,0.15795753527106182,0.14896262925317497,KGE
subsequent_2016_2020,lamah_212100,2,1,Koppen_Class_All,41,731,0.45051495214542736,0.3204382061679194,0.12984891281889663,KGE
subsequent_2016_2020,lamah_212167,1,1,Koppen_Class_All,35,731,0.5450172268609574,0.35707909352153944,0.11232059073977034,KGE
subsequent_2016_2020,lamah_212183,2,1,Koppen_Class_All,41,731,0.34912574621896497,0.20672348664452977,0.13529871008639496,KGE
subsequent_2016_2020,lamah_212316,5,0,Koppen_Class_All,449,731,-0.10339176106419545,-0.0195795897369222,0.19050583930367818,KGE
subsequent_2016_2020,lamah_212373,2,0,Koppen_Class_All,41,731,0.7953124072696944,0.8593223847980029,0.0606799021031161,KGE
subsequent_2016_2020,lamah_212399,5,1,Koppen_Class_All,449,731,-0.42457162588954156,0.011088648085622377,0.12086560045781677,KGE
subsequent_2016_2020,lamah_212431,3,1,Koppen_Class_All,456,731,-1.0250661670782568,-0.006612743181841463,0.15960370487433742,KGE
subsequent_2016_2020,lamah_212522,1,0,Koppen_Class_All,463,731,-5.11697192110014,-0.4335421320601527,0.5087913512809253,KGE
subsequent_2016_2020,lamah_212613,2,1,Koppen_Class_All,452,731,-0.1831775286576014,0.28610522633258084,0.19874379057900493,KGE
subsequent_2016_2020,lamah_212647,5,1,Koppen_Class_All,449,731,-0.11327728526623537,0.14081060090183561,0.13533010510333254,KGE
subsequent_2016_2020,lamah_212670,3,1,Koppen_Class_All,456,731,-0.17168544434373745,0.10941815520823672,0.09803403629515503,KGE
subsequent_2016_2020,lamah_212860,1,1,Koppen_Class_All,463,731,-0.9810274719514844,-0.15055492977238805,0.2149917749773678,KGE
subsequent_2016_2020,lamah_212878,3,1,Koppen_Class_All,456,731,-1.075850259204178,-0.20110860666321195,0.2009235529909924,KGE
subsequent_2016_2020,lamah_212886,4,1,Koppen_Class_All,452,731,-2.895735791291306,-0.42809050638560153,0.26473572672426693,KGE
subsequent_2016_2020,lamah_212894,5,0,Koppen_Class_All,449,731,-5.811719004240149,-0.7167094237840297,0.34851584769271315,KGE
subsequent_2016_2020,lamah_212928,5,1,Koppen_Class_All,449,731,-7.665567108295907,-0.7665169148998472,0.32615866712622615,KGE
subsequent_2016_2020,lamah_213124,2,1,Koppen_Class_All,452,731,-0.5861326697864986,-0.012539730920466008,0.1431680952817668,KGE
subsequent_2016_2020,lamah_213181,4,1,Koppen_Class_All,452,731,-2.5763050562733896,-0.1814711570012273,0.2836284595030848,KGE
subsequent_2016_2020,lamah_213306,3,1,Koppen_Class_All,456,731,-3.159679727952673,-0.49777296620184686,0.3174569057062773,KGE
subsequent_2016_2020,lamah_2150,4,1,Koppen_Class_All,452,731,0.029263803503859598,0.0953587488916553,0.10396061322460302,KGE
subsequent_2016_2020,lamah_2262,1,1,Koppen_Class_All,35,731,0.2905088635710191,0.13560725227776926,0.10705263307162598,KGE
subsequent_2016_2020,lamah_403,2,1,Koppen_Class_All,41,731,0.5291024559997337,0.35148566511631174,0.11407331007816726,KGE
subsequent_2016_2020,camelsbr_57250000,5,1,Knoben_Class_All,75,1095,-29.54553829768486,-3.203810263105404,0.4465188450408267,KGE
subsequent_2016_2020,camelsbr_58060000,3,1,Knoben_Class_All,92,1074,-1.7508608999106805,-0.3101764848217172,0.1025610332604316,KGE
subsequent_2016_2020,camelsbr_58258000,1,1,Knoben_Class_All,90,1004,-0.27547993792380554,-0.4257141876473165,0.07524034476083573,KGE
subsequent_2016_2020,camelsbr_58530000,3,1,Knoben_Class_All,92,1095,-0.7736967800435017,-0.4219622950394817,0.14274707565925596,KGE
subsequent_2016_2020,camelsbr_58535000,3,1,Knoben_Class_All,92,1035,-0.8728585710121641,-0.4127808627597347,0.17556340186788227,KGE
subsequent_2016_2020,camelsbr_58542000,1,1,Knoben_Class_All,80,1035,-4.460908599340867,-0.587558772479146,0.2611063739954788,KGE
subsequent_2016_2020,camelsbr_59370000,2,1,Knoben_Class_All,80,1040,-1.7690779494465483,0.009123250626823176,0.12485735682961172,KGE
subsequent_2016_2020,camelsbr_70100000,4,1,Knoben_Class_All,93,1087,-0.15514004243697732,-0.18518712592672126,0.10538968405501109,KGE
subsequent_2016_2020,camelsbr_71300000,1,1,Knoben_Class_All,217,1081,-0.4530837656829614,-0.26510068534874764,0.18833440504685772,KGE
subsequent_2016_2020,camelsbr_73765000,1,1,Knoben_Class_All,90,1035,-0.06842592059249997,-0.1697412423443243,0.10056554486055959,KGE
subsequent_2016_2020,camelscl_1050002,4,1,Knoben_Class_All,71,920,-5283.3166866146785,-69.40688956086409,15.154511821081933,KGE
subsequent_2016_2020,camelscl_1201005,3,1,Knoben_Class_All,70,1164,-2561.7501374012654,-45.96045764310408,4.1819490752446224,KGE
subsequent_2016_2020,camelscl_12284002,1,1,Knoben_Class_All,169,1005,-23.31168688795087,-4.068702085402582,0.580746344254271,KGE
subsequent_2016_2020,camelscl_12284003,4,1,Knoben_Class_All,166,1215,-108.44991720601782,-9.942473596382708,1.0742303109983857,KGE
subsequent_2016_2020,camelscl_12284006,1,1,Knoben_Class_All,90,1589,-6.0194687492970855,-1.5642830169756263,0.1978720651351351,KGE
subsequent_2016_2020,camelscl_12582001,4,1,Knoben_Class_All,93,1613,-0.5837679483253195,0.12122795331963476,0.08824035849656364,KGE
subsequent_2016_2020,camelscl_12600001,2,1,Knoben_Class_All,80,1184,-0.26705350555915786,-0.14035877291443732,0.2029246205001991,KGE
subsequent_2016_2020,camelscl_12622001,5,1,Knoben_Class_All,93,1535,-13.863373265046667,-2.0048279721621416,0.39315203228521545,KGE
subsequent_2016_2020,camelscl_12802001,3,1,Knoben_Class_All,80,1425,-198.15032048900505,-16.111010946426795,0.948618616402281,KGE
subsequent_2016_2020,camelscl_12805001,2,1,Knoben_Class_All,80,1286,-223.63269976246113,-12.42870599454921,2.0960181641503093,KGE
subsequent_2016_2020,camelscl_12806001,5,1,Knoben_Class_All,75,1427,-445.4652558694394,-15.313655780469613,2.5113886463831783,KGE
subsequent_2016_2020,camelscl_4301002,3,1,Knoben_Class_All,174,1376,-157.95013375171288,-9.222825189557422,2.372161887455852,KGE
subsequent_2016_2020,camelscl_4311001,1,1,Knoben_Class_All,169,1230,-344.91351939659177,-11.989152351833104,3.6871496136752513,KGE
subsequent_2016_2020,camelscl_4313001,1,1,Knoben_Class_All,169,1210,-148.11094211814518,-7.13588379497976,1.9938940674023156,KGE
subsequent_2016_2020,camelscl_4314002,4,1,Knoben_Class_All,166,1429,-167.1428029414097,-10.40645900975744,0.5748030571290504,KGE
subsequent_2016_2020,camelscl_4501001,4,1,Knoben_Class_All,166,1181,-500.57386578602836,-15.861224594848501,4.1093141243628,KGE
subsequent_2016_2020,camelscl_4503001,1,1,Knoben_Class_All,80,1427,-10.887124993669886,-12.540666563735028,0.19696117348801442,KGE
subsequent_2016_2020,camelscl_4511002,1,1,Knoben_Class_All,169,1484,-73.9425908751267,-5.79375258588609,1.5314916645704517,KGE
subsequent_2016_2020,camelscl_4512001,1,1,Knoben_Class_All,169,1101,-77.45604197520817,-5.9833943126349896,1.2940987419166528,KGE
subsequent_2016_2020,camelscl_4513001,3,1,Knoben_Class_All,174,1223,-14.216145293556105,-4.414693235960758,0.1547121284488355,KGE
subsequent_2016_2020,camelscl_4514001,2,1,Knoben_Class_All,182,1230,-32.91668484888771,-7.389054939826639,0.5382535532517407,KGE
subsequent_2016_2020,camelscl_4520001,4,1,Knoben_Class_All,166,1307,-32737.318297035334,-166.84212909877252,14.631251056116653,KGE
subsequent_2016_2020,camelscl_4530001,4,1,Knoben_Class_All,81,993,-601.8287324236384,-24.168463328390967,4.519789023303217,KGE
subsequent_2016_2020,camelscl_4532001,3,0,Knoben_Class_All,80,1006,-510.1960545451777,-26.245207328342868,4.07933220463427,KGE
subsequent_2016_2020,camelscl_4703002,1,1,Knoben_Class_All,169,1613,-27.868927160098675,-3.7323796321811145,0.7174236814709495,KGE
subsequent_2016_2020,camelscl_4721001,3,1,Knoben_Class_All,174,1097,-165.14376206393143,-10.93096617171661,2.553524512292817,KGE
subsequent_2016_2020,camelscl_4723001,5,1,Knoben_Class_All,169,1250,-1.8549432007884112,-4.9330929170412325,0.126945161356521,KGE
subsequent_2016_2020,camelscl_5200001,2,1,Knoben_Class_All,80,1551,-1902.108298903081,-40.455723637235515,3.856651753614009,KGE
subsequent_2016_2020,camelscl_5401003,2,0,Knoben_Class_All,182,1562,-5.261444122459243,-0.5950716578672726,0.5610265057227151,KGE
subsequent_2016_2020,camelscl_5402001,5,1,Knoben_Class_All,169,1448,-4.479833762275946,-1.9172419020560487,0.12051660193224985,KGE
subsequent_2016_2020,camelscl_5406001,1,1,Knoben_Class_All,169,1016,-131.01330558347615,-17.21513986609203,2.004112991108642,KGE
subsequent_2016_2020,camelscl_5706001,1,1,Knoben_Class_All,169,1517,-3.7100063467500792,-2.378546631176907,0.1256741251625941,KGE
subsequent_2016_2020,camelscl_5707002,1,1,Knoben_Class_All,169,1597,-6.848303482845234,-0.8159527924238563,0.4815874040136957,KGE
subsequent_2016_2020,camelscl_5722001,4,1,Knoben_Class_All,166,1484,-120.44697328313723,-7.709410794101826,1.4388968575397179,KGE
subsequent_2016_2020,camelscl_5722002,1,1,Knoben_Class_All,169,1561,-41.924467437531604,-4.245590341220706,0.31134006806559716,KGE
subsequent_2016_2020,camelscl_6013001,5,1,Knoben_Class_All,169,1552,-1.034634180159439,0.18504707623458305,0.18928307096062352,KGE
subsequent_2016_2020,camelscl_7103001,4,1,Knoben_Class_All,166,1245,-0.7290321774665214,0.008391457286053061,0.1009316526190643,KGE
subsequent_2016_2020,camelscl_7104002,4,1,Knoben_Class_All,166,1490,-0.6116405899957191,0.16101214274977338,0.09899630273136509,KGE
subsequent_2016_2020,camelscl_7112001,5,1,Knoben_Class_All,169,1231,-0.7311273622604415,-0.021460478621175838,0.19130059951566286,KGE
subsequent_2016_2020,camelscl_7115001,2,1,Knoben_Class_All,80,1576,-4.991690187875862,-0.6411730372070332,0.2729340956988583,KGE
subsequent_2016_2020,camelscl_7116001,3,1,Knoben_Class_All,80,1204,-13.200903182918637,-3.3215067301742227,0.29956916714622445,KGE
subsequent_2016_2020,camelscl_7355002,1,1,Knoben_Class_All,80,1543,-0.9486317266900635,0.19767297132327988,0.14792271182673603,KGE
subsequent_2016_2020,camelscl_7374001,5,1,Knoben_Class_All,75,1173,-5.0606997221158885,-2.2610649065203634,0.17999254269888834,KGE
subsequent_2016_2020,camelscl_8130002,1,1,Knoben_Class_All,80,1550,-0.6972593604470667,-0.1847326948662269,0.08548597845433663,KGE
subsequent_2016_2020,camelscl_8351001,3,0,Knoben_Class_All,80,1229,-0.6893213023250189,-0.28324962946008725,0.10265014388703825,KGE
subsequent_2016_2020,hysets_01010070,4,1,Knoben_Class_All,193,1096,0.19449853278915485,0.08503664749688022,0.11251954193772068,KGE
subsequent_2016_2020,hysets_01022500,1,1,Knoben_Class_All,193,1096,0.32682338771909525,0.23851525148035213,0.09755773993779243,KGE
subsequent_2016_2020,hysets_01031500,1,1,Knoben_Class_All,193,1096,0.34625707774105097,0.2375184076500123,0.09420392293270723,KGE
subsequent_2016_2020,hysets_01038000,3,1,Knoben_Class_All,188,1096,0.48455871467709466,0.42678634175597385,0.08346019595040177,KGE
subsequent_2016_2020,hysets_01047000,2,1,Knoben_Class_All,181,1096,0.29714078213657646,0.18136173018869883,0.08798968984456035,KGE
subsequent_2016_2020,hysets_01054200,1,1,Knoben_Class_All,193,1096,0.11547508056971967,-0.04203265156334157,0.04256262334152483,KGE
subsequent_2016_2020,hysets_01055000,3,1,Knoben_Class_All,188,1096,0.2671821285483811,0.14883865264216656,0.0649992909953025,KGE
subsequent_2016_2020,hysets_01057000,2,1,Knoben_Class_All,181,1096,0.4147354594742594,0.3250349148846827,0.09031882566054573,KGE
subsequent_2016_2020,hysets_01064500,3,1,Knoben_Class_All,188,1096,0.22884086617566335,0.10835785364151485,0.0519132336285245,KGE
subsequent_2016_2020,hysets_01076500,1,1,Knoben_Class_All,193,1096,0.2147620031119657,0.10873426154215238,0.06688927473514282,KGE
subsequent_2016_2020,hysets_01078000,2,1,Knoben_Class_All,181,1096,0.4525606217555309,0.3531357788876318,0.07511189679814116,KGE
subsequent_2016_2020,hysets_01096000,1,0,Knoben_Class_All,193,1096,0.33463037736996937,0.30568074599484363,0.08128968673954082,KGE
subsequent_2016_2020,hysets_01118000,1,1,Knoben_Class_All,217,1096,-0.30136204535530453,0.03686780760307162,0.15761198767877352,KGE
subsequent_2016_2020,hysets_01134500,1,1,Knoben_Class_All,193,1096,0.28730883075861136,0.1945681369446448,0.09282828783656907,KGE
subsequent_2016_2020,hysets_01137500,4,1,Knoben_Class_All,193,1096,0.23540398685339836,0.13109891193043288,0.05696541457738862,KGE
subsequent_2016_2020,hysets_01169000,5,1,Knoben_Class_All,189,1096,0.21529841775541603,0.13796954631526215,0.056477553372345536,KGE
subsequent_2016_2020,hysets_01174500,5,1,Knoben_Class_All,189,1096,0.16862647169216938,0.17893618505285647,0.08884238376941789,KGE
subsequent_2016_2020,hysets_01181000,5,1,Knoben_Class_All,189,1096,0.15750709164774368,0.05245399198233913,0.0422487577644332,KGE
subsequent_2016_2020,hysets_01439500,5,1,Knoben_Class_All,189,1096,0.13648159116634262,0.1703903374469754,0.12288709927690945,KGE
subsequent_2016_2020,hysets_01440000,4,1,Knoben_Class_All,193,1096,0.22387027204819454,0.2156809118553622,0.07159327061461894,KGE
subsequent_2016_2020,hysets_01447500,1,1,Knoben_Class_All,193,1096,0.04471593017862341,0.08511854634927007,0.09685620349911239,KGE
subsequent_2016_2020,hysets_01543000,4,1,Knoben_Class_All,193,1096,0.23952377885291565,0.20578331272674488,0.11108920677116638,KGE
subsequent_2016_2020,hysets_01543500,2,1,Knoben_Class_All,181,1096,0.277800150395196,0.27075564693676446,0.09409278609372136,KGE
subsequent_2016_2020,hysets_01544500,3,1,Knoben_Class_All,188,1096,0.30233789550629886,0.3078682772988488,0.08340807721730206,KGE
subsequent_2016_2020,hysets_01545600,5,0,Knoben_Class_All,189,1096,0.25663484553588767,0.254970116704464,0.0768874621569106,KGE
subsequent_2016_2020,hysets_01550000,5,1,Knoben_Class_All,189,1096,0.11525920307937654,0.03601534708512977,0.0695748685065912,KGE
subsequent_2016_2020,hysets_01552000,2,0,Knoben_Class_All,181,1096,0.07862112917250952,-0.022699059770338925,0.07459988811366244,KGE
subsequent_2016_2020,hysets_01605500,1,1,Knoben_Class_All,193,1096,0.1621136573126971,0.256752053794604,0.051853190980123545,KGE
subsequent_2016_2020,hysets_01606500,3,1,Knoben_Class_All,188,1096,0.19649494170920667,0.26148724474450946,0.05691908500870414,KGE
subsequent_2016_2020,hysets_01611500,5,1,Knoben_Class_All,225,1096,0.10636879674287558,0.12782264994692505,0.08387468891843565,KGE
subsequent_2016_2020,hysets_01665500,3,0,Knoben_Class_All,210,1096,0.026639116943199093,-0.17714465409101643,0.05156563556794046,KGE
subsequent_2016_2020,hysets_01669520,2,1,Knoben_Class_All,221,1096,-0.04740535263239343,-0.006158043180126915,0.04515008090935127,KGE
subsequent_2016_2020,hysets_01673800,1,1,Knoben_Class_All,217,1096,0.16647760991794702,0.15404780237041615,0.05647565228206512,KGE
subsequent_2016_2020,hysets_01AJ010,2,1,Knoben_Class_All,181,731,0.29565438720739534,0.18773981027894782,0.10543855623024301,KGE
subsequent_2016_2020,hysets_01AK001,3,1,Knoben_Class_All,188,731,0.44765834987520403,0.32377378831837555,0.10538273926186024,KGE
subsequent_2016_2020,hysets_01AK007,1,1,Knoben_Class_All,193,731,0.3072091546351504,0.19940014408320061,0.11293374077964499,KGE
subsequent_2016_2020,hysets_01AL002,2,1,Knoben_Class_All,181,731,0.19729513030206292,0.06944764293207262,0.1158961138827302,KGE
subsequent_2016_2020,hysets_01AM001,4,1,Knoben_Class_All,193,731,0.42547148906895194,0.3032969251179327,0.08315511121719471,KGE
subsequent_2016_2020,hysets_01AN002,1,1,Knoben_Class_All,193,731,0.44119267946114327,0.3467341927769165,0.10686464596979546,KGE
subsequent_2016_2020,hysets_01AP002,4,1,Knoben_Class_All,193,731,0.44323190233759957,0.35947723984412394,0.08863777726401806,KGE
subsequent_2016_2020,hysets_01AQ001,4,1,Knoben_Class_All,193,1096,0.12764406544643214,0.005471574783435518,0.0690075180286095,KGE
subsequent_2016_2020,hysets_01BJ003,1,1,Knoben_Class_All,193,731,0.19473167983651807,0.07595639510887409,0.10397847672769342,KGE
subsequent_2016_2020,hysets_01BL002,3,1,Knoben_Class_All,188,731,0.4383930334891045,0.34890313110289817,0.09901678624847242,KGE
subsequent_2016_2020,hysets_01BQ001,2,1,Knoben_Class_All,181,731,0.2972444149643022,0.17990899852003195,0.06778677687102726,KGE
subsequent_2016_2020,hysets_01BS001,3,1,Knoben_Class_All,188,731,0.4058418508837035,0.33593418928935415,0.07692648883116766,KGE
subsequent_2016_2020,hysets_01BU002,1,1,Knoben_Class_All,193,731,0.477935111289716,0.3960951684555436,0.08596445348948882,KGE
subsequent_2016_2020,hysets_01BV006,1,1,Knoben_Class_All,193,731,0.12365804437896832,0.014505624251044291,0.07173448181983885,KGE
subsequent_2016_2020,hysets_01DR001,2,1,Knoben_Class_All,181,1096,0.03210919917295241,-0.05791542449658027,0.10859689060831026,KGE
subsequent_2016_2020,hysets_01EC001,5,1,Knoben_Class_All,189,1096,-0.16013336351088658,0.032017390898154474,0.18918742583554007,KGE
subsequent_2016_2020,hysets_01ED007,2,1,Knoben_Class_All,181,1096,0.07293702276620395,0.13691857185789913,0.16505701952705892,KGE
subsequent_2016_2020,hysets_01EF001,3,1,Knoben_Class_All,188,1096,0.11532468663545725,0.16392984514046693,0.17821958043178182,KGE
subsequent_2016_2020,hysets_01EO001,5,1,Knoben_Class_All,189,1096,0.018857646420663343,-0.033005877723875754,0.10634975994003869,KGE
subsequent_2016_2020,hysets_01FB001,5,1,Knoben_Class_All,169,1096,-0.01488002614897077,-0.10365696447259642,0.10893089743065473,KGE
subsequent_2016_2020,hysets_01FB003,4,1,Knoben_Class_All,193,1096,-0.4395324090778603,0.18953815410313712,0.1983831324933278,KGE
subsequent_2016_2020,hysets_02011400,5,1,Knoben_Class_All,225,1096,0.3112044263804217,0.3116782361752096,0.05877848558245434,KGE
subsequent_2016_2020,hysets_02011460,5,1,Knoben_Class_All,189,1096,0.20551319610643604,0.1825109373405268,0.04692265114381405,KGE
subsequent_2016_2020,hysets_02013000,3,1,Knoben_Class_All,210,1096,0.18495765052804802,0.09413249519957034,0.05895701481931407,KGE
subsequent_2016_2020,hysets_02014000,2,1,Knoben_Class_All,221,1096,0.24995187748573044,0.19692446617872916,0.08330481196895215,KGE
subsequent_2016_2020,hysets_02015700,2,1,Knoben_Class_All,221,1096,0.21445332789443994,0.1443810224437072,0.04809431761906714,KGE
subsequent_2016_2020,hysets_02016000,5,1,Knoben_Class_All,225,1096,0.26410796499253275,0.20595652812590182,0.06468731159267285,KGE
subsequent_2016_2020,hysets_02017500,5,1,Knoben_Class_All,225,1096,0.26732713193728164,0.20742141045678364,0.0967010147370201,KGE
subsequent_2016_2020,hysets_02018000,3,1,Knoben_Class_All,210,1096,0.23934313513525463,0.16438148137239528,0.08370929576751522,KGE
subsequent_2016_2020,hysets_02020500,4,1,Knoben_Class_All,211,1096,0.17852570373180643,0.05246108792310111,0.06062494450004433,KGE
subsequent_2016_2020,hysets_02021500,3,1,Knoben_Class_All,210,1096,0.22935314500355763,0.12350349513906,0.06255843348306203,KGE
subsequent_2016_2020,hysets_02027000,4,0,Knoben_Class_All,211,1096,0.021618836658742313,-0.12421954018217396,0.057614275067407274,KGE
subsequent_2016_2020,hysets_02028500,4,0,Knoben_Class_All,211,1096,0.055956259909015094,-0.06978206686654276,0.0775416303241077,KGE
subsequent_2016_2020,hysets_02030000,4,1,Knoben_Class_All,211,1096,0.1439840877153893,0.07789551477227674,0.06449961320604418,KGE
subsequent_2016_2020,hysets_02041000,4,1,Knoben_Class_All,211,1096,0.04141142029726652,-0.06355656505590179,0.03752404006945631,KGE
subsequent_2016_2020,hysets_02046000,4,1,Knoben_Class_All,211,1096,0.011421664541107823,0.13445906677852903,0.06846650992480843,KGE
subsequent_2016_2020,hysets_02212600,4,1,Knoben_Class_All,211,1096,0.060671108227207005,-0.0639075833370335,0.05765466506295986,KGE
subsequent_2016_2020,hysets_02325000,1,1,Knoben_Class_All,217,1096,-1.171659786236014,0.065703672259662,0.22498111831567674,KGE
subsequent_2016_2020,hysets_02326000,3,1,Knoben_Class_All,210,1096,-0.7869170353116661,0.045511025284846185,0.22204526925352674,KGE
subsequent_2016_2020,hysets_02327100,1,1,Knoben_Class_All,217,1096,-0.05995683208179603,-0.19803115350099088,0.1342353138666689,KGE
subsequent_2016_2020,hysets_02331600,1,1,Knoben_Class_All,217,1096,-0.05598990737391407,0.02101537596402081,0.06444454799759285,KGE
subsequent_2016_2020,hysets_02373000,5,1,Knoben_Class_All,225,1079,0.08907475216733551,-0.02456535122203718,0.09622204037568968,KGE
subsequent_2016_2020,hysets_02374500,3,1,Knoben_Class_All,210,1096,0.043133316442038216,0.04776143479091166,0.04496873539133883,KGE
subsequent_2016_2020,hysets_02380500,2,1,Knoben_Class_All,221,1096,0.022776244934798684,0.1868233925125401,0.09623522658626185,KGE
subsequent_2016_2020,hysets_02401390,4,1,Knoben_Class_All,211,1095,0.1472642370174002,-0.0003565888022685204,0.08694511711976828,KGE
subsequent_2016_2020,hysets_02450250,3,1,Knoben_Class_All,210,1096,0.12927630467262885,-0.024368700647839026,0.07846831372837146,KGE
subsequent_2016_2020,hysets_02469800,5,1,Knoben_Class_All,225,1096,0.11834376782289058,-0.047753256087228024,0.07634307854969698,KGE
subsequent_2016_2020,hysets_02479155,1,1,Knoben_Class_All,217,1095,0.04416695494175271,-0.17669589022117438,0.07199917724181006,KGE
subsequent_2016_2020,hysets_02479300,1,0,Knoben_Class_All,217,1096,-0.06183179630442481,-0.10535009288938713,0.09663236322065873,KGE
subsequent_2016_2020,hysets_02479560,3,1,Knoben_Class_All,210,1096,-0.012828762484328182,-0.17779826326228498,0.06235178299798136,KGE
subsequent_2016_2020,hysets_02AB017,5,1,Knoben_Class_All,189,731,0.15571884099727695,0.23923267465278875,0.13888060330124397,KGE
subsequent_2016_2020,hysets_02AC001,3,1,Knoben_Class_All,188,731,0.0081285095337853,0.3310245076627133,0.1864151587788702,KGE
subsequent_2016_2020,hysets_02AD010,2,1,Knoben_Class_All,181,1096,-0.24191688520747556,0.10331857579691939,0.15357415658009782,KGE
subsequent_2016_2020,hysets_02BA003,2,1,Knoben_Class_All,181,731,-0.057825418787016636,0.29294628846154047,0.1366540199775431,KGE
subsequent_2016_2020,hysets_02BF001,4,1,Knoben_Class_All,193,731,0.20625725980210263,0.2479896674231682,0.10975910310465202,KGE
subsequent_2016_2020,hysets_02BF002,1,1,Knoben_Class_All,193,731,0.22024378350572726,0.27604272708120625,0.11011891869013023,KGE
subsequent_2016_2020,hysets_02CB003,2,1,Knoben_Class_All,181,731,0.26025745620873286,0.551731659709312,0.11277752720515792,KGE
subsequent_2016_2020,hysets_02CD006,2,1,Knoben_Class_All,181,731,0.2862569213065449,0.5048839251826975,0.15794651087474157,KGE
subsequent_2016_2020,hysets_02DD015,1,1,Knoben_Class_All,193,731,0.2658564236895954,0.2368485633079589,0.1371469805523853,KGE
subsequent_2016_2020,hysets_02HL003,5,1,Knoben_Class_All,189,1096,0.3932362328692933,0.367348325175601,0.08725784969905653,KGE
subsequent_2016_2020,hysets_02HL004,5,1,Knoben_Class_All,189,1096,0.4241985958858693,0.4721187501925769,0.10512040400638785,KGE
subsequent_2016_2020,hysets_02JC008,1,1,Knoben_Class_All,193,731,0.3410208085439531,0.4796237927627699,0.12202313470436725,KGE
subsequent_2016_2020,hysets_02YC001,1,1,Knoben_Class_All,169,731,0.18723032020433483,0.20983798973837942,0.16471543090217886,KGE
subsequent_2016_2020,hysets_02YD002,1,1,Knoben_Class_All,193,731,0.0004642788232371853,-0.04412789215667279,0.15711322913281067,KGE
subsequent_2016_2020,hysets_02YJ001,4,1,Knoben_Class_All,166,731,0.16922303366827818,0.224007211692286,0.13558829375752718,KGE
subsequent_2016_2020,hysets_02YK002,3,1,Knoben_Class_All,174,731,0.19245818165333795,0.24153668821772867,0.1414570434454541,KGE
subsequent_2016_2020,hysets_02YK005,1,1,Knoben_Class_All,169,731,0.36420885738867226,0.434800275099961,0.1553141190824076,KGE
subsequent_2016_2020,hysets_02YN002,5,1,Knoben_Class_All,93,731,-0.1074587261971851,-0.17606448030482502,0.16427977183815506,KGE
subsequent_2016_2020,hysets_02YO006,5,1,Knoben_Class_All,189,1096,0.11934263530583589,0.025371473146886814,0.0807039917434042,KGE
subsequent_2016_2020,hysets_02YO008,2,1,Knoben_Class_All,181,1096,0.07654008141895507,-0.040661924982007935,0.07502053285285247,KGE
subsequent_2016_2020,hysets_02YR001,1,1,Knoben_Class_All,193,1096,0.08286156687813906,0.20973587630566926,0.15467387762563176,KGE
subsequent_2016_2020,hysets_02YR003,4,1,Knoben_Class_All,193,1096,0.16541090922302226,0.2429779416695964,0.1584265999932481,KGE
subsequent_2016_2020,hysets_02ZB001,1,1,Knoben_Class_All,169,731,-0.05436757980341955,-0.19168338188823264,0.08265055310220513,KGE
subsequent_2016_2020,hysets_02ZC002,3,1,Knoben_Class_All,92,731,-0.10362053082206968,-0.3368384446507533,0.11431982183124018,KGE
subsequent_2016_2020,hysets_02ZF001,3,1,Knoben_Class_All,174,1096,-0.11308811374598315,0.12195290238331502,0.15081972985055872,KGE
subsequent_2016_2020,hysets_02ZG001,5,1,Knoben_Class_All,189,731,-0.35783098355899434,-0.1217585617922956,0.17245999804077305,KGE
subsequent_2016_2020,hysets_02ZG003,3,1,Knoben_Class_All,188,692,-0.16209435687732499,-0.22841356047277883,0.1314151630433344,KGE
subsequent_2016_2020,hysets_02ZH001,3,1,Knoben_Class_All,174,731,-0.11624766537403675,-0.0019050663251247713,0.11717638457792447,KGE
subsequent_2016_2020,hysets_02ZK001,2,1,Knoben_Class_All,181,731,-0.23143693676913535,-0.2147018588392029,0.1481756439122071,KGE
subsequent_2016_2020,hysets_02ZK004,2,1,Knoben_Class_All,181,731,-0.27755194297663377,-0.3387765504858984,0.17069214983395553,KGE
subsequent_2016_2020,hysets_03010500,2,0,Knoben_Class_All,181,1096,0.24026045348655056,0.2724277317144448,0.09996984969392855,KGE
subsequent_2016_2020,hysets_03010655,1,1,Knoben_Class_All,193,1096,0.20102219462423243,0.2266008917523108,0.07458494706367151,KGE
subsequent_2016_2020,hysets_03021350,3,0,Knoben_Class_All,188,1096,0.046419432640083746,-0.07329439812175065,0.08767209887921625,KGE
subsequent_2016_2020,hysets_03028000,1,1,Knoben_Class_All,193,1096,0.154872453713625,0.15976716058277096,0.06661051026407865,KGE
subsequent_2016_2020,hysets_03065000,1,1,Knoben_Class_All,193,1096,0.03386268204046583,-0.010527585977064158,0.09039041971319037,KGE
subsequent_2016_2020,hysets_03070500,1,1,Knoben_Class_All,193,1096,0.0358580054798604,0.006263082487318994,0.09666781654924811,KGE
subsequent_2016_2020,hysets_03072000,1,1,Knoben_Class_All,217,1096,0.10550146009335215,0.0050034321142014004,0.09415941732157965,KGE
subsequent_2016_2020,hysets_03110000,4,1,Knoben_Class_All,211,1096,0.13882121289679006,0.08603090358228904,0.06160162424982329,KGE
subsequent_2016_2020,hysets_03151400,5,1,Knoben_Class_All,225,1096,0.04326960829264914,-0.050104773843757444,0.07724618506548725,KGE
subsequent_2016_2020,hysets_03159540,3,1,Knoben_Class_All,210,1096,0.14840310858300887,0.043679193376395586,0.08241286937102059,KGE
subsequent_2016_2020,hysets_03180500,4,1,Knoben_Class_All,193,1096,0.12152934160737239,0.068183836347526,0.07395029616310392,KGE
subsequent_2016_2020,hysets_03182500,3,1,Knoben_Class_All,188,1096,0.1850170461192383,0.14900728173999622,0.06700951289230005,KGE
subsequent_2016_2020,hysets_03186500,3,1,Knoben_Class_All,188,1096,-0.021805251195603725,-0.107899433800964,0.06093357407701242,KGE
subsequent_2016_2020,hysets_03187500,2,1,Knoben_Class_All,181,1096,-0.029668492180255912,-0.06587678489245952,0.07708359495570882,KGE
subsequent_2016_2020,hysets_03189100,2,1,Knoben_Class_All,181,929,0.04349155936816207,-0.043777809305795,0.06424836094104217,KGE
subsequent_2016_2020,hysets_03194700,3,1,Knoben_Class_All,188,1096,0.01419795135660018,-0.014684326256086289,0.09512079936622907,KGE
subsequent_2016_2020,hysets_03198500,5,0,Knoben_Class_All,225,1096,0.1641260329507499,0.12490573568697094,0.08973521287965715,KGE
subsequent_2016_2020,hysets_03202400,5,1,Knoben_Class_All,225,1096,0.21916054546753017,0.16487680628503398,0.05431590629061289,KGE
subsequent_2016_2020,hysets_03202750,2,1,Knoben_Class_All,221,1096,0.1390687046540271,0.04697550950427276,0.08787650398223695,KGE
subsequent_2016_2020,hysets_03207800,1,1,Knoben_Class_All,217,1096,0.24047589169172046,0.17195529231598983,0.048650296397726125,KGE
subsequent_2016_2020,hysets_03208500,2,1,Knoben_Class_All,221,1096,0.17989752963072336,0.12719519339087515,0.049269183683921296,KGE
subsequent_2016_2020,hysets_03210000,2,1,Knoben_Class_All,221,1096,0.14707006985588422,0.08542018516926053,0.07970782880050155,KGE
subsequent_2016_2020,hysets_03217000,3,1,Knoben_Class_All,210,1096,0.15966415301386228,0.0730978974918054,0.06874596755211428,KGE
subsequent_2016_2020,hysets_03280700,2,1,Knoben_Class_All,221,1096,0.1250150675452384,0.0049593859992306255,0.05268185547215713,KGE
subsequent_2016_2020,hysets_03460000,4,1,Knoben_Class_All,211,1096,-0.06268942961242652,0.03651496213234895,0.08230691836356654,KGE
subsequent_2016_2020,hysets_03497300,4,1,Knoben_Class_All,211,1094,-0.06732554808411617,-0.04694757431143448,0.07998224068071548,KGE
subsequent_2016_2020,hysets_03512000,3,1,Knoben_Class_All,210,1096,-0.18858115680458365,0.010138911574162468,0.08506025897048285,KGE
subsequent_2016_2020,hysets_03574500,4,1,Knoben_Class_All,211,1096,0.09817030238908586,-0.06104792479807819,0.08882666756804802,KGE
subsequent_2016_2020,hysets_04015330,4,1,Knoben_Class_All,211,1096,-0.11338020891240319,-0.22019650569719218,0.09669355567519611,KGE
subsequent_2016_2020,hysets_04024430,2,1,Knoben_Class_All,181,1096,-0.15274925062642875,-0.15698853562379833,0.06020542960506122,KGE
subsequent_2016_2020,hysets_04025500,2,1,Knoben_Class_All,181,1096,-1.768667720389809,0.0250185969688016,0.14359343722139006,KGE
subsequent_2016_2020,hysets_04057510,2,1,Knoben_Class_All,181,1096,-0.4619839321804995,0.3154242358575715,0.19812866027751533,KGE
subsequent_2016_2020,hysets_04063700,5,1,Knoben_Class_All,189,1096,-0.1103769239532486,0.3698844971700723,0.1775346173401972,KGE
subsequent_2016_2020,hysets_04256000,4,1,Knoben_Class_All,193,1096,0.16210876790136264,0.14758850795227052,0.1060904139367636,KGE
subsequent_2016_2020,hysets_04262500,1,1,Knoben_Class_All,193,1096,0.13799048504579492,0.14197100120096473,0.11168176260764595,KGE
subsequent_2016_2020,hysets_04269000,4,1,Knoben_Class_All,193,1096,0.37255304587333904,0.41084425060281404,0.10769121770826504,KGE
subsequent_2016_2020,hysets_04287000,4,0,Knoben_Class_All,193,1096,0.29451320567916184,0.22704909466741996,0.07369245810971559,KGE
subsequent_2016_2020,hysets_04296000,5,1,Knoben_Class_All,189,1096,0.4719158219611106,0.41812576258380707,0.1020174453855961,KGE
subsequent_2016_2020,hysets_05AA008,2,1,Knoben_Class_All,181,1096,-0.10882924337815969,0.2042414123176075,0.1828262320821154,KGE
subsequent_2016_2020,hysets_05BG006,2,0,Knoben_Class_All,181,1096,-5.99356832809886,-1.5333427110150963,0.1680555874118371,KGE
subsequent_2016_2020,hysets_05DA009,1,0,Knoben_Class_All,90,366,0.32483238016218974,0.40630502251870904,0.2306197081744323,KGE
subsequent_2016_2020,hysets_05DC006,1,1,Knoben_Class_All,193,1096,-2.3372240768990777,-0.44123238823540256,0.24746487735404443,KGE
subsequent_2016_2020,hysets_05QE008,5,1,Knoben_Class_All,189,366,-13.77830850750259,-1.5386397665997307,0.9902241268898136,KGE
subsequent_2016_2020,hysets_05QE009,3,1,Knoben_Class_All,188,731,-8.221079558005721,-0.9759840861779798,0.5353611840864053,KGE
subsequent_2016_2020,hysets_05QE012,4,1,Knoben_Class_All,193,731,-10.72023695446759,-1.1595268358116662,0.8429093839129939,KGE
subsequent_2016_2020,hysets_05TG002,4,1,Knoben_Class_All,193,731,-1.1723848400355013,-0.5465644320603205,0.2602105549858218,KGE
subsequent_2016_2020,hysets_05UF004,2,1,Knoben_Class_All,181,731,-0.10387027281299432,-0.029596804183757097,0.20923276751742492,KGE
subsequent_2016_2020,hysets_06019500,5,1,Knoben_Class_All,189,1096,-27.11579260675531,-3.3319015704998938,0.8472571091739066,KGE
subsequent_2016_2020,hysets_06191000,2,1,Knoben_Class_All,181,1096,-0.26503703719329796,0.19883777410975134,0.21246158337115556,KGE
subsequent_2016_2020,hysets_06200000,1,1,Knoben_Class_All,193,1096,-0.0979016740207781,-0.01905302288427624,0.179184203002724,KGE
subsequent_2016_2020,hysets_06224000,3,1,Knoben_Class_All,188,1096,-0.10451851119612421,-0.20081950925176684,0.14515649685894735,KGE
subsequent_2016_2020,hysets_06289000,1,1,Knoben_Class_All,193,1096,-1.5183655902481847,-0.20930542299324806,0.18105810978641465,KGE
subsequent_2016_2020,hysets_06309200,4,1,Knoben_Class_All,193,1096,-0.525404029493467,-0.7802025697931092,0.13873692098534882,KGE
subsequent_2016_2020,hysets_06332515,2,1,Knoben_Class_All,68,1096,-378.14361282687133,-41.6092422791793,1.291252156676103,KGE
subsequent_2016_2020,hysets_06339100,1,0,Knoben_Class_All,62,1096,-71.2732705978537,-19.260668426922006,0.5833077126844984,KGE
subsequent_2016_2020,hysets_06344600,1,0,Knoben_Class_All,62,1096,-83.96624031580849,-26.91878319614345,0.472785722908954,KGE
subsequent_2016_2020,hysets_06400875,3,1,Knoben_Class_All,210,1096,-129.3888725237448,-85.48002592821913,0.4459812921306156,KGE
subsequent_2016_2020,hysets_06404000,3,1,Knoben_Class_All,210,1096,-10.68407589461779,-5.09346160292625,0.1750164612485979,KGE
subsequent_2016_2020,hysets_06406000,4,1,Knoben_Class_All,211,1096,-115.53060078534001,-9.515776899353668,0.5994630615205023,KGE
subsequent_2016_2020,hysets_06409000,1,1,Knoben_Class_All,193,1096,-1425.9572331417319,-21.109975331011007,4.632913988913271,KGE
subsequent_2016_2020,hysets_06422500,2,1,Knoben_Class_All,221,1096,-86.55269384023823,-7.738950734548357,0.7659594196083608,KGE
subsequent_2016_2020,hysets_06623800,5,1,Knoben_Class_All,189,1096,0.07088882657687845,0.03535195330920837,0.14957507916270318,KGE
subsequent_2016_2020,hysets_06712000,1,1,Knoben_Class_All,217,1096,-664.0419079363901,-26.0253281463139,2.756004015478331,KGE
subsequent_2016_2020,hysets_06719505,3,1,Knoben_Class_All,188,1096,-5.2009914162055875,-1.7477306063750468,0.3826425066124271,KGE
subsequent_2016_2020,hysets_06876700,2,1,Knoben_Class_All,221,1096,-2.189997331233964,-1.8677354471381284,0.18483851907747176,KGE
subsequent_2016_2020,hysets_06FD002,4,1,Knoben_Class_All,93,731,-1.2738139252162517,-1.85604884344687,0.14517126660158478,KGE
subsequent_2016_2020,hysets_07060710,1,1,Knoben_Class_All,217,1095,-0.06176992265410486,-0.07642975187295464,0.05523205843472311,KGE
subsequent_2016_2020,hysets_07124200,2,1,Knoben_Class_All,181,1096,-59.11337889707831,-9.768955296289347,0.5438472620321843,KGE
subsequent_2016_2020,hysets_07203000,3,1,Knoben_Class_All,188,1096,-406.69147462026456,-28.57970943051848,1.3692448583044972,KGE
subsequent_2016_2020,hysets_07207500,3,1,Knoben_Class_All,188,1096,-134.62533599324698,-26.09001775895684,0.7464224862197777,KGE
subsequent_2016_2020,hysets_07208500,5,1,Knoben_Class_All,189,1091,-45.70150654057776,-7.305791418468701,0.6159465407013123,KGE
subsequent_2016_2020,hysets_07291000,1,1,Knoben_Class_All,217,1093,0.06472464484327378,-0.1462852418607239,0.055687623003812955,KGE
subsequent_2016_2020,hysets_07299670,1,1,Knoben_Class_All,217,1096,-10.480688683256837,-9.408880894921285,0.17473752442345422,KGE
subsequent_2016_2020,hysets_07315200,3,1,Knoben_Class_All,210,1096,-0.18721861263461803,-1.3905766854155694,0.06568590006096064,KGE
subsequent_2016_2020,hysets_07335700,1,1,Knoben_Class_All,217,1096,0.08302886346275506,-0.10080397921287942,0.05991722236691903,KGE
subsequent_2016_2020,hysets_07337900,3,1,Knoben_Class_All,210,1096,0.0782880668247593,-0.10191787732124835,0.055787292429846216,KGE
subsequent_2016_2020,hysets_07340300,4,1,Knoben_Class_All,211,1096,0.051470708070751825,-0.18709422686888244,0.06997900891741247,KGE
subsequent_2016_2020,hysets_07352000,5,1,Knoben_Class_All,225,1096,0.09921758272502834,-0.054663904595906976,0.03971982409506319,KGE
subsequent_2016_2020,hysets_07361500,3,1,Knoben_Class_All,210,1089,0.06834177592424506,-0.13788290963859517,0.05584480261202179,KGE
subsequent_2016_2020,hysets_07362100,3,1,Knoben_Class_All,210,1096,0.2112298589741951,0.10476390480142295,0.0559940781638817,KGE
subsequent_2016_2020,hysets_07373000,1,1,Knoben_Class_All,217,1096,0.11851542643767532,-0.023126229153774602,0.06496675661663477,KGE
subsequent_2016_2020,hysets_07376000,1,1,Knoben_Class_All,217,1096,0.01669263343727878,-0.24720614618730985,0.048040194028330145,KGE
subsequent_2016_2020,hysets_07377000,3,0,Knoben_Class_All,210,1096,0.03040306782007729,-0.21118476304374245,0.047276370962689274,KGE
subsequent_2016_2020,hysets_07BJ001,5,1,Knoben_Class_All,189,366,-0.4172343589314995,-0.24664409021242117,0.20120775395165066,KGE
subsequent_2016_2020,hysets_07MA003,4,1,Knoben_Class_All,193,731,-37.256799989973715,-2.9623977247875253,0.9295883446131179,KGE
subsequent_2016_2020,hysets_07SB013,5,0,Knoben_Class_All,169,366,-1073650.7299703169,-3522.0731447590815,261.3953289101186,KGE
subsequent_2016_2020,hysets_08013000,3,1,Knoben_Class_All,210,1096,0.06197066278147911,-0.15981500918833258,0.06586501920339105,KGE
subsequent_2016_2020,hysets_08013500,4,1,Knoben_Class_All,211,1096,0.0499292533117176,-0.13854660994673984,0.08348251043075422,KGE
subsequent_2016_2020,hysets_08014500,1,1,Knoben_Class_All,217,1096,0.0946385126334548,-0.04456422254115178,0.07263564465204327,KGE
subsequent_2016_2020,hysets_08025500,4,1,Knoben_Class_All,211,1094,0.052108254519367736,-0.1869221611536378,0.04000681004856208,KGE
subsequent_2016_2020,hysets_08029500,5,1,Knoben_Class_All,225,1096,0.042418224189738285,-0.20808440849332488,0.03558993026035041,KGE
subsequent_2016_2020,hysets_08065800,1,1,Knoben_Class_All,62,1096,-0.10526392978858157,-0.1637033259356877,0.07361729706936113,KGE
subsequent_2016_2020,hysets_08066200,2,1,Knoben_Class_All,221,1096,0.06504343513083666,-0.13252365148438527,0.060088789141490066,KGE
subsequent_2016_2020,hysets_08068720,1,1,Knoben_Class_All,62,1096,-0.18036984323755556,-0.254713689636638,0.054418347356666286,KGE
subsequent_2016_2020,hysets_08070000,4,1,Knoben_Class_All,211,1095,0.019114684918779434,-0.2826306797796492,0.037064778850359914,KGE
subsequent_2016_2020,hysets_08082700,4,1,Knoben_Class_All,211,1096,-0.44366548220341406,-2.35739413695881,0.08967620866779127,KGE
subsequent_2016_2020,hysets_08084800,3,1,Knoben_Class_All,210,1096,-1.4385078233157822,-3.0143568456206573,0.15373364559220273,KGE
subsequent_2016_2020,hysets_08086212,5,1,Knoben_Class_All,225,1096,-0.566550355424734,-2.3962813284988616,0.06346406822691578,KGE
subsequent_2016_2020,hysets_08150800,3,1,Knoben_Class_All,210,1096,-0.1302132213350935,-4.038767199914271,0.03239933465009063,KGE
subsequent_2016_2020,hysets_08164300,2,1,Knoben_Class_All,68,1096,-0.16513655885143708,-0.906625651041481,0.040344462094117434,KGE
subsequent_2016_2020,hysets_08165300,1,1,Knoben_Class_All,217,1096,-0.3846182864905523,-2.7751479249635858,0.03806630903639239,KGE
subsequent_2016_2020,hysets_08165500,3,1,Knoben_Class_All,210,1096,-0.49037664711159445,-2.1257351055467955,0.03837181288898427,KGE
subsequent_2016_2020,hysets_08171000,5,1,Knoben_Class_All,225,1096,-5.060932778666867,-1.4131298743786216,0.15352664513855624,KGE
subsequent_2016_2020,hysets_08175000,5,1,Knoben_Class_All,225,1096,-0.25025634574138067,-1.8670408081954153,0.0486810488560125,KGE
subsequent_2016_2020,hysets_08176900,1,0,Knoben_Class_All,217,1096,-2.5268308423646553,-7.323959584641235,0.1083928836783659,KGE
subsequent_2016_2020,hysets_08178880,4,1,Knoben_Class_All,211,1096,-0.6987001103722299,-0.6172599768541298,0.05728566697805573,KGE
subsequent_2016_2020,hysets_08189500,2,0,Knoben_Class_All,221,1095,-1.6256250592967012,-3.5714991859130594,0.10135388047724228,KGE
subsequent_2016_2020,hysets_08194200,5,1,Knoben_Class_All,225,884,-2.716905797138081,-11.91854134704911,0.07932444467759271,KGE
subsequent_2016_2020,hysets_08195000,2,1,Knoben_Class_All,221,1096,-0.7047158772712032,-0.7048803660101086,0.06668121679352974,KGE
subsequent_2016_2020,hysets_08198000,5,1,Knoben_Class_All,225,1096,-1.1865172138071078,-1.0894349792670202,0.11668855431564483,KGE
subsequent_2016_2020,hysets_08198500,1,1,Knoben_Class_All,217,1096,-4.0628553339588365,-5.336007870948506,0.16688188232701423,KGE
subsequent_2016_2020,hysets_08201500,1,0,Knoben_Class_All,217,1096,-0.6948074828103323,-0.7392222132346098,0.06237904573253959,KGE
subsequent_2016_2020,hysets_08202700,3,0,Knoben_Class_All,210,1096,-28.031525308827185,-65.8226032441647,0.18806109485867953,KGE
subsequent_2016_2020,hysets_08247500,2,1,Knoben_Class_All,181,1096,-11.02071770460939,-6.938496478631039,0.45719984056357726,KGE
subsequent_2016_2020,hysets_08269000,3,1,Knoben_Class_All,188,1096,-9.466752828954213,-3.161375705004441,0.4211498613904036,KGE
subsequent_2016_2020,hysets_08279000,2,1,Knoben_Class_All,181,1096,-49.703746294345486,-7.274635296300403,1.078710319725682,KGE
subsequent_2016_2020,hysets_08284100,1,1,Knoben_Class_All,193,1096,-0.11764644148578074,-0.34417935396767296,0.15473982238889436,KGE
subsequent_2016_2020,hysets_08289000,3,1,Knoben_Class_All,188,1004,-43.80758718161296,-11.47103388975082,0.7956008320431377,KGE
subsequent_2016_2020,hysets_08291000,2,1,Knoben_Class_All,181,1085,-30.988373358598956,-4.003018953471839,1.0097869557282708,KGE
subsequent_2016_2020,hysets_08324000,4,1,Knoben_Class_All,211,1096,-87.65269553071839,-9.457090759605652,1.6871368754892562,KGE
subsequent_2016_2020,hysets_08334000,4,1,Knoben_Class_All,193,1096,-1691.6279003914308,-91.56135440760468,4.079408314780265,KGE
subsequent_2016_2020,hysets_08378500,5,1,Knoben_Class_All,189,1096,-10.051260733762161,-2.1152334608624814,0.6000989648181742,KGE
subsequent_2016_2020,hysets_08401200,4,1,Knoben_Class_All,211,1096,-6851.6161138092075,-1641.638380422678,2.624440270912108,KGE
subsequent_2016_2020,hysets_08401900,5,1,Knoben_Class_All,225,1096,-293.48437338764234,-281.3427743130607,0.6444065092458363,KGE
subsequent_2016_2020,hysets_08405150,5,1,Knoben_Class_All,225,1096,-1236.970379927749,-712.0605505483298,1.0731538031655543,KGE
subsequent_2016_2020,hysets_08405500,3,1,Knoben_Class_All,210,1096,-2468.6695899289766,-44.702112912643955,1.7591037627966777,KGE
subsequent_2016_2020,hysets_08AA008,1,1,Knoben_Class_All,90,731,-74.1746220318366,-6.669121970368273,1.949181096988697,KGE
subsequent_2016_2020,hysets_08AA009,4,1,Knoben_Class_All,166,731,-64.9661268775737,-8.097326331020511,1.4154051490885833,KGE
subsequent_2016_2020,hysets_08AC001,2,1,Knoben_Class_All,80,731,-5.741673979237711,-1.437815989048096,0.353177758034154,KGE
subsequent_2016_2020,hysets_08EB004,5,1,Knoben_Class_All,169,731,0.14359932971225264,0.34210905073095965,0.13208874759276895,KGE
subsequent_2016_2020,hysets_08ED001,4,1,Knoben_Class_All,166,1096,0.1563306480265726,0.1557661978030681,0.08830231093780419,KGE
subsequent_2016_2020,hysets_08ED002,2,0,Knoben_Class_All,182,1096,-0.02102035549206538,0.08588467621789786,0.2238706380657077,KGE
subsequent_2016_2020,hysets_08EE008,2,1,Knoben_Class_All,182,656,-0.31201621150712744,-0.06538347493936358,0.1583929955783263,KGE
subsequent_2016_2020,hysets_08EE013,4,1,Knoben_Class_All,166,365,-0.9879084526536768,-1.098180867325051,0.24273385700658487,KGE
subsequent_2016_2020,hysets_08EE020,3,1,Knoben_Class_All,174,731,0.10447401978191773,0.11165108203097507,0.0982961553725712,KGE
subsequent_2016_2020,hysets_08EG012,5,1,Knoben_Class_All,93,731,-0.19611567446684663,-0.18191896156912613,0.09454892840020088,KGE
subsequent_2016_2020,hysets_08FE003,2,1,Knoben_Class_All,80,731,-0.05668231900936127,-0.10603419383785573,0.05798857650475771,KGE
subsequent_2016_2020,hysets_08FF001,3,1,Knoben_Class_All,92,731,-0.10061733103209902,-0.06084799101701854,0.07594124977806144,KGE
subsequent_2016_2020,hysets_08FF002,3,1,Knoben_Class_All,92,366,-0.016858052922927413,-0.021214784884873827,0.08820500468037075,KGE
subsequent_2016_2020,hysets_08FF003,4,1,Knoben_Class_All,93,731,-0.20623665642898525,-0.23987174203932748,0.09265038956198694,KGE
subsequent_2016_2020,hysets_08GA071,2,1,Knoben_Class_All,80,731,-0.2555373457561261,-0.09124573566234462,0.11099056602685765,KGE
subsequent_2016_2020,hysets_08GA072,5,0,Knoben_Class_All,169,366,-0.728736551273583,-0.028793600435173428,0.23547189209558278,KGE
subsequent_2016_2020,hysets_08HA001,5,1,Knoben_Class_All,75,1096,0.4645432091406415,0.33575565021219134,0.07317395236090157,KGE
subsequent_2016_2020,hysets_08HA010,1,1,Knoben_Class_All,80,1096,0.28564414237592817,0.1148379073919803,0.09032205920211485,KGE
subsequent_2016_2020,hysets_08HB014,2,1,Knoben_Class_All,80,1096,0.06671887984323888,-0.09826679580496234,0.11177831405821984,KGE
subsequent_2016_2020,hysets_08HB074,5,1,Knoben_Class_All,169,1096,-0.2496082625515994,-0.18867299323493314,0.10078095743876166,KGE
subsequent_2016_2020,hysets_08HD011,2,1,Knoben_Class_All,182,731,0.04239468980032268,-0.07282041030489439,0.09820067024686455,KGE
subsequent_2016_2020,hysets_08HD015,4,1,Knoben_Class_All,166,731,0.04297111576471002,-0.09080264555544448,0.10136005522020528,KGE
subsequent_2016_2020,hysets_08HF004,3,1,Knoben_Class_All,174,731,-0.016655777287910567,-0.2156334837014544,0.06422395439489247,KGE
subsequent_2016_2020,hysets_08JD006,4,1,Knoben_Class_All,166,1096,0.22692215740724553,0.12066320009388543,0.0973383029099078,KGE
subsequent_2016_2020,hysets_08KA007,5,1,Knoben_Class_All,169,366,0.1821340240412308,0.29419039410212344,0.18639393706289098,KGE
subsequent_2016_2020,hysets_08KH010,1,1,Knoben_Class_All,169,366,0.4746742374122277,0.4900329134563126,0.14714234184701744,KGE
subsequent_2016_2020,hysets_08KH019,5,1,Knoben_Class_All,189,1096,-1.3042557303770153,-0.6325260375249617,0.23764372114961815,KGE
subsequent_2016_2020,hysets_08LB038,2,1,Knoben_Class_All,182,366,0.1612727964260573,0.13049886137887023,0.20375703895380629,KGE
subsequent_2016_2020,hysets_08LB069,3,1,Knoben_Class_All,174,366,0.41105493894346035,0.33285597846519677,0.1594543648692779,KGE
subsequent_2016_2020,hysets_08LB076,3,1,Knoben_Class_All,174,366,0.423310781819197,0.3356014777720733,0.14077734853932491,KGE
subsequent_2016_2020,hysets_08LE024,5,0,Knoben_Class_All,169,731,0.3513069158007244,0.2584785314471826,0.1439340681507137,KGE
subsequent_2016_2020,hysets_08LE027,3,0,Knoben_Class_All,174,731,0.2962858632429055,0.22050024254683853,0.14742727395367194,KGE
subsequent_2016_2020,hysets_08LG048,5,0,Knoben_Class_All,169,366,0.48711626446324574,0.3806504810587439,0.11564284799179582,KGE
subsequent_2016_2020,hysets_08MA003,4,1,Knoben_Class_All,166,366,-0.21914847450340735,-0.0077683827641565895,0.3580687778414915,KGE
subsequent_2016_2020,hysets_08ME023,1,0,Knoben_Class_All,90,1096,-0.17748970544963738,-0.21120384219302335,0.28930631922833355,KGE
subsequent_2016_2020,hysets_08ME025,4,1,Knoben_Class_All,166,1096,-10.68126828216214,-1.7202719340446118,0.5701618186971124,KGE
subsequent_2016_2020,hysets_08MH016,5,1,Knoben_Class_All,169,731,-0.18484392862382837,0.12659167284227224,0.16525550886857013,KGE
subsequent_2016_2020,hysets_08MH056,3,1,Knoben_Class_All,174,731,-0.017068388889615482,0.041559508224902064,0.09283484810541535,KGE
subsequent_2016_2020,hysets_08MH103,2,1,Knoben_Class_All,182,731,0.06913581417756898,0.24208358171807254,0.12227572900683635,KGE
subsequent_2016_2020,hysets_08MH147,4,1,Knoben_Class_All,166,366,-0.7207091360789875,-0.24704557595855037,0.1494630194773594,KGE
subsequent_2016_2020,hysets_08NA006,5,1,Knoben_Class_All,169,731,0.22260505978836842,0.33199759470126755,0.15143310440700414,KGE
subsequent_2016_2020,hysets_08NB012,3,1,Knoben_Class_All,174,731,0.1978926319539549,0.2654367671081722,0.140747909953075,KGE
subsequent_2016_2020,hysets_08NB014,5,1,Knoben_Class_All,93,731,0.36295872627466763,0.27992935673083696,0.15420628688766086,KGE
subsequent_2016_2020,hysets_08ND012,4,1,Knoben_Class_All,166,1096,0.16956120684021592,0.1626713173106351,0.17086101456025185,KGE
subsequent_2016_2020,hysets_08ND013,4,1,Knoben_Class_All,166,731,0.19056616957237726,0.1540220844663408,0.14066430361056867,KGE
subsequent_2016_2020,hysets_08NE039,3,1,Knoben_Class_All,174,731,0.3867993210017254,0.3278920663851159,0.09566554638135122,KGE
subsequent_2016_2020,hysets_08NE074,4,1,Knoben_Class_All,166,1096,0.41230000647049325,0.3317187793679237,0.11449233463345457,KGE
subsequent_2016_2020,hysets_08NF001,5,1,Knoben_Class_All,169,731,-0.9036489891452424,-0.6452226817972415,0.23541089784202215,KGE
subsequent_2016_2020,hysets_08NG076,3,1,Knoben_Class_All,174,731,-0.5694899261731698,-0.45505769424331133,0.17071565391555826,KGE
subsequent_2016_2020,hysets_08NG077,2,1,Knoben_Class_All,182,731,0.360485968347651,0.23796809777891148,0.12992395305624313,KGE
subsequent_2016_2020,hysets_08NH005,1,1,Knoben_Class_All,169,731,0.4708341428024976,0.37496181023033015,0.12715349671785686,KGE
subsequent_2016_2020,hysets_08NH006,4,1,Knoben_Class_All,166,731,-0.038113076351414366,-0.19437897080637145,0.16231768894244922,KGE
subsequent_2016_2020,hysets_08NH120,1,1,Knoben_Class_All,169,366,0.3419165291633218,0.2528720106707688,0.1796803067439297,KGE
subsequent_2016_2020,hysets_08NH130,3,1,Knoben_Class_All,174,665,0.16808989690923426,0.09871979804593567,0.1654497497533818,KGE
subsequent_2016_2020,hysets_08NJ160,5,1,Knoben_Class_All,169,731,0.47311268555420527,0.3535463752304234,0.10787010996691966,KGE
subsequent_2016_2020,hysets_08NK016,4,1,Knoben_Class_All,166,731,-1.3189461716702442,-0.48329883745896707,0.25647277018417985,KGE
subsequent_2016_2020,hysets_08NK018,2,1,Knoben_Class_All,182,731,-1.7533966719581064,-0.6742943887595654,0.2859431600330094,KGE
subsequent_2016_2020,hysets_08NK022,4,1,Knoben_Class_All,166,731,-0.5330044065664303,-0.20366697640768838,0.22228239093249622,KGE
subsequent_2016_2020,hysets_08NL004,1,1,Knoben_Class_All,169,731,-2.9531460510436642,-1.9953488862472408,0.26313035219890807,KGE
subsequent_2016_2020,hysets_08NL024,5,1,Knoben_Class_All,169,366,-0.5993241295278575,-0.539378815688432,0.20475602245294303,KGE
subsequent_2016_2020,hysets_08NL050,5,1,Knoben_Class_All,169,366,-4.062460190103674,-2.173076238198164,0.32847923397094114,KGE
subsequent_2016_2020,hysets_08NL071,4,1,Knoben_Class_All,166,366,0.3936955188979252,0.2927062867923239,0.12291374454191605,KGE
subsequent_2016_2020,hysets_08NN019,3,1,Knoben_Class_All,174,366,-1.0492019094087301,-1.003467615451275,0.24348670696648236,KGE
subsequent_2016_2020,hysets_08OA002,2,1,Knoben_Class_All,68,731,-0.5344768238176383,-0.2018016107670102,0.12134109332256242,KGE
subsequent_2016_2020,hysets_09059500,4,1,Knoben_Class_All,193,1096,-0.2546887777110245,-0.15030415100288597,0.19295673982809308,KGE
subsequent_2016_2020,hysets_09165000,3,1,Knoben_Class_All,188,1096,-0.050565420439482534,0.035513067934520914,0.17392412146308625,KGE
subsequent_2016_2020,hysets_09196500,1,1,Knoben_Class_All,169,1096,0.17360425365735643,0.09658279597704755,0.14983085250728836,KGE
subsequent_2016_2020,hysets_09223000,3,1,Knoben_Class_All,188,1096,0.02473640229058638,0.05006618342130631,0.1665939447943951,KGE
subsequent_2016_2020,hysets_09253000,5,1,Knoben_Class_All,189,1096,-0.04393040831156525,-0.0656823328111098,0.18566038974668012,KGE
subsequent_2016_2020,hysets_09255000,2,1,Knoben_Class_All,181,1050,-1.3764150156461987,-1.0819860599414088,0.1924807902891684,KGE
subsequent_2016_2020,hysets_09266500,2,1,Knoben_Class_All,181,1096,-0.27786899541160204,-0.031305999123419914,0.18450953611476956,KGE
subsequent_2016_2020,hysets_09289500,1,1,Knoben_Class_All,193,1096,0.04845760688941825,0.04606603559849165,0.15607129960638794,KGE
subsequent_2016_2020,hysets_09292500,5,1,Knoben_Class_All,189,1096,-0.37797263058454256,0.043078235809639986,0.17931978364677492,KGE
subsequent_2016_2020,hysets_09299500,1,1,Knoben_Class_All,193,1096,-0.5272221478533397,-0.014679062484585614,0.16897525041163683,KGE
subsequent_2016_2020,hysets_09304200,2,1,Knoben_Class_All,181,1096,-2.6472266952958825,-0.42473415876710585,0.3496343842081191,KGE
subsequent_2016_2020,hysets_09304500,1,1,Knoben_Class_All,193,1096,-3.576064683004537,-0.6059802536085359,0.3826118382850946,KGE
subsequent_2016_2020,hysets_09306222,4,1,Knoben_Class_All,193,1096,-9487.85603660545,-85.61155272697049,18.5933653659127,KGE
subsequent_2016_2020,hysets_09310500,3,1,Knoben_Class_All,188,1096,-0.38976805714071694,-0.774057588739999,0.1513929678447075,KGE
subsequent_2016_2020,hysets_09312600,4,1,Knoben_Class_All,193,1096,-6.084690525752553,-4.522522737745149,0.3539200894478131,KGE
subsequent_2016_2020,hysets_09337000,3,1,Knoben_Class_All,188,1096,-2068.2720758449823,-35.32401228705598,3.7350245452151043,KGE
subsequent_2016_2020,hysets_09342500,5,1,Knoben_Class_All,189,1096,0.15892567673750413,0.261651681536084,0.18442243756069893,KGE
subsequent_2016_2020,hysets_09352900,3,1,Knoben_Class_All,188,1096,0.04255901333522749,0.09572347749490895,0.1492318353209499,KGE
subsequent_2016_2020,hysets_09386900,1,1,Knoben_Class_All,217,1096,-610.598129785876,-82.58691352533873,1.5765339217496992,KGE
subsequent_2016_2020,hysets_09403600,3,1,Knoben_Class_All,188,1096,-399.8916873670922,-29.906785782045528,1.798782316282824,KGE
subsequent_2016_2020,hysets_09404450,5,1,Knoben_Class_All,189,1095,-91.9686562285813,-7.195225439663833,0.8239303275014678,KGE
subsequent_2016_2020,hysets_09405500,4,1,Knoben_Class_All,193,1096,-36.84529765154189,-4.777506396824548,0.7956127726746047,KGE
subsequent_2016_2020,hysets_09430600,5,0,Knoben_Class_All,225,1096,-0.35852388114914935,-1.0796572100493784,0.04306715413181878,KGE
subsequent_2016_2020,hysets_09442680,3,1,Knoben_Class_All,210,885,-348.0959565630641,-29.679379035239588,1.8219428531896475,KGE
subsequent_2016_2020,hysets_09447000,5,1,Knoben_Class_All,225,1096,-572.5006657111331,-19.805065658994266,1.5259483388209583,KGE
subsequent_2016_2020,hysets_09447800,5,1,Knoben_Class_All,225,1096,-1724.4052326427977,-89.7798241401918,2.5809785307497557,KGE
subsequent_2016_2020,hysets_09473000,3,1,Knoben_Class_All,210,1096,-148.6327774543735,-32.0652200604414,0.606535365772675,KGE
subsequent_2016_2020,hysets_09494000,5,1,Knoben_Class_All,225,1096,-39.39917916462784,-5.765306195241225,0.8176405754173848,KGE
subsequent_2016_2020,hysets_09496500,2,1,Knoben_Class_All,221,1096,-237.69495377242484,-36.45365203955593,0.9843711965165826,KGE
subsequent_2016_2020,hysets_09497800,2,1,Knoben_Class_All,221,1096,-105.68119997937328,-12.508917543237704,0.7813764697404458,KGE
subsequent_2016_2020,hysets_09497980,4,1,Knoben_Class_All,211,1096,-5.003564378286063,-6.070506636911983,0.14473717708115524,KGE
subsequent_2016_2020,hysets_09499000,2,0,Knoben_Class_All,221,1096,-3.800977267907733,-6.170412965724985,0.1009763138115281,KGE
subsequent_2016_2020,hysets_09504420,2,1,Knoben_Class_All,221,1096,-2.709997824567949,-1.8476225056780615,0.13000973703374039,KGE
subsequent_2016_2020,hysets_09505800,1,1,Knoben_Class_All,217,1096,-7.8987599296211854,-4.774718467306197,0.18305567955692767,KGE
subsequent_2016_2020,hysets_09510200,1,1,Knoben_Class_All,217,1096,-8.377450787148316,-17.152049152586155,0.11023509473174149,KGE
subsequent_2016_2020,hysets_09512280,5,1,Knoben_Class_All,65,1096,-89.86703531537533,-61.03574872669337,0.39580064191532427,KGE
subsequent_2016_2020,hysets_09513780,3,1,Knoben_Class_All,210,1096,-3.8226507436768387,-11.562737698061431,0.09495930753686437,KGE
subsequent_2016_2020,hysets_09AA012,5,1,Knoben_Class_All,93,731,-8.739658559739198,-2.0664484278536746,0.33390535640750413,KGE
subsequent_2016_2020,hysets_09AA013,2,1,Knoben_Class_All,80,366,-4.255273620493002,-0.633331902729263,0.694883691671918,KGE
subsequent_2016_2020,hysets_09AH003,1,1,Knoben_Class_All,90,731,-38.147262276851215,-6.43030524712794,0.6580580856402164,KGE
subsequent_2016_2020,hysets_09CA004,1,1,Knoben_Class_All,90,731,-3.9589324979009746,-1.4357964439715651,0.3931467656880651,KGE
subsequent_2016_2020,hysets_09EA004,2,1,Knoben_Class_All,80,366,-0.7257724555905709,-0.0768459087541693,0.29221052838356915,KGE
subsequent_2016_2020,hysets_10011500,2,1,Knoben_Class_All,181,1096,0.06462505870662705,0.1294342130196907,0.16440171099832399,KGE
subsequent_2016_2020,hysets_10032000,3,1,Knoben_Class_All,188,1096,0.05361058069018898,0.25296062351965987,0.16325685325349348,KGE
subsequent_2016_2020,hysets_10113500,4,1,Knoben_Class_All,193,1096,-8.090071901425931,-1.315652199319718,0.3982314860227148,KGE
subsequent_2016_2020,hysets_10173450,2,1,Knoben_Class_All,181,1096,-3.614065809787621,-1.810947039323124,0.35522656902886374,KGE
subsequent_2016_2020,hysets_10174500,1,1,Knoben_Class_All,193,1096,-29.868005075404614,-3.830103132158822,0.9249694702908687,KGE
subsequent_2016_2020,hysets_10194200,5,1,Knoben_Class_All,189,1096,-53.56821206266144,-6.595290459597322,1.2769522509569577,KGE
subsequent_2016_2020,hysets_10234500,2,1,Knoben_Class_All,181,1096,-7.161751908965371,-1.707045172233936,0.4169209141876814,KGE
subsequent_2016_2020,hysets_10258500,4,1,Knoben_Class_All,211,1096,-32.00336419699309,-32.309114696158524,0.30269425821156554,KGE
subsequent_2016_2020,hysets_10296000,3,1,Knoben_Class_All,174,1096,0.3798731517398496,0.3207693522044436,0.127156714697184,KGE
subsequent_2016_2020,hysets_10296500,5,1,Knoben_Class_All,169,1096,0.34209391821088253,0.24606726867002482,0.12079338595586571,KGE
subsequent_2016_2020,hysets_10329500,4,1,Knoben_Class_All,166,1096,-26.668097887760407,-8.680430724667088,0.31557278988524207,KGE
subsequent_2016_2020,hysets_10396000,4,1,Knoben_Class_All,166,1096,-21.185412800097055,-3.8994350736788403,0.6244132938864428,KGE
subsequent_2016_2020,hysets_10AC005,3,1,Knoben_Class_All,92,1096,-0.577695612016786,-0.08000582709235671,0.23339899132710085,KGE
subsequent_2016_2020,hysets_10BE007,3,1,Knoben_Class_All,92,731,-12.88998885967141,-1.5277542002984257,0.7313965983567832,KGE
subsequent_2016_2020,hysets_10BE009,3,1,Knoben_Class_All,174,366,-997.3287509136885,-14.457181336807158,8.254661061237057,KGE
subsequent_2016_2020,hysets_10ED003,5,1,Knoben_Class_All,189,731,-3.689122698757318,-2.784845654534094,0.29578511323903545,KGE
subsequent_2016_2020,hysets_10GC003,3,1,Knoben_Class_All,174,731,-7.405280010568703,-5.7016571445299675,0.29684561493861794,KGE
subsequent_2016_2020,hysets_10LC003,3,1,Knoben_Class_All,174,397,-8.856565846135,-5.270891044366893,0.3777749034547364,KGE
subsequent_2016_2020,hysets_10LC007,2,1,Knoben_Class_All,182,712,-17.97216230892086,-5.25256152925335,0.39641109024080895,KGE
subsequent_2016_2020,hysets_11012500,4,1,Knoben_Class_All,211,1096,-420.60043274141526,-214.97087655449255,0.6893650870699299,KGE
subsequent_2016_2020,hysets_11015000,2,1,Knoben_Class_All,221,1096,-3.406332120218032,-7.533881307200316,0.09630622811735157,KGE
subsequent_2016_2020,hysets_11042400,1,1,Knoben_Class_All,217,1096,-120.26395190595022,-53.8455075790624,0.6713455368016731,KGE
subsequent_2016_2020,hysets_11123000,2,1,Knoben_Class_All,221,1096,-1.5852643549911694,-8.615171216119338,0.07149211520206832,KGE
subsequent_2016_2020,hysets_11123500,4,1,Knoben_Class_All,211,1096,-0.8187037100556185,-7.146156221820261,0.061461573830996444,KGE
subsequent_2016_2020,hysets_11124500,1,1,Knoben_Class_All,217,1096,-2.0897595206146757,-5.053472177750545,0.07122563375528204,KGE
subsequent_2016_2020,hysets_11132500,4,1,Knoben_Class_All,211,1096,-0.46675116837130814,-7.817152776254742,0.03831036179500015,KGE
subsequent_2016_2020,hysets_11140000,1,1,Knoben_Class_All,217,1096,-8.937333121054799,-16.695551983040694,0.14743731309383518,KGE
subsequent_2016_2020,hysets_11143000,5,1,Knoben_Class_All,225,1096,-0.04762462260354994,-0.34157495183220354,0.1024466625930478,KGE
subsequent_2016_2020,hysets_11143200,3,1,Knoben_Class_All,210,1096,-0.014512419241094365,-0.09615348127409917,0.07233348076026101,KGE
subsequent_2016_2020,hysets_11143250,5,1,Knoben_Class_All,225,1096,-0.16252207647993488,-0.30063084656855454,0.07064653184266476,KGE
subsequent_2016_2020,hysets_11148900,3,1,Knoben_Class_All,210,1096,0.03725984279532912,-0.1607860955257021,0.08443896607801513,KGE
subsequent_2016_2020,hysets_11149900,1,1,Knoben_Class_All,217,1096,-0.08135897490259625,-0.39071652835172443,0.08705378345322555,KGE
subsequent_2016_2020,hysets_11151300,2,1,Knoben_Class_All,68,1096,-165.68996228191324,-50.08340398766593,0.6773240195719185,KGE
subsequent_2016_2020,hysets_11152000,3,1,Knoben_Class_All,210,1096,0.014637532871078274,-0.07724731020548492,0.07903395321516962,KGE
subsequent_2016_2020,hysets_11202000,5,1,Knoben_Class_All,189,1004,0.07410094480831164,-0.024096397948648596,0.06240340009427337,KGE
subsequent_2016_2020,hysets_11202001,3,1,Knoben_Class_All,188,1004,0.07899915845445382,-0.017556655307252367,0.06155587543646391,KGE
subsequent_2016_2020,hysets_11224500,5,1,Knoben_Class_All,65,1096,-175.6521348627962,-44.95920512651957,0.7547202039695524,KGE
subsequent_2016_2020,hysets_11230500,4,1,Knoben_Class_All,166,1004,0.3257201660248359,0.2892487872654672,0.12267211213918984,KGE
subsequent_2016_2020,hysets_11253310,4,1,Knoben_Class_All,211,1096,-100.04230881024283,-37.776209013858015,0.563251679368955,KGE
subsequent_2016_2020,hysets_11264500,2,1,Knoben_Class_All,182,1096,0.37628641165685994,0.2737357357656265,0.10799671019232907,KGE
subsequent_2016_2020,hysets_11266500,5,1,Knoben_Class_All,169,1096,0.36769303022951527,0.2579889253303971,0.11787789822124622,KGE
subsequent_2016_2020,hysets_11314500,4,1,Knoben_Class_All,166,1004,0.2889203671889279,0.22037565629573463,0.16197607215982113,KGE
subsequent_2016_2020,hysets_11317000,3,1,Knoben_Class_All,70,1004,0.5196085539613946,0.522911973555868,0.06588518169610715,KGE
subsequent_2016_2020,hysets_11318500,4,1,Knoben_Class_All,71,1004,0.616045782407846,0.5339440387496225,0.04909402586534706,KGE
subsequent_2016_2020,hysets_11367500,4,1,Knoben_Class_All,166,1004,-0.8738593369985479,0.23688804879862035,0.10038212481254269,KGE
subsequent_2016_2020,hysets_11374000,4,1,Knoben_Class_All,71,1096,0.637478974132318,0.5119324699165179,0.07031213908137537,KGE
subsequent_2016_2020,hysets_11376550,4,1,Knoben_Class_All,71,1096,0.1910760154140908,0.40040058491270825,0.09677790913702582,KGE
subsequent_2016_2020,hysets_11379500,1,1,Knoben_Class_All,62,1096,0.7160436059904068,0.33213415736100715,0.04913214888697232,KGE
subsequent_2016_2020,hysets_11381500,3,1,Knoben_Class_All,70,1096,0.5180278883521997,0.30579808773589545,0.05889795236604093,KGE
subsequent_2016_2020,hysets_11383500,1,1,Knoben_Class_All,62,1096,0.8176891560585358,0.6311362819164794,0.03757669087265699,KGE
subsequent_2016_2020,hysets_11402000,1,1,Knoben_Class_All,169,1096,-0.026888127298144937,-0.13153625870075958,0.07495241976157913,KGE
subsequent_2016_2020,hysets_11413000,3,1,Knoben_Class_All,174,1096,0.028654106283958147,-0.09001559996215325,0.0981575666945272,KGE
subsequent_2016_2020,hysets_11413300,4,1,Knoben_Class_All,166,1004,-0.023635817848590923,-0.33035549688631893,0.0952302902740202,KGE
subsequent_2016_2020,hysets_11428800,5,1,Knoben_Class_All,169,1004,0.07347121543364987,-0.288365848437133,0.054327577847250744,KGE
subsequent_2016_2020,hysets_11433300,5,1,Knoben_Class_All,65,1004,0.42655227416850283,0.21994842502312217,0.060732415241136,KGE
subsequent_2016_2020,hysets_11451100,4,0,Knoben_Class_All,71,1096,0.5807733837846846,0.36853557964562034,0.05515640515048834,KGE
subsequent_2016_2020,hysets_11461000,1,0,Knoben_Class_All,62,1096,0.6517429595169741,0.5196317590587458,0.04767664537689521,KGE
subsequent_2016_2020,hysets_11468500,5,0,Knoben_Class_All,65,1096,0.6826943897599895,0.4745525403911228,0.053704626746053766,KGE
subsequent_2016_2020,hysets_11470500,1,1,Knoben_Class_All,62,1004,0.5830128775838734,0.3393904677860107,0.06249885673592444,KGE
subsequent_2016_2020,hysets_11473900,3,1,Knoben_Class_All,70,1095,0.6599772819737644,0.39235040902962126,0.056517236346884867,KGE
subsequent_2016_2020,hysets_11478500,4,1,Knoben_Class_All,81,1096,0.2618723423505923,0.24098168872124504,0.09083236600897823,KGE
subsequent_2016_2020,hysets_11480390,3,1,Knoben_Class_All,70,1096,0.4864960495780062,0.19027907417569045,0.07123793498130361,KGE
subsequent_2016_2020,hysets_11480410,1,1,Knoben_Class_All,62,1003,0.4734036047365138,0.1695228585798575,0.07898574042335632,KGE
subsequent_2016_2020,hysets_11481200,4,1,Knoben_Class_All,71,1096,0.3481888612702867,0.1768141511768898,0.07872823043237519,KGE
subsequent_2016_2020,hysets_11482500,4,1,Knoben_Class_All,81,1096,0.35316110125159117,0.43947288487434744,0.11217793110792944,KGE
subsequent_2016_2020,hysets_11521500,5,1,Knoben_Class_All,75,1096,0.494924198883276,0.5397392679254376,0.059320667494313355,KGE
subsequent_2016_2020,hysets_11522500,3,1,Knoben_Class_All,80,1096,0.24669324249964308,0.4643345952215199,0.08432550747594986,KGE
subsequent_2016_2020,hysets_11523200,5,1,Knoben_Class_All,169,1096,0.14390816946606066,0.057323567339150006,0.070894136650088,KGE
subsequent_2016_2020,hysets_11528700,2,1,Knoben_Class_All,68,1096,0.8150130878935863,0.5956087732653216,0.04399184629791874,KGE
subsequent_2016_2020,hysets_11532500,3,1,Knoben_Class_All,80,1096,0.3229186322362172,0.20068729800020446,0.1041754607379217,KGE
subsequent_2016_2020,hysets_12025700,2,1,Knoben_Class_All,80,1096,0.6309493192298128,0.4948898824440975,0.06792175250004802,KGE
subsequent_2016_2020,hysets_12035000,3,1,Knoben_Class_All,80,1096,0.37937423905875556,0.22043477607008777,0.06646848441211564,KGE
subsequent_2016_2020,hysets_12039500,2,1,Knoben_Class_All,80,1096,-0.03190756256969984,0.021596730913153173,0.10646131453238598,KGE
subsequent_2016_2020,hysets_12040500,5,1,Knoben_Class_All,75,1096,0.15875250307454802,0.0489465005635078,0.11350923958448657,KGE
subsequent_2016_2020,hysets_12041200,1,1,Knoben_Class_All,80,1096,0.04863798390878771,0.0981749728604806,0.10406309241723999,KGE
subsequent_2016_2020,hysets_12043000,3,1,Knoben_Class_All,80,1096,0.27541935947718865,0.09958179037170334,0.11134233920946895,KGE
subsequent_2016_2020,hysets_12048000,5,1,Knoben_Class_All,169,1096,0.46561799217436073,0.5218692784985797,0.08130353865815247,KGE
subsequent_2016_2020,hysets_12054000,1,1,Knoben_Class_All,169,1096,-0.2635582291788967,-0.13286997233430164,0.14650041685292853,KGE
subsequent_2016_2020,hysets_12056500,5,1,Knoben_Class_All,75,1096,0.06938331216126392,0.008855322916178299,0.09907347822996414,KGE
subsequent_2016_2020,hysets_12082500,2,0,Knoben_Class_All,182,1096,-0.45918457485323017,0.0382015445214835,0.10137462716342124,KGE
subsequent_2016_2020,hysets_12092000,5,0,Knoben_Class_All,169,1096,-0.5515690099903352,-0.02549718641320986,0.13089171051654297,KGE
subsequent_2016_2020,hysets_12115000,1,1,Knoben_Class_All,169,1096,-0.13504161223912647,-0.0529804883466356,0.10983583708557534,KGE
subsequent_2016_2020,hysets_12134500,5,1,Knoben_Class_All,169,1096,-0.24614840486685874,-0.12485910876053907,0.10618660287273567,KGE
subsequent_2016_2020,hysets_12141300,5,1,Knoben_Class_All,169,1096,-0.27083689357419205,-0.17474942753051614,0.1379786600556937,KGE
subsequent_2016_2020,hysets_12142000,2,1,Knoben_Class_All,182,1096,-0.23343096858489498,-0.20011728156738817,0.13992069661087345,KGE
subsequent_2016_2020,hysets_12186000,1,1,Knoben_Class_All,169,1096,-0.3278335532229555,-0.07549653680986035,0.10244305408570886,KGE
subsequent_2016_2020,hysets_12189500,1,1,Knoben_Class_All,169,1096,-0.22737791848344124,0.016671529384552963,0.08441941652621782,KGE
subsequent_2016_2020,hysets_12205000,4,1,Knoben_Class_All,166,1096,-0.6704538089213734,-0.03796387791213318,0.11013840388607406,KGE
subsequent_2016_2020,hysets_12324590,1,1,Knoben_Class_All,193,1096,-2.984885946533877,-1.3101204187391131,0.24901532089752912,KGE
subsequent_2016_2020,hysets_12330000,3,1,Knoben_Class_All,188,1096,-0.7394890099707765,-0.28971498967521514,0.08470899284749728,KGE
subsequent_2016_2020,hysets_12332000,4,1,Knoben_Class_All,193,1096,0.004978389476304468,0.13944391163573144,0.17322766183802005,KGE
subsequent_2016_2020,hysets_12370000,5,1,Knoben_Class_All,169,1096,0.38996924234990027,0.503599578453876,0.15794314157340195,KGE
subsequent_2016_2020,hysets_12389500,1,1,Knoben_Class_All,169,1096,-6.420962147835423,-1.7944039426749594,0.38634386249842706,KGE
subsequent_2016_2020,hysets_12411000,1,1,Knoben_Class_All,169,1086,0.21254043126562483,0.22804934192542214,0.10819142872320776,KGE
subsequent_2016_2020,hysets_12414900,1,1,Knoben_Class_All,169,1096,-0.15087706110686683,0.020807599556415646,0.10579527947282955,KGE
subsequent_2016_2020,hysets_12452800,4,1,Knoben_Class_All,166,1096,0.471153286397922,0.3991555587813175,0.10826059796209563,KGE
subsequent_2016_2020,hysets_12488500,1,1,Knoben_Class_All,169,1096,0.4413763740848875,0.31324760015799114,0.10267100583809287,KGE
subsequent_2016_2020,hysets_13010065,5,1,Knoben_Class_All,169,1096,0.4159472924350106,0.36110146592652037,0.1368504885578613,KGE
subsequent_2016_2020,hysets_13011900,2,1,Knoben_Class_All,182,1096,0.26501007321100767,0.27172157732404323,0.156364328780091,KGE
subsequent_2016_2020,hysets_13023000,1,1,Knoben_Class_All,169,1096,0.4012081095696771,0.45522804159846386,0.17512575972139066,KGE
subsequent_2016_2020,hysets_13186000,5,1,Knoben_Class_All,169,1096,0.3978128772148347,0.25374762627305025,0.10177168717021325,KGE
subsequent_2016_2020,hysets_13235000,2,1,Knoben_Class_All,182,1096,0.5622933630445838,0.4889181916011569,0.11501772173522357,KGE
subsequent_2016_2020,hysets_13297355,3,1,Knoben_Class_All,188,1096,-0.35710493888440986,-0.36349783756560616,0.14088499822995626,KGE
subsequent_2016_2020,hysets_13331500,4,1,Knoben_Class_All,166,1096,0.5315821959963805,0.45640824124904966,0.11747332451235731,KGE
subsequent_2016_2020,hysets_13339500,3,1,Knoben_Class_All,174,1096,-0.1124607917534397,0.08747758459466282,0.09075608572049768,KGE
subsequent_2016_2020,hysets_14013000,2,1,Knoben_Class_All,181,1096,-0.035542622011693004,0.013938093464133217,0.11422765816853271,KGE
subsequent_2016_2020,hysets_14020000,3,1,Knoben_Class_All,174,1096,0.00630468917379301,0.1633649794253983,0.10503226959101929,KGE
subsequent_2016_2020,hysets_14020300,2,1,Knoben_Class_All,182,1096,-0.4877595072597136,-0.28939983377203893,0.14924122118445823,KGE
subsequent_2016_2020,hysets_14038530,3,1,Knoben_Class_All,174,1096,-25.293753901372828,-3.6954193910066486,0.7468121547220113,KGE
subsequent_2016_2020,hysets_14044000,5,1,Knoben_Class_All,169,1046,-9.159853320554364,-3.1293257311707743,0.4287197260847814,KGE
subsequent_2016_2020,hysets_14091500,2,0,Knoben_Class_All,182,1096,-15.629678020240693,-0.3043901201726056,0.6220085084589184,KGE
subsequent_2016_2020,hysets_14096850,2,1,Knoben_Class_All,182,1096,-26.78351346295537,-3.677835578120103,0.5965205682893183,KGE
subsequent_2016_2020,hysets_14097100,1,1,Knoben_Class_All,169,1096,-25.705476998838662,-2.422500828857288,0.7703268336756994,KGE
subsequent_2016_2020,hysets_14154500,4,1,Knoben_Class_All,81,1096,0.04405348082514249,0.2177904599577658,0.09790225739096355,KGE
subsequent_2016_2020,hysets_14158500,1,1,Knoben_Class_All,169,1095,-0.5180347858832064,0.2553088300037786,0.2562914682871263,KGE
subsequent_2016_2020,hysets_14166500,5,1,Knoben_Class_All,75,1096,0.2502420786405116,0.32770426123692953,0.09196906376255319,KGE
subsequent_2016_2020,hysets_14178000,3,1,Knoben_Class_All,174,1096,-0.22056742187181722,0.15360630747784954,0.14943303621380885,KGE
subsequent_2016_2020,hysets_14182500,5,1,Knoben_Class_All,75,1096,0.4289331850220254,0.3201888537580875,0.0740361157795195,KGE
subsequent_2016_2020,hysets_14185000,4,0,Knoben_Class_All,81,1096,0.5851412912926115,0.6122651871668765,0.07790830707515985,KGE
subsequent_2016_2020,hysets_14185900,2,1,Knoben_Class_All,80,1096,0.4157154441757994,0.2673228661724796,0.09009598109194665,KGE
subsequent_2016_2020,hysets_14236200,3,1,Knoben_Class_All,80,1096,0.47074521356257293,0.3534191005141001,0.08926817246490241,KGE
subsequent_2016_2020,hysets_14301000,3,1,Knoben_Class_All,80,1095,0.651812708984579,0.5833153630953567,0.0766236864826197,KGE
subsequent_2016_2020,hysets_14306500,1,1,Knoben_Class_All,80,1096,0.6692803738645208,0.612946087812291,0.06680618037227593,KGE
subsequent_2016_2020,hysets_14308000,5,1,Knoben_Class_All,75,1096,-0.10415913816051181,0.026853424398691206,0.08926350132025977,KGE
subsequent_2016_2020,hysets_14309500,2,1,Knoben_Class_All,80,1096,0.47931862629495936,0.42696811838612536,0.07977697380479855,KGE
subsequent_2016_2020,hysets_14316700,2,1,Knoben_Class_All,80,1096,0.5602296933734675,0.5407354649580034,0.0717998066661439,KGE
subsequent_2016_2020,hysets_14325000,4,0,Knoben_Class_All,81,1096,0.4339242503064382,0.3624529801260217,0.07270682773051128,KGE
subsequent_2016_2020,hysets_14338000,2,1,Knoben_Class_All,80,1096,-0.47533584640210114,-0.5101420862577841,0.12001196063090434,KGE
subsequent_2016_2020,hysets_14377100,4,1,Knoben_Class_All,81,1093,0.4286143762741187,0.4474977580972438,0.09134031053937523,KGE
subsequent_2016_2020,hysets_14400000,3,1,Knoben_Class_All,80,1096,0.20176962570594215,0.06002352004810407,0.10110499547848639,KGE
subsequent_2016_2020,lamah_12425002,3,1,Knoben_Class_All,80,731,-3.486218618916503,-0.5113439320945978,0.2605275748135167,KGE
subsequent_2016_2020,lamah_16000708,2,1,Knoben_Class_All,80,731,0.6481848321767499,0.7996214994645917,0.10952647966226833,KGE
subsequent_2016_2020,lamah_16001303,5,1,Knoben_Class_All,93,731,-11.178406643395933,-1.6609071051740139,0.3081742711918738,KGE
subsequent_2016_2020,lamah_16610709,4,1,Knoben_Class_All,93,731,0.2574955423285661,0.4311854034532405,0.0637380277231122,KGE
subsequent_2016_2020,lamah_17404000,1,1,Knoben_Class_All,90,731,-3.427954746083655,-0.47133290118266147,0.2842522001974499,KGE
subsequent_2016_2020,lamah_18481006,5,1,Knoben_Class_All,75,731,-1.8716621266873243,-0.07943970892422647,0.18123253702677833,KGE
subsequent_2016_2020,lamah_18486000,4,1,Knoben_Class_All,81,731,-1.802827082058604,-0.040862030676269034,0.18823107443761516,KGE
subsequent_2016_2020,lamah_200253,4,1,Knoben_Class_All,93,731,0.06403803014626996,0.11768701384432056,0.11946161874644437,KGE
subsequent_2016_2020,lamah_200261,5,1,Knoben_Class_All,93,731,0.11458123446905943,0.10306210016144013,0.11074868148561487,KGE
subsequent_2016_2020,lamah_200303,2,1,Knoben_Class_All,80,731,0.11104349362843935,0.1758652755952339,0.08061484605741369,KGE
subsequent_2016_2020,lamah_201012,2,0,Knoben_Class_All,80,731,0.3117514912224886,0.25618229889742283,0.11039571274038176,KGE
subsequent_2016_2020,lamah_201087,4,1,Knoben_Class_All,93,731,0.473278322579343,0.40809613420657165,0.10259881520020285,KGE
subsequent_2016_2020,lamah_201095,2,1,Knoben_Class_All,80,731,0.760417766114926,0.7689482263064522,0.08368194632006765,KGE
subsequent_2016_2020,lamah_201160,3,1,Knoben_Class_All,174,731,0.0292447523813969,0.2189984364344716,0.11615393414813106,KGE
subsequent_2016_2020,lamah_201236,3,1,Knoben_Class_All,92,731,0.4071448401988659,0.46447707439757147,0.09584586877924067,KGE
subsequent_2016_2020,lamah_201251,1,1,Knoben_Class_All,90,731,0.6331682209763787,0.5640737289980796,0.09610741047155591,KGE
subsequent_2016_2020,lamah_201335,5,1,Knoben_Class_All,93,731,-0.40771474995695556,-0.020357409282936167,0.16849204156875694,KGE
subsequent_2016_2020,lamah_201392,2,1,Knoben_Class_All,80,731,0.40211775211359513,0.34008936132316736,0.17346550840673458,KGE
subsequent_2016_2020,lamah_201434,2,1,Knoben_Class_All,80,731,0.4529142440015773,0.40566242281838993,0.1635362133811519,KGE
subsequent_2016_2020,lamah_201558,1,1,Knoben_Class_All,169,731,-0.0071684380698384675,0.26841740493451727,0.1872940292076408,KGE
subsequent_2016_2020,lamah_201566,3,1,Knoben_Class_All,92,731,0.5461684310405561,0.5096332713107865,0.07407410608733989,KGE
subsequent_2016_2020,lamah_201574,1,1,Knoben_Class_All,90,731,0.6635100523352988,0.6877799354545859,0.09018286872554793,KGE
subsequent_2016_2020,lamah_201723,5,1,Knoben_Class_All,169,731,-0.09072340693205772,0.16693650190130271,0.20594875885876673,KGE
subsequent_2016_2020,lamah_201848,2,1,Knoben_Class_All,182,731,-0.27542510653561525,0.19470867973542272,0.20415343058355856,KGE
subsequent_2016_2020,lamah_202036,1,1,Knoben_Class_All,90,731,0.5962365136634051,0.6153565703067285,0.10393196226955131,KGE
subsequent_2016_2020,lamah_203026,3,1,Knoben_Class_All,92,731,0.6712470078225459,0.5485189546852351,0.09831081214915723,KGE
subsequent_2016_2020,lamah_203075,5,1,Knoben_Class_All,93,731,0.5532660934759753,0.43528815314231684,0.11185747101781582,KGE
subsequent_2016_2020,lamah_203166,2,1,Knoben_Class_All,80,731,0.6932584602441347,0.7693752798267608,0.08112045744421094,KGE
subsequent_2016_2020,lamah_203224,3,1,Knoben_Class_All,174,731,0.020748880130846414,0.1107837319155206,0.14362732076449966,KGE
subsequent_2016_2020,lamah_203265,2,1,Knoben_Class_All,80,731,0.18633441005394036,0.38429476254469375,0.0878215120789139,KGE
subsequent_2016_2020,lamah_203307,4,1,Knoben_Class_All,93,731,0.18149862850776521,0.22034756148409596,0.09275454043416118,KGE
subsequent_2016_2020,lamah_203463,2,1,Knoben_Class_All,182,731,0.06316395251441564,0.3538961835352711,0.1654204851570264,KGE
subsequent_2016_2020,lamah_203505,1,1,Knoben_Class_All,90,731,0.4037245052106808,0.44312380143095553,0.11703707270723572,KGE
subsequent_2016_2020,lamah_203711,5,1,Knoben_Class_All,169,731,0.05670389528752151,0.3105787651522637,0.14936659152592502,KGE
subsequent_2016_2020,lamah_203752,1,1,Knoben_Class_All,169,731,-0.7369867663374736,0.252667502263728,0.2056572496002877,KGE
subsequent_2016_2020,lamah_203760,2,1,Knoben_Class_All,182,731,-0.11795838627796384,0.2515587149670411,0.16748848828959373,KGE
subsequent_2016_2020,lamah_203786,1,1,Knoben_Class_All,169,731,-0.061421261052715614,0.3454113137973406,0.18058178387087057,KGE
subsequent_2016_2020,lamah_203794,3,1,Knoben_Class_All,174,731,-1.1123904865327732,0.15471603623401575,0.2319442724965814,KGE
subsequent_2016_2020,lamah_203828,3,1,Knoben_Class_All,174,731,-0.37061050748853397,0.3244372938887766,0.16713887236936917,KGE
subsequent_2016_2020,lamah_204875,2,1,Knoben_Class_All,80,731,-1.3191620532849155,-0.05892084098418482,0.15789914952055314,KGE
subsequent_2016_2020,lamah_204925,1,1,Knoben_Class_All,90,731,-6.999854281134109,-0.92761056750655,0.2937385839139825,KGE
subsequent_2016_2020,lamah_205104,3,1,Knoben_Class_All,92,731,-0.0519253291575521,0.15583351450001015,0.1738334091354221,KGE
subsequent_2016_2020,lamah_205179,4,1,Knoben_Class_All,93,731,-0.12713085944286218,0.052970202141721434,0.18154376696294175,KGE
subsequent_2016_2020,lamah_205294,2,1,Knoben_Class_All,80,731,0.10307021914012526,0.19115669935642632,0.08888269999488267,KGE
subsequent_2016_2020,lamah_205500,4,1,Knoben_Class_All,93,731,0.03486350429645557,0.3500164557334754,0.10510595192353903,KGE
subsequent_2016_2020,lamah_205740,5,1,Knoben_Class_All,75,731,-0.38573363074014333,0.15063434908360773,0.11168434526103732,KGE
subsequent_2016_2020,lamah_205799,1,0,Knoben_Class_All,90,731,0.2516665869370439,0.34226716072610797,0.11674275845424825,KGE
subsequent_2016_2020,lamah_205823,5,1,Knoben_Class_All,75,731,-2.712524626533267,-0.21303065934425436,0.1702589664181472,KGE
subsequent_2016_2020,lamah_205831,5,1,Knoben_Class_All,75,731,-1.7131101717650976,-0.11735846738695321,0.1707729762555019,KGE
subsequent_2016_2020,lamah_205864,3,1,Knoben_Class_All,92,731,0.15795617099755477,0.3391095391678761,0.10201444476800167,KGE
subsequent_2016_2020,lamah_205898,3,1,Knoben_Class_All,80,731,-2.1211874239232125,-0.11920012299602778,0.18111924227176945,KGE
subsequent_2016_2020,lamah_206508,4,1,Knoben_Class_All,93,731,-0.03890471180069399,0.16777421953727867,0.13806182306259565,KGE
subsequent_2016_2020,lamah_207613,5,0,Knoben_Class_All,75,731,-46.168857029797735,-4.559534686327713,0.7345649183836044,KGE
subsequent_2016_2020,lamah_207654,2,1,Knoben_Class_All,80,731,-0.8244632729545518,0.15561230873427612,0.16896235814879312,KGE
subsequent_2016_2020,lamah_207738,2,1,Knoben_Class_All,80,731,-0.12634501474459214,0.10656321528826984,0.09957799077857221,KGE
subsequent_2016_2020,lamah_207852,2,1,Knoben_Class_All,80,731,-1.1458361730961242,-0.17090289356426958,0.13418058101164826,KGE
subsequent_2016_2020,lamah_208116,1,1,Knoben_Class_All,80,731,-41.70605458714489,-4.623261617361285,0.590524787249466,KGE
subsequent_2016_2020,lamah_208686,2,1,Knoben_Class_All,80,731,-1.7982463807044375,-0.0772620833972748,0.18706499535856672,KGE
subsequent_2016_2020,lamah_209361,1,1,Knoben_Class_All,90,731,-0.4274407120310617,0.10170496001053231,0.11873693370954139,KGE
subsequent_2016_2020,lamah_209551,1,1,Knoben_Class_All,80,731,-0.8077728049778654,0.10185442709567372,0.14654880679312468,KGE
subsequent_2016_2020,lamah_210526,4,1,Knoben_Class_All,93,731,-0.014514128000246984,0.2727932012650338,0.18892760253932028,KGE
subsequent_2016_2020,lamah_210641,1,1,Knoben_Class_All,169,731,-0.09064456759495099,0.30206771836462054,0.13926935212113944,KGE
subsequent_2016_2020,lamah_210732,2,0,Knoben_Class_All,182,731,-2.503387109444941,-0.47998304835994743,0.15341038836764873,KGE
subsequent_2016_2020,lamah_210773,1,1,Knoben_Class_All,169,731,-0.6106777469356137,0.24746873204930542,0.16897559105427126,KGE
subsequent_2016_2020,lamah_210815,5,1,Knoben_Class_All,169,731,-0.713693216549744,0.12650379016608215,0.13856313971648695,KGE
subsequent_2016_2020,lamah_210856,3,1,Knoben_Class_All,174,731,-0.5262428646162229,0.04756008617760921,0.16446349400830595,KGE
subsequent_2016_2020,lamah_210864,1,1,Knoben_Class_All,80,731,-5.111829877080978,-0.605068661466984,0.23682437693073308,KGE
subsequent_2016_2020,lamah_210898,1,1,Knoben_Class_All,80,731,-4.122874041778468,-0.42355242419904426,0.30147375536534676,KGE
subsequent_2016_2020,lamah_211086,4,1,Knoben_Class_All,166,731,-1.722370033133907,-0.00023614369623503606,0.2310219299427694,KGE
subsequent_2016_2020,lamah_211169,3,1,Knoben_Class_All,188,731,-1.887415985502043,-0.1703984236840741,0.14978071298879825,KGE
subsequent_2016_2020,lamah_211656,1,1,Knoben_Class_All,80,731,-6.823405930503544,-2.829642594604016,0.12977004131865144,KGE
subsequent_2016_2020,lamah_212027,5,1,Knoben_Class_All,169,731,-1.6754062073267946,0.0019993956289114934,0.26999803748397105,KGE
subsequent_2016_2020,lamah_212043,5,0,Knoben_Class_All,93,731,0.3081543566690572,0.2047522278264745,0.12383442253909,KGE
subsequent_2016_2020,lamah_212092,2,1,Knoben_Class_All,80,731,0.4700623141497088,0.3788619688460343,0.12708619314332073,KGE
subsequent_2016_2020,lamah_212100,2,1,Knoben_Class_All,80,731,0.5916635682108023,0.5216916994291417,0.11193591221366805,KGE
subsequent_2016_2020,lamah_212167,1,1,Knoben_Class_All,90,731,0.5810911443867267,0.5328688434584143,0.10777590364437026,KGE
subsequent_2016_2020,lamah_212183,2,1,Knoben_Class_All,80,731,0.4974241691613237,0.41800333599197836,0.11889015941706813,KGE
subsequent_2016_2020,lamah_212316,5,0,Knoben_Class_All,93,731,0.5456701098546402,0.5765093518142301,0.1222444296229465,KGE
subsequent_2016_2020,lamah_212373,2,0,Knoben_Class_All,80,731,-1.0472959774886932,-0.06351900650061104,0.1919063868717358,KGE
subsequent_2016_2020,lamah_212399,5,1,Knoben_Class_All,93,731,-0.2577861859146038,0.3849001125331345,0.11357009244073502,KGE
subsequent_2016_2020,lamah_212431,3,1,Knoben_Class_All,174,731,-2.630979250913829,-0.22433924419223117,0.2137151171066173,KGE
subsequent_2016_2020,lamah_212522,1,0,Knoben_Class_All,169,731,-11.152247326791485,-1.0376454445123993,0.7171331140599788,KGE
subsequent_2016_2020,lamah_212613,2,1,Knoben_Class_All,80,731,-0.9608029934495652,0.18986877727731888,0.255850101124902,KGE
subsequent_2016_2020,lamah_212647,5,1,Knoben_Class_All,93,731,-0.4093171510062543,0.28405807343084,0.15226395761229586,KGE
subsequent_2016_2020,lamah_212670,3,1,Knoben_Class_All,92,731,-0.5726053098428836,0.29552444377968967,0.11357460509095363,KGE
subsequent_2016_2020,lamah_212860,1,1,Knoben_Class_All,193,731,-0.9725899931412889,-0.30939378651299654,0.2145334461039015,KGE
subsequent_2016_2020,lamah_212878,3,1,Knoben_Class_All,188,731,-1.0358942802992974,-0.3041205247895704,0.19898046852563891,KGE
subsequent_2016_2020,lamah_212886,4,1,Knoben_Class_All,193,731,-1.9117518666284798,-0.330004697032239,0.22887322433447577,KGE
subsequent_2016_2020,lamah_212894,5,0,Knoben_Class_All,65,731,-25.198195588422223,-2.8518515872904566,0.683486371116148,KGE
subsequent_2016_2020,lamah_212928,5,1,Knoben_Class_All,189,731,-4.626169077179345,-0.5708102583002261,0.26280693326921434,KGE
subsequent_2016_2020,lamah_213124,2,1,Knoben_Class_All,80,731,-0.4755373256649522,0.3500162479299431,0.1380866176343677,KGE
subsequent_2016_2020,lamah_213181,4,1,Knoben_Class_All,166,731,-6.560946572824305,-0.6395155836404931,0.41240185721398953,KGE
subsequent_2016_2020,lamah_213306,3,1,Knoben_Class_All,92,731,-6.176008278564107,-0.814642019282589,0.41696182750125627,KGE
subsequent_2016_2020,lamah_2150,4,1,Knoben_Class_All,93,731,0.6478606129819049,0.5784752847665087,0.06261458733008232,KGE
subsequent_2016_2020,lamah_2262,1,1,Knoben_Class_All,90,731,0.4244411326646438,0.32810841055446505,0.09642035834331919,KGE
subsequent_2016_2020,lamah_403,2,1,Knoben_Class_All,80,731,0.5315739314835316,0.4902365383743442,0.11377356304313693,KGE
subsequent_2016_2020,camelsbr_57250000,5,1,Continuous_FCM_Class_All,172,1095,-5.142204718026907,-0.6877499762241361,0.200229491694211,KGE
subsequent_2016_2020,camelsbr_58060000,3,1,Continuous_FCM_Class_All,171,1074,-0.21297309759279792,0.07428939381690924,0.06810416251586188,KGE
subsequent_2016_2020,camelsbr_58258000,1,1,Continuous_FCM_Class_All,171,1004,-0.07304279996085605,-0.2690635192128443,0.06901166147627008,KGE
subsequent_2016_2020,camelsbr_58530000,3,1,Continuous_FCM_Class_All,171,1095,-0.054478831315066145,-0.05370367147026256,0.11006429700067479,KGE
subsequent_2016_2020,camelsbr_58535000,3,1,Continuous_FCM_Class_All,171,1035,-0.01272345449059098,-0.03146377261855604,0.12910020450766482,KGE
subsequent_2016_2020,camelsbr_58542000,1,1,Continuous_FCM_Class_All,171,1035,-0.1736438357109551,0.09162495276213989,0.1210467632152951,KGE
subsequent_2016_2020,camelsbr_59370000,2,1,Continuous_FCM_Class_All,171,1040,-0.025503539832218536,0.0851623292968835,0.07598277107687171,KGE
subsequent_2016_2020,camelsbr_70100000,4,1,Continuous_FCM_Class_All,171,1087,-0.0694192500795403,-0.22441171502758084,0.10140392884672561,KGE
subsequent_2016_2020,camelsbr_71300000,1,1,Continuous_FCM_Class_All,171,1081,-0.2498811321385188,-0.1550077222129218,0.174670150782961,KGE
subsequent_2016_2020,camelsbr_73765000,1,1,Continuous_FCM_Class_All,171,1035,-0.04686665149218916,-0.2731216161039507,0.09954574145972798,KGE
subsequent_2016_2020,camelscl_1050002,4,1,Continuous_FCM_Class_All,133,921,-123.7512182684485,-8.929858477456559,2.3275516445650983,KGE
subsequent_2016_2020,camelscl_1201005,3,1,Continuous_FCM_Class_All,133,1370,-57.10921655410853,-4.569069770765527,0.5599334399197503,KGE
subsequent_2016_2020,camelscl_12284002,1,1,Continuous_FCM_Class_All,171,1005,-25.341515244161922,-4.685109812578853,0.6045041885358488,KGE
subsequent_2016_2020,camelscl_12284003,4,1,Continuous_FCM_Class_All,133,1215,-1.129476885582069,-0.37190770100253756,0.14983944265983526,KGE
subsequent_2016_2020,camelscl_12284006,1,1,Continuous_FCM_Class_All,171,1589,-4.330408855570372,-1.3291370539490046,0.17242991925912649,KGE
subsequent_2016_2020,camelscl_12582001,4,1,Continuous_FCM_Class_All,171,1613,-0.83619335830488,-0.23512071310929783,0.09501248897005961,KGE
subsequent_2016_2020,camelscl_12600001,2,1,Continuous_FCM_Class_All,171,1184,-0.3895449021872428,-0.36653889360545744,0.2125071552860731,KGE
subsequent_2016_2020,camelscl_12622001,5,1,Continuous_FCM_Class_All,172,1535,-10.991494619849849,-1.6550346918167995,0.353133152296172,KGE
subsequent_2016_2020,camelscl_12802001,3,1,Continuous_FCM_Class_All,133,1425,-1.2974201947425987,-0.4850926418243473,0.10188760545200723,KGE
subsequent_2016_2020,camelscl_12805001,2,1,Continuous_FCM_Class_All,133,1286,-0.5659795218148536,-0.10903956451170083,0.17500545773026263,KGE
subsequent_2016_2020,camelscl_12806001,5,1,Continuous_FCM_Class_All,133,1427,-0.7874316500980267,-0.04570940497495779,0.15890399452618248,KGE
subsequent_2016_2020,camelscl_4301002,3,1,Continuous_FCM_Class_All,133,1376,-1.823831409092438,-0.10768921500532791,0.3161791717093411,KGE
subsequent_2016_2020,camelscl_4311001,1,1,Continuous_FCM_Class_All,132,1230,-3.283115715818414,-0.15254116793777595,0.4102861873170127,KGE
subsequent_2016_2020,camelscl_4313001,1,1,Continuous_FCM_Class_All,132,1210,-1.4283926566774454,-0.0018121113800937394,0.2544525336063577,KGE
subsequent_2016_2020,camelscl_4314002,4,1,Continuous_FCM_Class_All,133,1429,-2.878833110766488,-0.32987262759245284,0.08730326280182386,KGE
subsequent_2016_2020,camelscl_4501001,4,1,Continuous_FCM_Class_All,133,1181,-12.446679817623819,-1.3567374147214215,0.6728363140090976,KGE
subsequent_2016_2020,camelscl_4503001,1,1,Continuous_FCM_Class_All,132,1427,-0.041455693178687136,-0.467948715206457,0.058299201659436174,KGE
subsequent_2016_2020,camelscl_4511002,1,1,Continuous_FCM_Class_All,132,1484,-1.015191495636509,0.0960837905029871,0.25113569582259127,KGE
subsequent_2016_2020,camelscl_4512001,1,1,Continuous_FCM_Class_All,132,1101,-0.4183888257813535,0.11975163695209434,0.17400104970031058,KGE
subsequent_2016_2020,camelscl_4513001,3,1,Continuous_FCM_Class_All,133,1223,-0.07655324493893101,-0.1764774632902164,0.041151890837164154,KGE
subsequent_2016_2020,camelscl_4514001,2,1,Continuous_FCM_Class_All,133,1230,-0.3912181498164422,-0.28786413728502325,0.10901288289129885,KGE
subsequent_2016_2020,camelscl_4520001,4,1,Continuous_FCM_Class_All,133,1307,-802.8526906239794,-24.48066153857272,2.292669818806804,KGE
subsequent_2016_2020,camelscl_4530001,4,1,Continuous_FCM_Class_All,133,993,-0.9487050796117884,-0.19742882241154436,0.2569769970701916,KGE
subsequent_2016_2020,camelscl_4532001,3,0,Continuous_FCM_Class_All,133,1006,-2.3227142570475343,-0.9899993997412109,0.3288833025258764,KGE
subsequent_2016_2020,camelscl_4703002,1,1,Continuous_FCM_Class_All,132,1613,-0.30719430397184033,0.08231853065583594,0.15266182829785793,KGE
subsequent_2016_2020,camelscl_4721001,3,1,Continuous_FCM_Class_All,133,1097,-4.262782059975708,-0.6674425626321343,0.45447050604286876,KGE
subsequent_2016_2020,camelscl_4723001,5,1,Continuous_FCM_Class_All,133,1250,-0.025964160144716253,-0.42058713475602705,0.07609979918121383,KGE
subsequent_2016_2020,camelscl_5200001,2,1,Continuous_FCM_Class_All,133,1551,-11.622459875927236,-1.927869614514976,0.31408751446157784,KGE
subsequent_2016_2020,camelscl_5401003,2,0,Continuous_FCM_Class_All,237,1562,-1.324230472983738,0.03271382018798674,0.3418107528384668,KGE
subsequent_2016_2020,camelscl_5402001,5,1,Continuous_FCM_Class_All,238,1448,-1.0804997230498317,-0.41796967572627763,0.07425864444437909,KGE
subsequent_2016_2020,camelscl_5406001,1,1,Continuous_FCM_Class_All,132,1016,-2.6563146943352103,-1.6072035669185256,0.3335301772346541,KGE
subsequent_2016_2020,camelscl_5706001,1,1,Continuous_FCM_Class_All,146,1215,-4.788654557864698,-3.351871768434691,0.1320443050863823,KGE
subsequent_2016_2020,camelscl_5707002,1,1,Continuous_FCM_Class_All,132,1597,-1.21465497186691,-0.23948995442350496,0.2558233979391491,KGE
subsequent_2016_2020,camelscl_5722001,4,1,Continuous_FCM_Class_All,133,1484,-1.5224586264546667,0.03508186107179301,0.20737115284841048,KGE
subsequent_2016_2020,camelscl_5722002,1,1,Continuous_FCM_Class_All,132,1561,-0.5466006278125393,0.12536141299312786,0.0590978456334138,KGE
subsequent_2016_2020,camelscl_6013001,5,1,Continuous_FCM_Class_All,147,1246,-1.7188867088555435,-0.03052487713085017,0.22596393176446922,KGE
subsequent_2016_2020,camelscl_7103001,4,1,Continuous_FCM_Class_All,171,1245,-0.26430685229765527,0.002859422880964524,0.08630820657347371,KGE
subsequent_2016_2020,camelscl_7104002,4,1,Continuous_FCM_Class_All,171,1490,-0.3198446681585192,0.13878446229871888,0.08958726697468283,KGE
subsequent_2016_2020,camelscl_7112001,5,1,Continuous_FCM_Class_All,172,1231,-0.2812506834217128,-0.002752625164853306,0.1645768992498044,KGE
subsequent_2016_2020,camelscl_7115001,2,1,Continuous_FCM_Class_All,171,1576,-0.6510633681599634,0.22527620025567607,0.1432732091535248,KGE
subsequent_2016_2020,camelscl_7116001,3,1,Continuous_FCM_Class_All,171,1204,-2.674678168664356,-1.4914495295437558,0.15238730317487306,KGE
subsequent_2016_2020,camelscl_7355002,1,1,Continuous_FCM_Class_All,171,1543,-0.7036638586523671,-0.19683875393675376,0.13831265902909992,KGE
subsequent_2016_2020,camelscl_7374001,5,1,Continuous_FCM_Class_All,147,1019,-0.8194869812180456,-0.5765730603686572,0.10409123276636109,KGE
subsequent_2016_2020,camelscl_8130002,1,1,Continuous_FCM_Class_All,171,1550,-0.17935877490393293,-0.3567095692922151,0.07125966100584562,KGE
subsequent_2016_2020,camelscl_8351001,3,0,Continuous_FCM_Class_All,171,1229,-0.18748380944335175,-0.44908844900010614,0.08606315872765222,KGE
subsequent_2016_2020,hysets_01010070,4,1,Continuous_FCM_Class_All,171,1096,0.10936911275611882,-0.01728942893896135,0.11831605043235553,KGE
subsequent_2016_2020,hysets_01022500,1,1,Continuous_FCM_Class_All,146,1096,0.15819480554795684,0.2610633646116496,0.10909454159684326,KGE
subsequent_2016_2020,hysets_01031500,1,1,Continuous_FCM_Class_All,146,1096,0.14842432427510222,0.16190166378896464,0.10751699367301798,KGE
subsequent_2016_2020,hysets_01038000,3,1,Continuous_FCM_Class_All,146,1096,0.0927710740291755,0.2505878221633724,0.1107256513560799,KGE
subsequent_2016_2020,hysets_01047000,2,1,Continuous_FCM_Class_All,146,1096,0.17252542019489658,0.17584330859947483,0.09547176355404678,KGE
subsequent_2016_2020,hysets_01054200,1,1,Continuous_FCM_Class_All,171,1096,0.10502287106602093,-0.030264355163466483,0.04281336072327055,KGE
subsequent_2016_2020,hysets_01055000,3,1,Continuous_FCM_Class_All,146,1096,0.16952766212249304,0.12379753109415226,0.06919475548370803,KGE
subsequent_2016_2020,hysets_01057000,2,1,Continuous_FCM_Class_All,146,1096,0.14659585879244097,0.19223336118695689,0.10906352972078422,KGE
subsequent_2016_2020,hysets_01064500,3,1,Continuous_FCM_Class_All,171,1096,0.22177134075746463,0.13809860540145746,0.05215064548593473,KGE
subsequent_2016_2020,hysets_01076500,1,1,Continuous_FCM_Class_All,146,1096,0.14872881026039542,0.14805576945798893,0.06964497735264512,KGE
subsequent_2016_2020,hysets_01078000,2,1,Continuous_FCM_Class_All,146,1096,0.10342505071630537,0.21988229945675997,0.0961244820353089,KGE
subsequent_2016_2020,hysets_01096000,1,0,Continuous_FCM_Class_All,146,1096,-0.11610370028705352,0.16074488121492814,0.10528251218960359,KGE
subsequent_2016_2020,hysets_01118000,1,1,Continuous_FCM_Class_All,146,1096,0.10830723506652329,0.40572641973645684,0.13046613576839006,KGE
subsequent_2016_2020,hysets_01134500,1,1,Continuous_FCM_Class_All,146,1096,0.13409909132700426,0.19759832497554808,0.1023207580805273,KGE
subsequent_2016_2020,hysets_01137500,4,1,Continuous_FCM_Class_All,171,1096,0.20406381644709692,0.1337586896524101,0.058121173182086115,KGE
subsequent_2016_2020,hysets_01169000,5,1,Continuous_FCM_Class_All,172,1096,0.1685299830584066,0.11448197794288717,0.058136235578912905,KGE
subsequent_2016_2020,hysets_01174500,5,1,Continuous_FCM_Class_All,147,1096,-0.10470228185600239,0.11543172035042837,0.10241055795872621,KGE
subsequent_2016_2020,hysets_01181000,5,1,Continuous_FCM_Class_All,172,1096,0.12934861050091906,0.028384983960810906,0.04294899103223233,KGE
subsequent_2016_2020,hysets_01439500,5,1,Continuous_FCM_Class_All,172,1096,0.15383109150723417,0.19841489154431557,0.12164633376864352,KGE
subsequent_2016_2020,hysets_01440000,4,1,Continuous_FCM_Class_All,147,1096,-0.08727541808959294,0.11689276789927205,0.08473734027227553,KGE
subsequent_2016_2020,hysets_01447500,1,1,Continuous_FCM_Class_All,146,1096,-0.09898823318455108,0.10424615823208294,0.10388616043605553,KGE
subsequent_2016_2020,hysets_01543000,4,1,Continuous_FCM_Class_All,147,1096,0.11568994736412741,0.22313714336235668,0.11979296857791967,KGE
subsequent_2016_2020,hysets_01543500,2,1,Continuous_FCM_Class_All,146,1096,0.05581795531878253,0.2613303065826217,0.10758593536611841,KGE
subsequent_2016_2020,hysets_01544500,3,1,Continuous_FCM_Class_All,146,1096,-0.007960920978756336,0.24151493073960006,0.10025531136934439,KGE
subsequent_2016_2020,hysets_01545600,5,0,Continuous_FCM_Class_All,147,1096,0.026354474083529533,0.22878615332312413,0.08799436523864274,KGE
subsequent_2016_2020,hysets_01550000,5,1,Continuous_FCM_Class_All,147,1096,-0.027076682296178323,-0.004725121497022311,0.07496280037912034,KGE
subsequent_2016_2020,hysets_01552000,2,0,Continuous_FCM_Class_All,146,1096,-0.06063051601716429,-0.06293351733589203,0.08003889991409809,KGE
subsequent_2016_2020,hysets_01605500,1,1,Continuous_FCM_Class_All,237,1096,0.15256365958683415,0.2710070485133119,0.05214785791944593,KGE
subsequent_2016_2020,hysets_01606500,3,1,Continuous_FCM_Class_All,238,1096,0.13061715729173162,0.1569684889072993,0.05920646545390396,KGE
subsequent_2016_2020,hysets_01611500,5,1,Continuous_FCM_Class_All,238,1096,0.04804415083841318,0.09509476684906504,0.0865685540080927,KGE
subsequent_2016_2020,hysets_01665500,3,0,Continuous_FCM_Class_All,146,1096,-0.12474394067249461,-0.22853098675693273,0.05543068704232337,KGE
subsequent_2016_2020,hysets_01669520,2,1,Continuous_FCM_Class_All,237,1096,-0.14639452426171706,-0.07213092337109028,0.047235464443061474,KGE
subsequent_2016_2020,hysets_01673800,1,1,Continuous_FCM_Class_All,237,1096,-0.05680689330939814,-0.06891779667237241,0.0635917005882454,KGE
subsequent_2016_2020,hysets_01AJ010,2,1,Continuous_FCM_Class_All,146,731,0.06808312630397573,0.07975855707775092,0.12128165962839403,KGE
subsequent_2016_2020,hysets_01AK001,3,1,Continuous_FCM_Class_All,146,731,0.10484113011831941,0.1760626279856441,0.13415771304034588,KGE
subsequent_2016_2020,hysets_01AK007,1,1,Continuous_FCM_Class_All,146,731,0.04988849981473331,0.03561064561430338,0.13225433956094138,KGE
subsequent_2016_2020,hysets_01AL002,2,1,Continuous_FCM_Class_All,146,731,0.13893735827125697,0.09731586344141763,0.1200351110640087,KGE
subsequent_2016_2020,hysets_01AM001,4,1,Continuous_FCM_Class_All,147,731,0.12285523411020749,0.13374376258082776,0.10274691575672287,KGE
subsequent_2016_2020,hysets_01AN002,1,1,Continuous_FCM_Class_All,146,731,-0.07494874217692638,0.02630116921911807,0.14821661339106587,KGE
subsequent_2016_2020,hysets_01AP002,4,1,Continuous_FCM_Class_All,147,731,-0.06855962113133085,-0.07220547506003072,0.1227951079021932,KGE
subsequent_2016_2020,hysets_01AQ001,4,1,Continuous_FCM_Class_All,171,1096,0.22429778063451056,0.13289962719244086,0.06507243595196692,KGE
subsequent_2016_2020,hysets_01BJ003,1,1,Continuous_FCM_Class_All,146,731,0.13001964461556015,0.052396765277989865,0.10807565265490925,KGE
subsequent_2016_2020,hysets_01BL002,3,1,Continuous_FCM_Class_All,146,731,0.06603581320755858,0.12907388381654494,0.12769023756605657,KGE
subsequent_2016_2020,hysets_01BQ001,2,1,Continuous_FCM_Class_All,146,731,0.14247924762632602,0.14736074343052963,0.07487988196378521,KGE
subsequent_2016_2020,hysets_01BS001,3,1,Continuous_FCM_Class_All,146,731,-0.11454640178883202,-0.0981804581354242,0.1053595624496967,KGE
subsequent_2016_2020,hysets_01BU002,1,1,Continuous_FCM_Class_All,146,731,-0.44248161565473487,-0.3057590465552569,0.14289328058557377,KGE
subsequent_2016_2020,hysets_01BV006,1,1,Continuous_FCM_Class_All,171,731,0.14447253527157333,0.03976493387947755,0.07087745931142453,KGE
subsequent_2016_2020,hysets_01DR001,2,1,Continuous_FCM_Class_All,171,1096,0.1535337419545293,0.06978940329794936,0.10155680627705407,KGE
subsequent_2016_2020,hysets_01EC001,5,1,Continuous_FCM_Class_All,172,1096,0.18426857610794511,0.1826554667119229,0.15863970956792586,KGE
subsequent_2016_2020,hysets_01ED007,2,1,Continuous_FCM_Class_All,146,1096,0.06128679763947453,0.2302313173477154,0.16609090169374785,KGE
subsequent_2016_2020,hysets_01EF001,3,1,Continuous_FCM_Class_All,171,1096,0.21569767373278104,0.2164828215499378,0.16780512250763635,KGE
subsequent_2016_2020,hysets_01EO001,5,1,Continuous_FCM_Class_All,147,1096,0.0038260641597004375,-0.0265439930707152,0.10716132859952383,KGE
subsequent_2016_2020,hysets_01FB001,5,1,Continuous_FCM_Class_All,172,1096,0.11521681621965074,0.01715233566273977,0.10170964977788745,KGE
subsequent_2016_2020,hysets_01FB003,4,1,Continuous_FCM_Class_All,171,1096,0.28630876513593306,0.36101547514464327,0.1396848165051547,KGE
subsequent_2016_2020,hysets_02011400,5,1,Continuous_FCM_Class_All,238,1096,0.1563646078691311,0.22957482344026892,0.06505049625574426,KGE
subsequent_2016_2020,hysets_02011460,5,1,Continuous_FCM_Class_All,147,1096,-0.03106267085800063,0.04869436852357001,0.053454187130958654,KGE
subsequent_2016_2020,hysets_02013000,3,1,Continuous_FCM_Class_All,238,1096,0.1036303220457141,0.04145225811389608,0.0618285379014547,KGE
subsequent_2016_2020,hysets_02014000,2,1,Continuous_FCM_Class_All,237,1096,0.18680943934164906,0.1832156816939735,0.0867404535591894,KGE
subsequent_2016_2020,hysets_02015700,2,1,Continuous_FCM_Class_All,237,1096,0.13401515391522834,0.10948774187365651,0.05049669060945078,KGE
subsequent_2016_2020,hysets_02016000,5,1,Continuous_FCM_Class_All,238,1096,0.14101241876107917,0.13249652718785,0.06988846366084274,KGE
subsequent_2016_2020,hysets_02017500,5,1,Continuous_FCM_Class_All,238,1096,0.15216874274809167,0.15071593477063583,0.10402331475092456,KGE
subsequent_2016_2020,hysets_02018000,3,1,Continuous_FCM_Class_All,238,1096,0.1361195776359404,0.1160871885606427,0.08920847386240766,KGE
subsequent_2016_2020,hysets_02020500,4,1,Continuous_FCM_Class_All,238,1096,0.13013533154127,0.029992974054078525,0.062385004420175166,KGE
subsequent_2016_2020,hysets_02021500,3,1,Continuous_FCM_Class_All,238,1096,0.11054335603727539,0.04249489631353942,0.0672079349942434,KGE
subsequent_2016_2020,hysets_02027000,4,0,Continuous_FCM_Class_All,133,1096,-0.20975769008539924,-0.4797957827238519,0.06406565285347311,KGE
subsequent_2016_2020,hysets_02028500,4,0,Continuous_FCM_Class_All,147,1096,-0.04290025797375918,-0.027474201999647674,0.08150049696003404,KGE
subsequent_2016_2020,hysets_02030000,4,1,Continuous_FCM_Class_All,238,1096,0.06895947237526656,0.02623163301649123,0.06726675606345496,KGE
subsequent_2016_2020,hysets_02041000,4,1,Continuous_FCM_Class_All,238,1096,-0.0351885660953597,-0.21577772205154067,0.038994485894548764,KGE
subsequent_2016_2020,hysets_02046000,4,1,Continuous_FCM_Class_All,238,1096,-0.2592477518844374,-0.14829614970998262,0.07727308267854807,KGE
subsequent_2016_2020,hysets_02212600,4,1,Continuous_FCM_Class_All,238,1096,-0.2316508389765417,-0.48736303740841747,0.0660190722122875,KGE
subsequent_2016_2020,hysets_02325000,1,1,Continuous_FCM_Class_All,237,1096,-2.074113690888287,-0.18206043502368985,0.2676764346827404,KGE
subsequent_2016_2020,hysets_02326000,3,1,Continuous_FCM_Class_All,238,1096,-1.6618204211980463,-0.3319725017132309,0.2710058754537458,KGE
subsequent_2016_2020,hysets_02327100,1,1,Continuous_FCM_Class_All,146,1096,-0.22215800139882358,-0.17669859986421987,0.14414061511241066,KGE
subsequent_2016_2020,hysets_02331600,1,1,Continuous_FCM_Class_All,171,1096,-0.06323886473175122,0.030887733214649993,0.06466536299151247,KGE
subsequent_2016_2020,hysets_02373000,5,1,Continuous_FCM_Class_All,238,1079,-0.007683483796226964,-0.12339867273051741,0.1012034370809997,KGE
subsequent_2016_2020,hysets_02374500,3,1,Continuous_FCM_Class_All,146,1096,-0.41183078829305053,-0.02343954577868068,0.05462309222922651,KGE
subsequent_2016_2020,hysets_02380500,2,1,Continuous_FCM_Class_All,171,1096,-0.26299497933428495,0.12639713392362506,0.10940517810762695,KGE
subsequent_2016_2020,hysets_02401390,4,1,Continuous_FCM_Class_All,147,1095,0.02720356432098947,-0.054441492156758864,0.09286433295223956,KGE
subsequent_2016_2020,hysets_02450250,3,1,Continuous_FCM_Class_All,146,1096,-0.007481112757167008,-0.1252660817316118,0.08440585913655606,KGE
subsequent_2016_2020,hysets_02469800,5,1,Continuous_FCM_Class_All,238,1096,0.031244847022721456,-0.1551885834877509,0.0800252502467358,KGE
subsequent_2016_2020,hysets_02479155,1,1,Continuous_FCM_Class_All,146,1095,0.024104362319681716,-0.09935526880246082,0.07275087172314708,KGE
subsequent_2016_2020,hysets_02479300,1,0,Continuous_FCM_Class_All,146,1096,0.03828336671503396,0.11537486879732073,0.09196409499290438,KGE
subsequent_2016_2020,hysets_02479560,3,1,Continuous_FCM_Class_All,146,1096,0.04075245314710596,0.012771939957185174,0.06068008948707558,KGE
subsequent_2016_2020,hysets_02AB017,5,1,Continuous_FCM_Class_All,238,731,0.1488328917569215,0.22692406763551143,0.1394458076423466,KGE
subsequent_2016_2020,hysets_02AC001,3,1,Continuous_FCM_Class_All,238,731,-0.002881509343968469,0.3647717135830688,0.1874469306355829,KGE
subsequent_2016_2020,hysets_02AD010,2,1,Continuous_FCM_Class_All,237,1096,-0.03219963901580658,0.2506394090347557,0.14000828130747073,KGE
subsequent_2016_2020,hysets_02BA003,2,1,Continuous_FCM_Class_All,133,731,-0.04480906345386737,-0.08398707898595181,0.13581066580117726,KGE
subsequent_2016_2020,hysets_02BF001,4,1,Continuous_FCM_Class_All,238,731,-0.10615862377370933,-0.043479543644492136,0.12957146562223962,KGE
subsequent_2016_2020,hysets_02BF002,1,1,Continuous_FCM_Class_All,146,731,-0.5686501753350686,-0.031063892160506867,0.15618724574520862,KGE
subsequent_2016_2020,hysets_02CB003,2,1,Continuous_FCM_Class_All,237,731,-0.23436128781768995,0.25689397156572347,0.1456811684559741,KGE
subsequent_2016_2020,hysets_02CD006,2,1,Continuous_FCM_Class_All,133,731,-0.5288438441760426,-0.416414167126423,0.2311642370278577,KGE
subsequent_2016_2020,hysets_02DD015,1,1,Continuous_FCM_Class_All,146,731,-0.09143545296363165,0.11654273887955446,0.16722252521996234,KGE
subsequent_2016_2020,hysets_02HL003,5,1,Continuous_FCM_Class_All,238,1096,0.05468408259269497,0.06775612870521786,0.10891386556479413,KGE
subsequent_2016_2020,hysets_02HL004,5,1,Continuous_FCM_Class_All,238,1096,0.06886972963995286,0.17740221342835527,0.1336767518444505,KGE
subsequent_2016_2020,hysets_02JC008,1,1,Continuous_FCM_Class_All,146,731,-1.3619413889504455,-0.2708733492487112,0.2310153751948523,KGE
subsequent_2016_2020,hysets_02YC001,1,1,Continuous_FCM_Class_All,171,731,-0.03487893534514508,-0.13122371558519696,0.18586401449982204,KGE
subsequent_2016_2020,hysets_02YD002,1,1,Continuous_FCM_Class_All,146,731,0.03692051314981093,0.08471799477983855,0.15422140712833812,KGE
subsequent_2016_2020,hysets_02YJ001,4,1,Continuous_FCM_Class_All,171,731,0.1652022780166965,0.11531358090328658,0.13591600467930412,KGE
subsequent_2016_2020,hysets_02YK002,3,1,Continuous_FCM_Class_All,171,731,0.19760248549873594,0.1281868031823431,0.1410057599203693,KGE
subsequent_2016_2020,hysets_02YK005,1,1,Continuous_FCM_Class_All,171,731,0.17627244404837228,0.15828714615283845,0.17678503481274685,KGE
subsequent_2016_2020,hysets_02YN002,5,1,Continuous_FCM_Class_All,172,731,0.10156958413836326,0.0048877632783445035,0.14796620640743588,KGE
subsequent_2016_2020,hysets_02YO006,5,1,Continuous_FCM_Class_All,172,1096,0.11827842647823428,0.03594554927762483,0.08075273940217896,KGE
subsequent_2016_2020,hysets_02YO008,2,1,Continuous_FCM_Class_All,171,1096,0.13735669580786347,0.0413408957762591,0.07250813709522654,KGE
subsequent_2016_2020,hysets_02YR001,1,1,Continuous_FCM_Class_All,171,1096,0.16893622501057715,0.27084805241877863,0.1472369128472789,KGE
subsequent_2016_2020,hysets_02YR003,4,1,Continuous_FCM_Class_All,171,1096,0.13597831474499744,0.2436366976566926,0.1611959296877443,KGE
subsequent_2016_2020,hysets_02ZB001,1,1,Continuous_FCM_Class_All,171,731,-0.042045662247874205,-0.17832997714913468,0.08216618395563667,KGE
subsequent_2016_2020,hysets_02ZC002,3,1,Continuous_FCM_Class_All,171,731,-0.0018942116568483325,-0.19313762455587669,0.10892375060628236,KGE
subsequent_2016_2020,hysets_02ZF001,3,1,Continuous_FCM_Class_All,171,1096,0.18463105978989935,0.18744670114811857,0.1290834213768745,KGE
subsequent_2016_2020,hysets_02ZG001,5,1,Continuous_FCM_Class_All,172,731,0.010263306867919764,-0.0464407333000767,0.1472398462798211,KGE
subsequent_2016_2020,hysets_02ZG003,3,1,Continuous_FCM_Class_All,171,692,-0.015029456797108542,-0.19158830551155215,0.12281858938367375,KGE
subsequent_2016_2020,hysets_02ZH001,3,1,Continuous_FCM_Class_All,171,731,0.1362106429053268,0.06345215241046753,0.1030774667001039,KGE
subsequent_2016_2020,hysets_02ZK001,2,1,Continuous_FCM_Class_All,171,731,0.0045578417356608725,-0.12226120664670681,0.13322285916069646,KGE
subsequent_2016_2020,hysets_02ZK004,2,1,Continuous_FCM_Class_All,171,731,-0.07425323285057117,-0.2550150897757226,0.156522796847186,KGE
subsequent_2016_2020,hysets_03010500,2,0,Continuous_FCM_Class_All,146,1096,-0.015510070488117034,0.27132349390526933,0.11557896199881497,KGE
subsequent_2016_2020,hysets_03010655,1,1,Continuous_FCM_Class_All,146,1096,-0.11226913895257895,0.20339493063173886,0.08800123598386374,KGE
subsequent_2016_2020,hysets_03021350,3,0,Continuous_FCM_Class_All,171,1096,0.08643998391939134,-0.027724859579475236,0.08581263728808461,KGE
subsequent_2016_2020,hysets_03028000,1,1,Continuous_FCM_Class_All,171,1096,-0.01118117401596308,0.0699467630390832,0.072861166425421,KGE
subsequent_2016_2020,hysets_03065000,1,1,Continuous_FCM_Class_All,146,1096,0.10578610724490412,0.12223708395884492,0.08696083089292779,KGE
subsequent_2016_2020,hysets_03070500,1,1,Continuous_FCM_Class_All,146,1096,0.10441923366241346,0.1573371108483833,0.09316735978664088,KGE
subsequent_2016_2020,hysets_03072000,1,1,Continuous_FCM_Class_All,146,1096,0.039706593703543125,0.08869073829953011,0.09756092689766056,KGE
subsequent_2016_2020,hysets_03110000,4,1,Continuous_FCM_Class_All,238,1096,0.05067480011608971,0.02516450263499137,0.0646774674796379,KGE
subsequent_2016_2020,hysets_03151400,5,1,Continuous_FCM_Class_All,172,1096,0.16607685145734918,0.1000871333007658,0.0721182649791889,KGE
subsequent_2016_2020,hysets_03159540,3,1,Continuous_FCM_Class_All,238,1096,-0.00029221883174002095,-0.10954006993504217,0.08931850529902502,KGE
subsequent_2016_2020,hysets_03180500,4,1,Continuous_FCM_Class_All,147,1096,0.08506465224951743,0.11686992829794418,0.07546950313374853,KGE
subsequent_2016_2020,hysets_03182500,3,1,Continuous_FCM_Class_All,146,1096,0.08293259637022443,0.17593698911806432,0.07108252180342668,KGE
subsequent_2016_2020,hysets_03186500,3,1,Continuous_FCM_Class_All,171,1096,0.12768578220550064,0.02383294728130958,0.056300086610070806,KGE
subsequent_2016_2020,hysets_03187500,2,1,Continuous_FCM_Class_All,171,1096,0.16207995610672377,0.08388644064649398,0.06953677397747225,KGE
subsequent_2016_2020,hysets_03189100,2,1,Continuous_FCM_Class_All,171,929,0.1713807810176291,0.08999823693447706,0.05979916921200654,KGE
subsequent_2016_2020,hysets_03194700,3,1,Continuous_FCM_Class_All,171,1096,0.17358009742462321,0.10021843969024813,0.08709255209555007,KGE
subsequent_2016_2020,hysets_03198500,5,0,Continuous_FCM_Class_All,147,1096,-0.0068763937122209295,0.17074420985583683,0.09848737836639525,KGE
subsequent_2016_2020,hysets_03202400,5,1,Continuous_FCM_Class_All,147,1096,-0.06564556322591608,0.09491278932114389,0.06345305643626364,KGE
subsequent_2016_2020,hysets_03202750,2,1,Continuous_FCM_Class_All,146,1096,0.05473999151845588,0.1163319261197786,0.09207975723969274,KGE
subsequent_2016_2020,hysets_03207800,1,1,Continuous_FCM_Class_All,146,1096,-0.12417944805739545,-0.028873649983772953,0.05918784522303858,KGE
subsequent_2016_2020,hysets_03208500,2,1,Continuous_FCM_Class_All,146,1096,-0.3071379376749086,-0.277184226508459,0.0622016659334839,KGE
subsequent_2016_2020,hysets_03210000,2,1,Continuous_FCM_Class_All,146,1096,-0.22789613585150503,-0.05502123533094361,0.09563681809944101,KGE
subsequent_2016_2020,hysets_03217000,3,1,Continuous_FCM_Class_All,238,1096,0.009707715040317977,-0.053251353857460826,0.07462811662030162,KGE
subsequent_2016_2020,hysets_03280700,2,1,Continuous_FCM_Class_All,146,1096,-0.1110501719125736,-0.14278506035844973,0.05936460887819115,KGE
subsequent_2016_2020,hysets_03460000,4,1,Continuous_FCM_Class_All,171,1096,0.03939830887468332,0.14448243489552082,0.07825369165044374,KGE
subsequent_2016_2020,hysets_03497300,4,1,Continuous_FCM_Class_All,171,1094,0.15812819533428224,0.12747797430373276,0.07103429858045136,KGE
subsequent_2016_2020,hysets_03512000,3,1,Continuous_FCM_Class_All,171,1096,0.18794452296365616,0.1927909696753014,0.07030806249781192,KGE
subsequent_2016_2020,hysets_03574500,4,1,Continuous_FCM_Class_All,147,1096,0.07823922738460776,0.028596741939575954,0.08980286948657468,KGE
subsequent_2016_2020,hysets_04015330,4,1,Continuous_FCM_Class_All,238,1096,0.00506681001494369,-0.05581082027527828,0.09140558688560235,KGE
subsequent_2016_2020,hysets_04024430,2,1,Continuous_FCM_Class_All,237,1096,-0.0729329705088142,-0.1060913439132325,0.058083734415557274,KGE
subsequent_2016_2020,hysets_04025500,2,1,Continuous_FCM_Class_All,237,1096,-1.5743149885583456,0.09360155535879011,0.1384618134760216,KGE
subsequent_2016_2020,hysets_04057510,2,1,Continuous_FCM_Class_All,237,1096,-0.5809248949698482,0.17394472216146728,0.20603055019933464,KGE
subsequent_2016_2020,hysets_04063700,5,1,Continuous_FCM_Class_All,133,1096,-0.42810348679017496,-0.26135456389664635,0.20133889202456562,KGE
subsequent_2016_2020,hysets_04256000,4,1,Continuous_FCM_Class_All,171,1096,0.2183856736972959,0.1927696025464236,0.10246571537805423,KGE
subsequent_2016_2020,hysets_04262500,1,1,Continuous_FCM_Class_All,171,1096,0.12512028412796716,0.14236362737210595,0.1125124038264012,KGE
subsequent_2016_2020,hysets_04269000,4,1,Continuous_FCM_Class_All,171,1096,-0.16232621383261026,0.1475755855155806,0.14657361403383987,KGE
subsequent_2016_2020,hysets_04287000,4,0,Continuous_FCM_Class_All,171,1096,0.06319978196827702,0.02108763389948698,0.08491845624253438,KGE
subsequent_2016_2020,hysets_04296000,5,1,Continuous_FCM_Class_All,147,1096,0.15187939695162522,0.32780854307455976,0.12928605182316819,KGE
subsequent_2016_2020,hysets_05AA008,2,1,Continuous_FCM_Class_All,237,1096,0.27947576961942144,0.429000480776737,0.14737725674569785,KGE
subsequent_2016_2020,hysets_05BG006,2,0,Continuous_FCM_Class_All,133,1096,-0.006118245892435814,-0.03817764104149313,0.0637423480742665,KGE
subsequent_2016_2020,hysets_05DA009,1,0,Continuous_FCM_Class_All,146,366,-0.29343549991127826,-0.3023558472513719,0.3192000888361057,KGE
subsequent_2016_2020,hysets_05DC006,1,1,Continuous_FCM_Class_All,237,1096,-1.3833388565888423,-0.08983581255875306,0.20912876895440893,KGE
subsequent_2016_2020,hysets_05QE008,5,1,Continuous_FCM_Class_All,133,366,-5.246874219243432,-0.2620080543829195,0.643802294610068,KGE
subsequent_2016_2020,hysets_05QE009,3,1,Continuous_FCM_Class_All,133,731,-0.12412594306101044,0.05018278533001186,0.1869233176901343,KGE
subsequent_2016_2020,hysets_05QE012,4,1,Continuous_FCM_Class_All,133,731,-0.2980401550311349,-0.02519620261513955,0.28051543097035775,KGE
subsequent_2016_2020,hysets_05TG002,4,1,Continuous_FCM_Class_All,238,731,-0.3655806546538547,-0.15548385572081935,0.2063075896736244,KGE
subsequent_2016_2020,hysets_05UF004,2,1,Continuous_FCM_Class_All,133,731,-0.06028496953562046,-0.30942926472865984,0.2050604863094562,KGE
subsequent_2016_2020,hysets_06019500,5,1,Continuous_FCM_Class_All,238,1096,-15.968040004444966,-2.3709324897817976,0.658196995851586,KGE
subsequent_2016_2020,hysets_06191000,2,1,Continuous_FCM_Class_All,237,1096,0.20566545337841335,0.4272399667345541,0.1683567443428951,KGE
subsequent_2016_2020,hysets_06200000,1,1,Continuous_FCM_Class_All,237,1096,0.20562082896055134,0.24687308992352563,0.15241647728848554,KGE
subsequent_2016_2020,hysets_06224000,3,1,Continuous_FCM_Class_All,238,1096,0.10116563500303533,0.006588737808966516,0.13094526936245293,KGE
subsequent_2016_2020,hysets_06289000,1,1,Continuous_FCM_Class_All,237,1096,-0.517493524620322,0.1621655079049359,0.14054714144310881,KGE
subsequent_2016_2020,hysets_06309200,4,1,Continuous_FCM_Class_All,133,1096,0.1022191125806059,-0.036430702660243286,0.106435078560685,KGE
subsequent_2016_2020,hysets_06332515,2,1,Continuous_FCM_Class_All,133,1096,-8.361194394974163,-9.538899373767201,0.2028966235006911,KGE
subsequent_2016_2020,hysets_06339100,1,0,Continuous_FCM_Class_All,60,1096,-0.905937369240543,-0.3475706855911955,0.09472468664568488,KGE
subsequent_2016_2020,hysets_06344600,1,0,Continuous_FCM_Class_All,60,1096,-0.9962035160248588,-0.9745964259110445,0.07246754696934106,KGE
subsequent_2016_2020,hysets_06400875,3,1,Continuous_FCM_Class_All,133,1096,-20.589541477430082,-39.57830497636111,0.18147553519555512,KGE
subsequent_2016_2020,hysets_06404000,3,1,Continuous_FCM_Class_All,133,1096,-1.194044335594635,-1.5412774531375408,0.07584106331680052,KGE
subsequent_2016_2020,hysets_06406000,4,1,Continuous_FCM_Class_All,133,1096,-13.399605204801277,-2.6024065092542057,0.21072580771962704,KGE
subsequent_2016_2020,hysets_06409000,1,1,Continuous_FCM_Class_All,132,1096,-76.37773391104116,-3.8438547948362984,1.0788393092643218,KGE
subsequent_2016_2020,hysets_06422500,2,1,Continuous_FCM_Class_All,133,1096,-8.895406581288213,-1.7632932827726595,0.2575062808620663,KGE
subsequent_2016_2020,hysets_06623800,5,1,Continuous_FCM_Class_All,238,1096,0.2235250169555727,0.1481144592652942,0.13673797181349118,KGE
subsequent_2016_2020,hysets_06712000,1,1,Continuous_FCM_Class_All,132,1096,-99.66675921958536,-9.650458611596491,1.0722557480494845,KGE
subsequent_2016_2020,hysets_06719505,3,1,Continuous_FCM_Class_All,238,1096,-2.321724347285024,-0.9760593385486556,0.2800557169662847,KGE
subsequent_2016_2020,hysets_06876700,2,1,Continuous_FCM_Class_All,133,1096,0.009649765002466282,-0.21259698496558732,0.10298920955213786,KGE
subsequent_2016_2020,hysets_06FD002,4,1,Continuous_FCM_Class_All,238,731,0.0845359824944587,-0.023631560925072348,0.09211361882367514,KGE
subsequent_2016_2020,hysets_07060710,1,1,Continuous_FCM_Class_All,146,1095,-1.5639182055372558,-2.0930562387525637,0.08582782418787407,KGE
subsequent_2016_2020,hysets_07124200,2,1,Continuous_FCM_Class_All,133,1096,-2.4572418981042086,-1.4169852725091237,0.13042362304171276,KGE
subsequent_2016_2020,hysets_07203000,3,1,Continuous_FCM_Class_All,133,1096,-26.25144262354909,-6.944097836470296,0.35400553521189626,KGE
subsequent_2016_2020,hysets_07207500,3,1,Continuous_FCM_Class_All,133,1096,-8.306909632012715,-6.463710092752975,0.19553164282675167,KGE
subsequent_2016_2020,hysets_07208500,5,1,Continuous_FCM_Class_All,133,1091,-1.6741836158538064,-0.8067101831756718,0.14739175395106502,KGE
subsequent_2016_2020,hysets_07291000,1,1,Continuous_FCM_Class_All,237,1093,0.02601930943859332,-0.1875657105498092,0.05682822729019607,KGE
subsequent_2016_2020,hysets_07299670,1,1,Continuous_FCM_Class_All,132,1096,-1.3238078460030995,-3.585611350307623,0.07861443819957234,KGE
subsequent_2016_2020,hysets_07315200,3,1,Continuous_FCM_Class_All,60,1096,0.09111586617909828,-0.100849268865018,0.057472629555461716,KGE
subsequent_2016_2020,hysets_07335700,1,1,Continuous_FCM_Class_All,146,1096,0.049841127075898606,-0.101180952077913,0.06099187064517449,KGE
subsequent_2016_2020,hysets_07337900,3,1,Continuous_FCM_Class_All,146,1096,-0.017319858288107115,-0.2769251119215086,0.058609287242826075,KGE
subsequent_2016_2020,hysets_07340300,4,1,Continuous_FCM_Class_All,147,1096,0.06581405067025736,-0.09079704290225021,0.06944789385308825,KGE
subsequent_2016_2020,hysets_07352000,5,1,Continuous_FCM_Class_All,238,1096,0.04982983675962005,-0.1354571893563108,0.04079416617700321,KGE
subsequent_2016_2020,hysets_07361500,3,1,Continuous_FCM_Class_All,146,1089,0.01951982809593822,-0.21479258551914304,0.05728934500512728,KGE
subsequent_2016_2020,hysets_07362100,3,1,Continuous_FCM_Class_All,238,1096,0.09611614720430528,-0.006414088455122924,0.05994088934168662,KGE
subsequent_2016_2020,hysets_07373000,1,1,Continuous_FCM_Class_All,237,1096,0.045859375303345606,-0.10374696452517695,0.06759117888232868,KGE
subsequent_2016_2020,hysets_07376000,1,1,Continuous_FCM_Class_All,237,1096,0.006671971355077022,-0.2436732006839506,0.04828435690715392,KGE
subsequent_2016_2020,hysets_07377000,3,0,Continuous_FCM_Class_All,238,1096,0.004597960787937838,-0.23851665676566958,0.04790135277850904,KGE
subsequent_2016_2020,hysets_07BJ001,5,1,Continuous_FCM_Class_All,238,366,-0.12576593979866457,-0.02000886547375913,0.17932792745192597,KGE
subsequent_2016_2020,hysets_07MA003,4,1,Continuous_FCM_Class_All,238,731,-25.91892574741777,-2.335258022633255,0.7797676465466874,KGE
subsequent_2016_2020,hysets_07SB013,5,0,Continuous_FCM_Class_All,238,366,-238544.03502377062,-1549.94172121908,123.2115154711547,KGE
subsequent_2016_2020,hysets_08013000,3,1,Continuous_FCM_Class_All,238,1096,0.03509138588073146,-0.19032230980539477,0.0668020367290665,KGE
subsequent_2016_2020,hysets_08013500,4,1,Continuous_FCM_Class_All,238,1096,0.04322915672638805,-0.13099957357136338,0.08377636128341542,KGE
subsequent_2016_2020,hysets_08014500,1,1,Continuous_FCM_Class_All,237,1096,0.07600904484553084,-0.03269737449314247,0.07337914499835037,KGE
subsequent_2016_2020,hysets_08025500,4,1,Continuous_FCM_Class_All,238,1094,0.03491422582284154,-0.21221714301078554,0.040368025779404966,KGE
subsequent_2016_2020,hysets_08029500,5,1,Continuous_FCM_Class_All,238,1096,0.03169532909113337,-0.2144314092984243,0.03578864157878326,KGE
subsequent_2016_2020,hysets_08065800,1,1,Continuous_FCM_Class_All,237,1096,0.03282030855045104,-0.18474988585519525,0.06886530157658007,KGE
subsequent_2016_2020,hysets_08066200,2,1,Continuous_FCM_Class_All,237,1096,0.040289870090262414,-0.17197934325657527,0.060879037038585236,KGE
subsequent_2016_2020,hysets_08068720,1,1,Continuous_FCM_Class_All,237,1096,0.05687724701317631,-0.15937717992539113,0.04864300619158354,KGE
subsequent_2016_2020,hysets_08070000,4,1,Continuous_FCM_Class_All,238,1095,0.01805911258454307,-0.25891605328562006,0.037084716978848936,KGE
subsequent_2016_2020,hysets_08082700,4,1,Continuous_FCM_Class_All,60,1096,-0.02859280087019256,-0.07102529727485862,0.0756947384522888,KGE
subsequent_2016_2020,hysets_08084800,3,1,Continuous_FCM_Class_All,60,1096,0.03209645457718824,0.14476197810038183,0.09685518828921584,KGE
subsequent_2016_2020,hysets_08086212,5,1,Continuous_FCM_Class_All,60,1096,0.08892048255507001,0.06295687252612192,0.04839871932717844,KGE
subsequent_2016_2020,hysets_08150800,3,1,Continuous_FCM_Class_All,133,1096,0.012204727316183717,-1.183800695332224,0.03028930941335669,KGE
subsequent_2016_2020,hysets_08164300,2,1,Continuous_FCM_Class_All,237,1096,-0.001416906748453739,-0.6163996871895998,0.03740270176349966,KGE
subsequent_2016_2020,hysets_08165300,1,1,Continuous_FCM_Class_All,132,1096,0.05369678042496018,-0.644689783306863,0.03146957634989551,KGE
subsequent_2016_2020,hysets_08165500,3,1,Continuous_FCM_Class_All,133,1096,0.026603777891187286,-0.44271671694829373,0.031010525641899843,KGE
subsequent_2016_2020,hysets_08171000,5,1,Continuous_FCM_Class_All,60,1096,-0.6315228703002065,0.24971417709054367,0.07965455379821146,KGE
subsequent_2016_2020,hysets_08175000,5,1,Continuous_FCM_Class_All,238,1096,-0.375548822265956,-2.6620571984990384,0.051062067769661414,KGE
subsequent_2016_2020,hysets_08176900,1,0,Continuous_FCM_Class_All,237,1096,-4.0727638942270525,-10.100192261932605,0.12999623667562482,KGE
subsequent_2016_2020,hysets_08178880,4,1,Continuous_FCM_Class_All,133,1096,0.06532424419439586,-0.09472205899692199,0.04249306967175397,KGE
subsequent_2016_2020,hysets_08189500,2,0,Continuous_FCM_Class_All,237,1095,-2.612718820920179,-4.949394884817969,0.1188888448528311,KGE
subsequent_2016_2020,hysets_08194200,5,1,Continuous_FCM_Class_All,60,884,-0.5774409580823168,-1.4074898323773408,0.05167646765705917,KGE
subsequent_2016_2020,hysets_08195000,2,1,Continuous_FCM_Class_All,133,1096,0.11721370866831993,-0.0076357489335381334,0.04798497837085873,KGE
subsequent_2016_2020,hysets_08198000,5,1,Continuous_FCM_Class_All,238,1096,-1.9669669173180373,-1.747778969026963,0.135927760232505,KGE
subsequent_2016_2020,hysets_08198500,1,1,Continuous_FCM_Class_All,132,1096,-0.265152548708919,-1.677004710102033,0.08342243803805027,KGE
subsequent_2016_2020,hysets_08201500,1,0,Continuous_FCM_Class_All,132,1096,0.06595655959709057,-0.09328621996596231,0.0463086454326735,KGE
subsequent_2016_2020,hysets_08202700,3,0,Continuous_FCM_Class_All,60,1096,-3.932184932424615,-11.4326651767224,0.07751463549515637,KGE
subsequent_2016_2020,hysets_08247500,2,1,Continuous_FCM_Class_All,237,1096,-7.732292286629161,-5.458707542400988,0.38967720640253195,KGE
subsequent_2016_2020,hysets_08269000,3,1,Continuous_FCM_Class_All,133,1096,0.18913898983693822,0.11768792212059875,0.11722058566427201,KGE
subsequent_2016_2020,hysets_08279000,2,1,Continuous_FCM_Class_All,133,1096,-1.5434983227106187,-0.6567606053682682,0.24160200658678152,KGE
subsequent_2016_2020,hysets_08284100,1,1,Continuous_FCM_Class_All,237,1096,0.14331003725903446,-0.05154998784597509,0.13547579664310558,KGE
subsequent_2016_2020,hysets_08289000,3,1,Continuous_FCM_Class_All,133,1004,-1.6879950496713518,-1.8927143894038623,0.19486492814779094,KGE
subsequent_2016_2020,hysets_08291000,2,1,Continuous_FCM_Class_All,133,1085,-0.34261288568488824,0.16431328360869069,0.20687551086453537,KGE
subsequent_2016_2020,hysets_08324000,4,1,Continuous_FCM_Class_All,133,1096,-9.180943716209912,-2.6825989092325475,0.5717397185647234,KGE
subsequent_2016_2020,hysets_08334000,4,1,Continuous_FCM_Class_All,133,1096,-113.3793952159634,-24.544188233860844,1.0604503189162795,KGE
subsequent_2016_2020,hysets_08378500,5,1,Continuous_FCM_Class_All,133,1096,0.11393078907928789,0.14504815912551616,0.1699224604234218,KGE
subsequent_2016_2020,hysets_08401200,4,1,Continuous_FCM_Class_All,60,1096,-1702.2016638761427,-412.75939611063933,1.308402990163434,KGE
subsequent_2016_2020,hysets_08401900,5,1,Continuous_FCM_Class_All,60,1096,-58.75941597578518,-61.87758006282009,0.29028992541641757,KGE
subsequent_2016_2020,hysets_08405150,5,1,Continuous_FCM_Class_All,60,1096,-247.51043692725452,-158.82113344906082,0.48081627396204346,KGE
subsequent_2016_2020,hysets_08405500,3,1,Continuous_FCM_Class_All,60,1096,-388.3567960658219,-17.53080966199442,0.6984670292247354,KGE
subsequent_2016_2020,hysets_08AA008,1,1,Continuous_FCM_Class_All,237,731,-13.513090680825337,-1.9360362337451855,0.8564391638325058,KGE
subsequent_2016_2020,hysets_08AA009,4,1,Continuous_FCM_Class_All,238,731,-10.874628411694438,-2.5313839354969994,0.6005238945714715,KGE
subsequent_2016_2020,hysets_08AC001,2,1,Continuous_FCM_Class_All,237,731,-0.5606376434797837,0.16083453273708037,0.1699262647727252,KGE
subsequent_2016_2020,hysets_08EB004,5,1,Continuous_FCM_Class_All,172,731,-0.324203868595095,-0.08072423620417579,0.16424976213851392,KGE
subsequent_2016_2020,hysets_08ED001,4,1,Continuous_FCM_Class_All,171,1096,-0.1119556010798255,-0.26139282723418034,0.10137471740190361,KGE
subsequent_2016_2020,hysets_08ED002,2,0,Continuous_FCM_Class_All,146,1096,-0.4617470135647206,-0.29621940316842266,0.26786504520281695,KGE
subsequent_2016_2020,hysets_08EE008,2,1,Continuous_FCM_Class_All,146,656,-0.5536010272849674,-0.07388229737608887,0.1723598556182734,KGE
subsequent_2016_2020,hysets_08EE013,4,1,Continuous_FCM_Class_All,238,365,0.2520299827642811,0.2180058055517562,0.14889299342544499,KGE
subsequent_2016_2020,hysets_08EE020,3,1,Continuous_FCM_Class_All,146,731,-0.1329580217434383,-0.14288879620453776,0.11056160795029282,KGE
subsequent_2016_2020,hysets_08EG012,5,1,Continuous_FCM_Class_All,66,731,-0.25067925243617917,-0.24020436703684211,0.09668141386266846,KGE
subsequent_2016_2020,hysets_08FE003,2,1,Continuous_FCM_Class_All,65,731,-0.21549720813282236,-0.11363422265007062,0.06219381685003349,KGE
subsequent_2016_2020,hysets_08FF001,3,1,Continuous_FCM_Class_All,66,731,-0.37492948222308287,0.16777515834578416,0.08487890706415413,KGE
subsequent_2016_2020,hysets_08FF002,3,1,Continuous_FCM_Class_All,66,366,-0.8665235091778216,-0.08777181015450619,0.1195032711473887,KGE
subsequent_2016_2020,hysets_08FF003,4,1,Continuous_FCM_Class_All,66,731,0.029880914122927815,0.13808849617192331,0.0830889963519626,KGE
subsequent_2016_2020,hysets_08GA071,2,1,Continuous_FCM_Class_All,65,731,-0.1765868035123439,0.0568859743586968,0.10744426395814757,KGE
subsequent_2016_2020,hysets_08GA072,5,0,Continuous_FCM_Class_All,66,366,-1.0905948525587696,-0.00487044092319322,0.258946237227904,KGE
subsequent_2016_2020,hysets_08HA001,5,1,Continuous_FCM_Class_All,66,1096,0.5695087372733791,0.3911733244131955,0.06561097153271299,KGE
subsequent_2016_2020,hysets_08HA010,1,1,Continuous_FCM_Class_All,65,1096,0.5034796099674752,0.36352493257501917,0.07530174997120995,KGE
subsequent_2016_2020,hysets_08HB014,2,1,Continuous_FCM_Class_All,65,1096,0.2281876634640445,0.09063344156896935,0.10164995079097987,KGE
subsequent_2016_2020,hysets_08HB074,5,1,Continuous_FCM_Class_All,66,1096,0.4350547485841848,0.4172815795756897,0.06776332646678336,KGE
subsequent_2016_2020,hysets_08HD011,2,1,Continuous_FCM_Class_All,65,731,0.4195703041395752,0.33634615823763025,0.07645325688516882,KGE
subsequent_2016_2020,hysets_08HD015,4,1,Continuous_FCM_Class_All,66,731,0.4308686443520453,0.32383945803634895,0.07816468325598154,KGE
subsequent_2016_2020,hysets_08HF004,3,1,Continuous_FCM_Class_All,66,731,0.3111867963719682,0.25442026458594014,0.05286409571537496,KGE
subsequent_2016_2020,hysets_08JD006,4,1,Continuous_FCM_Class_All,147,1096,-0.0930105579399525,-0.03132029171845874,0.11574022853858854,KGE
subsequent_2016_2020,hysets_08KA007,5,1,Continuous_FCM_Class_All,147,366,-0.15554475625825304,0.010739394954225823,0.22155629629419285,KGE
subsequent_2016_2020,hysets_08KH010,1,1,Continuous_FCM_Class_All,146,366,0.012145454555956059,0.13483509049100384,0.20177614257975549,KGE
subsequent_2016_2020,hysets_08KH019,5,1,Continuous_FCM_Class_All,238,1096,-0.7607194235110339,-0.22253256875771288,0.2077332825025579,KGE
subsequent_2016_2020,hysets_08LB038,2,1,Continuous_FCM_Class_All,146,366,-0.0990566380400777,-0.09609687426944724,0.23324497326050025,KGE
subsequent_2016_2020,hysets_08LB069,3,1,Continuous_FCM_Class_All,238,366,0.07019427680798473,0.0060579968278688945,0.20035266680054298,KGE
subsequent_2016_2020,hysets_08LB076,3,1,Continuous_FCM_Class_All,238,366,-0.011587660033113067,-0.04943003821216352,0.18645053195538494,KGE
subsequent_2016_2020,hysets_08LE024,5,0,Continuous_FCM_Class_All,147,731,0.06984957857259355,0.07933399530617624,0.17235367977979713,KGE
subsequent_2016_2020,hysets_08LE027,3,0,Continuous_FCM_Class_All,146,731,0.0499609334949116,0.04046764585697493,0.17129726524001027,KGE
subsequent_2016_2020,hysets_08LG048,5,0,Continuous_FCM_Class_All,238,366,0.0845492932000359,0.04208027044897933,0.15449940006362647,KGE
subsequent_2016_2020,hysets_08MA003,4,1,Continuous_FCM_Class_All,147,366,-0.16118318198824144,-0.06674136307843126,0.34945279844725463,KGE
subsequent_2016_2020,hysets_08ME023,1,0,Continuous_FCM_Class_All,146,1096,-0.46259999905018545,-0.733633454116525,0.32243497546374156,KGE
subsequent_2016_2020,hysets_08ME025,4,1,Continuous_FCM_Class_All,238,1096,-0.8936952657734463,0.16407193416192212,0.22956632325859871,KGE
subsequent_2016_2020,hysets_08MH016,5,1,Continuous_FCM_Class_All,66,731,-0.28881050821132837,0.4043968928339301,0.17235342030184456,KGE
subsequent_2016_2020,hysets_08MH056,3,1,Continuous_FCM_Class_All,66,731,0.6086103385202559,0.6527849299855351,0.05758914459990785,KGE
subsequent_2016_2020,hysets_08MH103,2,1,Continuous_FCM_Class_All,65,731,-0.590021120259139,0.31467237630457245,0.15980801111598555,KGE
subsequent_2016_2020,hysets_08MH147,4,1,Continuous_FCM_Class_All,66,366,0.09163780079386452,0.16905381654142648,0.10859492906105081,KGE
subsequent_2016_2020,hysets_08NA006,5,1,Continuous_FCM_Class_All,147,731,-0.17150719584600038,0.0775690936573511,0.1858970298839584,KGE
subsequent_2016_2020,hysets_08NB012,3,1,Continuous_FCM_Class_All,146,731,-0.056117380032789654,0.024054473248644626,0.16150344716776976,KGE
subsequent_2016_2020,hysets_08NB014,5,1,Continuous_FCM_Class_All,147,731,-0.11032397716514541,-0.17548069332834637,0.20358377055949697,KGE
subsequent_2016_2020,hysets_08ND012,4,1,Continuous_FCM_Class_All,147,1096,-0.13933199374984895,-0.14523232908292205,0.20013097586127168,KGE
subsequent_2016_2020,hysets_08ND013,4,1,Continuous_FCM_Class_All,147,731,0.013981156360555969,-0.007824066472547742,0.1552515096583105,KGE
subsequent_2016_2020,hysets_08NE039,3,1,Continuous_FCM_Class_All,238,731,0.18805306781775932,0.1053399397327931,0.11008244459282125,KGE
subsequent_2016_2020,hysets_08NE074,4,1,Continuous_FCM_Class_All,238,1096,0.06445696218241459,-0.03623752342679576,0.14445429326323123,KGE
subsequent_2016_2020,hysets_08NF001,5,1,Continuous_FCM_Class_All,238,731,0.2897594788342672,0.38509344958156244,0.14379237289822472,KGE
subsequent_2016_2020,hysets_08NG076,3,1,Continuous_FCM_Class_All,238,731,0.48603958295809657,0.4821755412864155,0.09769198095052604,KGE
subsequent_2016_2020,hysets_08NG077,2,1,Continuous_FCM_Class_All,146,731,0.123799771625268,0.05056291367801502,0.15207781636618314,KGE
subsequent_2016_2020,hysets_08NH005,1,1,Continuous_FCM_Class_All,146,731,0.17888267729865015,0.15724996222582333,0.15839264365703207,KGE
subsequent_2016_2020,hysets_08NH006,4,1,Continuous_FCM_Class_All,238,731,0.23277707822585825,0.1793298596697115,0.13954179479181966,KGE
subsequent_2016_2020,hysets_08NH120,1,1,Continuous_FCM_Class_All,237,366,-0.07146989793074798,-0.18713619594044917,0.22927144923361029,KGE
subsequent_2016_2020,hysets_08NH130,3,1,Continuous_FCM_Class_All,146,665,-0.025818544878960514,-0.10233466105111266,0.1837228561524646,KGE
subsequent_2016_2020,hysets_08NJ160,5,1,Continuous_FCM_Class_All,147,731,0.197472764657303,0.16803376324470576,0.13312883766155947,KGE
subsequent_2016_2020,hysets_08NK016,4,1,Continuous_FCM_Class_All,238,731,0.41638654051714896,0.49038418923667204,0.12866445311915406,KGE
subsequent_2016_2020,hysets_08NK018,2,1,Continuous_FCM_Class_All,237,731,0.2991765974646383,0.502829811676512,0.14426122598920132,KGE
subsequent_2016_2020,hysets_08NK022,4,1,Continuous_FCM_Class_All,238,731,0.4149435479688466,0.4324080203646403,0.13731950982081564,KGE
subsequent_2016_2020,hysets_08NL004,1,1,Continuous_FCM_Class_All,237,731,0.031845515119512835,0.014251079432948455,0.13021824799934312,KGE
subsequent_2016_2020,hysets_08NL024,5,1,Continuous_FCM_Class_All,238,366,0.25416025509161855,0.2767692968030726,0.1398270518487383,KGE
subsequent_2016_2020,hysets_08NL050,5,1,Continuous_FCM_Class_All,238,366,-0.2231675267128459,-0.043956322179372176,0.1614619079248037,KGE
subsequent_2016_2020,hysets_08NL071,4,1,Continuous_FCM_Class_All,147,366,0.23140445930003417,0.19171645701211282,0.13838977102087938,KGE
subsequent_2016_2020,hysets_08NN019,3,1,Continuous_FCM_Class_All,238,366,0.18385406451907682,0.2074854303960243,0.1536621095962431,KGE
subsequent_2016_2020,hysets_08OA002,2,1,Continuous_FCM_Class_All,171,731,-0.22181298579347253,-0.43399216554868936,0.10827547693028723,KGE
subsequent_2016_2020,hysets_09059500,4,1,Continuous_FCM_Class_All,238,1096,0.2740332690589533,0.221494171575628,0.14677439715400786,KGE
subsequent_2016_2020,hysets_09165000,3,1,Continuous_FCM_Class_All,238,1096,0.33069766730168304,0.3093503356160642,0.13882236431913275,KGE
subsequent_2016_2020,hysets_09196500,1,1,Continuous_FCM_Class_All,237,1096,0.013516800557406117,-0.15017823434537036,0.1637012745121608,KGE
subsequent_2016_2020,hysets_09223000,3,1,Continuous_FCM_Class_All,238,1096,0.40608530321215053,0.3336944377411465,0.13000505550937488,KGE
subsequent_2016_2020,hysets_09253000,5,1,Continuous_FCM_Class_All,238,1096,0.27485592820910065,0.2182399816287146,0.15473752073724178,KGE
subsequent_2016_2020,hysets_09255000,2,1,Continuous_FCM_Class_All,237,1050,-0.5992658331930769,-0.6010303389882743,0.1579016174660788,KGE
subsequent_2016_2020,hysets_09266500,2,1,Continuous_FCM_Class_All,237,1096,0.12235806453662956,0.23827022499070827,0.15290945263384353,KGE
subsequent_2016_2020,hysets_09289500,1,1,Continuous_FCM_Class_All,237,1096,0.30283303678589635,0.2664080069966711,0.13359105369769772,KGE
subsequent_2016_2020,hysets_09292500,5,1,Continuous_FCM_Class_All,238,1096,0.205599795293967,0.3551500967360194,0.1361531156941942,KGE
subsequent_2016_2020,hysets_09299500,1,1,Continuous_FCM_Class_All,237,1096,0.05868496708549531,0.33767652674693316,0.1326598461078021,KGE
subsequent_2016_2020,hysets_09304200,2,1,Continuous_FCM_Class_All,237,1096,-1.0416160492082942,0.006906004896111373,0.26158918969048844,KGE
subsequent_2016_2020,hysets_09304500,1,1,Continuous_FCM_Class_All,237,1096,-1.991023888960762,-0.27967150206231683,0.3093301604378169,KGE
subsequent_2016_2020,hysets_09306222,4,1,Continuous_FCM_Class_All,133,1096,-637.0947748608058,-20.74555876145006,4.821627647821601,KGE
subsequent_2016_2020,hysets_09310500,3,1,Continuous_FCM_Class_All,238,1096,0.03235612049786207,-0.3003095503589672,0.12632587556915434,KGE
subsequent_2016_2020,hysets_09312600,4,1,Continuous_FCM_Class_All,238,1096,-3.600005203717963,-3.236812100094168,0.28518319778433554,KGE
subsequent_2016_2020,hysets_09337000,3,1,Continuous_FCM_Class_All,133,1096,-135.33015666042851,-7.639125860289534,0.9586953667915081,KGE
subsequent_2016_2020,hysets_09342500,5,1,Continuous_FCM_Class_All,238,1096,0.39163599817981154,0.400466782095629,0.15684776135496395,KGE
subsequent_2016_2020,hysets_09352900,3,1,Continuous_FCM_Class_All,238,1096,0.26885725728254306,0.22706746385677024,0.1304086981458022,KGE
subsequent_2016_2020,hysets_09386900,1,1,Continuous_FCM_Class_All,60,1096,-51.69187715508328,-12.798098519041293,0.4627453685191043,KGE
subsequent_2016_2020,hysets_09403600,3,1,Continuous_FCM_Class_All,133,1096,-26.376944437865944,-7.389342313175044,0.4700646269539266,KGE
subsequent_2016_2020,hysets_09404450,5,1,Continuous_FCM_Class_All,133,1095,-3.249454118078827,-0.534023432449872,0.17615248905448502,KGE
subsequent_2016_2020,hysets_09405500,4,1,Continuous_FCM_Class_All,133,1096,-0.5632139077689251,0.01357354543489575,0.16169812690427704,KGE
subsequent_2016_2020,hysets_09430600,5,0,Continuous_FCM_Class_All,133,1096,-0.008376646530364962,-0.33930316045646136,0.03710427290554003,KGE
subsequent_2016_2020,hysets_09442680,3,1,Continuous_FCM_Class_All,133,885,-56.25948429900024,-13.07360101513639,0.7378805412837814,KGE
subsequent_2016_2020,hysets_09447000,5,1,Continuous_FCM_Class_All,133,1096,-70.38827195433701,-5.759472366939847,0.5383767572541586,KGE
subsequent_2016_2020,hysets_09447800,5,1,Continuous_FCM_Class_All,133,1096,-245.87405163047865,-38.307949781513145,0.9762848700660511,KGE
subsequent_2016_2020,hysets_09473000,3,1,Continuous_FCM_Class_All,133,1096,-22.70403095670085,-13.947614895560033,0.2414092255920105,KGE
subsequent_2016_2020,hysets_09494000,5,1,Continuous_FCM_Class_All,133,1096,-3.3146048602519267,-1.2054821323844522,0.2672062910058278,KGE
subsequent_2016_2020,hysets_09496500,2,1,Continuous_FCM_Class_All,133,1096,-32.412460001753225,-14.854034372983298,0.3682913378877767,KGE
subsequent_2016_2020,hysets_09497800,2,1,Continuous_FCM_Class_All,133,1096,-12.709527200933302,-4.027768104259918,0.28010936019109883,KGE
subsequent_2016_2020,hysets_09497980,4,1,Continuous_FCM_Class_All,133,1096,-0.5586877179154159,-1.9055725190660069,0.07374881876290246,KGE
subsequent_2016_2020,hysets_09499000,2,0,Continuous_FCM_Class_All,133,1096,-0.4027323618148071,-1.8744519348874689,0.05458107637116806,KGE
subsequent_2016_2020,hysets_09504420,2,1,Continuous_FCM_Class_All,133,1096,-0.12168861327238334,-0.3054840695977732,0.07148669317492927,KGE
subsequent_2016_2020,hysets_09505800,1,1,Continuous_FCM_Class_All,132,1096,-0.8082740890415734,-1.4173253979220801,0.08251836082212001,KGE
subsequent_2016_2020,hysets_09510200,1,1,Continuous_FCM_Class_All,60,1096,-0.28484647211640923,-1.226782360608547,0.040804034023376276,KGE
subsequent_2016_2020,hysets_09512280,5,1,Continuous_FCM_Class_All,60,1096,-2.537154545880005,-6.868941303333592,0.07809088282535043,KGE
subsequent_2016_2020,hysets_09513780,3,1,Continuous_FCM_Class_All,60,1096,-0.31273968198250035,-0.8605032005728825,0.04954318696246586,KGE
subsequent_2016_2020,hysets_09AA012,5,1,Continuous_FCM_Class_All,238,731,-1.1240812739941255,-0.052049114831851595,0.1559326590984368,KGE
subsequent_2016_2020,hysets_09AA013,2,1,Continuous_FCM_Class_All,146,366,-3.293338796523332,-0.5216180300878739,0.6280757611123522,KGE
subsequent_2016_2020,hysets_09AH003,1,1,Continuous_FCM_Class_All,132,731,0.03601733426715714,0.035913460055879365,0.1032638098993544,KGE
subsequent_2016_2020,hysets_09CA004,1,1,Continuous_FCM_Class_All,237,731,-0.8289753514972835,-0.14367529999278972,0.23876163006000073,KGE
subsequent_2016_2020,hysets_09EA004,2,1,Continuous_FCM_Class_All,237,366,-0.14323495190338886,-0.0153566117044599,0.2378328498200818,KGE
subsequent_2016_2020,hysets_10011500,2,1,Continuous_FCM_Class_All,237,1096,0.3270795863270384,0.3113895934023647,0.13944255098980932,KGE
subsequent_2016_2020,hysets_10032000,3,1,Continuous_FCM_Class_All,238,1096,0.42175616330362353,0.42748768424232075,0.1276121393439694,KGE
subsequent_2016_2020,hysets_10113500,4,1,Continuous_FCM_Class_All,238,1096,-4.239763991566173,-0.6684132386083876,0.3023484859493639,KGE
subsequent_2016_2020,hysets_10173450,2,1,Continuous_FCM_Class_All,133,1096,0.18147999914558943,0.11910639970132963,0.14961605419414628,KGE
subsequent_2016_2020,hysets_10174500,1,1,Continuous_FCM_Class_All,132,1096,-0.3234622602484789,0.20821367723223405,0.1915265112431181,KGE
subsequent_2016_2020,hysets_10194200,5,1,Continuous_FCM_Class_All,133,1096,-1.4569530023556432,-0.43201010605437706,0.27095877516017053,KGE
subsequent_2016_2020,hysets_10234500,2,1,Continuous_FCM_Class_All,237,1096,-3.9821606028483707,-1.0807496395225855,0.3257398171238325,KGE
subsequent_2016_2020,hysets_10258500,4,1,Continuous_FCM_Class_All,60,1096,-6.773137570036617,-6.817094895532991,0.1469004932239226,KGE
subsequent_2016_2020,hysets_10296000,3,1,Continuous_FCM_Class_All,238,1096,0.17858099756672496,0.06143677282112314,0.14634618452699347,KGE
subsequent_2016_2020,hysets_10296500,5,1,Continuous_FCM_Class_All,238,1096,0.31047206704518227,0.23784330244829477,0.12366224789450192,KGE
subsequent_2016_2020,hysets_10329500,4,1,Continuous_FCM_Class_All,133,1096,0.09399353303578906,-0.09300946551674061,0.05710518546616949,KGE
subsequent_2016_2020,hysets_10396000,4,1,Continuous_FCM_Class_All,238,1096,-2.1197569869324373,-0.638134426854174,0.23415248259320715,KGE
subsequent_2016_2020,hysets_10AC005,3,1,Continuous_FCM_Class_All,238,1096,0.06091709187538996,0.11949930114227514,0.18006915811996663,KGE
subsequent_2016_2020,hysets_10BE007,3,1,Continuous_FCM_Class_All,238,731,-1.833938972318697,-0.04482400968968148,0.33036743714601424,KGE
subsequent_2016_2020,hysets_10BE009,3,1,Continuous_FCM_Class_All,238,366,-168.6891703374577,-6.936103739915067,3.403216040704188,KGE
subsequent_2016_2020,hysets_10ED003,5,1,Continuous_FCM_Class_All,238,731,-2.26497635440295,-2.1516171515903735,0.24681442256914196,KGE
subsequent_2016_2020,hysets_10GC003,3,1,Continuous_FCM_Class_All,238,731,-1.1347052704812568,-1.6612921756480907,0.14959721414868413,KGE
subsequent_2016_2020,hysets_10LC003,3,1,Continuous_FCM_Class_All,133,397,0.07258870955425178,-0.09719037191204039,0.11587946431074751,KGE
subsequent_2016_2020,hysets_10LC007,2,1,Continuous_FCM_Class_All,237,712,-3.9465229866198213,-1.5886265765714023,0.20241253135203294,KGE
subsequent_2016_2020,hysets_11012500,4,1,Continuous_FCM_Class_All,60,1096,-102.48497487479311,-53.145066631056,0.34153672531859447,KGE
subsequent_2016_2020,hysets_11015000,2,1,Continuous_FCM_Class_All,60,1096,-0.3241184089024036,-0.4439132031314217,0.05279334397206758,KGE
subsequent_2016_2020,hysets_11042400,1,1,Continuous_FCM_Class_All,60,1096,-8.476417779132092,-7.289020264620824,0.1876732378224496,KGE
subsequent_2016_2020,hysets_11123000,2,1,Continuous_FCM_Class_All,60,1096,0.06401155019540239,-0.6664179145085589,0.043017078514615746,KGE
subsequent_2016_2020,hysets_11123500,4,1,Continuous_FCM_Class_All,60,1096,0.1094832977541399,-0.526422325671448,0.043007454172998116,KGE
subsequent_2016_2020,hysets_11124500,1,1,Continuous_FCM_Class_All,60,1096,0.4032915142335024,0.35311651913198006,0.03130077492295246,KGE
subsequent_2016_2020,hysets_11132500,4,1,Continuous_FCM_Class_All,60,1096,0.07755556252752982,-0.7347340252055228,0.030381425008836806,KGE
subsequent_2016_2020,hysets_11140000,1,1,Continuous_FCM_Class_All,60,1096,0.3040640327509587,-1.0623897003597436,0.03901729205915195,KGE
subsequent_2016_2020,hysets_11143000,5,1,Continuous_FCM_Class_All,238,1096,0.013897101377935428,-0.21527898201060536,0.09939306518852478,KGE
subsequent_2016_2020,hysets_11143200,3,1,Continuous_FCM_Class_All,60,1096,0.09497173664449743,-0.1844553178314856,0.06831903941433248,KGE
subsequent_2016_2020,hysets_11143250,5,1,Continuous_FCM_Class_All,238,1096,-0.16548300535292482,-0.5758191471735237,0.07073644253563348,KGE
subsequent_2016_2020,hysets_11148900,3,1,Continuous_FCM_Class_All,60,1096,0.033134432496902844,-0.3531208723672885,0.08461968618397268,KGE
subsequent_2016_2020,hysets_11149900,1,1,Continuous_FCM_Class_All,60,1096,0.23144221899358297,-0.0692251446712604,0.07339068954220052,KGE
subsequent_2016_2020,hysets_11151300,2,1,Continuous_FCM_Class_All,60,1096,-3.5363979607854894,-5.671366748408105,0.1117370821325691,KGE
subsequent_2016_2020,hysets_11152000,3,1,Continuous_FCM_Class_All,60,1096,0.06997079349137236,-0.23573776635392285,0.07678280813702695,KGE
subsequent_2016_2020,hysets_11202000,5,1,Continuous_FCM_Class_All,238,1004,0.17625450030924616,0.0684618082328905,0.058860366261131454,KGE
subsequent_2016_2020,hysets_11202001,3,1,Continuous_FCM_Class_All,238,1004,0.1684420960392733,0.05639079106448508,0.058490555578893225,KGE
subsequent_2016_2020,hysets_11224500,5,1,Continuous_FCM_Class_All,60,1096,-3.9120247954440766,-4.6175520280477516,0.12585103928552033,KGE
subsequent_2016_2020,hysets_11230500,4,1,Continuous_FCM_Class_All,238,1004,0.10551785420372872,0.0018259159201970965,0.14129005541640158,KGE
subsequent_2016_2020,hysets_11253310,4,1,Continuous_FCM_Class_All,60,1096,-20.428997417869066,-8.661273805995295,0.2593891409774139,KGE
subsequent_2016_2020,hysets_11264500,2,1,Continuous_FCM_Class_All,237,1096,0.1287793416402434,-0.0016195749296561424,0.1276385922692602,KGE
subsequent_2016_2020,hysets_11266500,5,1,Continuous_FCM_Class_All,238,1096,0.10671695371879786,-0.011999641979050457,0.14010800365050366,KGE
subsequent_2016_2020,hysets_11314500,4,1,Continuous_FCM_Class_All,238,1004,0.049734755441738,-0.06078515048799238,0.1872466973293162,KGE
subsequent_2016_2020,hysets_11317000,3,1,Continuous_FCM_Class_All,238,1004,0.09895388242969927,-0.034814608457440555,0.09023263189253884,KGE
subsequent_2016_2020,hysets_11318500,4,1,Continuous_FCM_Class_All,238,1004,0.08042042725475052,-0.07997293448522402,0.07597725233391019,KGE
subsequent_2016_2020,hysets_11367500,4,1,Continuous_FCM_Class_All,147,1004,-0.10373367006358514,0.5188333692469638,0.07704066738384466,KGE
subsequent_2016_2020,hysets_11374000,4,1,Continuous_FCM_Class_All,147,1096,0.14638702014163307,0.07518341095442316,0.1078932351517408,KGE
subsequent_2016_2020,hysets_11376550,4,1,Continuous_FCM_Class_All,147,1096,-0.15088239014118132,0.2746732480813874,0.11543509143493959,KGE
subsequent_2016_2020,hysets_11379500,1,1,Continuous_FCM_Class_All,237,1096,0.08176152578225648,0.01627900791141834,0.08835226263156094,KGE
subsequent_2016_2020,hysets_11381500,3,1,Continuous_FCM_Class_All,146,1096,0.2720704440060905,0.20395049808919374,0.0723825565687772,KGE
subsequent_2016_2020,hysets_11383500,1,1,Continuous_FCM_Class_All,146,1096,0.2985569642710394,0.24819092077853122,0.07370695758996086,KGE
subsequent_2016_2020,hysets_11402000,1,1,Continuous_FCM_Class_All,146,1096,0.2509813761030425,0.14352514269957573,0.06401332705576217,KGE
subsequent_2016_2020,hysets_11413000,3,1,Continuous_FCM_Class_All,146,1096,0.151310079258539,0.04235802026615598,0.09175111521352303,KGE
subsequent_2016_2020,hysets_11413300,4,1,Continuous_FCM_Class_All,147,1004,0.04881664246640127,-0.15296969570851515,0.0917982691571879,KGE
subsequent_2016_2020,hysets_11428800,5,1,Continuous_FCM_Class_All,147,1004,0.09738432440847977,-0.2441738048756643,0.05362191507621017,KGE
subsequent_2016_2020,hysets_11433300,5,1,Continuous_FCM_Class_All,147,1004,0.1651822239360875,0.05785062951597253,0.07327730347540873,KGE
subsequent_2016_2020,hysets_11451100,4,0,Continuous_FCM_Class_All,238,1096,0.04589819504456272,-0.1727647020061458,0.08320872892825554,KGE
subsequent_2016_2020,hysets_11461000,1,0,Continuous_FCM_Class_All,146,1096,0.18000433584307618,0.01879282885925382,0.07315794799641456,KGE
subsequent_2016_2020,hysets_11468500,5,0,Continuous_FCM_Class_All,147,1096,0.19488599098868586,0.09834031229627838,0.08554635680646686,KGE
subsequent_2016_2020,hysets_11470500,1,1,Continuous_FCM_Class_All,237,1004,0.03341595673651543,-0.19218448631925145,0.09515476963493708,KGE
subsequent_2016_2020,hysets_11473900,3,1,Continuous_FCM_Class_All,146,1095,0.23960294628819268,0.1640487747794871,0.08451760122049987,KGE
subsequent_2016_2020,hysets_11478500,4,1,Continuous_FCM_Class_All,147,1096,0.05082749210250015,-0.12884907521212474,0.10300242818271518,KGE
subsequent_2016_2020,hysets_11480390,3,1,Continuous_FCM_Class_All,146,1096,0.17209456295691472,0.06962003598288669,0.0904544202941918,KGE
subsequent_2016_2020,hysets_11480410,1,1,Continuous_FCM_Class_All,146,1003,0.1499817598894031,0.025550254535396166,0.10035150156817244,KGE
subsequent_2016_2020,hysets_11481200,4,1,Continuous_FCM_Class_All,147,1096,0.11062580882986206,0.005670452646487911,0.09196273149385369,KGE
subsequent_2016_2020,hysets_11482500,4,1,Continuous_FCM_Class_All,147,1096,0.09972591586443724,-0.008320021431829083,0.13234170813155383,KGE
subsequent_2016_2020,hysets_11521500,5,1,Continuous_FCM_Class_All,147,1096,0.13437317825996897,0.04315259154196993,0.07765923370730432,KGE
subsequent_2016_2020,hysets_11522500,3,1,Continuous_FCM_Class_All,146,1096,0.3244399033096287,0.2462619816134054,0.07985553551697916,KGE
subsequent_2016_2020,hysets_11523200,5,1,Continuous_FCM_Class_All,147,1096,0.24060325606902577,0.15271259939039128,0.06677048134030554,KGE
subsequent_2016_2020,hysets_11528700,2,1,Continuous_FCM_Class_All,146,1096,0.29859406351690077,0.21811693064435944,0.08566164428190247,KGE
subsequent_2016_2020,hysets_11532500,3,1,Continuous_FCM_Class_All,66,1096,0.10704195923938054,0.17840754667727976,0.11963562550715089,KGE
subsequent_2016_2020,hysets_12025700,2,1,Continuous_FCM_Class_All,65,1096,0.4328844749097557,0.4952164391957604,0.0841979748347126,KGE
subsequent_2016_2020,hysets_12035000,3,1,Continuous_FCM_Class_All,66,1096,0.5612056927983117,0.48540059704145566,0.055889647355616884,KGE
subsequent_2016_2020,hysets_12039500,2,1,Continuous_FCM_Class_All,65,1096,0.3774410808053924,0.2594063161824819,0.0826916497435679,KGE
subsequent_2016_2020,hysets_12040500,5,1,Continuous_FCM_Class_All,66,1096,0.4129536060713318,0.24805310589441198,0.09482121897377946,KGE
subsequent_2016_2020,hysets_12041200,1,1,Continuous_FCM_Class_All,65,1096,0.5195490819669927,0.3836166712892385,0.07395172987061839,KGE
subsequent_2016_2020,hysets_12043000,3,1,Continuous_FCM_Class_All,66,1096,0.496041681827621,0.35376387356923455,0.09285692272040226,KGE
subsequent_2016_2020,hysets_12048000,5,1,Continuous_FCM_Class_All,66,1096,-5.893753045718704,-0.9879844194866692,0.29201919228445744,KGE
subsequent_2016_2020,hysets_12054000,1,1,Continuous_FCM_Class_All,65,1096,0.6739445184864228,0.6852926261020093,0.07441954031233895,KGE
subsequent_2016_2020,hysets_12056500,5,1,Continuous_FCM_Class_All,66,1096,0.35057515797135164,0.21455768107419315,0.08276304122793757,KGE
subsequent_2016_2020,hysets_12082500,2,0,Continuous_FCM_Class_All,65,1096,0.3791730755102556,0.6742928940451044,0.06612404711812214,KGE
subsequent_2016_2020,hysets_12092000,5,0,Continuous_FCM_Class_All,66,1096,0.285006707415865,0.6512123455407236,0.08885412176528101,KGE
subsequent_2016_2020,hysets_12115000,1,1,Continuous_FCM_Class_All,65,1096,0.46603723372843886,0.6213359286048482,0.07533445652796872,KGE
subsequent_2016_2020,hysets_12134500,5,1,Continuous_FCM_Class_All,66,1096,0.4894816601567802,0.47811423105329964,0.0679658133117281,KGE
subsequent_2016_2020,hysets_12141300,5,1,Continuous_FCM_Class_All,66,1096,0.47439892206868517,0.4289523095217832,0.08873503798539246,KGE
subsequent_2016_2020,hysets_12142000,2,1,Continuous_FCM_Class_All,65,1096,0.5224004093469805,0.43447732730774047,0.08706758677635934,KGE
subsequent_2016_2020,hysets_12186000,1,1,Continuous_FCM_Class_All,65,1096,0.4720069186054059,0.5919296830820036,0.06459885405348224,KGE
subsequent_2016_2020,hysets_12189500,1,1,Continuous_FCM_Class_All,65,1096,0.3853606173967645,0.6826509745025642,0.05973974785977842,KGE
subsequent_2016_2020,hysets_12205000,4,1,Continuous_FCM_Class_All,66,1096,0.2740952043532414,0.6206596848347545,0.0726041383477134,KGE
subsequent_2016_2020,hysets_12324590,1,1,Continuous_FCM_Class_All,237,1096,-2.158345535588901,-0.9053912248399525,0.22169093819576077,KGE
subsequent_2016_2020,hysets_12330000,3,1,Continuous_FCM_Class_All,238,1096,0.011065539209956676,0.13542533006929203,0.0638708107512603,KGE
subsequent_2016_2020,hysets_12332000,4,1,Continuous_FCM_Class_All,238,1096,0.3075684595804865,0.3096038130065175,0.14450717394863602,KGE
subsequent_2016_2020,hysets_12370000,5,1,Continuous_FCM_Class_All,238,1096,0.16903838170904395,0.2194458992182572,0.18433821934051786,KGE
subsequent_2016_2020,hysets_12389500,1,1,Continuous_FCM_Class_All,237,1096,-0.45945337698134336,0.08847680743829545,0.1713322120639862,KGE
subsequent_2016_2020,hysets_12411000,1,1,Continuous_FCM_Class_All,146,1086,0.22323520904756156,0.22617378269971278,0.10745422332582265,KGE
subsequent_2016_2020,hysets_12414900,1,1,Continuous_FCM_Class_All,237,1096,0.09864691054819319,0.11147124915118534,0.093626610025816,KGE
subsequent_2016_2020,hysets_12452800,4,1,Continuous_FCM_Class_All,147,1096,0.15300397088269946,0.16414364493447875,0.1370080874018944,KGE
subsequent_2016_2020,hysets_12488500,1,1,Continuous_FCM_Class_All,146,1096,0.12092066309570249,0.13591931996854278,0.1287959488568385,KGE
subsequent_2016_2020,hysets_13010065,5,1,Continuous_FCM_Class_All,238,1096,0.19696245168430304,0.11009000648140499,0.1604679326822977,KGE
subsequent_2016_2020,hysets_13011900,2,1,Continuous_FCM_Class_All,237,1096,0.09182265484099039,0.01655781514264465,0.17381302717512387,KGE
subsequent_2016_2020,hysets_13023000,1,1,Continuous_FCM_Class_All,237,1096,0.3363061763943124,0.31439080492386884,0.18437242394223316,KGE
subsequent_2016_2020,hysets_13186000,5,1,Continuous_FCM_Class_All,238,1096,0.39874447353904763,0.31726065363887657,0.10169293521521286,KGE
subsequent_2016_2020,hysets_13235000,2,1,Continuous_FCM_Class_All,237,1096,0.18349520304545341,0.1379663361285528,0.1570914560840797,KGE
subsequent_2016_2020,hysets_13297355,3,1,Continuous_FCM_Class_All,238,1096,0.2535650505727217,0.06809657417651149,0.104485017113385,KGE
subsequent_2016_2020,hysets_13331500,4,1,Continuous_FCM_Class_All,238,1096,0.28459348928053074,0.19481588922408088,0.1451773974823762,KGE
subsequent_2016_2020,hysets_13339500,3,1,Continuous_FCM_Class_All,238,1096,0.11428739647326813,0.11157631658160594,0.08098038035696295,KGE
subsequent_2016_2020,hysets_14013000,2,1,Continuous_FCM_Class_All,237,1096,-0.07426919094939421,-0.05528045125277936,0.1163439606463452,KGE
subsequent_2016_2020,hysets_14020000,3,1,Continuous_FCM_Class_All,146,1096,0.14534108688578085,0.24154778115688436,0.09740753269354603,KGE
subsequent_2016_2020,hysets_14020300,2,1,Continuous_FCM_Class_All,237,1096,-0.009106284722278257,0.02882722432824658,0.12291103688511977,KGE
subsequent_2016_2020,hysets_14038530,3,1,Continuous_FCM_Class_All,238,1096,-3.4639553462875297,-0.7295407190011718,0.307712402885661,KGE
subsequent_2016_2020,hysets_14044000,5,1,Continuous_FCM_Class_All,238,1046,-1.2559985372657287,-0.5856283375958011,0.20202222707169862,KGE
subsequent_2016_2020,hysets_14091500,2,0,Continuous_FCM_Class_All,237,1096,-31.905345526508817,0.0390467682977339,0.8749588593030934,KGE
subsequent_2016_2020,hysets_14096850,2,1,Continuous_FCM_Class_All,133,1096,-0.05565833355700689,0.023942148147124254,0.11627692298362409,KGE
subsequent_2016_2020,hysets_14097100,1,1,Continuous_FCM_Class_All,237,1096,-4.232895965155805,-0.4519084488350251,0.3409933479896651,KGE
subsequent_2016_2020,hysets_14154500,4,1,Continuous_FCM_Class_All,147,1096,0.19142649378287668,0.17193703988720987,0.09004003624962402,KGE
subsequent_2016_2020,hysets_14158500,1,1,Continuous_FCM_Class_All,171,1095,-0.394638979855918,0.118245211472493,0.24565419623893828,KGE
subsequent_2016_2020,hysets_14166500,5,1,Continuous_FCM_Class_All,147,1096,0.23975970411620195,0.21475578785851923,0.09260974249489017,KGE
subsequent_2016_2020,hysets_14178000,3,1,Continuous_FCM_Class_All,171,1096,-0.2286375412597168,0.00029483009785225,0.14992623127550728,KGE
subsequent_2016_2020,hysets_14182500,5,1,Continuous_FCM_Class_All,66,1096,0.42472214517587104,0.4383709148818603,0.07430858512069584,KGE
subsequent_2016_2020,hysets_14185000,4,0,Continuous_FCM_Class_All,66,1096,0.03808488044330349,0.31316096575560426,0.118632050569476,KGE
subsequent_2016_2020,hysets_14185900,2,1,Continuous_FCM_Class_All,65,1096,0.41468364831054494,0.4131597245007331,0.0901754968483709,KGE
subsequent_2016_2020,hysets_14236200,3,1,Continuous_FCM_Class_All,66,1096,0.5070908635216371,0.5378278634037388,0.0861484922136191,KGE
subsequent_2016_2020,hysets_14301000,3,1,Continuous_FCM_Class_All,146,1095,0.017316011313739943,-0.06350741072566857,0.12872518514059372,KGE
subsequent_2016_2020,hysets_14306500,1,1,Continuous_FCM_Class_All,146,1096,0.02702889177178991,-0.034790177267079114,0.11458733784782893,KGE
subsequent_2016_2020,hysets_14308000,5,1,Continuous_FCM_Class_All,147,1096,0.2738536586589314,0.27143305911519455,0.0723885969395833,KGE
subsequent_2016_2020,hysets_14309500,2,1,Continuous_FCM_Class_All,146,1096,0.17909274095210004,0.07603104105907821,0.10017021020624112,KGE
subsequent_2016_2020,hysets_14316700,2,1,Continuous_FCM_Class_All,146,1096,0.22399911526213856,0.16116126716094226,0.09537651111647531,KGE
subsequent_2016_2020,hysets_14325000,4,0,Continuous_FCM_Class_All,147,1096,-0.014873383830382947,-0.15857407647364563,0.09735177011751174,KGE
subsequent_2016_2020,hysets_14338000,2,1,Continuous_FCM_Class_All,146,1096,0.2490841974518888,0.1892089796557581,0.08561989787286382,KGE
subsequent_2016_2020,hysets_14377100,4,1,Continuous_FCM_Class_All,147,1093,0.07742823610799976,-0.04641542978509405,0.11606410010063023,KGE
subsequent_2016_2020,hysets_14400000,3,1,Continuous_FCM_Class_All,66,1096,0.15970460469567016,0.1275938199159029,0.10373480171905551,KGE
subsequent_2016_2020,lamah_12425002,3,1,Continuous_FCM_Class_All,171,731,0.034432984807885925,0.08196950722418295,0.12086615059733981,KGE
subsequent_2016_2020,lamah_16000708,2,1,Continuous_FCM_Class_All,171,731,-0.1282966580315752,0.13670889278982656,0.19614331016765144,KGE
subsequent_2016_2020,lamah_16001303,5,1,Continuous_FCM_Class_All,172,731,-7.599602920622033,-1.2065050739556495,0.25896456443089666,KGE
subsequent_2016_2020,lamah_16610709,4,1,Continuous_FCM_Class_All,171,731,0.07612810450218321,0.05343902414764934,0.07109760414381498,KGE
subsequent_2016_2020,lamah_17404000,1,1,Continuous_FCM_Class_All,171,731,-0.8184008786469821,0.01577287748981182,0.1821575029966153,KGE
subsequent_2016_2020,lamah_18481006,5,1,Continuous_FCM_Class_All,172,731,0.11015114829046391,0.1428482243223218,0.10088523779647379,KGE
subsequent_2016_2020,lamah_18486000,4,1,Continuous_FCM_Class_All,171,731,-0.039229789106941304,0.13994980043782812,0.11461698026298393,KGE
subsequent_2016_2020,lamah_200253,4,1,Continuous_FCM_Class_All,171,731,-0.12476883437546782,-0.0421696044512907,0.13095766743828985,KGE
subsequent_2016_2020,lamah_200261,5,1,Continuous_FCM_Class_All,172,731,-0.08580106266806431,-0.06147816517560711,0.12264203115726705,KGE
subsequent_2016_2020,lamah_200303,2,1,Continuous_FCM_Class_All,171,731,0.16130595446649432,0.08455457864738014,0.0783026666245753,KGE
subsequent_2016_2020,lamah_201012,2,0,Continuous_FCM_Class_All,171,731,-0.1279984236738838,-0.06500870350900012,0.14132982283890808,KGE
subsequent_2016_2020,lamah_201087,4,1,Continuous_FCM_Class_All,171,731,0.010540303389248051,0.0344046720468435,0.14062120137353862,KGE
subsequent_2016_2020,lamah_201095,2,1,Continuous_FCM_Class_All,171,731,-0.06426114282994977,0.05637340681423675,0.17637156585862723,KGE
subsequent_2016_2020,lamah_201160,3,1,Continuous_FCM_Class_All,146,731,-0.1458385772768216,0.045537920024483425,0.1261945997089015,KGE
subsequent_2016_2020,lamah_201236,3,1,Continuous_FCM_Class_All,146,731,-0.4136448086720843,0.07663577641773744,0.1480025668846217,KGE
subsequent_2016_2020,lamah_201251,1,1,Continuous_FCM_Class_All,146,731,-0.15235767886779605,-0.01708423318243968,0.1703401595881507,KGE
subsequent_2016_2020,lamah_201335,5,1,Continuous_FCM_Class_All,147,731,-1.121004879651534,-0.20945696130819047,0.20682017239637315,KGE
subsequent_2016_2020,lamah_201392,2,1,Continuous_FCM_Class_All,146,731,-0.2771276484753378,-0.29243881181587805,0.25352597260627896,KGE
subsequent_2016_2020,lamah_201434,2,1,Continuous_FCM_Class_All,146,731,-0.3047194011064649,-0.23970943075338758,0.25254850036199306,KGE
subsequent_2016_2020,lamah_201558,1,1,Continuous_FCM_Class_All,171,731,-0.021326197783985812,-0.004646256677404148,0.18860583073080064,KGE
subsequent_2016_2020,lamah_201566,3,1,Continuous_FCM_Class_All,171,731,-0.03924649687373538,-0.111223708209514,0.11209296386401585,KGE
subsequent_2016_2020,lamah_201574,1,1,Continuous_FCM_Class_All,171,731,-0.02045705927480035,-0.006764673492553497,0.15704906893415851,KGE
subsequent_2016_2020,lamah_201723,5,1,Continuous_FCM_Class_All,172,731,-0.005726584081251929,0.005590984988171899,0.19776153637262642,KGE
subsequent_2016_2020,lamah_201848,2,1,Continuous_FCM_Class_All,171,731,0.04410360954410886,0.1698842931386947,0.17673990293537442,KGE
subsequent_2016_2020,lamah_202036,1,1,Continuous_FCM_Class_All,171,731,0.03681139283343049,0.08612052626231892,0.16052448106843814,KGE
subsequent_2016_2020,lamah_203026,3,1,Continuous_FCM_Class_All,146,731,-0.16119764514767554,-0.08693899190883458,0.18476491217255706,KGE
subsequent_2016_2020,lamah_203075,5,1,Continuous_FCM_Class_All,172,731,-0.04260852918983571,-0.1340343647898925,0.17088391087844873,KGE
subsequent_2016_2020,lamah_203166,2,1,Continuous_FCM_Class_All,171,731,-0.14487090997707064,0.03412492098938391,0.15671925361441955,KGE
subsequent_2016_2020,lamah_203224,3,1,Continuous_FCM_Class_All,171,731,0.08592875598305694,0.03396166026912706,0.13876503323890468,KGE
subsequent_2016_2020,lamah_203265,2,1,Continuous_FCM_Class_All,171,731,0.24679526268471608,0.22729108165984202,0.0844956705434266,KGE
subsequent_2016_2020,lamah_203307,4,1,Continuous_FCM_Class_All,171,731,0.07819673080018064,0.07365810398491679,0.09843387775701296,KGE
subsequent_2016_2020,lamah_203463,2,1,Continuous_FCM_Class_All,171,731,0.36257059787773194,0.35001570211477806,0.1364499998755533,KGE
subsequent_2016_2020,lamah_203505,1,1,Continuous_FCM_Class_All,171,731,0.0221132193913105,0.1366988106223197,0.1498801978489161,KGE
subsequent_2016_2020,lamah_203711,5,1,Continuous_FCM_Class_All,172,731,0.23238454197012137,0.2461855718973356,0.1347414777622632,KGE
subsequent_2016_2020,lamah_203752,1,1,Continuous_FCM_Class_All,171,731,-0.22850102699526964,0.18320327304625073,0.17295516280872306,KGE
subsequent_2016_2020,lamah_203760,2,1,Continuous_FCM_Class_All,171,731,-0.033830039341884444,0.06798793941375458,0.16106334604941872,KGE
subsequent_2016_2020,lamah_203786,1,1,Continuous_FCM_Class_All,171,731,0.05405918285992739,0.14398893065014107,0.1704755225553917,KGE
subsequent_2016_2020,lamah_203794,3,1,Continuous_FCM_Class_All,171,731,-0.31263359931883095,0.1932821395838893,0.182838777831631,KGE
subsequent_2016_2020,lamah_203828,3,1,Continuous_FCM_Class_All,171,731,-0.031281309783538935,0.22197586618869847,0.14498030625858363,KGE
subsequent_2016_2020,lamah_204875,2,1,Continuous_FCM_Class_All,146,731,-0.8413254459338066,0.036963536542198194,0.14069527739299534,KGE
subsequent_2016_2020,lamah_204925,1,1,Continuous_FCM_Class_All,132,731,-0.6092053802607023,-0.24251630207340114,0.13174243815506392,KGE
subsequent_2016_2020,lamah_205104,3,1,Continuous_FCM_Class_All,171,731,-0.24173865883910217,0.0092845996596006,0.18886691748743564,KGE
subsequent_2016_2020,lamah_205179,4,1,Continuous_FCM_Class_All,171,731,0.0817614795591165,0.0929051774394869,0.16385961354530684,KGE
subsequent_2016_2020,lamah_205294,2,1,Continuous_FCM_Class_All,171,731,0.1724430692152802,0.12094060557875386,0.0853762267001841,KGE
subsequent_2016_2020,lamah_205500,4,1,Continuous_FCM_Class_All,171,731,0.17763837780789393,0.22730899944392524,0.09702068978343541,KGE
subsequent_2016_2020,lamah_205740,5,1,Continuous_FCM_Class_All,172,731,0.11549902001088386,0.02333828255813586,0.08922808723537808,KGE
subsequent_2016_2020,lamah_205799,1,0,Continuous_FCM_Class_All,171,731,-0.15757751261792263,0.06297620949318283,0.14519692640302218,KGE
subsequent_2016_2020,lamah_205823,5,1,Continuous_FCM_Class_All,172,731,0.2097672883028766,0.23467581997748665,0.07855119976644198,KGE
subsequent_2016_2020,lamah_205831,5,1,Continuous_FCM_Class_All,172,731,0.07372449946330994,0.14681296889600948,0.09978276204967754,KGE
subsequent_2016_2020,lamah_205864,3,1,Continuous_FCM_Class_All,171,731,-0.0870657144299467,0.11175632580634987,0.11591035093404674,KGE
subsequent_2016_2020,lamah_205898,3,1,Continuous_FCM_Class_All,171,731,0.2896466356072849,0.24092437158781188,0.08640559980065976,KGE
subsequent_2016_2020,lamah_206508,4,1,Continuous_FCM_Class_All,171,731,-0.14079034933141443,0.03460861144593674,0.14467339236530358,KGE
subsequent_2016_2020,lamah_207613,5,0,Continuous_FCM_Class_All,133,731,-0.34074821711425884,-0.2310674107404802,0.12384432801296305,KGE
subsequent_2016_2020,lamah_207654,2,1,Continuous_FCM_Class_All,171,731,0.09429093949928224,0.09188268003811073,0.11904653403554297,KGE
subsequent_2016_2020,lamah_207738,2,1,Continuous_FCM_Class_All,171,731,0.2035119131988914,0.18763837953668028,0.08373697746133077,KGE
subsequent_2016_2020,lamah_207852,2,1,Continuous_FCM_Class_All,171,731,-0.19558255405033953,0.03737034677139217,0.10015696863089786,KGE
subsequent_2016_2020,lamah_208116,1,1,Continuous_FCM_Class_All,132,731,-0.18554351657179957,-0.14760604245127507,0.09839027089750595,KGE
subsequent_2016_2020,lamah_208686,2,1,Continuous_FCM_Class_All,171,731,-0.2847129071388761,0.21523659390697336,0.12675135065262405,KGE
subsequent_2016_2020,lamah_209361,1,1,Continuous_FCM_Class_All,171,731,0.2806797064134765,0.2650805266393452,0.08428842646220955,KGE
subsequent_2016_2020,lamah_209551,1,1,Continuous_FCM_Class_All,171,731,0.1863941473377163,0.10559758344294701,0.09831445913243396,KGE
subsequent_2016_2020,lamah_210526,4,1,Continuous_FCM_Class_All,171,731,-0.30274361608160394,0.031105769594892307,0.21408973304427822,KGE
subsequent_2016_2020,lamah_210641,1,1,Continuous_FCM_Class_All,171,731,0.2022308409427226,0.2409918820807473,0.11911118805495424,KGE
subsequent_2016_2020,lamah_210732,2,0,Continuous_FCM_Class_All,171,731,-1.6672116502942167,-0.43953385903567255,0.13385649387769255,KGE
subsequent_2016_2020,lamah_210773,1,1,Continuous_FCM_Class_All,171,731,0.14661176891622563,0.33229738710130474,0.1229965612623049,KGE
subsequent_2016_2020,lamah_210815,5,1,Continuous_FCM_Class_All,172,731,-0.0031474953439871722,0.23544974160999477,0.10601408595942552,KGE
subsequent_2016_2020,lamah_210856,3,1,Continuous_FCM_Class_All,171,731,0.005425835417295244,0.19817883999492603,0.1327627611418675,KGE
subsequent_2016_2020,lamah_210864,1,1,Continuous_FCM_Class_All,171,731,0.34502205837528466,0.3483931320118363,0.07752720226988392,KGE
subsequent_2016_2020,lamah_210898,1,1,Continuous_FCM_Class_All,171,731,0.31545495664019696,0.31882140051887176,0.11020306845453218,KGE
subsequent_2016_2020,lamah_211086,4,1,Continuous_FCM_Class_All,171,731,-0.6739412753756062,0.08558708104118451,0.18115475537568712,KGE
subsequent_2016_2020,lamah_211169,3,1,Continuous_FCM_Class_All,171,731,-0.9706168659427381,0.171169912816016,0.12373777802419249,KGE
subsequent_2016_2020,lamah_211656,1,1,Continuous_FCM_Class_All,146,731,-1.0599854501197368,-0.8920540857162318,0.06658993437749547,KGE
subsequent_2016_2020,lamah_212027,5,1,Continuous_FCM_Class_All,172,731,-1.2773048416792987,-0.07898634712456132,0.2491014909917464,KGE
subsequent_2016_2020,lamah_212043,5,0,Continuous_FCM_Class_All,147,731,-0.17796809193879404,-0.30577142634885335,0.16158592973265448,KGE
subsequent_2016_2020,lamah_212092,2,1,Continuous_FCM_Class_All,146,731,-0.2532254124568569,-0.23089619834875186,0.19543419963277325,KGE
subsequent_2016_2020,lamah_212100,2,1,Continuous_FCM_Class_All,146,731,-0.31305768766752173,-0.12286997443782433,0.20072537665203363,KGE
subsequent_2016_2020,lamah_212167,1,1,Continuous_FCM_Class_All,146,731,-0.23967344844355232,-0.11593098852582417,0.18540248549096713,KGE
subsequent_2016_2020,lamah_212183,2,1,Continuous_FCM_Class_All,146,731,-0.26822014637907476,-0.21290296769200334,0.1888610647090695,KGE
subsequent_2016_2020,lamah_212316,5,0,Continuous_FCM_Class_All,172,731,-0.14765841784361133,-0.095667117036222,0.19428968621538403,KGE
subsequent_2016_2020,lamah_212373,2,0,Continuous_FCM_Class_All,146,731,-2.005195101969095,-0.2785391832172739,0.23250668726365206,KGE
subsequent_2016_2020,lamah_212399,5,1,Continuous_FCM_Class_All,172,731,-0.6565694434667197,-0.06586755556307922,0.13033630121553202,KGE
subsequent_2016_2020,lamah_212431,3,1,Continuous_FCM_Class_All,171,731,-1.422274797217054,-0.0958096168733007,0.17455611387429307,KGE
subsequent_2016_2020,lamah_212522,1,0,Continuous_FCM_Class_All,132,731,-2.020238458953525,-0.40977343877264905,0.3575132100837905,KGE
subsequent_2016_2020,lamah_212613,2,1,Continuous_FCM_Class_All,171,731,-0.649939942854475,0.11097394747306022,0.23469437482380676,KGE
subsequent_2016_2020,lamah_212647,5,1,Continuous_FCM_Class_All,172,731,-0.3100625562397945,0.05584574408428378,0.14680429510453816,KGE
subsequent_2016_2020,lamah_212670,3,1,Continuous_FCM_Class_All,171,731,-0.15605217589195597,0.11427208185612159,0.09737782819011914,KGE
subsequent_2016_2020,lamah_212860,1,1,Continuous_FCM_Class_All,132,731,-0.8809229933291025,-0.47182603869752193,0.2094894246180468,KGE
subsequent_2016_2020,lamah_212878,3,1,Continuous_FCM_Class_All,133,731,-0.8101134224389193,-0.5261335698239287,0.18762285162962178,KGE
subsequent_2016_2020,lamah_212886,4,1,Continuous_FCM_Class_All,133,731,-0.7449298278207201,-0.4350531502531616,0.17717677402367094,KGE
subsequent_2016_2020,lamah_212894,5,0,Continuous_FCM_Class_All,133,731,-0.8671904384300961,-0.4876683622454263,0.18246874135823224,KGE
subsequent_2016_2020,lamah_212928,5,1,Continuous_FCM_Class_All,133,731,-1.1591206700049956,-0.4540639184166366,0.1628054302149576,KGE
subsequent_2016_2020,lamah_213124,2,1,Continuous_FCM_Class_All,171,731,-0.8260025613597397,-0.09572153880088896,0.1536127213693439,KGE
subsequent_2016_2020,lamah_213181,4,1,Continuous_FCM_Class_All,133,731,-1.5221976276133122,-0.3916100280167667,0.23818921012003902,KGE
subsequent_2016_2020,lamah_213306,3,1,Continuous_FCM_Class_All,133,731,-0.8119214452377512,-0.5183258491757485,0.2095195316239142,KGE
subsequent_2016_2020,lamah_2150,4,1,Continuous_FCM_Class_All,171,731,0.13018224874472506,0.09873942003393055,0.09840844150833107,KGE
subsequent_2016_2020,lamah_2262,1,1,Continuous_FCM_Class_All,146,731,-0.13883865769252735,-0.21016005574572016,0.13562975178492453,KGE
subsequent_2016_2020,lamah_403,2,1,Continuous_FCM_Class_All,146,731,-0.3018001401697834,-0.10373472920850713,0.18966752978019624,KGE
subsequent_2016_2020,camelsbr_57250000,5,1,Knoben_K5,5,1039,-9.115865149250375,-1.1944557136653038,0.24444696250325157,KGE
subsequent_2016_2020,camelsbr_58060000,3,1,Knoben_K5,5,1013,-3.9427220424057596,-0.44582457611734116,0.1260012162397648,KGE
subsequent_2016_2020,camelsbr_58258000,1,1,Knoben_K5,5,1003,0.20333199029266502,0.3496873980306261,0.059493434314570055,KGE
subsequent_2016_2020,camelsbr_58530000,3,1,Knoben_K5,5,1003,-1.0735702738853794,0.19063391657058915,0.15558434488931502,KGE
subsequent_2016_2020,camelsbr_58535000,3,1,Knoben_K5,5,1004,-2.030889714345271,-0.05097991206543839,0.22492417767660033,KGE
subsequent_2016_2020,camelsbr_58542000,1,1,Knoben_K5,5,1035,-0.5331019226099654,-0.08783137428585497,0.13834725100392403,KGE
subsequent_2016_2020,camelsbr_59370000,2,1,Knoben_K5,5,1040,-0.5185345585309831,-0.10550481363373732,0.09246106387785334,KGE
subsequent_2016_2020,camelsbr_70100000,4,1,Knoben_K5,5,1026,-0.41424263690921315,0.3953394497249252,0.11717131450528527,KGE
subsequent_2016_2020,camelsbr_71300000,1,1,Knoben_K5,5,1081,-1.4599428224173199,-0.37720569771811263,0.2450455642564635,KGE
subsequent_2016_2020,camelsbr_73765000,1,1,Knoben_K5,5,1035,0.162378795924622,0.18825325951814753,0.08904321545601505,KGE
subsequent_2016_2020,camelscl_1050002,4,1,Knoben_K5,5,678,-21083.115267244586,-141.52812900671339,33.68158827651239,KGE
subsequent_2016_2020,camelscl_1201005,3,1,Knoben_K5,5,922,-8404.973364737587,-80.63767550320134,11.115390756772934,KGE
subsequent_2016_2020,camelscl_12284002,1,1,Knoben_K5,5,974,-387.58512218646854,-19.563227504481976,2.362426085108474,KGE
subsequent_2016_2020,camelscl_12284003,4,1,Knoben_K5,5,730,-100.17943330463098,-10.796452279300075,1.203156875986899,KGE
subsequent_2016_2020,camelscl_12284006,1,1,Knoben_K5,5,720,-5.037978987988108,-1.2775669044999831,0.26440133348281647,KGE
subsequent_2016_2020,camelscl_12582001,4,1,Knoben_K5,5,1566,-0.2682027892129688,0.09533792745469494,0.07773694469973405,KGE
subsequent_2016_2020,camelscl_12600001,2,1,Knoben_K5,5,1137,-0.4071810414850059,-0.10806678754978227,0.2174896424357543,KGE
subsequent_2016_2020,camelscl_12622001,5,1,Knoben_K5,5,1535,-6.405000121810024,-1.1302206461665678,0.27750088197375494,KGE
subsequent_2016_2020,camelscl_12802001,3,1,Knoben_K5,5,1273,-15.922454864757793,-3.8570383206369003,0.29181115870391766,KGE
subsequent_2016_2020,camelscl_12805001,2,1,Knoben_K5,5,1286,-6.585385523770092,-1.0322559865475909,0.38516550283780504,KGE
subsequent_2016_2020,camelscl_12806001,5,1,Knoben_K5,5,1304,-50.94379250928015,-4.124398208001314,0.8807432356604971,KGE
subsequent_2016_2020,camelscl_4301002,3,1,Knoben_K5,5,1376,-4.143958404442365,-0.5930233548484951,0.42673925942957547,KGE
subsequent_2016_2020,camelscl_4311001,1,1,Knoben_K5,5,1230,-232.44249464687834,-12.154997948079966,3.028983797122097,KGE
subsequent_2016_2020,camelscl_4313001,1,1,Knoben_K5,5,1029,-1279.837176668933,-22.62111945864732,5.940353555835702,KGE
subsequent_2016_2020,camelscl_4314002,4,1,Knoben_K5,5,1429,-317.9080355432906,-15.732923440674028,0.7916125286153625,KGE
subsequent_2016_2020,camelscl_4501001,4,1,Knoben_K5,5,907,-1363.489950411697,-24.255390626024052,5.835713887975315,KGE
subsequent_2016_2020,camelscl_4503001,1,1,Knoben_K5,5,1066,-19.05742487849395,-14.046675579300484,0.295050198707246,KGE
subsequent_2016_2020,camelscl_4511002,1,1,Knoben_K5,5,1400,-52.00161978571712,-5.272061504178866,1.3166222303340709,KGE
subsequent_2016_2020,camelscl_4512001,1,1,Knoben_K5,5,1023,-12.36526198015636,-1.7896824572448136,0.5348590806723762,KGE
subsequent_2016_2020,camelscl_4513001,3,1,Knoben_K5,5,1223,-1.3393701498725816,-0.19329811950836095,0.0606626683711304,KGE
subsequent_2016_2020,camelscl_4514001,2,1,Knoben_K5,5,1217,-206.00779417130383,-18.912946178255677,1.3360068341120397,KGE
subsequent_2016_2020,camelscl_4520001,4,1,Knoben_K5,5,1307,-27666.528360638487,-155.8905193858981,13.450500993322432,KGE
subsequent_2016_2020,camelscl_4530001,4,1,Knoben_K5,5,862,-115.66862497972701,-8.79436136027953,2.075528831492989,KGE
subsequent_2016_2020,camelscl_4532001,3,0,Knoben_K5,5,1006,-356.57298878773645,-20.092030260151198,3.4117537662786868,KGE
subsequent_2016_2020,camelscl_4703002,1,1,Knoben_K5,5,1613,-18.30967307843606,-2.6475434800725086,0.5867429045109124,KGE
subsequent_2016_2020,camelscl_4721001,3,1,Knoben_K5,5,1097,-215.64828469692355,-12.791119543097587,2.915920227308546,KGE
subsequent_2016_2020,camelscl_4723001,5,1,Knoben_K5,5,1107,-5226.018827791965,-59.42906249514361,5.744636453634231,KGE
subsequent_2016_2020,camelscl_5200001,2,1,Knoben_K5,5,1307,-7925.100459781893,-82.02735157264493,8.06229170974541,KGE
subsequent_2016_2020,camelscl_5401003,2,0,Knoben_K5,5,1562,-0.41716845705946226,0.39645942012945856,0.2669050949143625,KGE
subsequent_2016_2020,camelscl_5402001,5,1,Knoben_K5,5,1448,-1.1522504904389268,-0.375917173500937,0.07552827983339282,KGE
subsequent_2016_2020,camelscl_5406001,1,1,Knoben_K5,5,1016,-36.97023199120411,-7.030066881925848,1.07481811054575,KGE
subsequent_2016_2020,camelscl_5706001,1,1,Knoben_K5,5,1517,-1.7710460672336366,-0.9744157062713061,0.09639555262283576,KGE
subsequent_2016_2020,camelscl_5707002,1,1,Knoben_K5,5,1597,-2.65850402438025,-0.15925764592520641,0.32880543967517134,KGE
subsequent_2016_2020,camelscl_5722001,4,1,Knoben_K5,5,644,-609.9866603732834,-19.960556478593038,3.7234396262142884,KGE
subsequent_2016_2020,camelscl_5722002,1,1,Knoben_K5,5,1561,-352.35582047614616,-15.403184402713553,0.8932822058285714,KGE
subsequent_2016_2020,camelscl_6013001,5,1,Knoben_K5,5,1552,-1.0029619111047925,0.07926582329125087,0.18780404876820997,KGE
subsequent_2016_2020,camelscl_7103001,4,1,Knoben_K5,5,908,-16.364489793727955,-2.1391174476358117,0.35633654842864626,KGE
subsequent_2016_2020,camelscl_7104002,4,1,Knoben_K5,5,1490,-2.9361367533004468,-0.25809014872560354,0.1547105628182458,KGE
subsequent_2016_2020,camelscl_7112001,5,1,Knoben_K5,5,1043,-15.570961670770934,-1.8176093173315726,0.6130624157971069,KGE
subsequent_2016_2020,camelscl_7115001,2,1,Knoben_K5,5,1294,-36.83564611708863,-3.6022842451033004,0.7464272269337289,KGE
subsequent_2016_2020,camelscl_7116001,3,1,Knoben_K5,5,1204,-7.185810459268399,-1.398745316976754,0.2274416361803847,KGE
subsequent_2016_2020,camelscl_7355002,1,1,Knoben_K5,5,1391,-2.469816808073615,-0.1186469849336691,0.19825315305371546,KGE
subsequent_2016_2020,camelscl_7374001,5,1,Knoben_K5,5,1019,-8.54039335676579,-2.8400825923963517,0.23835420408225372,KGE
subsequent_2016_2020,camelscl_8130002,1,1,Knoben_K5,5,1399,-1.5706752639070434,-0.13800244005628914,0.10808632815708877,KGE
subsequent_2016_2020,camelscl_8351001,3,0,Knoben_K5,5,1209,-3.7292591408565094,-0.46302556490950675,0.17252188330538396,KGE
subsequent_2016_2020,hysets_01010070,4,1,Knoben_K5,5,1096,0.17532540137675934,0.5475485976892255,0.11385080257907947,KGE
subsequent_2016_2020,hysets_01022500,1,1,Knoben_K5,5,1096,0.7929265917132606,0.8891843640160338,0.05410773906946902,KGE
subsequent_2016_2020,hysets_01031500,1,1,Knoben_K5,5,1096,0.7549874050467684,0.7090916922192824,0.057671293664065516,KGE
subsequent_2016_2020,hysets_01038000,3,1,Knoben_K5,5,1096,0.44616613278017203,0.6662581299451402,0.08651263782742365,KGE
subsequent_2016_2020,hysets_01047000,2,1,Knoben_K5,5,1096,0.9169484192751932,0.8909147808597585,0.03024625197253748,KGE
subsequent_2016_2020,hysets_01054200,1,1,Knoben_K5,5,1096,-0.21111516781286377,0.19012606667844278,0.04980421199595103,KGE
subsequent_2016_2020,hysets_01055000,3,1,Knoben_K5,5,1096,0.8141803834236078,0.7676542048550645,0.03273078137185433,KGE
subsequent_2016_2020,hysets_01057000,2,1,Knoben_K5,5,1096,0.5226695412511235,0.6643170204160845,0.08156648549077414,KGE
subsequent_2016_2020,hysets_01064500,3,1,Knoben_K5,5,1096,0.42319950904141035,0.43854334437951303,0.04489716191325372,KGE
subsequent_2016_2020,hysets_01076500,1,1,Knoben_K5,5,1096,0.7356146295050727,0.7373468969226488,0.03881276152656556,KGE
subsequent_2016_2020,hysets_01078000,2,1,Knoben_K5,5,1096,0.45278446448778686,0.647944589183697,0.07509653895952151,KGE
subsequent_2016_2020,hysets_01096000,1,0,Knoben_K5,5,1096,0.5098145020562348,0.5502324877460505,0.0697724855767608,KGE
subsequent_2016_2020,hysets_01118000,1,1,Knoben_K5,5,1096,-0.3007172880415121,0.3069051599781345,0.15757293856391696,KGE
subsequent_2016_2020,hysets_01134500,1,1,Knoben_K5,5,1096,0.6843704066867696,0.8417487683131273,0.061775818639034356,KGE
subsequent_2016_2020,hysets_01137500,4,1,Knoben_K5,5,1096,-0.292341784489341,0.3603826335568374,0.07406003978046463,KGE
subsequent_2016_2020,hysets_01169000,5,1,Knoben_K5,5,1096,0.4597358392658283,0.49556728416521234,0.04686263342716881,KGE
subsequent_2016_2020,hysets_01174500,5,1,Knoben_K5,5,1096,0.39343641533426055,0.48184859031553817,0.07588575748795044,KGE
subsequent_2016_2020,hysets_01181000,5,1,Knoben_K5,5,1096,0.15705395641378894,0.36363004246727937,0.04226011799490503,KGE
subsequent_2016_2020,hysets_01439500,5,1,Knoben_K5,5,1096,0.6553612990133653,0.6356852928910173,0.07763409863477949,KGE
subsequent_2016_2020,hysets_01440000,4,1,Knoben_K5,5,1096,0.6502485616846589,0.6832446338529579,0.048060114175420235,KGE
subsequent_2016_2020,hysets_01447500,1,1,Knoben_K5,5,1096,0.5438723439559815,0.7199911169410228,0.0669274651719314,KGE
subsequent_2016_2020,hysets_01543000,4,1,Knoben_K5,5,1096,0.5131742493110932,0.7580393686630884,0.08888240909929959,KGE
subsequent_2016_2020,hysets_01543500,2,1,Knoben_K5,5,1096,0.9398393153683381,0.9603025903193687,0.0271571390732078,KGE
subsequent_2016_2020,hysets_01544500,3,1,Knoben_K5,5,1096,0.589035524746393,0.617172990063557,0.06401587467799448,KGE
subsequent_2016_2020,hysets_01545600,5,0,Knoben_K5,5,1096,-0.20329600025033745,0.45286661845251175,0.09782292918352556,KGE
subsequent_2016_2020,hysets_01550000,5,1,Knoben_K5,5,1096,0.5947036149850649,0.7263364549722771,0.04709022140461968,KGE
subsequent_2016_2020,hysets_01552000,2,0,Knoben_K5,5,1096,0.27481748033753106,0.38313669638525927,0.06618243095460202,KGE
subsequent_2016_2020,hysets_01605500,1,1,Knoben_K5,5,1096,0.36365821814775623,0.4169356460930085,0.045188523521958145,KGE
subsequent_2016_2020,hysets_01606500,3,1,Knoben_K5,5,1096,0.32252770507886297,0.4977467176099669,0.052264809558918233,KGE
subsequent_2016_2020,hysets_01611500,5,1,Knoben_K5,5,1096,-0.2506856723353903,0.09744828036225028,0.09922608292380274,KGE
subsequent_2016_2020,hysets_01665500,3,0,Knoben_K5,5,1096,0.06060183048253509,0.13399063017752,0.050658028647402445,KGE
subsequent_2016_2020,hysets_01669520,2,1,Knoben_K5,5,1096,-0.09531558681754948,0.46146287687242526,0.04617115856628331,KGE
subsequent_2016_2020,hysets_01673800,1,1,Knoben_K5,5,1096,0.3197197479972085,0.3811035329490936,0.051020716402542854,KGE
subsequent_2016_2020,hysets_01AJ010,2,1,Knoben_K5,5,731,0.3600212481165702,0.6589532053127483,0.10050538259100975,KGE
subsequent_2016_2020,hysets_01AK001,3,1,Knoben_K5,5,731,0.8032957947824397,0.8767097462934224,0.06288866982282561,KGE
subsequent_2016_2020,hysets_01AK007,1,1,Knoben_K5,5,731,0.7817485814651375,0.7347512811153938,0.0633871435334864,KGE
subsequent_2016_2020,hysets_01AL002,2,1,Knoben_K5,5,731,0.20082510584201974,0.5184477021016722,0.11564100068332145,KGE
subsequent_2016_2020,hysets_01AM001,4,1,Knoben_K5,5,731,0.8480956182138795,0.8873332768770904,0.042758090961058016,KGE
subsequent_2016_2020,hysets_01AN002,1,1,Knoben_K5,5,731,0.8762110439854056,0.8446864577945737,0.05029721726757436,KGE
subsequent_2016_2020,hysets_01AP002,4,1,Knoben_K5,5,731,0.7686883419404225,0.6341709815599915,0.05713213403667004,KGE
subsequent_2016_2020,hysets_01AQ001,4,1,Knoben_K5,5,1096,0.3513725827127937,0.20372555631938838,0.059504142180398824,KGE
subsequent_2016_2020,hysets_01BJ003,1,1,Knoben_K5,5,731,0.39563312110149695,0.6552627121894872,0.09007898244651166,KGE
subsequent_2016_2020,hysets_01BL002,3,1,Knoben_K5,5,731,-0.08568365098916209,0.1491944011144849,0.137671559585521,KGE
subsequent_2016_2020,hysets_01BQ001,2,1,Knoben_K5,5,731,0.37620919989682666,0.546578587139692,0.06386491144541086,KGE
subsequent_2016_2020,hysets_01BS001,3,1,Knoben_K5,5,731,0.7498415453173659,0.7615536922920192,0.04991516074384358,KGE
subsequent_2016_2020,hysets_01BU002,1,1,Knoben_K5,5,731,0.5706262392527752,0.38750539035676235,0.0779604637879992,KGE
subsequent_2016_2020,hysets_01BV006,1,1,Knoben_K5,5,731,0.4323912385098504,0.3963035561258068,0.05773188110405875,KGE
subsequent_2016_2020,hysets_01DR001,2,1,Knoben_K5,5,1096,-0.14466564683549876,0.0661317175973819,0.1180982695271345,KGE
subsequent_2016_2020,hysets_01EC001,5,1,Knoben_K5,5,1096,0.5384555271198428,0.6912673067361695,0.11932874882977362,KGE
subsequent_2016_2020,hysets_01ED007,2,1,Knoben_K5,5,1096,0.6044175334665356,0.7760397282929056,0.1078196448332047,KGE
subsequent_2016_2020,hysets_01EF001,3,1,Knoben_K5,5,1096,0.5371041438609064,0.7691915714074504,0.1289154916137296,KGE
subsequent_2016_2020,hysets_01EO001,5,1,Knoben_K5,5,1096,0.4119836158008907,0.3882367150378624,0.082331346033001,KGE
subsequent_2016_2020,hysets_01FB001,5,1,Knoben_K5,5,1096,0.250501134625148,0.24892979253173153,0.09361150313593584,KGE
subsequent_2016_2020,hysets_01FB003,4,1,Knoben_K5,5,1096,0.1591732765929278,0.5653846051624839,0.15161678146866053,KGE
subsequent_2016_2020,hysets_02011400,5,1,Knoben_K5,5,1096,0.4426457966406854,0.528615444459877,0.052873597294529805,KGE
subsequent_2016_2020,hysets_02011460,5,1,Knoben_K5,5,1096,-0.26176059480703695,0.29069066938070576,0.05913269571767936,KGE
subsequent_2016_2020,hysets_02013000,3,1,Knoben_K5,5,1096,0.6523607177683846,0.7043909966932289,0.03850435212887202,KGE
subsequent_2016_2020,hysets_02014000,2,1,Knoben_K5,5,1096,0.45847052316266523,0.7094548403813687,0.07078424024903675,KGE
subsequent_2016_2020,hysets_02015700,2,1,Knoben_K5,5,1096,0.4516846892463363,0.4983662585472042,0.0401812050348511,KGE
subsequent_2016_2020,hysets_02016000,5,1,Knoben_K5,5,1096,0.13038578466741912,0.5907252977605897,0.07031943397030815,KGE
subsequent_2016_2020,hysets_02017500,5,1,Knoben_K5,5,1096,0.8989381193396065,0.9279092452651376,0.03591448677308955,KGE
subsequent_2016_2020,hysets_02018000,3,1,Knoben_K5,5,1096,0.7837718552520826,0.889184583187778,0.04463087534907432,KGE
subsequent_2016_2020,hysets_02020500,4,1,Knoben_K5,5,1096,0.7657029015339858,0.7013423034359663,0.03237709053638759,KGE
subsequent_2016_2020,hysets_02021500,3,1,Knoben_K5,5,1096,0.9159792846081695,0.873952745671205,0.02065624363701203,KGE
subsequent_2016_2020,hysets_02027000,4,0,Knoben_K5,5,1096,-0.21929806263531426,-0.40133267918339555,0.06431777354673496,KGE
subsequent_2016_2020,hysets_02028500,4,0,Knoben_K5,5,1096,-0.341164183859084,0.29682752150861735,0.09242295351812578,KGE
subsequent_2016_2020,hysets_02030000,4,1,Knoben_K5,5,1096,-0.3287091546273524,0.17248258312929632,0.08035837668263861,KGE
subsequent_2016_2020,hysets_02041000,4,1,Knoben_K5,5,1096,0.28282185763910106,0.2673143970697336,0.03245689631997357,KGE
subsequent_2016_2020,hysets_02046000,4,1,Knoben_K5,5,1096,-0.3771889738706351,0.18895439460314412,0.08081080153797122,KGE
subsequent_2016_2020,hysets_02212600,4,1,Knoben_K5,5,1096,-0.31142401621649185,-0.10048231304374067,0.06812353558370682,KGE
subsequent_2016_2020,hysets_02325000,1,1,Knoben_K5,5,1096,-7.533027120156479,-0.9932791090090103,0.44596598940757093,KGE
subsequent_2016_2020,hysets_02326000,3,1,Knoben_K5,5,1096,-56.35306609176863,-5.623628935952472,1.2579623708950258,KGE
subsequent_2016_2020,hysets_02327100,1,1,Knoben_K5,5,1096,-0.3168262644397706,-0.399200247897872,0.1496190639534305,KGE
subsequent_2016_2020,hysets_02331600,1,1,Knoben_K5,5,1096,0.5093433191973011,0.5748198008401053,0.04392837686323144,KGE
subsequent_2016_2020,hysets_02373000,5,1,Knoben_K5,5,1079,0.21498736642430327,0.14847122459728967,0.08932468948294142,KGE
subsequent_2016_2020,hysets_02374500,3,1,Knoben_K5,5,1096,0.2585914041362244,0.539311166166792,0.03958346117942866,KGE
subsequent_2016_2020,hysets_02380500,2,1,Knoben_K5,5,1096,0.6509063475198038,0.8021902139305739,0.05751856486332819,KGE
subsequent_2016_2020,hysets_02401390,4,1,Knoben_K5,5,1095,-0.006142585857708216,-0.10405759294964878,0.09444255414841236,KGE
subsequent_2016_2020,hysets_02450250,3,1,Knoben_K5,5,1096,0.23063752937447057,0.13696658773437598,0.07375978412903451,KGE
subsequent_2016_2020,hysets_02469800,5,1,Knoben_K5,5,1096,0.09446297140971383,-0.038481169300738305,0.07737009587702086,KGE
subsequent_2016_2020,hysets_02479155,1,1,Knoben_K5,5,1095,-0.028336194472007303,0.14360928742799184,0.07467995957552777,KGE
subsequent_2016_2020,hysets_02479300,1,0,Knoben_K5,5,884,-0.6203823181591188,-0.6116346318931802,0.1285634864956743,KGE
subsequent_2016_2020,hysets_02479560,3,1,Knoben_K5,5,1096,0.3426822300880875,0.36508679960718315,0.050230621367905355,KGE
subsequent_2016_2020,hysets_02AB017,5,1,Knoben_K5,5,731,0.06818321019957152,0.29847525541093467,0.145902694129215,KGE
subsequent_2016_2020,hysets_02AC001,3,1,Knoben_K5,5,731,-1.560894564652243,-0.047063853464384575,0.2995362377057229,KGE
subsequent_2016_2020,hysets_02AD010,2,1,Knoben_K5,5,1096,-1.5291408949617722,-0.06835089834090446,0.2191585331261664,KGE
subsequent_2016_2020,hysets_02BA003,2,1,Knoben_K5,5,731,-4.597205727480285,-0.769750747253118,0.3143410124049503,KGE
subsequent_2016_2020,hysets_02BF001,4,1,Knoben_K5,5,731,0.23802907061631962,0.6423335285894303,0.1075399592889197,KGE
subsequent_2016_2020,hysets_02BF002,1,1,Knoben_K5,5,731,0.055988875033285534,0.04386310332022081,0.12116329393091813,KGE
subsequent_2016_2020,hysets_02CB003,2,1,Knoben_K5,5,731,0.792092860203549,0.7388769541034328,0.05978840553255345,KGE
subsequent_2016_2020,hysets_02CD006,2,1,Knoben_K5,5,731,-1.4105147897386505,-0.10292962188686117,0.29026453873734204,KGE
subsequent_2016_2020,hysets_02DD015,1,1,Knoben_K5,5,731,0.2214003657982193,0.630742849289835,0.14123841873293222,KGE
subsequent_2016_2020,hysets_02HL003,5,1,Knoben_K5,5,1096,0.19794058876648535,0.3259086680748494,0.10032241000424712,KGE
subsequent_2016_2020,hysets_02HL004,5,1,Knoben_K5,5,1096,0.3964259982471,0.5728793786376503,0.10762568384083783,KGE
subsequent_2016_2020,hysets_02JC008,1,1,Knoben_K5,5,731,-1.0805997580657132,0.005506773014340216,0.2168206284304139,KGE
subsequent_2016_2020,hysets_02YC001,1,1,Knoben_K5,5,731,0.043387377062502064,0.43375532581377385,0.17869754800723336,KGE
subsequent_2016_2020,hysets_02YD002,1,1,Knoben_K5,5,731,0.2240139062981118,0.4167197461044744,0.13843329757570574,KGE
subsequent_2016_2020,hysets_02YJ001,4,1,Knoben_K5,5,731,0.42442891667300275,0.36293236357400316,0.11285724790905455,KGE
subsequent_2016_2020,hysets_02YK002,3,1,Knoben_K5,5,731,-0.28548012865046357,-0.07985664215236299,0.1784739147648684,KGE
subsequent_2016_2020,hysets_02YK005,1,1,Knoben_K5,5,731,0.4470432858218215,0.4441826606939002,0.14484358618566204,KGE
subsequent_2016_2020,hysets_02YN002,5,1,Knoben_K5,5,731,-0.2852401014254262,-0.03440042881890015,0.17697521561637247,KGE
subsequent_2016_2020,hysets_02YO006,5,1,Knoben_K5,5,1096,0.6905284976188988,0.6552554744808667,0.04784117770185156,KGE
subsequent_2016_2020,hysets_02YO008,2,1,Knoben_K5,5,1096,0.5412308247865902,0.4735154021037091,0.05287717374699013,KGE
subsequent_2016_2020,hysets_02YR001,1,1,Knoben_K5,5,1096,0.2597040483720525,0.5992492025045396,0.13896397036597144,KGE
subsequent_2016_2020,hysets_02YR003,4,1,Knoben_K5,5,1096,0.08659160213461536,0.5078939828241407,0.16573882292950803,KGE
subsequent_2016_2020,hysets_02ZB001,1,1,Knoben_K5,5,731,-0.09758292295274607,-0.26824923930626166,0.08432734230144666,KGE
subsequent_2016_2020,hysets_02ZC002,3,1,Knoben_K5,5,731,-0.18270231281938787,-0.37857647756904145,0.11834485351007518,KGE
subsequent_2016_2020,hysets_02ZF001,3,1,Knoben_K5,5,1096,-1.2027857488815803,0.11786185315784037,0.2121678204714468,KGE
subsequent_2016_2020,hysets_02ZG001,5,1,Knoben_K5,5,731,-0.10793793543000652,0.07677292468268082,0.15578413816204464,KGE
subsequent_2016_2020,hysets_02ZG003,3,1,Knoben_K5,5,692,-0.37084713794054336,-0.4347856521030422,0.14273132482431938,KGE
subsequent_2016_2020,hysets_02ZH001,3,1,Knoben_K5,5,731,-0.48278143325083467,-0.4399595037483346,0.13505117958179627,KGE
subsequent_2016_2020,hysets_02ZK001,2,1,Knoben_K5,5,731,0.014244343285947814,0.05320159445371986,0.13257308854553826,KGE
subsequent_2016_2020,hysets_02ZK004,2,1,Knoben_K5,5,731,0.09498060175464473,0.12960805637377348,0.14366573824719406,KGE
subsequent_2016_2020,hysets_03010500,2,0,Knoben_K5,5,1096,0.6302100307055487,0.8168220414691058,0.06974518584150143,KGE
subsequent_2016_2020,hysets_03010655,1,1,Knoben_K5,5,1096,0.6118513749396121,0.7766240924243307,0.05198557527022949,KGE
subsequent_2016_2020,hysets_03021350,3,0,Knoben_K5,5,1096,0.41491676214393214,0.40592107309355085,0.06867387216484078,KGE
subsequent_2016_2020,hysets_03028000,1,1,Knoben_K5,5,1096,-0.6528715947249335,0.30259495200048525,0.0931539317575119,KGE
subsequent_2016_2020,hysets_03065000,1,1,Knoben_K5,5,1096,0.6371800670686337,0.6843668658691194,0.055392190985891196,KGE
subsequent_2016_2020,hysets_03070500,1,1,Knoben_K5,5,1096,0.13706997840614288,0.5182820174911896,0.09145326157298866,KGE
subsequent_2016_2020,hysets_03072000,1,1,Knoben_K5,5,1096,0.08404914780940143,0.37760963720052954,0.09528181687349074,KGE
subsequent_2016_2020,hysets_03110000,4,1,Knoben_K5,5,1096,0.10088231686804527,0.3464438297129854,0.06294391780607486,KGE
subsequent_2016_2020,hysets_03151400,5,1,Knoben_K5,5,1096,0.3765407844736749,0.28892821130656277,0.06235715313243979,KGE
subsequent_2016_2020,hysets_03159540,3,1,Knoben_K5,5,1096,-0.0053039458909922566,0.280038530724664,0.08954198033123649,KGE
subsequent_2016_2020,hysets_03180500,4,1,Knoben_K5,5,1096,0.8745426195235546,0.9026966902180023,0.027946305039200096,KGE
subsequent_2016_2020,hysets_03182500,3,1,Knoben_K5,5,1096,0.5508238292989599,0.6482369353582849,0.049747418886779415,KGE
subsequent_2016_2020,hysets_03186500,3,1,Knoben_K5,5,1096,0.7270861063115817,0.520381200017749,0.031490924465296395,KGE
subsequent_2016_2020,hysets_03187500,2,1,Knoben_K5,5,1096,0.9307603735393358,0.9352652719147412,0.01998897878427592,KGE
subsequent_2016_2020,hysets_03189100,2,1,Knoben_K5,5,929,0.8942072059311909,0.8596669763361904,0.021367105434257995,KGE
subsequent_2016_2020,hysets_03194700,3,1,Knoben_K5,5,1096,0.7564907159308758,0.6693039345985206,0.047275746480625186,KGE
subsequent_2016_2020,hysets_03198500,5,0,Knoben_K5,5,1096,0.5301102640640529,0.7528715622571336,0.06728069623197235,KGE
subsequent_2016_2020,hysets_03202400,5,1,Knoben_K5,5,1096,0.6277300658353901,0.8078971445890426,0.03750378816134462,KGE
subsequent_2016_2020,hysets_03202750,2,1,Knoben_K5,5,1096,0.7098547663518309,0.6656059067037506,0.0510148065044446,KGE
subsequent_2016_2020,hysets_03207800,1,1,Knoben_K5,5,1096,0.7742609216538736,0.6241442860979658,0.026522721347894025,KGE
subsequent_2016_2020,hysets_03208500,2,1,Knoben_K5,5,1096,0.5281274246732696,0.4162165747449159,0.037372631215316685,KGE
subsequent_2016_2020,hysets_03210000,2,1,Knoben_K5,5,1096,-0.3131654180289931,-0.1175838938813889,0.09890176012175408,KGE
subsequent_2016_2020,hysets_03217000,3,1,Knoben_K5,5,1096,-0.07656591421920544,0.24619450031207246,0.07781101784290835,KGE
subsequent_2016_2020,hysets_03280700,2,1,Knoben_K5,5,1096,0.1869457705237032,0.1885064724993335,0.05078325477678777,KGE
subsequent_2016_2020,hysets_03460000,4,1,Knoben_K5,5,1096,-1.0129643899098255,-0.649838222981687,0.11327946972129609,KGE
subsequent_2016_2020,hysets_03497300,4,1,Knoben_K5,5,1094,0.3269534069186014,0.320590972046901,0.06351373887598295,KGE
subsequent_2016_2020,hysets_03512000,3,1,Knoben_K5,5,1096,0.7728026744490598,0.6510642225876464,0.03718894751538742,KGE
subsequent_2016_2020,hysets_03574500,4,1,Knoben_K5,5,1096,0.3829519803491984,0.4434005112912909,0.07347516743886683,KGE
subsequent_2016_2020,hysets_04015330,4,1,Knoben_K5,5,1096,-0.4575256406450914,-0.12338712591964396,0.11063279485527917,KGE
subsequent_2016_2020,hysets_04024430,2,1,Knoben_K5,5,1096,-3.3986993875212823,-1.0797353925550004,0.11760624311278323,KGE
subsequent_2016_2020,hysets_04025500,2,1,Knoben_K5,5,1096,-3.6740195479822306,-0.3135773427748083,0.18657112700094092,KGE
subsequent_2016_2020,hysets_04057510,2,1,Knoben_K5,5,1096,-4.245237076504117,-0.480580629580899,0.37528271711071065,KGE
subsequent_2016_2020,hysets_04063700,5,1,Knoben_K5,5,1096,0.5452748267383216,0.510513464216686,0.11361151028632711,KGE
subsequent_2016_2020,hysets_04256000,4,1,Knoben_K5,5,1096,-0.06308746879282978,0.512249532324488,0.11949970149318784,KGE
subsequent_2016_2020,hysets_04262500,1,1,Knoben_K5,5,1096,-0.6962923503838079,0.31352919126721335,0.15666665884115116,KGE
subsequent_2016_2020,hysets_04269000,4,1,Knoben_K5,5,1096,0.21051428566238162,0.5793473381450638,0.12079916101100203,KGE
subsequent_2016_2020,hysets_04287000,4,0,Knoben_K5,5,1096,0.3037231494572624,0.6193063068197404,0.07320986009895378,KGE
subsequent_2016_2020,hysets_04296000,5,1,Knoben_K5,5,1096,0.5971777059085852,0.5424634631715581,0.08910039216355725,KGE
subsequent_2016_2020,hysets_05AA008,2,1,Knoben_K5,5,1096,0.4537698418105892,0.3176488357323566,0.12831989942173463,KGE
subsequent_2016_2020,hysets_05BG006,2,0,Knoben_K5,5,1096,-7.0384181387535385,-1.4012397462300532,0.18017263982527768,KGE
subsequent_2016_2020,hysets_05DA009,1,0,Knoben_K5,5,366,-0.8380630438241357,0.052613478729179874,0.3805141548855497,KGE
subsequent_2016_2020,hysets_05DC006,1,1,Knoben_K5,5,1096,-17.173031891644147,-2.4470340992134463,0.5774768496419442,KGE
subsequent_2016_2020,hysets_05QE008,5,1,Knoben_K5,5,366,-7.409870851398464,-0.9655229627719311,0.7469917454621807,KGE
subsequent_2016_2020,hysets_05QE009,3,1,Knoben_K5,5,731,-0.08050602615993019,0.5024985344308668,0.18326080586403065,KGE
subsequent_2016_2020,hysets_05QE012,4,1,Knoben_K5,5,731,-4.100631429803329,-0.3266668505425421,0.5560638522295275,KGE
subsequent_2016_2020,hysets_05TG002,4,1,Knoben_K5,5,731,-1.353711366229898,-0.5726530715625209,0.2708526752698312,KGE
subsequent_2016_2020,hysets_05UF004,2,1,Knoben_K5,5,731,0.13275114427902124,0.03546451888500002,0.18545670877106818,KGE
subsequent_2016_2020,hysets_06019500,5,1,Knoben_K5,5,1096,-24.069909029174518,-3.463791810733225,0.8000487206342639,KGE
subsequent_2016_2020,hysets_06191000,2,1,Knoben_K5,5,1096,0.7124157385984913,0.7405865855498273,0.10130044443179426,KGE
subsequent_2016_2020,hysets_06200000,1,1,Knoben_K5,5,1096,0.4772709996209844,0.3340690983786002,0.12363923041030025,KGE
subsequent_2016_2020,hysets_06224000,3,1,Knoben_K5,5,1096,0.4336184723252693,0.3901144170332903,0.10394521920689033,KGE
subsequent_2016_2020,hysets_06289000,1,1,Knoben_K5,5,1096,-0.24157998252384716,0.4614899665254095,0.12712938461790582,KGE
subsequent_2016_2020,hysets_06309200,4,1,Knoben_K5,5,1096,0.25072614016193084,0.16553768460694385,0.09723439089481363,KGE
subsequent_2016_2020,hysets_06332515,2,1,Knoben_K5,5,1096,-5.5269163795209275,-5.541649758285338,0.16941942841440472,KGE
subsequent_2016_2020,hysets_06339100,1,0,Knoben_K5,5,1096,-1.6041176834289974,-2.8841787814045405,0.11072333746813978,KGE
subsequent_2016_2020,hysets_06344600,1,0,Knoben_K5,5,1096,-2.182710488143811,-4.712633160947679,0.0915039243630515,KGE
subsequent_2016_2020,hysets_06400875,3,1,Knoben_K5,5,1096,-433.96295204079934,-126.71430844305975,0.8145589318993006,KGE
subsequent_2016_2020,hysets_06404000,3,1,Knoben_K5,5,1096,-6.053790836752744,-0.8702616171004962,0.13598562526245525,KGE
subsequent_2016_2020,hysets_06406000,4,1,Knoben_K5,5,1096,-199.3268023228239,-12.59119622479066,0.7859808484552829,KGE
subsequent_2016_2020,hysets_06409000,1,1,Knoben_K5,5,1096,-23.693103922409236,-2.612953609707638,0.6094479225387831,KGE
subsequent_2016_2020,hysets_06422500,2,1,Knoben_K5,5,1096,-0.6070605999958456,-0.26107166697964157,0.10377365941259027,KGE
subsequent_2016_2020,hysets_06623800,5,1,Knoben_K5,5,1096,0.6640959275555133,0.3814209669135924,0.08993588953218688,KGE
subsequent_2016_2020,hysets_06712000,1,1,Knoben_K5,5,1096,-165.34477091615315,-11.136008957039767,1.3783512864449272,KGE
subsequent_2016_2020,hysets_06719505,3,1,Knoben_K5,5,1096,-2.0895485388697264,-0.7167456263720875,0.2700910287749992,KGE
subsequent_2016_2020,hysets_06876700,2,1,Knoben_K5,5,1096,-2.9119783061855116,-1.2210822890520805,0.20468948782821833,KGE
subsequent_2016_2020,hysets_06FD002,4,1,Knoben_K5,5,731,-1.1267631070942228,-0.54004115145622,0.14039859576276004,KGE
subsequent_2016_2020,hysets_07060710,1,1,Knoben_K5,5,1095,-1.1516522334283135,-0.3315687191927206,0.07862525358621103,KGE
subsequent_2016_2020,hysets_07124200,2,1,Knoben_K5,5,1096,0.48717529879990995,0.4785531474575322,0.050231464980813656,KGE
subsequent_2016_2020,hysets_07203000,3,1,Knoben_K5,5,1096,-41.98256656604579,-7.349946442691495,0.44459182835228167,KGE
subsequent_2016_2020,hysets_07207500,3,1,Knoben_K5,5,1096,-2.8052064526859755,-3.374702418100245,0.12502688554472327,KGE
subsequent_2016_2020,hysets_07208500,5,1,Knoben_K5,5,1091,0.45779931159653964,0.3658152025139312,0.0663678283983074,KGE
subsequent_2016_2020,hysets_07291000,1,1,Knoben_K5,5,1093,-0.1564120496502317,-0.13721517713976916,0.061922037702095686,KGE
subsequent_2016_2020,hysets_07299670,1,1,Knoben_K5,5,1096,-6.715458832166543,-1.6085068903961357,0.1432461925952555,KGE
subsequent_2016_2020,hysets_07315200,3,1,Knoben_K5,5,1096,-0.7169499976548024,-2.926733693003949,0.07899245849045114,KGE
subsequent_2016_2020,hysets_07335700,1,1,Knoben_K5,5,1096,-0.7159038737581889,0.08240668520974992,0.08196346629305921,KGE
subsequent_2016_2020,hysets_07337900,3,1,Knoben_K5,5,1096,0.3711538764594474,0.22754520098937292,0.04607972439498314,KGE
subsequent_2016_2020,hysets_07340300,4,1,Knoben_K5,5,1096,0.4244805535002921,0.22353456153674933,0.05450952722934668,KGE
subsequent_2016_2020,hysets_07352000,5,1,Knoben_K5,5,1096,0.35182503285683475,0.41751466898506684,0.03369329570006135,KGE
subsequent_2016_2020,hysets_07361500,3,1,Knoben_K5,5,1089,0.5093620930426872,0.48020440838337797,0.04052611744957355,KGE
subsequent_2016_2020,hysets_07362100,3,1,Knoben_K5,5,1096,0.45105584568605517,0.4954001047719213,0.04671226763831482,KGE
subsequent_2016_2020,hysets_07373000,1,1,Knoben_K5,5,1096,0.13156212214536356,0.499934333453384,0.06448418366148527,KGE
subsequent_2016_2020,hysets_07376000,1,1,Knoben_K5,5,1096,0.42310790077985194,0.4066259451789054,0.036796575447285235,KGE
subsequent_2016_2020,hysets_07377000,3,0,Knoben_K5,5,1096,-0.04006479402305052,0.15852694641298515,0.04896420565257398,KGE
subsequent_2016_2020,hysets_07BJ001,5,1,Knoben_K5,5,366,-0.7279549052606902,-0.3428538872556184,0.2221723859452438,KGE
subsequent_2016_2020,hysets_07MA003,4,1,Knoben_K5,5,731,-38.83230074407319,-3.1420610622318375,0.9485364965118956,KGE
subsequent_2016_2020,hysets_07SB013,5,0,Knoben_K5,5,366,-10374357.690052591,-7244.277203345339,812.5437202187957,KGE
subsequent_2016_2020,hysets_08013000,3,1,Knoben_K5,5,1096,-0.09314670880450682,0.32986801171092506,0.07110265829962845,KGE
subsequent_2016_2020,hysets_08013500,4,1,Knoben_K5,5,1096,0.047918565673427116,0.26826312186800183,0.08357080308409752,KGE
subsequent_2016_2020,hysets_08014500,1,1,Knoben_K5,5,1096,-0.1089560655570132,-0.023468296690562163,0.08038887620137722,KGE
subsequent_2016_2020,hysets_08025500,4,1,Knoben_K5,5,1094,0.1985477982731324,0.04658326265224044,0.036786914818506114,KGE
subsequent_2016_2020,hysets_08029500,5,1,Knoben_K5,5,1096,0.20697663922542298,0.3323520316045394,0.03238785537677893,KGE
subsequent_2016_2020,hysets_08065800,1,1,Knoben_K5,5,1096,0.0496430812207479,0.2201378241824331,0.0682637653405585,KGE
subsequent_2016_2020,hysets_08066200,2,1,Knoben_K5,5,1096,0.16544559671132464,0.511730345024936,0.05677080615538143,KGE
subsequent_2016_2020,hysets_08068720,1,1,Knoben_K5,5,1096,0.44401190496028686,0.5503966737384572,0.03734814549550521,KGE
subsequent_2016_2020,hysets_08070000,4,1,Knoben_K5,5,1095,-0.0014442155971687853,-0.24970473163494988,0.0374511948480387,KGE
subsequent_2016_2020,hysets_08082700,4,1,Knoben_K5,5,1096,0.08722496918595535,-0.19051814148203183,0.07130595950398211,KGE
subsequent_2016_2020,hysets_08084800,3,1,Knoben_K5,5,1096,-2.5050826385767677,-2.222229075185894,0.18431300518092433,KGE
subsequent_2016_2020,hysets_08086212,5,1,Knoben_K5,5,1096,-0.2532811957751604,-0.05139049558958231,0.05676491478281891,KGE
subsequent_2016_2020,hysets_08150800,3,1,Knoben_K5,5,1096,-1.4516616872381531,-7.184651167278913,0.04771843260763551,KGE
subsequent_2016_2020,hysets_08164300,2,1,Knoben_K5,5,1096,0.45238950993050087,0.08545361835419218,0.02765867646321164,KGE
subsequent_2016_2020,hysets_08165300,1,1,Knoben_K5,5,1096,-3.066690416191773,-4.682178511079971,0.06523734735319175,KGE
subsequent_2016_2020,hysets_08165500,3,1,Knoben_K5,5,1096,-0.852838318155577,-1.8764169329242693,0.04278416509651122,KGE
subsequent_2016_2020,hysets_08171000,5,1,Knoben_K5,5,1096,-22.244296096556262,-3.3751195504573337,0.30065762721606326,KGE
subsequent_2016_2020,hysets_08175000,5,1,Knoben_K5,5,1096,0.3132425008030877,0.06353539474170877,0.036079631916212745,KGE
subsequent_2016_2020,hysets_08176900,1,0,Knoben_K5,5,1096,-1.2402403680516239,-1.456409585328383,0.0863884664811539,KGE
subsequent_2016_2020,hysets_08178880,4,1,Knoben_K5,5,1096,-1.7675041608451565,-1.0569119801154683,0.07311925498484831,KGE
subsequent_2016_2020,hysets_08189500,2,0,Knoben_K5,5,1095,-2.5722322706111678,-3.4762039573085355,0.11822079385300852,KGE
subsequent_2016_2020,hysets_08194200,5,1,Knoben_K5,5,884,-36.51955870031477,-34.42942480940357,0.25202587086872036,KGE
subsequent_2016_2020,hysets_08195000,2,1,Knoben_K5,5,1096,-2.2972437459926693,-0.4044586188745598,0.09273699940166065,KGE
subsequent_2016_2020,hysets_08198000,5,1,Knoben_K5,5,1096,-12.204921331598532,-3.8219396016203024,0.2867607568984638,KGE
subsequent_2016_2020,hysets_08198500,1,1,Knoben_K5,5,1096,-41.86303239251031,-13.567514494197535,0.48557115165070636,KGE
subsequent_2016_2020,hysets_08201500,1,0,Knoben_K5,5,1096,-4.537336097604382,-2.228395147216285,0.11275322759644256,KGE
subsequent_2016_2020,hysets_08202700,3,0,Knoben_K5,5,1096,-193.90380506105896,-131.5129059567148,0.48727506939324194,KGE
subsequent_2016_2020,hysets_08247500,2,1,Knoben_K5,5,1096,0.28695045560120436,-0.26636683764041247,0.11135269296071489,KGE
subsequent_2016_2020,hysets_08269000,3,1,Knoben_K5,5,1096,0.5369697727598154,0.33122041202260644,0.08857993341445224,KGE
subsequent_2016_2020,hysets_08279000,2,1,Knoben_K5,5,1096,-0.8229137201455725,-0.13601772914561439,0.2045351087249674,KGE
subsequent_2016_2020,hysets_08284100,1,1,Knoben_K5,5,1096,0.5972741266579222,0.5589151069557554,0.09288693661084156,KGE
subsequent_2016_2020,hysets_08289000,3,1,Knoben_K5,5,1004,-1.261988882738108,-1.2327448909786392,0.1787576688520174,KGE
subsequent_2016_2020,hysets_08291000,2,1,Knoben_K5,5,1085,0.016564244866470013,0.42372339445928897,0.17705438009393298,KGE
subsequent_2016_2020,hysets_08324000,4,1,Knoben_K5,5,1096,0.4259307069062894,0.434110863603426,0.13576458732445945,KGE
subsequent_2016_2020,hysets_08334000,4,1,Knoben_K5,5,1096,-4152.202736100468,-118.26155456889396,6.390105006519642,KGE
subsequent_2016_2020,hysets_08378500,5,1,Knoben_K5,5,1096,-0.3398108744898176,-0.18142277450716415,0.2089482384253776,KGE
subsequent_2016_2020,hysets_08401200,4,1,Knoben_K5,5,1096,-37803.486667865494,-2636.816856698331,6.164248870826211,KGE
subsequent_2016_2020,hysets_08401900,5,1,Knoben_K5,5,1096,-2685.8248813706036,-425.2918119844303,1.9464733960700975,KGE
subsequent_2016_2020,hysets_08405150,5,1,Knoben_K5,5,1096,-9018.685399808468,-1029.3870248176763,2.8966934486169333,KGE
subsequent_2016_2020,hysets_08405500,3,1,Knoben_K5,5,1095,-186946.04514990412,-429.5457022657394,15.311788953153531,KGE
subsequent_2016_2020,hysets_08AA008,1,1,Knoben_K5,5,731,-74.51964980558847,-6.588051310152416,1.9536490390728036,KGE
subsequent_2016_2020,hysets_08AA009,4,1,Knoben_K5,5,731,-242.716120989987,-14.95645618617236,2.720585674629118,KGE
subsequent_2016_2020,hysets_08AC001,2,1,Knoben_K5,5,731,-14.11692191411617,-2.6935833771829665,0.5288605312161423,KGE
subsequent_2016_2020,hysets_08EB004,5,1,Knoben_K5,5,731,-4.511563423879858,-0.5527991613264356,0.3350925156002465,KGE
subsequent_2016_2020,hysets_08ED001,4,1,Knoben_K5,5,1096,0.6046598550771893,0.6326739668915425,0.060446532362382836,KGE
subsequent_2016_2020,hysets_08ED002,2,0,Knoben_K5,5,1096,-0.061246800385583944,0.4162363555963432,0.22823809498816566,KGE
subsequent_2016_2020,hysets_08EE008,2,1,Knoben_K5,5,656,-1.7095596692661816,-0.3830148018200543,0.22762278434191857,KGE
subsequent_2016_2020,hysets_08EE013,4,1,Knoben_K5,5,365,-1.3646578659599533,-0.6844126463036408,0.26473802413298825,KGE
subsequent_2016_2020,hysets_08EE020,3,1,Knoben_K5,5,731,-0.7592442629030172,0.09700494327575904,0.1377718558449425,KGE
subsequent_2016_2020,hysets_08EG012,5,1,Knoben_K5,5,731,0.11045004428743954,0.07763310244985566,0.08153708692993597,KGE
subsequent_2016_2020,hysets_08FE003,2,1,Knoben_K5,5,731,0.3822733360485834,0.3438715106129677,0.0443372141505943,KGE
subsequent_2016_2020,hysets_08FF001,3,1,Knoben_K5,5,731,-0.3067687272760333,-0.18120651527858933,0.08274827190771968,KGE
subsequent_2016_2020,hysets_08FF002,3,1,Knoben_K5,5,366,0.48021429016888506,0.4800083037444731,0.0630630874161208,KGE
subsequent_2016_2020,hysets_08FF003,4,1,Knoben_K5,5,731,-0.27228471357962913,-0.27653461751799857,0.09515314414124391,KGE
subsequent_2016_2020,hysets_08GA071,2,1,Knoben_K5,5,731,-0.004839133106743443,0.11626274241815271,0.09929320260361035,KGE
subsequent_2016_2020,hysets_08GA072,5,0,Knoben_K5,5,366,0.12840575205789995,0.4580254923430084,0.16719829483410517,KGE
subsequent_2016_2020,hysets_08HA001,5,1,Knoben_K5,5,1096,0.5090673892567394,0.5253498447318341,0.07006566344840952,KGE
subsequent_2016_2020,hysets_08HA010,1,1,Knoben_K5,5,1096,0.3898917511743507,0.22215619876849146,0.08347183743116346,KGE
subsequent_2016_2020,hysets_08HB014,2,1,Knoben_K5,5,1096,0.5863284818892249,0.47322635248990486,0.07441819375160405,KGE
subsequent_2016_2020,hysets_08HB074,5,1,Knoben_K5,5,1096,-0.547288790594465,-0.5351628658572247,0.11214430543716945,KGE
subsequent_2016_2020,hysets_08HD011,2,1,Knoben_K5,5,731,0.5106736182967075,0.44186923703414804,0.0701973139813127,KGE
subsequent_2016_2020,hysets_08HD015,4,1,Knoben_K5,5,731,0.6766029191987182,0.6962599792805736,0.05892130585473636,KGE
subsequent_2016_2020,hysets_08HF004,3,1,Knoben_K5,5,731,0.3678986313368823,0.16044370649307227,0.050641136224817626,KGE
subsequent_2016_2020,hysets_08JD006,4,1,Knoben_K5,5,1096,-2.278931533032116,-1.3761717442426389,0.20046489516506832,KGE
subsequent_2016_2020,hysets_08KA007,5,1,Knoben_K5,5,366,0.2688594260698315,0.35206480192005707,0.1762345904610483,KGE
subsequent_2016_2020,hysets_08KH010,1,1,Knoben_K5,5,366,0.6217696966683932,0.5672165467079255,0.1248537165082003,KGE
subsequent_2016_2020,hysets_08KH019,5,1,Knoben_K5,5,1096,-4.912678171199938,-1.485197955817839,0.38067392194487965,KGE
subsequent_2016_2020,hysets_08LB038,2,1,Knoben_K5,5,366,0.4035545760764153,0.2700916516385361,0.17182549809561257,KGE
subsequent_2016_2020,hysets_08LB069,3,1,Knoben_K5,5,366,0.7898578568775243,0.6210488567284498,0.09524794150853363,KGE
subsequent_2016_2020,hysets_08LB076,3,1,Knoben_K5,5,366,0.7382800465739086,0.5459729100136805,0.09483754048850551,KGE
subsequent_2016_2020,hysets_08LE024,5,0,Knoben_K5,5,731,0.41310309995988614,0.26707541444362615,0.13690675421135987,KGE
subsequent_2016_2020,hysets_08LE027,3,0,Knoben_K5,5,731,0.5426994757514181,0.36909141647508503,0.11884489930453768,KGE
subsequent_2016_2020,hysets_08LG048,5,0,Knoben_K5,5,366,0.24428139968489204,0.2558824827765773,0.14037487125663453,KGE
subsequent_2016_2020,hysets_08MA003,4,1,Knoben_K5,5,366,-0.7294859846100867,-0.05627519369382239,0.4264780439384563,KGE
subsequent_2016_2020,hysets_08ME023,1,0,Knoben_K5,5,731,-0.03868511214462722,-0.011799273383039877,0.28562309026667093,KGE
subsequent_2016_2020,hysets_08ME025,4,1,Knoben_K5,5,1096,-11.716593187471279,-1.7718503087865258,0.5948925373685188,KGE
subsequent_2016_2020,hysets_08MH016,5,1,Knoben_K5,5,731,0.22845677277737564,0.48587431283575977,0.13335383316633256,KGE
subsequent_2016_2020,hysets_08MH056,3,1,Knoben_K5,5,731,0.5436984966475793,0.4039684055721964,0.06218160144117386,KGE
subsequent_2016_2020,hysets_08MH103,2,1,Knoben_K5,5,731,0.6916386894853429,0.8107506957724515,0.07037639902442991,KGE
subsequent_2016_2020,hysets_08MH147,4,1,Knoben_K5,5,366,-0.4101291011780708,-0.11243575596356004,0.13530363274832236,KGE
subsequent_2016_2020,hysets_08NA006,5,1,Knoben_K5,5,731,0.6048535870748462,0.657416118333666,0.1079640064965983,KGE
subsequent_2016_2020,hysets_08NB012,3,1,Knoben_K5,5,731,-0.8890598732640764,-0.00504918901299245,0.21599741970185496,KGE
subsequent_2016_2020,hysets_08NB014,5,1,Knoben_K5,5,731,-0.36790217865130637,0.20508714457572885,0.22596741376489313,KGE
subsequent_2016_2020,hysets_08ND012,4,1,Knoben_K5,5,731,0.16836617185645197,0.480539799863526,0.16733202182176782,KGE
subsequent_2016_2020,hysets_08ND013,4,1,Knoben_K5,5,731,-0.49802248921501446,0.23016769042009622,0.19136054148045065,KGE
subsequent_2016_2020,hysets_08NE039,3,1,Knoben_K5,5,731,0.6346211170511848,0.7099544824972621,0.073845828030941,KGE
subsequent_2016_2020,hysets_08NE074,4,1,Knoben_K5,5,731,0.9068236305025292,0.840874038914156,0.051506473857779046,KGE
subsequent_2016_2020,hysets_08NF001,5,1,Knoben_K5,5,731,-5.36237738088432,-2.00548216050559,0.4303708423353818,KGE
subsequent_2016_2020,hysets_08NG076,3,1,Knoben_K5,5,731,-2.7948725601405005,-0.6296070452186922,0.26545608048610536,KGE
subsequent_2016_2020,hysets_08NG077,2,1,Knoben_K5,5,731,0.5287517358281558,0.3446954643316146,0.11152932371257085,KGE
subsequent_2016_2020,hysets_08NH005,1,1,Knoben_K5,5,731,0.6365296185214018,0.3657697042703517,0.10538211576977918,KGE
subsequent_2016_2020,hysets_08NH006,4,1,Knoben_K5,5,731,-0.10881681051803604,0.348132214394935,0.16775420710332725,KGE
subsequent_2016_2020,hysets_08NH120,1,1,Knoben_K5,5,366,0.213472648236954,0.10974518306366243,0.19643411020501067,KGE
subsequent_2016_2020,hysets_08NH130,3,1,Knoben_K5,5,665,0.24137631791543968,0.2978459380843258,0.15799418876695828,KGE
subsequent_2016_2020,hysets_08NJ160,5,1,Knoben_K5,5,731,0.6142873113784144,0.6208940151995395,0.09229415823432363,KGE
subsequent_2016_2020,hysets_08NK016,4,1,Knoben_K5,5,731,-3.4759113112033067,-0.4099064765851961,0.35631710001311273,KGE
subsequent_2016_2020,hysets_08NK018,2,1,Knoben_K5,5,731,-6.1211948082643195,-1.0047061059772227,0.4598558906481411,KGE
subsequent_2016_2020,hysets_08NK022,4,1,Knoben_K5,5,731,-4.473355787625352,-0.6292452968486741,0.42001054852299735,KGE
subsequent_2016_2020,hysets_08NL004,1,1,Knoben_K5,5,731,0.7238094550572916,0.6406736409506371,0.06955108678837954,KGE
subsequent_2016_2020,hysets_08NL024,5,1,Knoben_K5,5,366,0.5938785802474902,0.5395618928517936,0.10318020526286718,KGE
subsequent_2016_2020,hysets_08NL050,5,1,Knoben_K5,5,366,0.6249815886715562,0.532972987152037,0.08940326995571425,KGE
subsequent_2016_2020,hysets_08NL071,4,1,Knoben_K5,5,366,0.6078068421105475,0.4609646431767339,0.09885646282332738,KGE
subsequent_2016_2020,hysets_08NN019,3,1,Knoben_K5,5,366,-1.2729130066773697,-1.1877246829520276,0.2564332207909601,KGE
subsequent_2016_2020,hysets_08OA002,2,1,Knoben_K5,5,731,-0.5255792518558504,-0.23158059701675948,0.12098878734259713,KGE
subsequent_2016_2020,hysets_09059500,4,1,Knoben_K5,5,1096,0.5667220157522896,0.3940457592277422,0.1133901310049973,KGE
subsequent_2016_2020,hysets_09165000,3,1,Knoben_K5,5,1096,0.6285488357523423,0.3447750341728607,0.10341871311319817,KGE
subsequent_2016_2020,hysets_09196500,1,1,Knoben_K5,5,1096,0.4737878416988024,0.40797902006822007,0.1195604809025721,KGE
subsequent_2016_2020,hysets_09223000,3,1,Knoben_K5,5,1096,0.47384875982447394,0.4834532965764441,0.1223639545685364,KGE
subsequent_2016_2020,hysets_09253000,5,1,Knoben_K5,5,1096,0.3999709785015009,0.26690714715136155,0.14075687355994046,KGE
subsequent_2016_2020,hysets_09255000,2,1,Knoben_K5,5,1050,-0.7525594498274164,-0.5001166291235848,0.1652961082655444,KGE
subsequent_2016_2020,hysets_09266500,2,1,Knoben_K5,5,1096,0.6388410590429201,0.44831033577665813,0.09809002288304255,KGE
subsequent_2016_2020,hysets_09289500,1,1,Knoben_K5,5,1096,0.87245524343546,0.7615273194516543,0.057140005849404346,KGE
subsequent_2016_2020,hysets_09292500,5,1,Knoben_K5,5,1096,0.4972097967616047,0.4759206968398717,0.10831816992948927,KGE
subsequent_2016_2020,hysets_09299500,1,1,Knoben_K5,5,1096,0.6090963964896638,0.4882553827936501,0.0854883291343505,KGE
subsequent_2016_2020,hysets_09304200,2,1,Knoben_K5,5,1096,-3.129060299618441,-0.8889849730607393,0.37201321679591387,KGE
subsequent_2016_2020,hysets_09304500,1,1,Knoben_K5,5,1096,-4.386874814907444,-1.2200487416150483,0.41512679600533803,KGE
subsequent_2016_2020,hysets_09306222,4,1,Knoben_K5,5,1096,-3737.8781570199612,-56.013952440340404,11.671367145927675,KGE
subsequent_2016_2020,hysets_09310500,3,1,Knoben_K5,5,1096,0.5713486689408409,0.4508620168797295,0.08407882394689095,KGE
subsequent_2016_2020,hysets_09312600,4,1,Knoben_K5,5,1096,-2.2508269500236073,-1.5748849774250129,0.23974066118602494,KGE
subsequent_2016_2020,hysets_09337000,3,1,Knoben_K5,5,1096,-49.80768824238593,-5.218004461416523,0.5852607224509601,KGE
subsequent_2016_2020,hysets_09342500,5,1,Knoben_K5,5,1096,0.39176428406474373,0.20874139324077812,0.15683122321770931,KGE
subsequent_2016_2020,hysets_09352900,3,1,Knoben_K5,5,1096,0.684315681352824,0.6656193697693363,0.08569036194654692,KGE
subsequent_2016_2020,hysets_09386900,1,1,Knoben_K5,5,1096,-7.88335463326894,-8.622448416909714,0.19000225065595808,KGE
subsequent_2016_2020,hysets_09403600,3,1,Knoben_K5,5,1096,-608.0864985080435,-34.08175227430377,2.2171984698187273,KGE
subsequent_2016_2020,hysets_09404450,5,1,Knoben_K5,5,1095,-53.88676508890593,-5.769835334465194,0.6330762621731292,KGE
subsequent_2016_2020,hysets_09405500,4,1,Knoben_K5,5,1096,-63.298607998132965,-6.5968420061894575,1.0370425345866938,KGE
subsequent_2016_2020,hysets_09430600,5,0,Knoben_K5,5,1096,-0.030691082443639273,-0.5934517456856299,0.037512567966986765,KGE
subsequent_2016_2020,hysets_09442680,3,1,Knoben_K5,5,885,-231.7295499120137,-14.553320425940056,1.4876066336823937,KGE
subsequent_2016_2020,hysets_09447000,5,1,Knoben_K5,5,1096,-13.726324409887988,-2.225493373708368,0.24452318799167228,KGE
subsequent_2016_2020,hysets_09447800,5,1,Knoben_K5,5,1096,-28.816095765772992,-4.101227800431863,0.3392846595961358,KGE
subsequent_2016_2020,hysets_09473000,3,1,Knoben_K5,5,1096,0.195074691706019,-0.04339539818163307,0.044485712559868607,KGE
subsequent_2016_2020,hysets_09494000,5,1,Knoben_K5,5,1096,0.22121184170800423,0.14905232384255263,0.11352351621980772,KGE
subsequent_2016_2020,hysets_09496500,2,1,Knoben_K5,5,1096,-6.913593285150441,-1.8181360848064716,0.17923554537020395,KGE
subsequent_2016_2020,hysets_09497800,2,1,Knoben_K5,5,1096,-0.4991113656791202,0.17666986867875933,0.0926260898889517,KGE
subsequent_2016_2020,hysets_09497980,4,1,Knoben_K5,5,1096,0.5503041892007038,0.5371110592121415,0.03961274450935534,KGE
subsequent_2016_2020,hysets_09499000,2,0,Knoben_K5,5,1096,0.3335806391037016,0.18183236740369524,0.03762084020012165,KGE
subsequent_2016_2020,hysets_09504420,2,1,Knoben_K5,5,1096,-0.024289751415885963,-0.29842079910559693,0.06831254510868079,KGE
subsequent_2016_2020,hysets_09505800,1,1,Knoben_K5,5,1096,0.293054275762497,0.26973922539380135,0.05159546119210292,KGE
subsequent_2016_2020,hysets_09510200,1,1,Knoben_K5,5,1096,0.0411042478139223,-0.214471090109692,0.03525032944453104,KGE
subsequent_2016_2020,hysets_09512280,5,1,Knoben_K5,5,1004,-165.30452670042777,-69.35575883508218,0.5529969580461219,KGE
subsequent_2016_2020,hysets_09513780,3,1,Knoben_K5,5,1096,-3.555826334225009,-2.5158169391865504,0.09229500838131666,KGE
subsequent_2016_2020,hysets_09AA012,5,1,Knoben_K5,5,731,-31.745867761040422,-4.559738644700618,0.6122513785415306,KGE
subsequent_2016_2020,hysets_09AA013,2,1,Knoben_K5,5,366,-14.631879641607204,-2.08637767558355,1.1984503707569412,KGE
subsequent_2016_2020,hysets_09AH003,1,1,Knoben_K5,5,731,-20.66870119571,-4.04753148838448,0.4895871069942772,KGE
subsequent_2016_2020,hysets_09CA004,1,1,Knoben_K5,5,731,-13.369546712743526,-2.8579279757638156,0.6692403892718698,KGE
subsequent_2016_2020,hysets_09EA004,2,1,Knoben_K5,5,366,-0.637793280256745,-0.5547750034489958,0.2846647130482143,KGE
subsequent_2016_2020,hysets_10011500,2,1,Knoben_K5,5,1096,0.9591841548988014,0.844367055320304,0.034342180315218525,KGE
subsequent_2016_2020,hysets_10032000,3,1,Knoben_K5,5,1096,0.6368646165255976,0.5422137229970173,0.10112784839342577,KGE
subsequent_2016_2020,hysets_10113500,4,1,Knoben_K5,5,1096,-3.0839469000154986,-0.35707867988559494,0.26692667613249454,KGE
subsequent_2016_2020,hysets_10173450,2,1,Knoben_K5,5,1096,0.516382991116402,0.3655810421338248,0.11500436709953894,KGE
subsequent_2016_2020,hysets_10174500,1,1,Knoben_K5,5,1096,-11.55420995189029,-2.376484684126207,0.5898856220637562,KGE
subsequent_2016_2020,hysets_10194200,5,1,Knoben_K5,5,1096,-16.959564062562674,-3.1952138201768,0.7325760078030705,KGE
subsequent_2016_2020,hysets_10234500,2,1,Knoben_K5,5,1096,-0.01865544376860906,0.07429095372041072,0.1472908070662131,KGE
subsequent_2016_2020,hysets_10258500,4,1,Knoben_K5,5,1096,-1.0864036272736945,-1.340651802885207,0.07610693662002806,KGE
subsequent_2016_2020,hysets_10296000,3,1,Knoben_K5,5,1096,0.7726829147916502,0.823101517629381,0.07698658771459949,KGE
subsequent_2016_2020,hysets_10296500,5,1,Knoben_K5,5,1096,0.5826585576313388,0.35127377040184415,0.09620706392339105,KGE
subsequent_2016_2020,hysets_10329500,4,1,Knoben_K5,5,1096,-0.13043549224509898,-0.47080800652109334,0.06378708999810832,KGE
subsequent_2016_2020,hysets_10396000,4,1,Knoben_K5,5,1096,-14.615969727473413,-2.436969991637697,0.5238691967897734,KGE
subsequent_2016_2020,hysets_10AC005,3,1,Knoben_K5,5,731,-2.106992875288957,-0.509443219987104,0.33517129239069354,KGE
subsequent_2016_2020,hysets_10BE007,3,1,Knoben_K5,5,731,-2.748967026864435,-0.3440652050578008,0.37997742715876365,KGE
subsequent_2016_2020,hysets_10BE009,3,1,Knoben_K5,5,366,-2085.7178625729143,-21.84535414268996,11.934227796916,KGE
subsequent_2016_2020,hysets_10ED003,5,1,Knoben_K5,5,731,-0.7762506073147319,-0.7324384129379358,0.1820466257123397,KGE
subsequent_2016_2020,hysets_10GC003,3,1,Knoben_K5,5,731,-0.4512241403595365,-0.44875112185909627,0.1233450688888002,KGE
subsequent_2016_2020,hysets_10LC003,3,1,Knoben_K5,5,397,-27.963952426903443,-9.23688261565353,0.6475886108954637,KGE
subsequent_2016_2020,hysets_10LC007,2,1,Knoben_K5,5,712,-89.36797308313662,-11.751857780432047,0.8651564521968379,KGE
subsequent_2016_2020,hysets_11012500,4,1,Knoben_K5,5,1096,-33.205138695678,-20.661644362190533,0.1963561185545457,KGE
subsequent_2016_2020,hysets_11015000,2,1,Knoben_K5,5,1096,0.2949065565769535,0.14860310592252612,0.038524685127541564,KGE
subsequent_2016_2020,hysets_11042400,1,1,Knoben_K5,5,1096,-13.297255319689596,-3.2414639284709965,0.2305189239768099,KGE
subsequent_2016_2020,hysets_11123000,2,1,Knoben_K5,5,1096,0.42809124357100947,0.17317251768551423,0.03362552241598088,KGE
subsequent_2016_2020,hysets_11123500,4,1,Knoben_K5,5,1096,0.5328973048047532,0.37723034485931795,0.031147908278580896,KGE
subsequent_2016_2020,hysets_11124500,1,1,Knoben_K5,5,1096,0.7338650171328713,0.7347423609317378,0.020903786704581827,KGE
subsequent_2016_2020,hysets_11132500,4,1,Knoben_K5,5,1096,-1.3538911787471783,-4.775275104911462,0.048532339018052824,KGE
subsequent_2016_2020,hysets_11140000,1,1,Knoben_K5,5,1096,0.18309779432464846,-0.11794698688360938,0.042272459598204845,KGE
subsequent_2016_2020,hysets_11143000,5,1,Knoben_K5,5,1096,-0.1849752533606568,-0.4574609009385904,0.10895561256993895,KGE
subsequent_2016_2020,hysets_11143200,3,1,Knoben_K5,5,1096,0.9292453512701365,0.6854669919167682,0.019102410341184744,KGE
subsequent_2016_2020,hysets_11143250,5,1,Knoben_K5,5,1096,-0.1394485591325192,-0.09654015844514019,0.06994192864050887,KGE
subsequent_2016_2020,hysets_11148900,3,1,Knoben_K5,5,1096,0.3150257621380561,-0.054955086119423235,0.07122385598271287,KGE
subsequent_2016_2020,hysets_11149900,1,1,Knoben_K5,5,1096,0.9311287974199808,0.6293733272303648,0.02196956912330458,KGE
subsequent_2016_2020,hysets_11151300,2,1,Knoben_K5,5,1004,-666.1328176924153,-73.92414850346704,1.4148372677497294,KGE
subsequent_2016_2020,hysets_11152000,3,1,Knoben_K5,5,1096,0.5009803794382458,0.2095019658856504,0.056243780992117486,KGE
subsequent_2016_2020,hysets_11202000,5,1,Knoben_K5,5,1004,0.38562632402629027,0.08775257878020892,0.05083264782993095,KGE
subsequent_2016_2020,hysets_11202001,3,1,Knoben_K5,5,1004,0.36210777133726557,0.06519551950706681,0.05122867865791767,KGE
subsequent_2016_2020,hysets_11224500,5,1,Knoben_K5,5,1096,-178.5252632354625,-35.875115881219074,0.7608329579647312,KGE
subsequent_2016_2020,hysets_11230500,4,1,Knoben_K5,5,1004,0.8259133972232937,0.8480087723956895,0.06233162259826115,KGE
subsequent_2016_2020,hysets_11253310,4,1,Knoben_K5,5,1096,-371.3284115406937,-41.702533128017734,1.081219708425289,KGE
subsequent_2016_2020,hysets_11264500,2,1,Knoben_K5,5,1096,0.9631551857763718,0.8444154280389209,0.026248597828362388,KGE
subsequent_2016_2020,hysets_11266500,5,1,Knoben_K5,5,1096,0.5604340138739952,0.596501617006515,0.09828346037831055,KGE
subsequent_2016_2020,hysets_11314500,4,1,Knoben_K5,5,1004,0.5308360544441553,0.45582957201346896,0.13156914685238572,KGE
subsequent_2016_2020,hysets_11317000,3,1,Knoben_K5,5,1004,0.6310450344972639,0.33249641530174046,0.05774000204463398,KGE
subsequent_2016_2020,hysets_11318500,4,1,Knoben_K5,5,1004,-0.15122428191185477,-0.6215178449681713,0.08500978082398845,KGE
subsequent_2016_2020,hysets_11367500,4,1,Knoben_K5,5,1004,-2.649411579612027,0.05231732190386329,0.14008747698779173,KGE
subsequent_2016_2020,hysets_11374000,4,1,Knoben_K5,5,1096,0.6868227554482111,0.7612229802361701,0.06535198896679786,KGE
subsequent_2016_2020,hysets_11376550,4,1,Knoben_K5,5,1096,-4.060979797603282,-1.115964179896225,0.24206928124761923,KGE
subsequent_2016_2020,hysets_11379500,1,1,Knoben_K5,5,1096,0.5651801286506133,0.5700002610016731,0.06079874639044246,KGE
subsequent_2016_2020,hysets_11381500,3,1,Knoben_K5,5,1096,0.7422900404749958,0.7580378672388346,0.043068013759558425,KGE
subsequent_2016_2020,hysets_11383500,1,1,Knoben_K5,5,1096,0.8734152736486601,0.7599172961969928,0.031311432339845124,KGE
subsequent_2016_2020,hysets_11402000,1,1,Knoben_K5,5,1096,0.543078364071859,0.48112745800956425,0.04999711598250941,KGE
subsequent_2016_2020,hysets_11413000,3,1,Knoben_K5,5,1096,0.2109879900952224,-0.002173451040547336,0.08846645738626861,KGE
subsequent_2016_2020,hysets_11413300,4,1,Knoben_K5,5,1004,-0.0420807153276499,-0.35875652801858604,0.0960844372047317,KGE
subsequent_2016_2020,hysets_11428800,5,1,Knoben_K5,5,1004,0.27610673733977065,0.046196969018079126,0.04802066301734144,KGE
subsequent_2016_2020,hysets_11433300,5,1,Knoben_K5,5,1004,0.2653262528925,0.2753201319380686,0.06874179935617912,KGE
subsequent_2016_2020,hysets_11451100,4,0,Knoben_K5,5,1096,0.5957643120083302,0.3779002758984473,0.05416127201336949,KGE
subsequent_2016_2020,hysets_11461000,1,0,Knoben_K5,5,1096,0.6975464349395104,0.5361845290362312,0.04443089805405874,KGE
subsequent_2016_2020,hysets_11468500,5,0,Knoben_K5,5,1096,0.7529390877934504,0.5965963212011127,0.04738870571780997,KGE
subsequent_2016_2020,hysets_11470500,1,1,Knoben_K5,5,1004,-0.13085382477478213,-0.5126938559819665,0.10292336747291214,KGE
subsequent_2016_2020,hysets_11473900,3,1,Knoben_K5,5,1095,0.563485526086235,0.3350324343498382,0.06403630640177381,KGE
subsequent_2016_2020,hysets_11478500,4,1,Knoben_K5,5,1096,0.3785706681956501,0.08630748102702701,0.08334331328994236,KGE
subsequent_2016_2020,hysets_11480390,3,1,Knoben_K5,5,1096,0.8647615466140246,0.7095029873837276,0.036558597374966424,KGE
subsequent_2016_2020,hysets_11480410,1,1,Knoben_K5,5,1003,0.8761239317330183,0.640771337803113,0.03830923318725848,KGE
subsequent_2016_2020,hysets_11481200,4,1,Knoben_K5,5,1096,0.4882279856822418,0.58264635064747,0.06976022420076866,KGE
subsequent_2016_2020,hysets_11482500,4,1,Knoben_K5,5,1096,0.5703718061473566,0.7009652614020911,0.09142305895446529,KGE
subsequent_2016_2020,hysets_11521500,5,1,Knoben_K5,5,1096,0.2336901009876361,0.3943483760150578,0.07306846204854256,KGE
subsequent_2016_2020,hysets_11522500,3,1,Knoben_K5,5,1096,0.5687236310538217,0.566557056683945,0.06380443437809197,KGE
subsequent_2016_2020,hysets_11523200,5,1,Knoben_K5,5,1096,-0.16756739277696808,-0.3246496310757716,0.08279252360302819,KGE
subsequent_2016_2020,hysets_11528700,2,1,Knoben_K5,5,1096,0.503105576501651,0.22918430174095084,0.07209974840191004,KGE
subsequent_2016_2020,hysets_11532500,3,1,Knoben_K5,5,1096,0.6542817103006012,0.3871874754671937,0.07443996776386208,KGE
subsequent_2016_2020,hysets_12025700,2,1,Knoben_K5,5,1096,0.6613061792164732,0.5186113150412537,0.06506830807258042,KGE
subsequent_2016_2020,hysets_12035000,3,1,Knoben_K5,5,1096,0.5098843193522108,0.34796368348807216,0.059067715691927654,KGE
subsequent_2016_2020,hysets_12039500,2,1,Knoben_K5,5,1096,0.5419957821433552,0.393662456951562,0.07092611394849066,KGE
subsequent_2016_2020,hysets_12040500,5,1,Knoben_K5,5,1096,0.8508854252198251,0.6502088466104545,0.04778915692662239,KGE
subsequent_2016_2020,hysets_12041200,1,1,Knoben_K5,5,1096,0.5645603299312891,0.5413979281813455,0.07040245760975242,KGE
subsequent_2016_2020,hysets_12043000,3,1,Knoben_K5,5,1096,0.9024275333904297,0.832771014800231,0.04085833078204838,KGE
subsequent_2016_2020,hysets_12048000,5,1,Knoben_K5,5,1095,-0.0902086355872882,0.4086231993935985,0.11617816586489431,KGE
subsequent_2016_2020,hysets_12054000,1,1,Knoben_K5,5,1096,-0.033199282403995944,0.421263399775885,0.13247480170314047,KGE
subsequent_2016_2020,hysets_12056500,5,1,Knoben_K5,5,1096,0.18500193532876774,0.08272375724356185,0.0927150594215331,KGE
subsequent_2016_2020,hysets_12082500,2,0,Knoben_K5,5,1096,0.39447248403075486,0.45786665350308,0.06530419741460002,KGE
subsequent_2016_2020,hysets_12092000,5,0,Knoben_K5,5,1096,0.4549504346770241,0.5684839514556637,0.07757907438930219,KGE
subsequent_2016_2020,hysets_12115000,1,1,Knoben_K5,5,1096,0.48901702252788903,0.5645994254882523,0.07369557109241848,KGE
subsequent_2016_2020,hysets_12134500,5,1,Knoben_K5,5,1096,-0.7521014603250273,-0.6209771994644155,0.12591123099058252,KGE
subsequent_2016_2020,hysets_12141300,5,1,Knoben_K5,5,1096,0.8606454189460387,0.7656883483914743,0.04569068203758672,KGE
subsequent_2016_2020,hysets_12142000,2,1,Knoben_K5,5,1096,0.6328334069340291,0.42451022978877606,0.07634069586538557,KGE
subsequent_2016_2020,hysets_12186000,1,1,Knoben_K5,5,1078,-0.0283889037346452,0.10748702436612012,0.09067917108842292,KGE
subsequent_2016_2020,hysets_12189500,1,1,Knoben_K5,5,1078,-0.052569463798659344,0.1354339521039707,0.07862529266554322,KGE
subsequent_2016_2020,hysets_12205000,4,1,Knoben_K5,5,1096,0.16575487926873111,0.36534231582323884,0.07783382624453682,KGE
subsequent_2016_2020,hysets_12324590,1,1,Knoben_K5,5,731,-96.40826518233519,-7.845068089443204,1.643514758763639,KGE
subsequent_2016_2020,hysets_12330000,3,1,Knoben_K5,5,1096,0.20250682418094845,0.19571785663640895,0.0573564365156399,KGE
subsequent_2016_2020,hysets_12332000,4,1,Knoben_K5,5,1096,0.48053203208359196,0.3362038909485935,0.1251642707235887,KGE
subsequent_2016_2020,hysets_12370000,5,1,Knoben_K5,5,1096,-0.3082627927467958,0.38632084387076004,0.23129827873853193,KGE
subsequent_2016_2020,hysets_12389500,1,1,Knoben_K5,5,1096,-4.168198037989417,-0.8249766793866753,0.32241369633008404,KGE
subsequent_2016_2020,hysets_12411000,1,1,Knoben_K5,5,1086,-0.12640294701222365,-0.18667206504532086,0.12939741863048762,KGE
subsequent_2016_2020,hysets_12414900,1,1,Knoben_K5,5,1096,-0.29835219381828315,0.1785106533034161,0.11236940499173753,KGE
subsequent_2016_2020,hysets_12452800,4,1,Knoben_K5,5,1096,0.5547606153199942,0.5079541649322912,0.09933500169628239,KGE
subsequent_2016_2020,hysets_12488500,1,1,Knoben_K5,5,1096,0.4239688716951141,0.40602054504996843,0.10425842106733813,KGE
subsequent_2016_2020,hysets_13010065,5,1,Knoben_K5,5,1096,0.7152897878875091,0.8288967195969473,0.09554805565246505,KGE
subsequent_2016_2020,hysets_13011900,2,1,Knoben_K5,5,1096,0.1812937783933002,0.5891457560932469,0.16502929210812686,KGE
subsequent_2016_2020,hysets_13023000,1,1,Knoben_K5,5,1096,-0.5475773091122247,0.3037220815232401,0.2815387992547956,KGE
subsequent_2016_2020,hysets_13186000,5,1,Knoben_K5,5,1096,0.3297363521202272,0.3940937386599529,0.10737027738292433,KGE
subsequent_2016_2020,hysets_13235000,2,1,Knoben_K5,5,1096,0.8917110854032803,0.888280013577837,0.05720911049585629,KGE
subsequent_2016_2020,hysets_13297355,3,1,Knoben_K5,5,1096,0.6410981835857432,0.6369306231535532,0.07245124679112931,KGE
subsequent_2016_2020,hysets_13331500,4,1,Knoben_K5,5,1096,0.5397162659857442,0.33111051943593084,0.1164488962488075,KGE
subsequent_2016_2020,hysets_13339500,3,1,Knoben_K5,5,1096,-1.2380605822964643,0.09590020827721102,0.12872690249116367,KGE
subsequent_2016_2020,hysets_14013000,2,1,Knoben_K5,5,1096,-0.33975241764653275,-0.29483450859758564,0.12992704421545112,KGE
subsequent_2016_2020,hysets_14020000,3,1,Knoben_K5,5,1096,-0.03420324066933356,-0.0904618698422186,0.10715170279085258,KGE
subsequent_2016_2020,hysets_14020300,2,1,Knoben_K5,5,1096,0.7058708046434037,0.5181522778051058,0.06635772592515926,KGE
subsequent_2016_2020,hysets_14038530,3,1,Knoben_K5,5,1096,-13.374529530340256,-2.489001376493192,0.5521815614240934,KGE
subsequent_2016_2020,hysets_14044000,5,1,Knoben_K5,5,1046,-20.895398455373254,-3.964967239329745,0.6293701975907091,KGE
subsequent_2016_2020,hysets_14091500,2,0,Knoben_K5,5,1096,-31.60126518081635,-0.8777432992786129,0.8709067013804876,KGE
subsequent_2016_2020,hysets_14096850,2,1,Knoben_K5,5,1096,0.2314198451495969,0.5559062140230208,0.09921479140731333,KGE
subsequent_2016_2020,hysets_14097100,1,1,Knoben_K5,5,1096,0.023818681962865407,0.48138355578014247,0.1472787544443808,KGE
subsequent_2016_2020,hysets_14154500,4,1,Knoben_K5,5,1096,0.47867457734324503,0.39799768632961996,0.07229867857274558,KGE
subsequent_2016_2020,hysets_14158500,1,1,Knoben_K5,5,1095,0.3135877097101112,0.668989601011037,0.17233989057908022,KGE
subsequent_2016_2020,hysets_14166500,5,1,Knoben_K5,5,1096,-7.999229779571184,-2.0864545734073134,0.3186279757175844,KGE
subsequent_2016_2020,hysets_14178000,3,1,Knoben_K5,5,1095,0.06700352050791114,0.37993917495593144,0.1306992888110724,KGE
subsequent_2016_2020,hysets_14182500,5,1,Knoben_K5,5,1096,0.5825705596621412,0.5094521249903923,0.06329824978513669,KGE
subsequent_2016_2020,hysets_14185000,4,0,Knoben_K5,5,1096,-1.0386816313363454,-0.020032037344776654,0.17270637420640714,KGE
subsequent_2016_2020,hysets_14185900,2,1,Knoben_K5,5,1096,0.5948492553067413,0.5076042050312048,0.07502422815918072,KGE
subsequent_2016_2020,hysets_14236200,3,1,Knoben_K5,5,1096,0.6243612527936458,0.7821941028819305,0.07520547149209968,KGE
subsequent_2016_2020,hysets_14301000,3,1,Knoben_K5,5,1095,0.8382413237091065,0.7608692735621487,0.052226434471445524,KGE
subsequent_2016_2020,hysets_14306500,1,1,Knoben_K5,5,1096,0.2447643284258043,0.3901483416585295,0.10095501668039536,KGE
subsequent_2016_2020,hysets_14308000,5,1,Knoben_K5,5,1096,-6.893964130191595,-1.9637598145277386,0.23867429951488708,KGE
subsequent_2016_2020,hysets_14309500,2,1,Knoben_K5,5,1096,0.6046391583240374,0.2546902111180316,0.06951657446326709,KGE
subsequent_2016_2020,hysets_14316700,2,1,Knoben_K5,5,1096,0.7987638695143623,0.8475111615505184,0.048569463083743936,KGE
subsequent_2016_2020,hysets_14325000,4,0,Knoben_K5,5,1096,0.9334540868719757,0.8380783094589828,0.024928641700935658,KGE
subsequent_2016_2020,hysets_14338000,2,1,Knoben_K5,5,1096,-3.6949304828454714,-1.5159534409907307,0.21408866133436985,KGE
subsequent_2016_2020,hysets_14377100,4,1,Knoben_K5,5,1093,0.7957538037906624,0.5667575405883193,0.054610332123305995,KGE
subsequent_2016_2020,hysets_14400000,3,1,Knoben_K5,5,1096,0.09368527970405038,-0.06896238014070133,0.1077328145940113,KGE
subsequent_2016_2020,lamah_12425002,3,1,Knoben_K5,5,731,-0.150987712670269,0.4280047463157941,0.13196198014769833,KGE
subsequent_2016_2020,lamah_16000708,2,1,Knoben_K5,5,731,0.5548379802742902,0.7656219569913159,0.12320289175597313,KGE
subsequent_2016_2020,lamah_16001303,5,1,Knoben_K5,5,731,-14.64860331878837,-2.124198948160774,0.34933245241000166,KGE
subsequent_2016_2020,lamah_16610709,4,1,Knoben_K5,5,731,0.30444332956722875,0.5059709566958851,0.06169008207476112,KGE
subsequent_2016_2020,lamah_17404000,1,1,Knoben_K5,5,731,-3.301630148875483,-0.47644281596396687,0.28016816247477194,KGE
subsequent_2016_2020,lamah_18481006,5,1,Knoben_K5,5,731,0.6155943299876732,0.6853259341037223,0.06630776540692529,KGE
subsequent_2016_2020,lamah_18486000,4,1,Knoben_K5,5,731,0.34579335111887466,0.5355732468849519,0.09093909867744197,KGE
subsequent_2016_2020,lamah_200253,4,1,Knoben_K5,5,731,0.7129909488051549,0.6278748015430667,0.06615262626460203,KGE
subsequent_2016_2020,lamah_200261,5,1,Knoben_K5,5,731,0.6016709231051578,0.49390394656063363,0.07428227707467755,KGE
subsequent_2016_2020,lamah_200303,2,1,Knoben_K5,5,731,0.34783084739693815,0.4024316162393171,0.0690486034294904,KGE
subsequent_2016_2020,lamah_201012,2,0,Knoben_K5,5,731,0.4490650824470528,0.3931429180432491,0.09877106062120133,KGE
subsequent_2016_2020,lamah_201087,4,1,Knoben_K5,5,731,0.530762093545676,0.464376191162443,0.096838553514205,KGE
subsequent_2016_2020,lamah_201095,2,1,Knoben_K5,5,731,0.35307574605323266,0.6863727504631514,0.13750901923262,KGE
subsequent_2016_2020,lamah_201160,3,1,Knoben_K5,5,731,0.6319150787033805,0.49695971739634937,0.07152420906524778,KGE
subsequent_2016_2020,lamah_201236,3,1,Knoben_K5,5,731,0.19192261269585587,0.22608128771722924,0.11189883712734544,KGE
subsequent_2016_2020,lamah_201251,1,1,Knoben_K5,5,731,0.9007743249481807,0.8931200237906259,0.049984509050804635,KGE
subsequent_2016_2020,lamah_201335,5,1,Knoben_K5,5,731,-0.30495224147090205,0.02221896814164437,0.16222559317091267,KGE
subsequent_2016_2020,lamah_201392,2,1,Knoben_K5,5,731,0.29298328159260933,0.4936732108028823,0.18863407453024061,KGE
subsequent_2016_2020,lamah_201434,2,1,Knoben_K5,5,731,0.6866952643309343,0.5752754143415244,0.1237569830313122,KGE
subsequent_2016_2020,lamah_201558,1,1,Knoben_K5,5,731,0.8175632679512128,0.7601184002079243,0.07971297554323568,KGE
subsequent_2016_2020,lamah_201566,3,1,Knoben_K5,5,731,0.4943256602571209,0.49611114220020325,0.07819059644261281,KGE
subsequent_2016_2020,lamah_201574,1,1,Knoben_K5,5,731,0.5882794910949138,0.6527417464497975,0.09975605116427792,KGE
subsequent_2016_2020,lamah_201723,5,1,Knoben_K5,5,731,0.8562742020418922,0.8101886044050852,0.074759988636973,KGE
subsequent_2016_2020,lamah_201848,2,1,Knoben_K5,5,731,0.517384102344363,0.6108657461996773,0.125582756998195,KGE
subsequent_2016_2020,lamah_202036,1,1,Knoben_K5,5,731,0.6674251593148811,0.5676509870886931,0.09432575759209762,KGE
subsequent_2016_2020,lamah_203026,3,1,Knoben_K5,5,731,0.574728430096175,0.6663823496313013,0.1118148799597858,KGE
subsequent_2016_2020,lamah_203075,5,1,Knoben_K5,5,731,0.7859594959333636,0.7157577048168271,0.077426302614974,KGE
subsequent_2016_2020,lamah_203166,2,1,Knoben_K5,5,731,0.06689812953902086,0.36552523590068786,0.14148442181721113,KGE
subsequent_2016_2020,lamah_203224,3,1,Knoben_K5,5,731,0.6178964754437897,0.45212124466642134,0.0897181980910481,KGE
subsequent_2016_2020,lamah_203265,2,1,Knoben_K5,5,731,-0.947936884429659,0.057703222426388145,0.13588307800973448,KGE
subsequent_2016_2020,lamah_203307,4,1,Knoben_K5,5,731,0.7426554639566363,0.786609667257242,0.05200953227031617,KGE
subsequent_2016_2020,lamah_203463,2,1,Knoben_K5,5,731,0.5767735608447886,0.691393415929472,0.11118440822261112,KGE
subsequent_2016_2020,lamah_203505,1,1,Knoben_K5,5,731,0.6662600216790682,0.815200866114449,0.0875596640904393,KGE
subsequent_2016_2020,lamah_203711,5,1,Knoben_K5,5,731,0.8596379362813471,0.7827404204611565,0.05761748834811184,KGE
subsequent_2016_2020,lamah_203752,1,1,Knoben_K5,5,731,0.7057827843912325,0.642088179496507,0.0846408096601677,KGE
subsequent_2016_2020,lamah_203760,2,1,Knoben_K5,5,731,0.7617218490621146,0.7298122476769044,0.0773239897033144,KGE
subsequent_2016_2020,lamah_203786,1,1,Knoben_K5,5,731,0.8570583600740515,0.8300509463641592,0.06626884902620626,KGE
subsequent_2016_2020,lamah_203794,3,1,Knoben_K5,5,731,0.6117808936429319,0.6287246439539811,0.09943402144205787,KGE
subsequent_2016_2020,lamah_203828,3,1,Knoben_K5,5,731,0.7745869439507984,0.804871168000382,0.0677813122968671,KGE
subsequent_2016_2020,lamah_204875,2,1,Knoben_K5,5,731,-0.26659784587465585,0.3322265595823468,0.11668999336937422,KGE
subsequent_2016_2020,lamah_204925,1,1,Knoben_K5,5,731,-6.732871405884496,-1.0428780446090173,0.28879545409167406,KGE
subsequent_2016_2020,lamah_205104,3,1,Knoben_K5,5,731,0.41830180126241556,0.49271721819701275,0.12926758956034756,KGE
subsequent_2016_2020,lamah_205179,4,1,Knoben_K5,5,731,0.27384336030172896,0.3932948449015703,0.14571670049248897,KGE
subsequent_2016_2020,lamah_205294,2,1,Knoben_K5,5,731,0.6050314870578355,0.5596529211766463,0.058981967304586484,KGE
subsequent_2016_2020,lamah_205500,4,1,Knoben_K5,5,731,0.3227500537811687,0.5148189716233971,0.08804555396898173,KGE
subsequent_2016_2020,lamah_205740,5,1,Knoben_K5,5,731,0.5716661801413022,0.41310103493011974,0.0620931378250909,KGE
subsequent_2016_2020,lamah_205799,1,0,Knoben_K5,5,731,0.5687441602164582,0.7509731337589781,0.08862369984091412,KGE
subsequent_2016_2020,lamah_205823,5,1,Knoben_K5,5,731,0.7324167129221699,0.8477722377982869,0.04570932555184765,KGE
subsequent_2016_2020,lamah_205831,5,1,Knoben_K5,5,731,0.7039647020991882,0.7458517996968888,0.05641014049186429,KGE
subsequent_2016_2020,lamah_205864,3,1,Knoben_K5,5,731,0.17801397974669386,0.31997775609664236,0.10079211006642413,KGE
subsequent_2016_2020,lamah_205898,3,1,Knoben_K5,5,731,0.8587225022111795,0.9294400762435221,0.038533740255807324,KGE
subsequent_2016_2020,lamah_206508,4,1,Knoben_K5,5,731,-0.37516663407960116,0.003351084700593754,0.15884129131912492,KGE
subsequent_2016_2020,lamah_207613,5,0,Knoben_K5,5,731,-9.45221971419669,-1.5405761496793597,0.3457854954460329,KGE
subsequent_2016_2020,lamah_207654,2,1,Knoben_K5,5,731,0.5327350950710877,0.47301561499860634,0.08550745515484398,KGE
subsequent_2016_2020,lamah_207738,2,1,Knoben_K5,5,731,0.6220180058288303,0.650396249151261,0.05768503951964303,KGE
subsequent_2016_2020,lamah_207852,2,1,Knoben_K5,5,731,-0.031226346440474062,0.2944493641340198,0.09301829764514553,KGE
subsequent_2016_2020,lamah_208116,1,1,Knoben_K5,5,731,-9.009273711613353,-1.6842908830285883,0.285887185520638,KGE
subsequent_2016_2020,lamah_208686,2,1,Knoben_K5,5,731,-0.6327539654439736,0.23444336603560345,0.14289266160906808,KGE
subsequent_2016_2020,lamah_209361,1,1,Knoben_K5,5,731,0.4133113922032715,0.37356918127283956,0.07612207488458435,KGE
subsequent_2016_2020,lamah_209551,1,1,Knoben_K5,5,731,0.6571749902346007,0.529524305929778,0.06381850273238833,KGE
subsequent_2016_2020,lamah_210526,4,1,Knoben_K5,5,731,0.12897867091907145,0.3883403139530085,0.17505751481302748,KGE
subsequent_2016_2020,lamah_210641,1,1,Knoben_K5,5,731,0.8145896830152567,0.7043507096656951,0.057422339587754855,KGE
subsequent_2016_2020,lamah_210732,2,0,Knoben_K5,5,731,-1.2781710334298402,-0.2794186347611869,0.12370973264643728,KGE
subsequent_2016_2020,lamah_210773,1,1,Knoben_K5,5,731,0.812368427065606,0.8733664581105215,0.05767300819964102,KGE
subsequent_2016_2020,lamah_210815,5,1,Knoben_K5,5,731,0.6343379672331627,0.8043305572385193,0.06400606250766173,KGE
subsequent_2016_2020,lamah_210856,3,1,Knoben_K5,5,731,-0.24056717633723346,0.26756010604378244,0.14827496573738447,KGE
subsequent_2016_2020,lamah_210864,1,1,Knoben_K5,5,731,-0.1094826822966648,0.44188529625993844,0.10090229370590671,KGE
subsequent_2016_2020,lamah_210898,1,1,Knoben_K5,5,731,0.44653621656537756,0.6864423886149932,0.09909169921569005,KGE
subsequent_2016_2020,lamah_211086,4,1,Knoben_K5,5,731,0.41780662341378794,0.6179925554101623,0.10683492758660783,KGE
subsequent_2016_2020,lamah_211169,3,1,Knoben_K5,5,731,-1.912408417518927,-0.03277432576306727,0.1504275402605913,KGE
subsequent_2016_2020,lamah_211656,1,1,Knoben_K5,5,731,-1.7804427415933892,-1.1933051626736488,0.07736303310804633,KGE
subsequent_2016_2020,lamah_212027,5,1,Knoben_K5,5,731,-0.3438584838242249,0.23456612806387034,0.19135618805312868,KGE
subsequent_2016_2020,lamah_212043,5,0,Knoben_K5,5,731,0.7162130059384415,0.4505899098515589,0.07931092626965847,KGE
subsequent_2016_2020,lamah_212092,2,1,Knoben_K5,5,731,0.8401033952478542,0.8318098773280187,0.06980806325870431,KGE
subsequent_2016_2020,lamah_212100,2,1,Knoben_K5,5,731,0.8495253516566849,0.7110164428121575,0.06795040454847778,KGE
subsequent_2016_2020,lamah_212167,1,1,Knoben_K5,5,731,0.9219585099269776,0.7599422766607098,0.04651839035157558,KGE
subsequent_2016_2020,lamah_212183,2,1,Knoben_K5,5,731,0.8513539329748914,0.799971606344761,0.06465793364012756,KGE
subsequent_2016_2020,lamah_212316,5,0,Knoben_K5,5,731,0.10123246860449309,0.40491076443098195,0.1719361156651704,KGE
subsequent_2016_2020,lamah_212373,2,0,Knoben_K5,5,731,-2.1043792386276383,-0.50221666701048,0.23631239263912915,KGE
subsequent_2016_2020,lamah_212399,5,1,Knoben_K5,5,731,-0.5838315612399263,0.10845340896472411,0.12744272981420496,KGE
subsequent_2016_2020,lamah_212431,3,1,Knoben_K5,5,731,0.2978157128808776,0.5340029113457514,0.09398291539271958,KGE
subsequent_2016_2020,lamah_212522,1,0,Knoben_K5,5,731,-4.887403751657104,-0.3317129709087039,0.49915265673584003,KGE
subsequent_2016_2020,lamah_212613,2,1,Knoben_K5,5,731,-0.02889327359565641,0.45227910294324336,0.18533343553244008,KGE
subsequent_2016_2020,lamah_212647,5,1,Knoben_K5,5,731,0.10693321385309584,0.4511520829080323,0.1212089569705618,KGE
subsequent_2016_2020,lamah_212670,3,1,Knoben_K5,5,731,0.08303347075189016,0.4997496030973032,0.08672575879081738,KGE
subsequent_2016_2020,lamah_212860,1,1,Knoben_K5,5,731,-0.021744820540011034,0.3775564122878744,0.1544001857955968,KGE
subsequent_2016_2020,lamah_212878,3,1,Knoben_K5,5,731,-0.9526897373077341,0.08873145459763432,0.19487200784399705,KGE
subsequent_2016_2020,lamah_212886,4,1,Knoben_K5,5,731,-1.0828612670773214,0.15223616779408,0.19357442532038574,KGE
subsequent_2016_2020,lamah_212894,5,0,Knoben_K5,5,731,-2.406392770145549,-0.6358983568530334,0.24645721134784138,KGE
subsequent_2016_2020,lamah_212928,5,1,Knoben_K5,5,731,-2.798075686184776,-0.2729896525268185,0.21592962780347294,KGE
subsequent_2016_2020,lamah_213124,2,1,Knoben_K5,5,731,0.03457939516258868,0.3906457648442504,0.11169526780086905,KGE
subsequent_2016_2020,lamah_213181,4,1,Knoben_K5,5,731,-4.03853266787574,-0.2969062082288738,0.33665461097670735,KGE
subsequent_2016_2020,lamah_213306,3,1,Knoben_K5,5,731,-7.222988774173887,-0.9847076367867598,0.4463439789687631,KGE
subsequent_2016_2020,lamah_2150,4,1,Knoben_K5,5,731,0.8867664307144691,0.9177591671591542,0.03550633278932278,KGE
subsequent_2016_2020,lamah_2262,1,1,Knoben_K5,5,731,0.31332521756680654,0.42353336369193395,0.10531722705655241,KGE
subsequent_2016_2020,lamah_403,2,1,Knoben_K5,5,731,0.4238891657925372,0.394930943222235,0.12617515656361286,KGE
subsequent_2016_2020,camelsbr_57250000,5,1,RF_Signature_K5,5,1095,-14.644605133649417,-1.8521835180717727,0.3195569035606464,KGE
subsequent_2016_2020,camelsbr_58060000,3,1,RF_Signature_K5,5,1074,-0.6118546014681481,0.16594324289049145,0.07850747399799789,KGE
subsequent_2016_2020,camelsbr_58258000,1,1,RF_Signature_K5,5,731,-1.4297424982260925,-0.30798359761553584,0.08154770100468474,KGE
subsequent_2016_2020,camelsbr_58530000,3,1,RF_Signature_K5,5,1003,-1.1361290253381857,0.125164224223683,0.15791386274200392,KGE
subsequent_2016_2020,camelsbr_58535000,3,1,RF_Signature_K5,5,731,-1.2002855632691873,-0.06821560824175243,0.186093313382808,KGE
subsequent_2016_2020,camelsbr_58542000,1,1,RF_Signature_K5,5,1035,-0.40396798804158296,0.35962129587774394,0.13239257301415294,KGE
subsequent_2016_2020,camelsbr_59370000,2,1,RF_Signature_K5,5,1040,-0.08403572650785507,0.2787383359300465,0.07812109894578549,KGE
subsequent_2016_2020,camelsbr_70100000,4,1,RF_Signature_K5,5,1087,-0.33629891558432856,-0.06817537242693539,0.11335288842474299,KGE
subsequent_2016_2020,camelsbr_71300000,1,1,RF_Signature_K5,5,1081,-0.6931941700039161,-0.02763355236164644,0.20330016041128537,KGE
subsequent_2016_2020,camelsbr_73765000,1,1,RF_Signature_K5,5,1035,-0.5306685386547989,-0.03699463150874749,0.12036981165914962,KGE
subsequent_2016_2020,camelscl_1050002,4,1,RF_Signature_K5,5,678,-74.33133882388272,-6.532353128941674,2.013273211196007,KGE
subsequent_2016_2020,camelscl_1201005,3,1,RF_Signature_K5,5,1296,-235.82623365540445,-11.593193677445495,1.1340424616257776,KGE
subsequent_2016_2020,camelscl_12284002,1,1,RF_Signature_K5,5,974,-73.82352875546256,-7.203875585735151,1.0366549792650068,KGE
subsequent_2016_2020,camelscl_12284003,4,1,RF_Signature_K5,5,1095,-100.72166559286832,-9.138874203824132,1.1015478555804106,KGE
subsequent_2016_2020,camelscl_12284006,1,1,RF_Signature_K5,5,1072,-26.49676946958706,-4.453186839574948,0.4708363003707695,KGE
subsequent_2016_2020,camelscl_12582001,4,1,RF_Signature_K5,5,1096,-3.5536471442968356,-0.5019860528091671,0.14204855223838148,KGE
subsequent_2016_2020,camelscl_12600001,2,1,RF_Signature_K5,5,436,-9.965585811925484,-1.317101753139545,0.5730025552670686,KGE
subsequent_2016_2020,camelscl_12622001,5,1,RF_Signature_K5,5,1065,-18.45100431039548,-2.276462952414351,0.5665208641063517,KGE
subsequent_2016_2020,camelscl_12802001,3,1,RF_Signature_K5,5,939,-69.85085781350277,-9.799665423418832,0.615523264290888,KGE
subsequent_2016_2020,camelscl_12805001,2,1,RF_Signature_K5,5,1044,-8.817885818817022,-1.4366192931666824,0.4153894321652516,KGE
subsequent_2016_2020,camelscl_12806001,5,1,RF_Signature_K5,5,1062,-53.22997927158841,-4.0087345589935754,0.889559947112862,KGE
subsequent_2016_2020,camelscl_4301002,3,1,RF_Signature_K5,5,1011,-1.0767450353087908,-0.19197904928740228,0.3007591532962602,KGE
subsequent_2016_2020,camelscl_4311001,1,1,RF_Signature_K5,5,1230,-1.2064566896799072,0.19715624346977056,0.29447924837428396,KGE
subsequent_2016_2020,camelscl_4313001,1,1,RF_Signature_K5,5,1210,-1.8471859309999408,0.03365592534430972,0.2755213378439849,KGE
subsequent_2016_2020,camelscl_4314002,4,1,RF_Signature_K5,5,1429,-2.7496933494216558,-0.18487049528256638,0.08583764699598082,KGE
subsequent_2016_2020,camelscl_4501001,4,1,RF_Signature_K5,5,1181,-5.501729793916744,-1.0283415323196254,0.4678604663029037,KGE
subsequent_2016_2020,camelscl_4503001,1,1,RF_Signature_K5,5,1216,-0.19118526055253837,-0.1785927754426584,0.06743343897545204,KGE
subsequent_2016_2020,camelscl_4511002,1,1,RF_Signature_K5,5,1484,-0.6384078360152692,0.33777957752408083,0.22644424828212859,KGE
subsequent_2016_2020,camelscl_4512001,1,1,RF_Signature_K5,5,892,-1.7241785944931456,-0.29738229641520464,0.23363358500918963,KGE
subsequent_2016_2020,camelscl_4513001,3,1,RF_Signature_K5,5,1064,-0.9661062890752801,0.10461070991434285,0.2196648687305756,KGE
subsequent_2016_2020,camelscl_4514001,2,1,RF_Signature_K5,5,1230,-0.567449502099957,-0.2794736409944376,0.11571162338497415,KGE
subsequent_2016_2020,camelscl_4520001,4,1,RF_Signature_K5,5,1087,-45336.919683322754,-201.15212877985917,18.52008049053395,KGE
subsequent_2016_2020,camelscl_4530001,4,1,RF_Signature_K5,5,862,-2.8639746744596795,-0.2014528191045395,0.37771903069327684,KGE
subsequent_2016_2020,camelscl_4532001,3,0,RF_Signature_K5,5,1006,-1.8886172265207923,-0.28799171300952064,0.3066481336529277,KGE
subsequent_2016_2020,camelscl_4703002,1,1,RF_Signature_K5,5,1613,-0.14470348891049345,-0.0026420527569581687,0.14285876425363345,KGE
subsequent_2016_2020,camelscl_4721001,3,1,RF_Signature_K5,5,1077,0.6398209434355714,0.5676933305396197,0.1196539733145719,KGE
subsequent_2016_2020,camelscl_4723001,5,1,RF_Signature_K5,5,1146,-5.140694977222367,-0.6639596997275345,0.19345704651929502,KGE
subsequent_2016_2020,camelscl_5200001,2,1,RF_Signature_K5,5,1343,-42.01484718815816,-4.632791575752647,0.583309741090417,KGE
subsequent_2016_2020,camelscl_5401003,2,0,RF_Signature_K5,5,1507,-4.1931839354229385,-0.511161855358188,0.5166552484392887,KGE
subsequent_2016_2020,camelscl_5402001,5,1,RF_Signature_K5,5,986,-0.5012563381663866,-0.3136870048257785,0.0741179608657842,KGE
subsequent_2016_2020,camelscl_5406001,1,1,RF_Signature_K5,5,1007,-8.222561104270781,-3.204193168289695,0.5315605632675795,KGE
subsequent_2016_2020,camelscl_5706001,1,1,RF_Signature_K5,5,670,-14.156730039280344,-3.0601694754313113,0.5179844496335629,KGE
subsequent_2016_2020,camelscl_5707002,1,1,RF_Signature_K5,5,731,-5.3911167828907995,-0.6801185789631896,0.5208472506547991,KGE
subsequent_2016_2020,camelscl_5722001,4,1,RF_Signature_K5,5,997,-17.77972545074451,-1.9395903173365614,0.5977660057586089,KGE
subsequent_2016_2020,camelscl_5722002,1,1,RF_Signature_K5,5,1045,-60.17529024210175,-5.0859600094979935,0.40397718114472886,KGE
subsequent_2016_2020,camelscl_6013001,5,1,RF_Signature_K5,5,1035,-4.460374114114313,-0.4999091410602814,0.32493432115932097,KGE
subsequent_2016_2020,camelscl_7103001,4,1,RF_Signature_K5,5,1096,-0.6272973836120885,0.07607684143064575,0.10360767104626907,KGE
subsequent_2016_2020,camelscl_7104002,4,1,RF_Signature_K5,5,1161,-0.5756455642578333,0.20534429084016215,0.10524889928900731,KGE
subsequent_2016_2020,camelscl_7112001,5,1,RF_Signature_K5,5,1231,-0.2341446603144126,0.4396721642144764,0.16152317949685596,KGE
subsequent_2016_2020,camelscl_7115001,2,1,RF_Signature_K5,5,1421,-0.21408926846603427,0.4652863867856112,0.129387187991123,KGE
subsequent_2016_2020,camelscl_7116001,3,1,RF_Signature_K5,5,1204,-6.3460525251788855,-1.7682158335922287,0.2154597459187821,KGE
subsequent_2016_2020,camelscl_7355002,1,1,RF_Signature_K5,5,1391,-0.8047820137609958,0.0013901277208901996,0.14298128868124627,KGE
subsequent_2016_2020,camelscl_7374001,5,1,RF_Signature_K5,5,808,-3.0967341573466074,-0.5516944125317291,0.17230739428253633,KGE
subsequent_2016_2020,camelscl_8130002,1,1,RF_Signature_K5,5,1236,0.174409314394246,0.34643559323162476,0.0644362715654429,KGE
subsequent_2016_2020,camelscl_8351001,3,0,RF_Signature_K5,5,1027,-1.2259639100922857,-0.3167247737802017,0.1076439060340363,KGE
subsequent_2016_2020,hysets_01010070,4,1,RF_Signature_K5,5,1096,0.378134783813747,0.4371291250342285,0.09886507958221873,KGE
subsequent_2016_2020,hysets_01022500,1,1,RF_Signature_K5,5,1096,0.4573129625361465,0.5689186620601832,0.08759351317338325,KGE
subsequent_2016_2020,hysets_01031500,1,1,RF_Signature_K5,5,1096,0.8834110892706397,0.8703234619353419,0.0397826868165988,KGE
subsequent_2016_2020,hysets_01038000,3,1,RF_Signature_K5,5,1096,0.4321416598927482,0.6245051152141295,0.0876011492334836,KGE
subsequent_2016_2020,hysets_01047000,2,1,RF_Signature_K5,5,1096,-0.18300267933276926,0.30963637904166097,0.11415382772655473,KGE
subsequent_2016_2020,hysets_01054200,1,1,RF_Signature_K5,5,1096,0.223334264080166,0.2764458634677406,0.03988323930964784,KGE
subsequent_2016_2020,hysets_01055000,3,1,RF_Signature_K5,5,1096,0.4938712325028547,0.5165581698375621,0.054018323909269965,KGE
subsequent_2016_2020,hysets_01057000,2,1,RF_Signature_K5,5,1096,0.24432457812631803,0.5653092725881851,0.10262893557964467,KGE
subsequent_2016_2020,hysets_01064500,3,1,RF_Signature_K5,5,1096,0.18228307413587985,0.3657191167015059,0.05345736793831183,KGE
subsequent_2016_2020,hysets_01076500,1,1,RF_Signature_K5,5,1096,0.03954559062008922,0.38506616471799404,0.07397657343774221,KGE
subsequent_2016_2020,hysets_01078000,2,1,RF_Signature_K5,5,1096,0.5417771265904983,0.608112336929487,0.06871935818006476,KGE
subsequent_2016_2020,hysets_01096000,1,0,RF_Signature_K5,5,731,-0.9859870904370998,0.20145067432970798,0.16952143671489037,KGE
subsequent_2016_2020,hysets_01118000,1,1,RF_Signature_K5,5,1096,-0.5104751118099504,0.3357949129952279,0.16980362789638578,KGE
subsequent_2016_2020,hysets_01134500,1,1,RF_Signature_K5,5,1096,0.3518845635314921,0.5812621710693029,0.08852294100600014,KGE
subsequent_2016_2020,hysets_01137500,4,1,RF_Signature_K5,5,1096,0.1006536793992765,0.4421906537501953,0.06178153991099626,KGE
subsequent_2016_2020,hysets_01169000,5,1,RF_Signature_K5,5,1096,-0.2401121789215468,0.31483613894901663,0.07099930488973959,KGE
subsequent_2016_2020,hysets_01174500,5,1,RF_Signature_K5,5,1096,0.30678559835956676,0.5920622204918574,0.08112522140732281,KGE
subsequent_2016_2020,hysets_01181000,5,1,RF_Signature_K5,5,1096,-0.0511642397729557,0.2765788859369388,0.047191752553069594,KGE
subsequent_2016_2020,hysets_01439500,5,1,RF_Signature_K5,5,1096,0.44401914703057854,0.6294553769987836,0.0986053344390842,KGE
subsequent_2016_2020,hysets_01440000,4,1,RF_Signature_K5,5,1096,0.1422495921224498,0.4501940322423128,0.0752636905760522,KGE
subsequent_2016_2020,hysets_01447500,1,1,RF_Signature_K5,5,1096,0.13899799439209437,0.4970139796624876,0.09195243951462076,KGE
subsequent_2016_2020,hysets_01543000,4,1,RF_Signature_K5,5,1096,0.6383346028194351,0.7101589946459391,0.07660948198906806,KGE
subsequent_2016_2020,hysets_01543500,2,1,RF_Signature_K5,5,1096,0.9190091762871246,0.9172788652877862,0.03150979221858268,KGE
subsequent_2016_2020,hysets_01544500,3,1,RF_Signature_K5,5,1096,0.49735047707139246,0.7042585367132281,0.07079754205700456,KGE
subsequent_2016_2020,hysets_01545600,5,0,RF_Signature_K5,5,1096,-1.001993090190521,0.233229651037422,0.12617860266882938,KGE
subsequent_2016_2020,hysets_01550000,5,1,RF_Signature_K5,5,1096,0.3115634109751775,0.39452286889921695,0.06137285679661569,KGE
subsequent_2016_2020,hysets_01552000,2,0,RF_Signature_K5,5,1096,0.4803013058456336,0.4413316370322661,0.05602667696782216,KGE
subsequent_2016_2020,hysets_01605500,1,1,RF_Signature_K5,5,1096,0.7170175238675289,0.7475048703988125,0.03013441069552575,KGE
subsequent_2016_2020,hysets_01606500,3,1,RF_Signature_K5,5,1096,-0.833864580913874,0.2389074653500023,0.085989858407426,KGE
subsequent_2016_2020,hysets_01611500,5,1,RF_Signature_K5,5,1096,-0.27255203898918046,0.17089781909332902,0.10008973412594159,KGE
subsequent_2016_2020,hysets_01665500,3,0,RF_Signature_K5,5,1096,0.046024562152015,0.10285271271103513,0.051049562789814276,KGE
subsequent_2016_2020,hysets_01669520,2,1,RF_Signature_K5,5,1096,-1.2891473821617052,0.004524392111968312,0.06674796288695867,KGE
subsequent_2016_2020,hysets_01673800,1,1,RF_Signature_K5,5,1096,0.39460570094761416,0.6020987672344928,0.048130656328158695,KGE
subsequent_2016_2020,hysets_01AJ010,2,1,RF_Signature_K5,5,731,0.44331764495001125,0.47223697525256136,0.09373683196163007,KGE
subsequent_2016_2020,hysets_01AK001,3,1,RF_Signature_K5,5,731,0.7568220851183343,0.7858824681942463,0.06992422342510703,KGE
subsequent_2016_2020,hysets_01AK007,1,1,RF_Signature_K5,5,731,0.7925646978604727,0.7658732523294756,0.061796514143053205,KGE
subsequent_2016_2020,hysets_01AL002,2,1,RF_Signature_K5,5,731,0.3459775800537189,0.36386608850290425,0.10461338216868389,KGE
subsequent_2016_2020,hysets_01AM001,4,1,RF_Signature_K5,5,731,0.671842809263161,0.6187248738258098,0.06284549027533146,KGE
subsequent_2016_2020,hysets_01AN002,1,1,RF_Signature_K5,5,731,0.6959136980172347,0.7599278776967728,0.07883179879550475,KGE
subsequent_2016_2020,hysets_01AP002,4,1,RF_Signature_K5,5,731,0.6518829104291013,0.6566426353568794,0.07008811139127313,KGE
subsequent_2016_2020,hysets_01AQ001,4,1,RF_Signature_K5,5,1096,0.24681672709789948,0.35401346556726954,0.06412094006233672,KGE
subsequent_2016_2020,hysets_01BJ003,1,1,RF_Signature_K5,5,731,0.18099674157673107,0.3580456492985037,0.10486147411152807,KGE
subsequent_2016_2020,hysets_01BL002,3,1,RF_Signature_K5,5,731,-0.18560295584141806,0.4058081694222946,0.1438673420135099,KGE
subsequent_2016_2020,hysets_01BQ001,2,1,RF_Signature_K5,5,731,0.5571867340360663,0.49502134478265924,0.05380877972530884,KGE
subsequent_2016_2020,hysets_01BS001,3,1,RF_Signature_K5,5,731,0.6080515114552678,0.6842546579871503,0.06247976369403139,KGE
subsequent_2016_2020,hysets_01BU002,1,1,RF_Signature_K5,5,731,0.44888321675243137,0.47125886602555245,0.08832394975898014,KGE
subsequent_2016_2020,hysets_01BV006,1,1,RF_Signature_K5,5,731,0.27044855064674833,0.4363222204593922,0.06545142789092523,KGE
subsequent_2016_2020,hysets_01DR001,2,1,RF_Signature_K5,5,1096,0.04284563565057031,0.3056396327896048,0.10799289942721488,KGE
subsequent_2016_2020,hysets_01EC001,5,1,RF_Signature_K5,5,1096,-0.005524205228456758,0.4748490697196385,0.1761305026545122,KGE
subsequent_2016_2020,hysets_01ED007,2,1,RF_Signature_K5,5,731,-0.40395354461995137,0.0967790027390778,0.24830743039171324,KGE
subsequent_2016_2020,hysets_01EF001,3,1,RF_Signature_K5,5,1096,0.04470271995613029,0.5408391955562828,0.18519648229055133,KGE
subsequent_2016_2020,hysets_01EO001,5,1,RF_Signature_K5,5,1096,0.24580225229476238,0.49198759440098927,0.09324233005890369,KGE
subsequent_2016_2020,hysets_01FB001,5,1,RF_Signature_K5,5,1096,-0.038367013264207106,0.19117122342841397,0.11018416136440658,KGE
subsequent_2016_2020,hysets_01FB003,4,1,RF_Signature_K5,5,1096,-0.32415100590658374,0.40713489130608305,0.19026669636036675,KGE
subsequent_2016_2020,hysets_02011400,5,1,RF_Signature_K5,5,1096,0.6976467744329213,0.7908802145892316,0.0389431001604266,KGE
subsequent_2016_2020,hysets_02011460,5,1,RF_Signature_K5,5,1096,-0.03968532652399426,0.30875418909216357,0.05367723730156891,KGE
subsequent_2016_2020,hysets_02013000,3,1,RF_Signature_K5,5,1096,0.624965131446233,0.6559740404383572,0.03999274573344715,KGE
subsequent_2016_2020,hysets_02014000,2,1,RF_Signature_K5,5,1096,0.7049453708005022,0.7549380615967163,0.05224885056189756,KGE
subsequent_2016_2020,hysets_02015700,2,1,RF_Signature_K5,5,1096,-0.2843007627147065,0.37393631413043993,0.0614951890340644,KGE
subsequent_2016_2020,hysets_02016000,5,1,RF_Signature_K5,5,1096,0.4382070321369712,0.6687107565032404,0.05651974586290028,KGE
subsequent_2016_2020,hysets_02017500,5,1,RF_Signature_K5,5,1096,0.7857868791118799,0.7999274377177605,0.0522876364611746,KGE
subsequent_2016_2020,hysets_02018000,3,1,RF_Signature_K5,5,1096,0.6343836112606224,0.7467693516424545,0.05803528494617324,KGE
subsequent_2016_2020,hysets_02020500,4,1,RF_Signature_K5,5,1096,0.24562944100018158,0.41586023645654224,0.05809606666161999,KGE
subsequent_2016_2020,hysets_02021500,3,1,RF_Signature_K5,5,1096,0.37871916839928943,0.4639288087957949,0.056169704243119574,KGE
subsequent_2016_2020,hysets_02027000,4,0,RF_Signature_K5,5,1096,0.14597734157047226,0.27511328361589316,0.05382831150834573,KGE
subsequent_2016_2020,hysets_02028500,4,0,RF_Signature_K5,5,1096,0.3107124124346138,0.39444141401989075,0.06625811837482863,KGE
subsequent_2016_2020,hysets_02030000,4,1,RF_Signature_K5,5,1096,0.0036290062074669782,0.3212286159063418,0.06958677816592256,KGE
subsequent_2016_2020,hysets_02041000,4,1,RF_Signature_K5,5,1096,0.07969788125134758,0.19144907864351735,0.03676704076859092,KGE
subsequent_2016_2020,hysets_02046000,4,1,RF_Signature_K5,5,1096,-0.4253634697522781,0.1635715721330534,0.08221204627719088,KGE
subsequent_2016_2020,hysets_02212600,4,1,RF_Signature_K5,5,1096,-1.0147228197269795,-0.6825816467329318,0.08443709163660734,KGE
subsequent_2016_2020,hysets_02325000,1,1,RF_Signature_K5,5,1096,-5.192731896163403,-0.6604043518325826,0.3799192644083101,KGE
subsequent_2016_2020,hysets_02326000,3,1,RF_Signature_K5,5,1096,-5.098991620312508,-0.8758390742345961,0.4102214341401413,KGE
subsequent_2016_2020,hysets_02327100,1,1,RF_Signature_K5,5,1096,-0.6070710616799297,-0.07149384779462742,0.16528758481166178,KGE
subsequent_2016_2020,hysets_02331600,1,1,RF_Signature_K5,5,1096,-0.3443166555853878,0.32746731299892207,0.07271216701414535,KGE
subsequent_2016_2020,hysets_02373000,5,1,RF_Signature_K5,5,1079,-0.1811445579221478,0.11994143359776432,0.10956824835996153,KGE
subsequent_2016_2020,hysets_02374500,3,1,RF_Signature_K5,5,1096,-0.4518293124340822,0.16346592193376852,0.0553914505250366,KGE
subsequent_2016_2020,hysets_02380500,2,1,RF_Signature_K5,5,1096,-1.8596209398899655,-0.044395397603804954,0.1646232986707963,KGE
subsequent_2016_2020,hysets_02401390,4,1,RF_Signature_K5,5,1095,0.09374511252610673,0.2627217790274521,0.08963201071594279,KGE
subsequent_2016_2020,hysets_02450250,3,1,RF_Signature_K5,5,1096,0.2401475817802352,0.4750752612656326,0.07330249603821717,KGE
subsequent_2016_2020,hysets_02469800,5,1,RF_Signature_K5,5,1096,-0.07117009586211465,0.07085692298330704,0.08414905593863548,KGE
subsequent_2016_2020,hysets_02479155,1,1,RF_Signature_K5,5,1095,0.09315031869798795,0.09267279149552621,0.07013005274827165,KGE
subsequent_2016_2020,hysets_02479300,1,0,RF_Signature_K5,5,1096,-0.3054876826588673,0.06688175685243147,0.10714727414559119,KGE
subsequent_2016_2020,hysets_02479560,3,1,RF_Signature_K5,5,1096,-0.15283621968637573,0.008708190484216671,0.06652190386599602,KGE
subsequent_2016_2020,hysets_02AB017,5,1,RF_Signature_K5,5,731,-0.1259936955152201,-0.26047734761716224,0.1603858407380857,KGE
subsequent_2016_2020,hysets_02AC001,3,1,RF_Signature_K5,5,731,-0.17904359598068065,0.046581185116687185,0.20324433680426954,KGE
subsequent_2016_2020,hysets_02AD010,2,1,RF_Signature_K5,5,1096,0.4520437986874628,0.4843516737542829,0.10201048117585818,KGE
subsequent_2016_2020,hysets_02BA003,2,1,RF_Signature_K5,5,731,-0.11739364082163495,0.3791333280044338,0.14044895439946273,KGE
subsequent_2016_2020,hysets_02BF001,4,1,RF_Signature_K5,5,731,0.7091509387049604,0.812018846279454,0.06644074594244193,KGE
subsequent_2016_2020,hysets_02BF002,1,1,RF_Signature_K5,5,731,0.8607126703126322,0.8338169373623227,0.04654127981416035,KGE
subsequent_2016_2020,hysets_02CB003,2,1,RF_Signature_K5,5,731,0.15691603637807905,0.33476956402081803,0.12039755957831805,KGE
subsequent_2016_2020,hysets_02CD006,2,1,RF_Signature_K5,5,731,0.2869109492677888,0.6014679230938342,0.15787412830942277,KGE
subsequent_2016_2020,hysets_02DD015,1,1,RF_Signature_K5,5,731,-0.16408237077488308,0.1756531056223929,0.1726981181138612,KGE
subsequent_2016_2020,hysets_02HL003,5,1,RF_Signature_K5,5,1096,-0.3724335145654749,0.3154796706287173,0.1312321803282603,KGE
subsequent_2016_2020,hysets_02HL004,5,1,RF_Signature_K5,5,731,-0.5291646986031988,0.30538732262985235,0.17380457369872873,KGE
subsequent_2016_2020,hysets_02JC008,1,1,RF_Signature_K5,5,731,0.32920841425452285,0.6057755686751202,0.12311192729203113,KGE
subsequent_2016_2020,hysets_02YC001,1,1,RF_Signature_K5,5,731,-0.049968359293560916,0.24175811216456788,0.1872141393193589,KGE
subsequent_2016_2020,hysets_02YD002,1,1,RF_Signature_K5,5,731,-0.27177963089692736,0.17603589408811526,0.17722277292101843,KGE
subsequent_2016_2020,hysets_02YJ001,4,1,RF_Signature_K5,5,731,-0.11271639047538606,0.16825793223023822,0.15691780148139525,KGE
subsequent_2016_2020,hysets_02YK002,3,1,RF_Signature_K5,5,731,0.536314902479594,0.6273216041743865,0.10718984309033933,KGE
subsequent_2016_2020,hysets_02YK005,1,1,RF_Signature_K5,5,731,-0.4647579382910265,0.35673738037044944,0.2357418195548928,KGE
subsequent_2016_2020,hysets_02YN002,5,1,RF_Signature_K5,5,731,-0.19465547888895451,0.2739388820816543,0.17062460376723973,KGE
subsequent_2016_2020,hysets_02YO006,5,1,RF_Signature_K5,5,1096,0.1989221532925044,0.5228133525508876,0.07697131236077179,KGE
subsequent_2016_2020,hysets_02YO008,2,1,RF_Signature_K5,5,1096,0.14560929910760811,0.23775298336610828,0.07216047375636697,KGE
subsequent_2016_2020,hysets_02YR001,1,1,RF_Signature_K5,5,1096,-0.22338881966377166,0.33715548186322364,0.17864126291290203,KGE
subsequent_2016_2020,hysets_02YR003,4,1,RF_Signature_K5,5,1096,-0.2577351787667219,0.3113410515372306,0.19448510881861306,KGE
subsequent_2016_2020,hysets_02ZB001,1,1,RF_Signature_K5,5,731,0.055694886049753256,0.10486866783230087,0.07821785704175617,KGE
subsequent_2016_2020,hysets_02ZC002,3,1,RF_Signature_K5,5,731,0.09656285423064048,0.1519180356896792,0.10343335811074517,KGE
subsequent_2016_2020,hysets_02ZF001,3,1,RF_Signature_K5,5,1096,0.053991970085516594,0.5408936097023298,0.13904033240835667,KGE
subsequent_2016_2020,hysets_02ZG001,5,1,RF_Signature_K5,5,731,0.022075503719466094,0.48508370516348565,0.14635857829250043,KGE
subsequent_2016_2020,hysets_02ZG003,3,1,RF_Signature_K5,5,692,-0.25901389361784277,0.005937044435325944,0.1367854940676134,KGE
subsequent_2016_2020,hysets_02ZH001,3,1,RF_Signature_K5,5,731,0.5396777509645048,0.732582535026711,0.07524727817291457,KGE
subsequent_2016_2020,hysets_02ZK001,2,1,RF_Signature_K5,5,731,-0.11975884231013989,-0.20051478399372868,0.14129701444356096,KGE
subsequent_2016_2020,hysets_02ZK004,2,1,RF_Signature_K5,5,731,-0.1465030961195899,-0.0397840988563527,0.16170069287191807,KGE
subsequent_2016_2020,hysets_03010500,2,0,RF_Signature_K5,5,1096,0.6447286964671355,0.8176521685063195,0.06836231124791518,KGE
subsequent_2016_2020,hysets_03010655,1,1,RF_Signature_K5,5,1096,0.5430819062640777,0.7765681863180958,0.05640310417803612,KGE
subsequent_2016_2020,hysets_03021350,3,0,RF_Signature_K5,5,1096,0.16230443957836882,0.31651612469984414,0.08217237029373214,KGE
subsequent_2016_2020,hysets_03028000,1,1,RF_Signature_K5,5,1096,-0.18526568534616517,0.4450718450796294,0.07888410227338978,KGE
subsequent_2016_2020,hysets_03065000,1,1,RF_Signature_K5,5,1096,0.37751786376215435,0.5902251930625158,0.07255484532538083,KGE
subsequent_2016_2020,hysets_03070500,1,1,RF_Signature_K5,5,1096,0.10318258636774391,0.5105287496277491,0.09323166186970144,KGE
subsequent_2016_2020,hysets_03072000,1,1,RF_Signature_K5,5,1096,0.24314640510232388,0.5689639574373433,0.08661236219866512,KGE
subsequent_2016_2020,hysets_03110000,4,1,RF_Signature_K5,5,1096,-0.03657919999044368,0.3574703955184789,0.06758444419825846,KGE
subsequent_2016_2020,hysets_03151400,5,1,RF_Signature_K5,5,1096,0.5878369658232625,0.6362474763430325,0.05070102909572639,KGE
subsequent_2016_2020,hysets_03159540,3,1,RF_Signature_K5,5,1096,0.26248926437442843,0.40816547562464844,0.07669413874207283,KGE
subsequent_2016_2020,hysets_03180500,4,1,RF_Signature_K5,5,1096,0.174989511475803,0.4292354358546623,0.07166482132438311,KGE
subsequent_2016_2020,hysets_03182500,3,1,RF_Signature_K5,5,1096,0.6990313556740861,0.7825409762802868,0.04072141160737021,KGE
subsequent_2016_2020,hysets_03186500,3,1,RF_Signature_K5,5,1096,0.46133521199662497,0.4668869379639592,0.04424170758359785,KGE
subsequent_2016_2020,hysets_03187500,2,1,RF_Signature_K5,5,1096,0.593922248144511,0.5778618185301069,0.048408078807590536,KGE
subsequent_2016_2020,hysets_03189100,2,1,RF_Signature_K5,5,929,0.5107248208792527,0.5187954179349581,0.04595092324476853,KGE
subsequent_2016_2020,hysets_03194700,3,1,RF_Signature_K5,5,1096,0.5837314398244279,0.6320719758596303,0.06181123750337939,KGE
subsequent_2016_2020,hysets_03198500,5,0,RF_Signature_K5,5,1096,0.653005716932247,0.7767750273427946,0.05781674760980766,KGE
subsequent_2016_2020,hysets_03202400,5,1,RF_Signature_K5,5,1096,0.49376601718110835,0.5571797059007694,0.04373426210306775,KGE
subsequent_2016_2020,hysets_03202750,2,1,RF_Signature_K5,5,1096,0.39335191483423015,0.5771744628610012,0.07376611970420352,KGE
subsequent_2016_2020,hysets_03207800,1,1,RF_Signature_K5,5,1096,0.5074572542699651,0.6979109947529634,0.03917749576159586,KGE
subsequent_2016_2020,hysets_03208500,2,1,RF_Signature_K5,5,1096,0.0910281712270391,0.309108267417716,0.051870032304851606,KGE
subsequent_2016_2020,hysets_03210000,2,1,RF_Signature_K5,5,1096,-0.15942294994868877,0.25637550033547085,0.09293199244058441,KGE
subsequent_2016_2020,hysets_03217000,3,1,RF_Signature_K5,5,1096,0.23938516075027827,0.5254548287270675,0.06540382995607137,KGE
subsequent_2016_2020,hysets_03280700,2,1,RF_Signature_K5,5,1096,-0.2456475175627273,0.260218847809088,0.06285768160477825,KGE
subsequent_2016_2020,hysets_03460000,4,1,RF_Signature_K5,5,1096,-2.072056326994957,-0.07372664268392226,0.13994189432842727,KGE
subsequent_2016_2020,hysets_03497300,4,1,RF_Signature_K5,5,1094,-0.19716073183347116,0.24944219984388682,0.084707398802393,KGE
subsequent_2016_2020,hysets_03512000,3,1,RF_Signature_K5,5,1096,0.5149080391910712,0.7138016732668346,0.054340586171766646,KGE
subsequent_2016_2020,hysets_03574500,4,1,RF_Signature_K5,5,1096,0.09704378291239635,0.21714250142329616,0.08888212911573411,KGE
subsequent_2016_2020,hysets_04015330,4,1,RF_Signature_K5,5,1096,-0.06829646790160782,-0.25132605388648344,0.09471563567503333,KGE
subsequent_2016_2020,hysets_04024430,2,1,RF_Signature_K5,5,1096,-0.3262690942402715,-0.0657219661263988,0.06457792111811282,KGE
subsequent_2016_2020,hysets_04025500,2,1,RF_Signature_K5,5,1096,-5.74807013059588,-0.6896873436824826,0.22417592294824482,KGE
subsequent_2016_2020,hysets_04057510,2,1,RF_Signature_K5,5,1096,-0.6436327137981945,-0.296921300065333,0.21007694415607825,KGE
subsequent_2016_2020,hysets_04063700,5,1,RF_Signature_K5,5,1096,-0.29714022956791664,-0.08986662579238391,0.19188512040053146,KGE
subsequent_2016_2020,hysets_04256000,4,1,RF_Signature_K5,5,1096,0.24749860303146654,0.6361946349588702,0.10053932756719441,KGE
subsequent_2016_2020,hysets_04262500,1,1,RF_Signature_K5,5,1096,-0.3159850265083337,0.4412388140176249,0.13799129921852835,KGE
subsequent_2016_2020,hysets_04269000,4,1,RF_Signature_K5,5,1096,-0.21088320197537835,0.4398212925502133,0.1496038972564811,KGE
subsequent_2016_2020,hysets_04287000,4,0,RF_Signature_K5,5,1096,0.4519569156658598,0.5958476141212448,0.06495101612026703,KGE
subsequent_2016_2020,hysets_04296000,5,1,RF_Signature_K5,5,1096,0.06672494147977581,0.5483167073522006,0.13562123539096352,KGE
subsequent_2016_2020,hysets_05AA008,2,1,RF_Signature_K5,5,1096,0.60091025328178,0.4639353639696455,0.10968353991097984,KGE
subsequent_2016_2020,hysets_05BG006,2,0,RF_Signature_K5,5,1096,-0.34434685232536744,0.08214529821267136,0.0736816278815388,KGE
subsequent_2016_2020,hysets_05DA009,1,0,RF_Signature_K5,5,366,-0.3819918871775012,0.11558713775783402,0.32994637559583345,KGE
subsequent_2016_2020,hysets_05DC006,1,1,RF_Signature_K5,5,731,-1.2260034504179105,0.09283585253172433,0.2101683357459315,KGE
subsequent_2016_2020,hysets_05QE008,5,1,RF_Signature_K5,5,366,-4.302221269906802,0.026293554742000458,0.5931302355030429,KGE
subsequent_2016_2020,hysets_05QE009,3,1,RF_Signature_K5,5,731,-2.0713010693193197,-0.02489126645251627,0.30897062457763247,KGE
subsequent_2016_2020,hysets_05QE012,4,1,RF_Signature_K5,5,731,-1.321458062008757,-0.04207251050512184,0.3751397752481384,KGE
subsequent_2016_2020,hysets_05TG002,4,1,RF_Signature_K5,5,731,-0.014593024719831149,0.3500668353916587,0.17782894967670787,KGE
subsequent_2016_2020,hysets_05UF004,2,1,RF_Signature_K5,5,731,0.18645914040970213,-0.005775867391295764,0.17962234650217676,KGE
subsequent_2016_2020,hysets_06019500,5,1,RF_Signature_K5,5,1096,-2.181721888174427,-0.4649812738676038,0.28501726207514966,KGE
subsequent_2016_2020,hysets_06191000,2,1,RF_Signature_K5,5,1096,0.34151072268356386,0.6307201314777549,0.15328623139791503,KGE
subsequent_2016_2020,hysets_06200000,1,1,RF_Signature_K5,5,1096,-1.5352451955498343,-0.16757701385175472,0.2722876726618145,KGE
subsequent_2016_2020,hysets_06224000,3,1,RF_Signature_K5,5,1096,0.1872093729976393,0.12516513510712313,0.12452006036320197,KGE
subsequent_2016_2020,hysets_06289000,1,1,RF_Signature_K5,5,1096,-0.3433196697832721,0.24911905272119894,0.1322355667015979,KGE
subsequent_2016_2020,hysets_06309200,4,1,RF_Signature_K5,5,1096,0.14237033841584867,0.016224319696570677,0.10402782147821078,KGE
subsequent_2016_2020,hysets_06332515,2,1,RF_Signature_K5,5,1096,-318.5411885181988,-16.16140287698982,1.185420984545655,KGE
subsequent_2016_2020,hysets_06339100,1,0,RF_Signature_K5,5,1096,-1.6312694281241975,-0.07667594609632955,0.11129906721417916,KGE
subsequent_2016_2020,hysets_06344600,1,0,RF_Signature_K5,5,1096,-0.362571313823143,0.008071099884481514,0.05987158745542508,KGE
subsequent_2016_2020,hysets_06400875,3,1,RF_Signature_K5,5,1096,-4.709684161308757,-3.2165201259837,0.09332594992855682,KGE
subsequent_2016_2020,hysets_06404000,3,1,RF_Signature_K5,5,1096,-2.042336593801097,-0.5569512577012063,0.08930696782614449,KGE
subsequent_2016_2020,hysets_06406000,4,1,RF_Signature_K5,5,1096,-12.21083673578171,-2.2268487329391284,0.20184016721769346,KGE
subsequent_2016_2020,hysets_06409000,1,1,RF_Signature_K5,5,1096,-39.35948447279839,-3.1776643341309754,0.779150877272346,KGE
subsequent_2016_2020,hysets_06422500,2,1,RF_Signature_K5,5,1096,-11.852330032172093,-2.140723498217155,0.29346880217617977,KGE
subsequent_2016_2020,hysets_06623800,5,1,RF_Signature_K5,5,1096,0.5188517461407001,0.3764181385637718,0.10763781096841601,KGE
subsequent_2016_2020,hysets_06712000,1,1,RF_Signature_K5,5,1096,-908.9691008235798,-28.22760347542877,3.2238042393021216,KGE
subsequent_2016_2020,hysets_06719505,3,1,RF_Signature_K5,5,1096,-11.612117673042604,-3.096481169751292,0.5457033939284699,KGE
subsequent_2016_2020,hysets_06876700,2,1,RF_Signature_K5,5,1096,-1.808931428144394,-0.07766309861367371,0.17344743793912792,KGE
subsequent_2016_2020,hysets_06FD002,4,1,RF_Signature_K5,5,731,-0.08182989740696311,-0.4610594412431479,0.10013426048380762,KGE
subsequent_2016_2020,hysets_07060710,1,1,RF_Signature_K5,5,1095,-1.6585401351132885,-0.8341057324991794,0.0873972223981837,KGE
subsequent_2016_2020,hysets_07124200,2,1,RF_Signature_K5,5,1096,-0.7489927887118555,-0.21532170835815156,0.09276526423362338,KGE
subsequent_2016_2020,hysets_07203000,3,1,RF_Signature_K5,5,1096,-22.074963344411714,-5.662938621988622,0.32575104211199446,KGE
subsequent_2016_2020,hysets_07207500,3,1,RF_Signature_K5,5,1096,-6.26177403818365,-4.927671155536957,0.17271723075163128,KGE
subsequent_2016_2020,hysets_07208500,5,1,RF_Signature_K5,5,1091,-0.10143883649820995,0.23074542465346393,0.09459273180165607,KGE
subsequent_2016_2020,hysets_07291000,1,1,RF_Signature_K5,5,1093,-0.002377376325739533,0.0416032045000202,0.05765069713872765,KGE
subsequent_2016_2020,hysets_07299670,1,1,RF_Signature_K5,5,1096,-16.046073584200506,-2.326196444439332,0.21291898527886893,KGE
subsequent_2016_2020,hysets_07315200,3,1,RF_Signature_K5,5,1096,0.18309870696485897,0.09097945944099273,0.05448683713780193,KGE
subsequent_2016_2020,hysets_07335700,1,1,RF_Signature_K5,5,1096,-0.3392246748840222,0.057155527636157166,0.07241033565545428,KGE
subsequent_2016_2020,hysets_07337900,3,1,RF_Signature_K5,5,1096,-0.26432607030790556,0.00588251978045129,0.06533820894778153,KGE
subsequent_2016_2020,hysets_07340300,4,1,RF_Signature_K5,5,1096,-0.08571491691762168,-0.09297606688757298,0.0748687041528698,KGE
subsequent_2016_2020,hysets_07352000,5,1,RF_Signature_K5,5,1096,0.49691401459888174,0.4757384790720268,0.02968373022277363,KGE
subsequent_2016_2020,hysets_07361500,3,1,RF_Signature_K5,5,1089,-0.14578053580562855,0.012055136456940008,0.061930583144102984,KGE
subsequent_2016_2020,hysets_07362100,3,1,RF_Signature_K5,5,1096,0.48977672691682594,0.49411631557633096,0.04503467162941839,KGE
subsequent_2016_2020,hysets_07373000,1,1,RF_Signature_K5,5,1096,-0.1324864907465133,0.0261352026590691,0.07363772158360353,KGE
subsequent_2016_2020,hysets_07376000,1,1,RF_Signature_K5,5,1096,0.3344977952397463,0.2756284856421556,0.03952163070326225,KGE
subsequent_2016_2020,hysets_07377000,3,0,RF_Signature_K5,5,1096,-0.0896880245220033,-0.03202277872188364,0.05011867771621906,KGE
subsequent_2016_2020,hysets_07BJ001,5,1,RF_Signature_K5,5,366,-0.014886129735969034,-0.18818473130588997,0.17026780420811993,KGE
subsequent_2016_2020,hysets_07MA003,4,1,RF_Signature_K5,5,731,-10.282047607301617,-1.441589847095487,0.5048127480088902,KGE
subsequent_2016_2020,hysets_07SB013,5,0,RF_Signature_K5,5,366,-8490.167800586509,-150.05439216671343,23.246084928023347,KGE
subsequent_2016_2020,hysets_08013000,3,1,RF_Signature_K5,5,1096,0.061554219076198846,0.05534692054001622,0.06587963816460464,KGE
subsequent_2016_2020,hysets_08013500,4,1,RF_Signature_K5,5,1096,0.23889585194332352,0.23130021011251833,0.0747204660105103,KGE
subsequent_2016_2020,hysets_08014500,1,1,RF_Signature_K5,5,1096,-0.11092289703789282,-0.12723700286717965,0.08046013300465177,KGE
subsequent_2016_2020,hysets_08025500,4,1,RF_Signature_K5,5,1094,0.026095944820352157,-0.23982121343913287,0.040552033839540834,KGE
subsequent_2016_2020,hysets_08029500,5,1,RF_Signature_K5,5,1096,-0.04984085037667607,-0.25195294538520296,0.03726498362118101,KGE
subsequent_2016_2020,hysets_08065800,1,1,RF_Signature_K5,5,1096,0.1986155441841111,0.047490408916724625,0.06268553351360044,KGE
subsequent_2016_2020,hysets_08066200,2,1,RF_Signature_K5,5,1096,0.2232078212870252,0.27070066547851157,0.05477093526051407,KGE
subsequent_2016_2020,hysets_08068720,1,1,RF_Signature_K5,5,1096,0.4472214839782819,0.19009512498244918,0.037240188757034526,KGE
subsequent_2016_2020,hysets_08070000,4,1,RF_Signature_K5,5,1095,-0.020351849979134418,-0.3188030922172207,0.03780308780058861,KGE
subsequent_2016_2020,hysets_08082700,4,1,RF_Signature_K5,5,1096,-0.04033100193271144,-0.5906505655969918,0.07612542370220404,KGE
subsequent_2016_2020,hysets_08084800,3,1,RF_Signature_K5,5,1096,-0.10564798846676404,-0.5083958520529797,0.10351786098183342,KGE
subsequent_2016_2020,hysets_08086212,5,1,RF_Signature_K5,5,1096,-0.03424688937139919,-0.5818130517173283,0.05156652194342505,KGE
subsequent_2016_2020,hysets_08150800,3,1,RF_Signature_K5,5,1096,-0.006173947285037729,-0.2734994448671484,0.030569788495652544,KGE
subsequent_2016_2020,hysets_08164300,2,1,RF_Signature_K5,5,1096,0.045754561799240756,-0.40542623120045485,0.03651115409678701,KGE
subsequent_2016_2020,hysets_08165300,1,1,RF_Signature_K5,5,1096,-0.012264472911210467,-0.49375774806957495,0.032547882160654816,KGE
subsequent_2016_2020,hysets_08165500,3,1,RF_Signature_K5,5,1096,-0.029666160874285197,-0.47994321719159294,0.03189425922749178,KGE
subsequent_2016_2020,hysets_08171000,5,1,RF_Signature_K5,5,1096,-3.1220840189047845,-0.36993722764747283,0.12661129358013468,KGE
subsequent_2016_2020,hysets_08175000,5,1,RF_Signature_K5,5,1096,-0.01133837043480157,-0.10319625664118925,0.0437833144787281,KGE
subsequent_2016_2020,hysets_08176900,1,0,RF_Signature_K5,5,1096,-1.1675682175685371,-0.11019360065020889,0.08497571795084852,KGE
subsequent_2016_2020,hysets_08178880,4,1,RF_Signature_K5,5,1096,0.42778966543788843,0.3877685978598546,0.03324799534500723,KGE
subsequent_2016_2020,hysets_08189500,2,0,RF_Signature_K5,5,1095,-0.7143399060699285,0.04649784216598696,0.08189784871860348,KGE
subsequent_2016_2020,hysets_08194200,5,1,RF_Signature_K5,5,884,-0.105703972143248,-0.3053842096358683,0.04326489939504321,KGE
subsequent_2016_2020,hysets_08195000,2,1,RF_Signature_K5,5,1096,0.4157363970497062,0.38051810388848273,0.03903749390409311,KGE
subsequent_2016_2020,hysets_08198000,5,1,RF_Signature_K5,5,1095,-0.47088519881438073,0.10281438587745817,0.0957485810318861,KGE
subsequent_2016_2020,hysets_08198500,1,1,RF_Signature_K5,5,1096,-2.001829467753549,-0.033361906319657963,0.12850038799018768,KGE
subsequent_2016_2020,hysets_08201500,1,0,RF_Signature_K5,5,1096,-0.10206851166351627,-0.1672720317829064,0.050301720208560524,KGE
subsequent_2016_2020,hysets_08202700,3,0,RF_Signature_K5,5,1096,-70.46145766793192,-18.8234024510614,0.2950529549374853,KGE
subsequent_2016_2020,hysets_08247500,2,1,RF_Signature_K5,5,1096,-3.08046257263641,-2.3345357778119262,0.26637629280965175,KGE
subsequent_2016_2020,hysets_08269000,3,1,RF_Signature_K5,5,1096,0.6464047611115733,0.6600250285891882,0.07740764985169478,KGE
subsequent_2016_2020,hysets_08279000,2,1,RF_Signature_K5,5,1096,-0.31013723649228186,-0.14369884027802327,0.17339764877656408,KGE
subsequent_2016_2020,hysets_08284100,1,1,RF_Signature_K5,5,1096,0.5222782766327934,0.2688765701132805,0.10116665005063735,KGE
subsequent_2016_2020,hysets_08289000,3,1,RF_Signature_K5,5,1004,-2.7585085561625786,-1.6810517018065312,0.230423739822114,KGE
subsequent_2016_2020,hysets_08291000,2,1,RF_Signature_K5,5,1085,0.38527366417954545,0.5286500911469958,0.13998277148815952,KGE
subsequent_2016_2020,hysets_08324000,4,1,RF_Signature_K5,5,1096,-3.7003991699058982,-0.9648041122429198,0.3884827288699756,KGE
subsequent_2016_2020,hysets_08334000,4,1,RF_Signature_K5,5,1050,-59.67318878050118,-16.03334353609151,0.786421614253331,KGE
subsequent_2016_2020,hysets_08378500,5,1,RF_Signature_K5,5,1096,-0.2367946331588653,0.34994815306759586,0.20075471816627347,KGE
subsequent_2016_2020,hysets_08401200,4,1,RF_Signature_K5,5,1096,-543.0191592911267,-62.04704931022378,0.739461536931811,KGE
subsequent_2016_2020,hysets_08401900,5,1,RF_Signature_K5,5,1096,-60.64365863882347,-36.770293778521655,0.2948308978129572,KGE
subsequent_2016_2020,hysets_08405150,5,1,RF_Signature_K5,5,1096,-255.36956347498017,-95.34322373893235,0.4883599876657495,KGE
subsequent_2016_2020,hysets_08405500,3,1,RF_Signature_K5,5,1096,-154.0695097427013,-10.428109539284355,0.4407935565549387,KGE
subsequent_2016_2020,hysets_08AA008,1,1,RF_Signature_K5,5,731,-3.348623582767396,-0.3986206975376274,0.46880525666399114,KGE
subsequent_2016_2020,hysets_08AA009,4,1,RF_Signature_K5,5,731,0.30786936726351366,0.36446635505536396,0.14498207588420195,KGE
subsequent_2016_2020,hysets_08AC001,2,1,RF_Signature_K5,5,731,-3.078504294618753,-0.6046822845713069,0.2747008061953901,KGE
subsequent_2016_2020,hysets_08EB004,5,1,RF_Signature_K5,5,731,-1.5286658844357661,-0.07571232195009792,0.2269723989004373,KGE
subsequent_2016_2020,hysets_08ED001,4,1,RF_Signature_K5,5,1096,0.5563082994097803,0.6555337570381007,0.06403635237219521,KGE
subsequent_2016_2020,hysets_08ED002,2,0,RF_Signature_K5,5,1096,0.6993197850369606,0.8271445271832214,0.1214877147647558,KGE
subsequent_2016_2020,hysets_08EE008,2,1,RF_Signature_K5,5,656,-0.13553278000684843,0.28690257011948106,0.14735545223400656,KGE
subsequent_2016_2020,hysets_08EE013,4,1,RF_Signature_K5,5,365,-9.337196322997494,-2.3205745266443283,0.5535202947575454,KGE
subsequent_2016_2020,hysets_08EE020,3,1,RF_Signature_K5,5,731,0.5779829882015428,0.6000680329049324,0.06747803324261989,KGE
subsequent_2016_2020,hysets_08EG012,5,1,RF_Signature_K5,5,731,0.36241657084072443,0.3212310023073415,0.06903010449100538,KGE
subsequent_2016_2020,hysets_08FE003,2,1,RF_Signature_K5,5,731,-0.11974867910052822,0.23801950652896697,0.059693976045068584,KGE
subsequent_2016_2020,hysets_08FF001,3,1,RF_Signature_K5,5,731,-1.2458084684946091,0.06579199888330256,0.10847906270340811,KGE
subsequent_2016_2020,hysets_08FF002,3,1,RF_Signature_K5,5,366,-1.781765271909757,-0.20674271627880314,0.1458892533748253,KGE
subsequent_2016_2020,hysets_08FF003,4,1,RF_Signature_K5,5,731,-0.4055419152160278,-0.019237445653061958,0.10001217896221315,KGE
subsequent_2016_2020,hysets_08GA071,2,1,RF_Signature_K5,5,731,0.11439307038118529,0.23830209211217845,0.09321627660054557,KGE
subsequent_2016_2020,hysets_08GA072,5,0,RF_Signature_K5,5,366,-0.3220427095715612,0.14159436693943683,0.20591946870975825,KGE
subsequent_2016_2020,hysets_08HA001,5,1,RF_Signature_K5,5,1096,0.49860679921533924,0.47406631047092096,0.07080819407424076,KGE
subsequent_2016_2020,hysets_08HA010,1,1,RF_Signature_K5,5,1096,0.2934303302558865,0.38813672821174494,0.0898284737190493,KGE
subsequent_2016_2020,hysets_08HB014,2,1,RF_Signature_K5,5,1096,0.0675835532574699,-0.07179210437427352,0.11172652144643233,KGE
subsequent_2016_2020,hysets_08HB074,5,1,RF_Signature_K5,5,1096,0.3035790701284736,0.4487278102212813,0.07523630237303273,KGE
subsequent_2016_2020,hysets_08HD011,2,1,RF_Signature_K5,5,731,0.2773356585757526,0.2905993976502931,0.08530794730538085,KGE
subsequent_2016_2020,hysets_08HD015,4,1,RF_Signature_K5,5,731,0.1630054055020429,0.2692013617063007,0.09479068077957854,KGE
subsequent_2016_2020,hysets_08HF004,3,1,RF_Signature_K5,5,731,0.33349773625580925,0.3209394638421128,0.052000903610351035,KGE
subsequent_2016_2020,hysets_08JD006,4,1,RF_Signature_K5,5,1096,-0.00393746387441718,0.1735327704759364,0.11092399117146443,KGE
subsequent_2016_2020,hysets_08KA007,5,1,RF_Signature_K5,5,366,0.23924473375187305,0.6325116670343645,0.17976833443353715,KGE
subsequent_2016_2020,hysets_08KH010,1,1,RF_Signature_K5,5,366,-0.48282088579109983,0.37904307358902034,0.24721092590775745,KGE
subsequent_2016_2020,hysets_08KH019,5,1,RF_Signature_K5,5,1004,-4.910324938572155,-0.9734364876389334,0.3945840117763223,KGE
subsequent_2016_2020,hysets_08LB038,2,1,RF_Signature_K5,5,366,0.4474926832251198,0.4496323522764005,0.16537553909608613,KGE
subsequent_2016_2020,hysets_08LB069,3,1,RF_Signature_K5,5,366,-0.08604077885491179,-0.14176536644402105,0.21653199948066099,KGE
subsequent_2016_2020,hysets_08LB076,3,1,RF_Signature_K5,5,366,-0.12623797668670922,-0.17873866774303537,0.1967328797441259,KGE
subsequent_2016_2020,hysets_08LE024,5,0,RF_Signature_K5,5,731,0.49911514572324134,0.5911395258674331,0.12647739626276058,KGE
subsequent_2016_2020,hysets_08LE027,3,0,RF_Signature_K5,5,731,0.6196794369388594,0.5646788552492825,0.1083813611728501,KGE
subsequent_2016_2020,hysets_08LG048,5,0,RF_Signature_K5,5,366,0.5824698112932472,0.7390611196861798,0.10434058229834442,KGE
subsequent_2016_2020,hysets_08MA003,4,1,RF_Signature_K5,5,366,-0.24956914377971828,0.4379126877932489,0.36250858856930035,KGE
subsequent_2016_2020,hysets_08ME023,1,0,RF_Signature_K5,5,731,0.06279460712618978,0.050309329365795574,0.2713118418927976,KGE
subsequent_2016_2020,hysets_08ME025,4,1,RF_Signature_K5,5,1096,-8.206276985330236,-1.131863901205537,0.5061685418807046,KGE
subsequent_2016_2020,hysets_08MH016,5,1,RF_Signature_K5,5,731,0.447667811309152,0.7251963306752514,0.11283024960751928,KGE
subsequent_2016_2020,hysets_08MH056,3,1,RF_Signature_K5,5,731,0.5706765007499397,0.628155099569369,0.060315409844402534,KGE
subsequent_2016_2020,hysets_08MH103,2,1,RF_Signature_K5,5,731,-0.20138905181320133,0.21364468844003903,0.13891173477600963,KGE
subsequent_2016_2020,hysets_08MH147,4,1,RF_Signature_K5,5,366,0.07883378833891141,0.13595950363421117,0.10935761227752315,KGE
subsequent_2016_2020,hysets_08NA006,5,1,RF_Signature_K5,5,731,0.07763188399219201,0.5588710693983507,0.1649499209565243,KGE
subsequent_2016_2020,hysets_08NB012,3,1,RF_Signature_K5,5,731,0.6996750707790346,0.8413998418674233,0.08612344494517098,KGE
subsequent_2016_2020,hysets_08NB014,5,1,RF_Signature_K5,5,731,0.7716482958171282,0.7280966516683149,0.09232523526076754,KGE
subsequent_2016_2020,hysets_08ND012,4,1,RF_Signature_K5,5,731,0.8830445396180089,0.8672071780596768,0.06275137357519436,KGE
subsequent_2016_2020,hysets_08ND013,4,1,RF_Signature_K5,5,731,0.5732790055100572,0.528642574461148,0.10213279798190218,KGE
subsequent_2016_2020,hysets_08NE039,3,1,RF_Signature_K5,5,731,0.4548727986263835,0.5451069132416485,0.09019930047717112,KGE
subsequent_2016_2020,hysets_08NE074,4,1,RF_Signature_K5,5,731,-0.274185140356235,-0.12900651465005009,0.19046939164798982,KGE
subsequent_2016_2020,hysets_08NF001,5,1,RF_Signature_K5,5,731,-0.5805842352957076,0.12247242389063862,0.21450723774861657,KGE
subsequent_2016_2020,hysets_08NG076,3,1,RF_Signature_K5,5,731,0.35183409854339365,0.5544861070943787,0.10970771501779603,KGE
subsequent_2016_2020,hysets_08NG077,2,1,RF_Signature_K5,5,731,0.5855348974054186,0.3447465857032451,0.10459433707910275,KGE
subsequent_2016_2020,hysets_08NH005,1,1,RF_Signature_K5,5,731,0.49163688771188774,0.484859134975434,0.12462908749861656,KGE
subsequent_2016_2020,hysets_08NH006,4,1,RF_Signature_K5,5,731,0.22893651825453354,0.37000628248842093,0.13989061754921484,KGE
subsequent_2016_2020,hysets_08NH120,1,1,RF_Signature_K5,5,366,0.03094723857560777,-0.06383310174892864,0.2180387585959658,KGE
subsequent_2016_2020,hysets_08NH130,3,1,RF_Signature_K5,5,665,0.40145762894174153,0.2932284938266059,0.1403380265626083,KGE
subsequent_2016_2020,hysets_08NJ160,5,1,RF_Signature_K5,5,731,0.7133234947710949,0.668987372916962,0.07956797418684709,KGE
subsequent_2016_2020,hysets_08NK016,4,1,RF_Signature_K5,5,731,-0.49114871548045613,0.3042971717969577,0.20566311442338528,KGE
subsequent_2016_2020,hysets_08NK018,2,1,RF_Signature_K5,5,731,-0.14563145288087154,0.4195490365507435,0.18444538152631745,KGE
subsequent_2016_2020,hysets_08NK022,4,1,RF_Signature_K5,5,731,0.6371625445369102,0.810746931184275,0.10814075920745439,KGE
subsequent_2016_2020,hysets_08NL004,1,1,RF_Signature_K5,5,731,-3.4332576415467315,-0.910117130520913,0.2786512545944999,KGE
subsequent_2016_2020,hysets_08NL024,5,1,RF_Signature_K5,5,366,0.05972906628738339,0.25854770016657314,0.15699829832024523,KGE
subsequent_2016_2020,hysets_08NL050,5,1,RF_Signature_K5,5,366,-2.7819513355787713,-0.43551304668725455,0.28391286799554394,KGE
subsequent_2016_2020,hysets_08NL071,4,1,RF_Signature_K5,5,366,0.3707039610719516,0.48351946322160655,0.12522255466994667,KGE
subsequent_2016_2020,hysets_08NN019,3,1,RF_Signature_K5,5,366,0.28497603545928085,0.40531633296575864,0.1438279131088562,KGE
subsequent_2016_2020,hysets_08OA002,2,1,RF_Signature_K5,5,731,0.009564911849960112,0.17500880895685866,0.09748566215725686,KGE
subsequent_2016_2020,hysets_09059500,4,1,RF_Signature_K5,5,1096,0.43194958010481255,0.4551883256673418,0.1298330885728412,KGE
subsequent_2016_2020,hysets_09165000,3,1,RF_Signature_K5,5,1096,0.5777747568016405,0.5952368308947524,0.11026060335625347,KGE
subsequent_2016_2020,hysets_09196500,1,1,RF_Signature_K5,5,1004,-0.11042710289139768,-0.167325798644812,0.17922472213814866,KGE
subsequent_2016_2020,hysets_09223000,3,1,RF_Signature_K5,5,1096,0.41305573239010795,0.26989632018092313,0.1292399072366606,KGE
subsequent_2016_2020,hysets_09253000,5,1,RF_Signature_K5,5,1096,0.6129064389257326,0.5635894075787276,0.11305543812788046,KGE
subsequent_2016_2020,hysets_09255000,2,1,RF_Signature_K5,5,1050,0.4331737498363989,0.544069585901138,0.09400505903266185,KGE
subsequent_2016_2020,hysets_09266500,2,1,RF_Signature_K5,5,1096,0.45156743216145134,0.395840742310395,0.12087521757634889,KGE
subsequent_2016_2020,hysets_09289500,1,1,RF_Signature_K5,5,1096,0.366899943640718,0.32869822826289585,0.12730490934973154,KGE
subsequent_2016_2020,hysets_09292500,5,1,RF_Signature_K5,5,1096,0.3613933921258784,0.49860419245090004,0.12207440449646084,KGE
subsequent_2016_2020,hysets_09299500,1,1,RF_Signature_K5,5,1096,0.07978134723276387,0.3762640215198477,0.13116486240093714,KGE
subsequent_2016_2020,hysets_09304200,2,1,RF_Signature_K5,5,1096,-4.145373617362532,-0.7229552894512286,0.4152801901517764,KGE
subsequent_2016_2020,hysets_09304500,1,1,RF_Signature_K5,5,1096,-1.602780040488407,-0.09688842339556403,0.2885566316729877,KGE
subsequent_2016_2020,hysets_09306222,4,1,RF_Signature_K5,5,1096,-895.9384803952682,-26.587032230234506,5.716528892367565,KGE
subsequent_2016_2020,hysets_09310500,3,1,RF_Signature_K5,5,1096,0.49281898768898225,0.40594941548589314,0.09145680662153984,KGE
subsequent_2016_2020,hysets_09312600,4,1,RF_Signature_K5,5,1096,-0.31706986728305475,-0.6710938761764096,0.1525981188545258,KGE
subsequent_2016_2020,hysets_09337000,3,1,RF_Signature_K5,5,1096,-197.8230374841846,-11.219202215508842,1.1577585950035814,KGE
subsequent_2016_2020,hysets_09342500,5,1,RF_Signature_K5,5,1096,0.3406883257224079,0.15908731205054283,0.16328336932053142,KGE
subsequent_2016_2020,hysets_09352900,3,1,RF_Signature_K5,5,1096,0.18588344480232422,0.5655940882567579,0.13760961055868365,KGE
subsequent_2016_2020,hysets_09386900,1,1,RF_Signature_K5,5,1096,-20.07110967579792,-3.0441335053515033,0.2926266996545906,KGE
subsequent_2016_2020,hysets_09403600,3,1,RF_Signature_K5,5,1096,-89.11784286647365,-8.226408263053584,0.8528457265404225,KGE
subsequent_2016_2020,hysets_09404450,5,1,RF_Signature_K5,5,1095,-0.8907265936542419,-0.3778462783249965,0.11749965145020606,KGE
subsequent_2016_2020,hysets_09405500,4,1,RF_Signature_K5,5,1096,0.10145111968535703,0.2132063422120556,0.12259327233341501,KGE
subsequent_2016_2020,hysets_09430600,5,0,RF_Signature_K5,5,1096,-0.015110957514169465,-0.33902573364920463,0.03722796474075135,KGE
subsequent_2016_2020,hysets_09442680,3,1,RF_Signature_K5,5,885,-19.695534417834693,-6.557077290480183,0.44360932251892216,KGE
subsequent_2016_2020,hysets_09447000,5,1,RF_Signature_K5,5,1096,-4.993063970299732,-0.7093336514889717,0.15599020337578887,KGE
subsequent_2016_2020,hysets_09447800,5,1,RF_Signature_K5,5,1096,-2473.797945391047,-51.11087978638672,3.0910690735188644,KGE
subsequent_2016_2020,hysets_09473000,3,1,RF_Signature_K5,5,1095,-71.53546574977366,-8.018490304115286,0.4224829410940701,KGE
subsequent_2016_2020,hysets_09494000,5,1,RF_Signature_K5,5,1096,-0.615743528006919,0.23425308216195306,0.16351679911700948,KGE
subsequent_2016_2020,hysets_09496500,2,1,RF_Signature_K5,5,1096,-1185.488251233897,-32.81978721537914,2.1946688504174094,KGE
subsequent_2016_2020,hysets_09497800,2,1,RF_Signature_K5,5,1096,-60.90178310532145,-6.53577904167502,0.5952069071116031,KGE
subsequent_2016_2020,hysets_09497980,4,1,RF_Signature_K5,5,1096,-2.745243629600184,-2.0949738257149204,0.11431824509249633,KGE
subsequent_2016_2020,hysets_09499000,2,0,RF_Signature_K5,5,731,-0.40854939639670973,-0.6761905111422994,0.06633349943545475,KGE
subsequent_2016_2020,hysets_09504420,2,1,RF_Signature_K5,5,1096,-0.8456302381731857,-0.1126548730617658,0.0916983245973945,KGE
subsequent_2016_2020,hysets_09505800,1,1,RF_Signature_K5,5,1096,-0.14370452141833456,-0.19130565316814452,0.06562591652169424,KGE
subsequent_2016_2020,hysets_09510200,1,1,RF_Signature_K5,5,1096,-0.5864398464193965,-0.2656658102437288,0.04534081137318157,KGE
subsequent_2016_2020,hysets_09512280,5,1,RF_Signature_K5,5,1096,-3.3539457061219657,-3.4709757131298815,0.08663927698434742,KGE
subsequent_2016_2020,hysets_09513780,3,1,RF_Signature_K5,5,1096,-0.5463987623666267,-1.2049409569012224,0.05377189971303319,KGE
subsequent_2016_2020,hysets_09AA012,5,1,RF_Signature_K5,5,731,-4.86587162891229,-0.8789188135386381,0.25913006087134727,KGE
subsequent_2016_2020,hysets_09AA013,2,1,RF_Signature_K5,5,366,-5.021008655393163,-0.7339873743740954,0.7437878480271932,KGE
subsequent_2016_2020,hysets_09AH003,1,1,RF_Signature_K5,5,731,-0.127811747375985,0.44024901594574817,0.11169451300686067,KGE
subsequent_2016_2020,hysets_09CA004,1,1,RF_Signature_K5,5,731,-0.42868796651733776,-0.28265576610729704,0.2110227616214591,KGE
subsequent_2016_2020,hysets_09EA004,2,1,RF_Signature_K5,5,366,-0.34675532515569096,-0.16097605367385315,0.25813592134736124,KGE
subsequent_2016_2020,hysets_10011500,2,1,RF_Signature_K5,5,1096,0.7095251622620523,0.5056120989555877,0.09161524060686166,KGE
subsequent_2016_2020,hysets_10032000,3,1,RF_Signature_K5,5,1096,0.5249028047738369,0.3800883434215492,0.11567185930186999,KGE
subsequent_2016_2020,hysets_10113500,4,1,RF_Signature_K5,5,1096,-2.1066610248954487,-0.29669022845986026,0.23280851981483663,KGE
subsequent_2016_2020,hysets_10173450,2,1,RF_Signature_K5,5,1096,0.5931576716876872,0.4982687400478999,0.10548157709709023,KGE
subsequent_2016_2020,hysets_10174500,1,1,RF_Signature_K5,5,1096,-0.04985665346699486,0.05004640951232786,0.1705839315130589,KGE
subsequent_2016_2020,hysets_10194200,5,1,RF_Signature_K5,5,1096,-1.2129481646764773,-0.3354205502909442,0.2571523020442848,KGE
subsequent_2016_2020,hysets_10234500,2,1,RF_Signature_K5,5,1096,0.49951328677504536,0.6198127222816497,0.10324244068595548,KGE
subsequent_2016_2020,hysets_10258500,4,1,RF_Signature_K5,5,1096,-64.00743099927942,-10.574944404549587,0.4248215887737262,KGE
subsequent_2016_2020,hysets_10296000,3,1,RF_Signature_K5,5,1096,-0.1098701580485475,-0.23812081880269598,0.17011206581763685,KGE
subsequent_2016_2020,hysets_10296500,5,1,RF_Signature_K5,5,1096,0.047975052190101675,-0.0850634904931229,0.1453066094582845,KGE
subsequent_2016_2020,hysets_10329500,4,1,RF_Signature_K5,5,1096,0.07018322221590823,0.2116775384070939,0.057850695794760924,KGE
subsequent_2016_2020,hysets_10396000,4,1,RF_Signature_K5,5,1096,0.4741270626460128,0.6668050828930459,0.09613439433577162,KGE
subsequent_2016_2020,hysets_10AC005,3,1,RF_Signature_K5,5,1096,0.5344865576519928,0.7588825988127,0.1267807974610294,KGE
subsequent_2016_2020,hysets_10BE007,3,1,RF_Signature_K5,5,731,-3.077105651375538,-0.225539757194001,0.3962579334142875,KGE
subsequent_2016_2020,hysets_10BE009,3,1,RF_Signature_K5,5,366,-46.79051873395321,-4.485702785050736,1.8060648013811968,KGE
subsequent_2016_2020,hysets_10ED003,5,1,RF_Signature_K5,5,731,-0.1557141386567822,0.052535101914948035,0.14684383802013745,KGE
subsequent_2016_2020,hysets_10GC003,3,1,RF_Signature_K5,5,731,-1.2448359674951242,-0.025265835327241914,0.15340759127494727,KGE
subsequent_2016_2020,hysets_10LC003,3,1,RF_Signature_K5,5,397,-0.14341045180917233,-0.30075602318382977,0.12866824234101804,KGE
subsequent_2016_2020,hysets_10LC007,2,1,RF_Signature_K5,5,622,0.20113456553951936,0.3076848914705559,0.0856905194468483,KGE
subsequent_2016_2020,hysets_11012500,4,1,RF_Signature_K5,5,1096,-182.09231498378134,-51.993065549369184,0.45429067117137906,KGE
subsequent_2016_2020,hysets_11015000,2,1,RF_Signature_K5,5,1096,-1.5570105745864105,-0.9223781892710949,0.07336383437020579,KGE
subsequent_2016_2020,hysets_11042400,1,1,RF_Signature_K5,5,1096,-49.92051067342323,-14.417308866647495,0.4350374278656208,KGE
subsequent_2016_2020,hysets_11123000,2,1,RF_Signature_K5,5,1096,-0.11073674390788968,-1.069034288830593,0.0468609659813623,KGE
subsequent_2016_2020,hysets_11123500,4,1,RF_Signature_K5,5,1096,0.2911677097667662,-0.11286924231921436,0.03837023395044493,KGE
subsequent_2016_2020,hysets_11124500,1,1,RF_Signature_K5,5,1096,-4.019083547597335,-1.4883626069217244,0.09077916739048447,KGE
subsequent_2016_2020,hysets_11132500,4,1,RF_Signature_K5,5,1096,-0.24472213694727252,-0.9107465094443272,0.0352918348834406,KGE
subsequent_2016_2020,hysets_11140000,1,1,RF_Signature_K5,5,1096,-14.517700578468054,-6.725017202069088,0.1842409512427089,KGE
subsequent_2016_2020,hysets_11143000,5,1,RF_Signature_K5,5,1096,-0.18184498186679598,-0.12223836919524245,0.10881160695271593,KGE
subsequent_2016_2020,hysets_11143200,3,1,RF_Signature_K5,5,1096,-0.0011567281442712574,0.3746609808506147,0.07185578123744886,KGE
subsequent_2016_2020,hysets_11143250,5,1,RF_Signature_K5,5,1096,0.9027080908193403,0.9156169068267563,0.020437539286883064,KGE
subsequent_2016_2020,hysets_11148900,3,1,RF_Signature_K5,5,1096,-0.184704218125467,0.18933958849617616,0.09366844934773023,KGE
subsequent_2016_2020,hysets_11149900,1,1,RF_Signature_K5,5,1096,-0.7064719263382229,0.0074748156532468135,0.10935843341149855,KGE
subsequent_2016_2020,hysets_11151300,2,1,RF_Signature_K5,5,1096,-42.911837622853554,-12.828475282426684,0.3476422553646217,KGE
subsequent_2016_2020,hysets_11152000,3,1,RF_Signature_K5,5,1096,0.03239671864488236,-0.14126472417619707,0.0783185005168417,KGE
subsequent_2016_2020,hysets_11202000,5,1,RF_Signature_K5,5,1004,0.7332552330122517,0.4436557012555302,0.03349456846214354,KGE
subsequent_2016_2020,hysets_11202001,3,1,RF_Signature_K5,5,1004,-0.29648633707802974,-0.17265857479192337,0.0730337281816943,KGE
subsequent_2016_2020,hysets_11224500,5,1,RF_Signature_K5,5,1096,-3.3397006508907667,-1.9754369938067873,0.11829228412842004,KGE
subsequent_2016_2020,hysets_11230500,4,1,RF_Signature_K5,5,1004,-0.1938994129232543,-0.2793381087215816,0.16323362550192144,KGE
subsequent_2016_2020,hysets_11253310,4,1,RF_Signature_K5,5,1096,-26.57337851562704,-8.429141126505302,0.2942360325706828,KGE
subsequent_2016_2020,hysets_11264500,2,1,RF_Signature_K5,5,1096,0.8891340125171898,0.7366235106435388,0.04553203783733616,KGE
subsequent_2016_2020,hysets_11266500,5,1,RF_Signature_K5,5,1096,0.8272100586562847,0.826557800870135,0.06162084193279024,KGE
subsequent_2016_2020,hysets_11314500,4,1,RF_Signature_K5,5,1004,0.4185082274823019,0.35655660795780764,0.1464750081157421,KGE
subsequent_2016_2020,hysets_11317000,3,1,RF_Signature_K5,5,1004,-0.08081059848010907,-0.04062715140287887,0.09882456525907606,KGE
subsequent_2016_2020,hysets_11318500,4,1,RF_Signature_K5,5,1004,0.43166686824894873,0.37991161096716175,0.059729710955277085,KGE
subsequent_2016_2020,hysets_11367500,4,1,RF_Signature_K5,5,731,-2.4809205789025324,-0.21121057218403783,0.1558534602462913,KGE
subsequent_2016_2020,hysets_11374000,4,1,RF_Signature_K5,5,1096,0.13422807873122367,0.16823755701184195,0.10865893866338171,KGE
subsequent_2016_2020,hysets_11376550,4,1,RF_Signature_K5,5,1096,-1.0850339046261421,0.10825770566363302,0.15537421216433303,KGE
subsequent_2016_2020,hysets_11379500,1,1,RF_Signature_K5,5,1096,0.48994273778955166,0.4703397131512588,0.06584903286042765,KGE
subsequent_2016_2020,hysets_11381500,3,1,RF_Signature_K5,5,1096,-0.38229916350602977,0.01164067159619453,0.09974480011809737,KGE
subsequent_2016_2020,hysets_11383500,1,1,RF_Signature_K5,5,1096,-0.1600769100664592,0.049182575507664805,0.0947885047906199,KGE
subsequent_2016_2020,hysets_11402000,1,1,RF_Signature_K5,5,1096,-0.2716269946681904,-0.05616042877273353,0.08340728049612513,KGE
subsequent_2016_2020,hysets_11413000,3,1,RF_Signature_K5,5,1096,0.1798696888712572,0.053923491485840636,0.09019412737150319,KGE
subsequent_2016_2020,hysets_11413300,4,1,RF_Signature_K5,5,1004,0.16763696239276205,0.02481077255842601,0.08587342097976816,KGE
subsequent_2016_2020,hysets_11428800,5,1,RF_Signature_K5,5,1004,-0.0893063660624962,-0.022531981584415384,0.05890686434955752,KGE
subsequent_2016_2020,hysets_11433300,5,1,RF_Signature_K5,5,1004,-0.3354372619478385,-0.15242024389696418,0.09267986239881383,KGE
subsequent_2016_2020,hysets_11451100,4,0,RF_Signature_K5,5,1096,0.5194752819727351,0.48107159186845727,0.0590512908239146,KGE
subsequent_2016_2020,hysets_11461000,1,0,RF_Signature_K5,5,1096,0.557210056760919,0.5304033705012268,0.05375942460183187,KGE
subsequent_2016_2020,hysets_11468500,5,0,RF_Signature_K5,5,1096,0.8454361298544976,0.8751081844130696,0.03748235062158513,KGE
subsequent_2016_2020,hysets_11470500,1,1,RF_Signature_K5,5,1004,0.7038105918602668,0.5487366092212542,0.05267390467525769,KGE
subsequent_2016_2020,hysets_11473900,3,1,RF_Signature_K5,5,1095,0.8439861956918524,0.7197110436753393,0.0382832203571489,KGE
subsequent_2016_2020,hysets_11478500,4,1,RF_Signature_K5,5,1096,0.59306157642608,0.43982263463364946,0.06744336593228742,KGE
subsequent_2016_2020,hysets_11480390,3,1,RF_Signature_K5,5,1096,0.8335703029529291,0.7753497433766063,0.04055597424845551,KGE
subsequent_2016_2020,hysets_11480410,1,1,RF_Signature_K5,5,1003,0.8053551503659292,0.5236129358502235,0.04802100125550345,KGE
subsequent_2016_2020,hysets_11481200,4,1,RF_Signature_K5,5,1096,0.7649075958517297,0.8427199668593734,0.047281244554434124,KGE
subsequent_2016_2020,hysets_11482500,4,1,RF_Signature_K5,5,1096,0.7966560081193285,0.7428166264107954,0.06289629074536397,KGE
subsequent_2016_2020,hysets_11521500,5,1,RF_Signature_K5,5,1096,0.7512330564156133,0.7972598323099981,0.04163169408953773,KGE
subsequent_2016_2020,hysets_11522500,3,1,RF_Signature_K5,5,731,-0.2780513330248864,-0.12337586550474877,0.12398422563994933,KGE
subsequent_2016_2020,hysets_11523200,5,1,RF_Signature_K5,5,1086,0.17239960897876194,0.3549127919173972,0.1049326980452976,KGE
subsequent_2016_2020,hysets_11528700,2,1,RF_Signature_K5,5,1096,0.48785604753305123,0.5123912226701985,0.07319774672694247,KGE
subsequent_2016_2020,hysets_11532500,3,1,RF_Signature_K5,5,1096,0.6116915872745219,0.6302406505778979,0.07889207852117222,KGE
subsequent_2016_2020,hysets_12025700,2,1,RF_Signature_K5,5,1096,0.7174164930351674,0.7259136697158064,0.059434591600243135,KGE
subsequent_2016_2020,hysets_12035000,3,1,RF_Signature_K5,5,1096,0.38823996483951606,0.4155476034275787,0.06599202090726844,KGE
subsequent_2016_2020,hysets_12039500,2,1,RF_Signature_K5,5,1096,0.5934827193321253,0.5774273824571887,0.06682068640813271,KGE
subsequent_2016_2020,hysets_12040500,5,1,RF_Signature_K5,5,1096,0.6645074927989338,0.558415179282473,0.07168210238173399,KGE
subsequent_2016_2020,hysets_12041200,1,1,RF_Signature_K5,5,1096,0.6863411143028562,0.6906540401455296,0.05975202405458842,KGE
subsequent_2016_2020,hysets_12043000,3,1,RF_Signature_K5,5,1096,0.2586330211918366,0.2216758782709879,0.11262468704610394,KGE
subsequent_2016_2020,hysets_12048000,5,1,RF_Signature_K5,5,1096,-4.768152331933452,-0.7189369017758798,0.26711722551784756,KGE
subsequent_2016_2020,hysets_12054000,1,1,RF_Signature_K5,5,1096,0.6217680674955564,0.7738845904816668,0.0801531004121187,KGE
subsequent_2016_2020,hysets_12056500,5,1,RF_Signature_K5,5,1096,0.16422048312720783,0.15178977149898454,0.0938896789309539,KGE
subsequent_2016_2020,hysets_12082500,2,0,RF_Signature_K5,5,1096,0.8279026173375561,0.8486711093185233,0.03481459021312596,KGE
subsequent_2016_2020,hysets_12092000,5,0,RF_Signature_K5,5,1096,0.7365736164991272,0.8613976705182076,0.05393320505959342,KGE
subsequent_2016_2020,hysets_12115000,1,1,RF_Signature_K5,5,1096,0.5114490095853989,0.6341216801162993,0.07205981145051389,KGE
subsequent_2016_2020,hysets_12134500,5,1,RF_Signature_K5,5,1096,0.5497848232235051,0.4684671128388753,0.06382560051004109,KGE
subsequent_2016_2020,hysets_12141300,5,1,RF_Signature_K5,5,1096,0.6415540623154613,0.6812772227499191,0.07327888412256223,KGE
subsequent_2016_2020,hysets_12142000,2,1,RF_Signature_K5,5,1096,0.6918141991869293,0.673203814007943,0.06994084052074018,KGE
subsequent_2016_2020,hysets_12186000,1,1,RF_Signature_K5,5,1096,0.8089770958762345,0.8414454947490118,0.03885558211547964,KGE
subsequent_2016_2020,hysets_12189500,1,1,RF_Signature_K5,5,1096,0.6509086736512774,0.7227888308226404,0.045021786323846576,KGE
subsequent_2016_2020,hysets_12205000,4,1,RF_Signature_K5,5,1096,0.5605140293806777,0.7079034754904978,0.05649292361504513,KGE
subsequent_2016_2020,hysets_12324590,1,1,RF_Signature_K5,5,1096,-0.138065281699437,0.08337200553863766,0.13307660347383524,KGE
subsequent_2016_2020,hysets_12330000,3,1,RF_Signature_K5,5,1096,0.6277015919355655,0.6147465649473519,0.03918900736440061,KGE
subsequent_2016_2020,hysets_12332000,4,1,RF_Signature_K5,5,1096,0.6574840362584473,0.6058535388741826,0.10163455634035673,KGE
subsequent_2016_2020,hysets_12370000,5,1,RF_Signature_K5,5,1096,0.6381498586257777,0.777532005708333,0.12164360410797953,KGE
subsequent_2016_2020,hysets_12389500,1,1,RF_Signature_K5,5,1096,-0.6987657588094736,0.2967452823221759,0.18484625598254792,KGE
subsequent_2016_2020,hysets_12411000,1,1,RF_Signature_K5,5,1086,0.18703946265948046,0.4361298439198168,0.10992929832657047,KGE
subsequent_2016_2020,hysets_12414900,1,1,RF_Signature_K5,5,1096,-0.6956613055059566,0.18547328211859027,0.1284166623538668,KGE
subsequent_2016_2020,hysets_12452800,4,1,RF_Signature_K5,5,731,0.4862228641885259,0.45774484671377147,0.1091412593775468,KGE
subsequent_2016_2020,hysets_12488500,1,1,RF_Signature_K5,5,1096,0.14442311455008472,0.21808355066324037,0.12706258558381445,KGE
subsequent_2016_2020,hysets_13010065,5,1,RF_Signature_K5,5,1096,0.8324204854976289,0.7659042950739561,0.07330452692276661,KGE
subsequent_2016_2020,hysets_13011900,2,1,RF_Signature_K5,5,1096,0.46717749158889466,0.375350003199323,0.13313378303461154,KGE
subsequent_2016_2020,hysets_13023000,1,1,RF_Signature_K5,5,1096,0.3703844668390891,0.28879546498076536,0.1795766205426278,KGE
subsequent_2016_2020,hysets_13186000,5,1,RF_Signature_K5,5,1096,0.29646148820761997,0.16021131149388956,0.11000316480423626,KGE
subsequent_2016_2020,hysets_13235000,2,1,RF_Signature_K5,5,1096,0.5659237296149022,0.707230453057164,0.1145397464477651,KGE
subsequent_2016_2020,hysets_13297355,3,1,RF_Signature_K5,5,1096,0.452862832698814,0.32705902010252064,0.08945531393414531,KGE
subsequent_2016_2020,hysets_13331500,4,1,RF_Signature_K5,5,731,-0.1731375112122635,0.11273414249711322,0.1952721850724478,KGE
subsequent_2016_2020,hysets_13339500,3,1,RF_Signature_K5,5,731,-0.9583118005947595,-0.29956270802528095,0.12184985552545564,KGE
subsequent_2016_2020,hysets_14013000,2,1,RF_Signature_K5,5,1096,-0.3015017584522661,0.1489453186182289,0.1280588694650281,KGE
subsequent_2016_2020,hysets_14020000,3,1,RF_Signature_K5,5,731,-2.0277913855547034,-0.027712460409293982,0.18635208927668315,KGE
subsequent_2016_2020,hysets_14020300,2,1,RF_Signature_K5,5,1096,-0.7494792895051163,0.10661090713830534,0.1618366312722296,KGE
subsequent_2016_2020,hysets_14038530,3,1,RF_Signature_K5,5,1096,0.03502488268912263,0.5575568103703115,0.14306820825356592,KGE
subsequent_2016_2020,hysets_14044000,5,1,RF_Signature_K5,5,1046,0.13070422089686307,0.46044548064224244,0.12540461898295854,KGE
subsequent_2016_2020,hysets_14091500,2,0,RF_Signature_K5,5,1004,-33.346878689683656,-1.119545533158674,0.8980854903255407,KGE
subsequent_2016_2020,hysets_14096850,2,1,RF_Signature_K5,5,1096,-0.638851658942359,0.13842985398331709,0.1448777400869042,KGE
subsequent_2016_2020,hysets_14097100,1,1,RF_Signature_K5,5,1096,-8.264091094315619,-1.1651280799595831,0.45370782035830365,KGE
subsequent_2016_2020,hysets_14154500,4,1,RF_Signature_K5,5,1096,0.549619804281814,0.728795497986799,0.06719942396310719,KGE
subsequent_2016_2020,hysets_14158500,1,1,RF_Signature_K5,5,731,-0.9289101418931365,0.029573434097340034,0.30743679129715484,KGE
subsequent_2016_2020,hysets_14166500,5,1,RF_Signature_K5,5,1096,0.5025574582708097,0.5960204932012392,0.0749122249045483,KGE
subsequent_2016_2020,hysets_14178000,3,1,RF_Signature_K5,5,731,-0.7933086685307518,-0.1075981256805405,0.19473840973308296,KGE
subsequent_2016_2020,hysets_14182500,5,1,RF_Signature_K5,5,1096,0.7822282250957855,0.857824423994486,0.045719446016372005,KGE
subsequent_2016_2020,hysets_14185000,4,0,RF_Signature_K5,5,1096,0.4814984006811578,0.553333547441687,0.08709810615667794,KGE
subsequent_2016_2020,hysets_14185900,2,1,RF_Signature_K5,5,1096,0.8083954559382156,0.8272794865534584,0.0515936338993078,KGE
subsequent_2016_2020,hysets_14236200,3,1,RF_Signature_K5,5,1096,0.6207989654583583,0.5721338348038438,0.07556122731281184,KGE
subsequent_2016_2020,hysets_14301000,3,1,RF_Signature_K5,5,1095,0.6995819253445117,0.8035426528304187,0.0711737116274338,KGE
subsequent_2016_2020,hysets_14306500,1,1,RF_Signature_K5,5,1096,0.7964175016326906,0.702108129172496,0.052415155369819465,KGE
subsequent_2016_2020,hysets_14308000,5,1,RF_Signature_K5,5,1096,0.5081999116538272,0.34749888410880014,0.0595733995137786,KGE
subsequent_2016_2020,hysets_14309500,2,1,RF_Signature_K5,5,1096,0.8515031042061116,0.7955645514870446,0.042603985157693335,KGE
subsequent_2016_2020,hysets_14316700,2,1,RF_Signature_K5,5,1096,0.7362208777857139,0.7732783732628608,0.05560713668196432,KGE
subsequent_2016_2020,hysets_14325000,4,0,RF_Signature_K5,5,1096,0.6893366797811538,0.5146462145325581,0.05386205399083778,KGE
subsequent_2016_2020,hysets_14338000,2,1,RF_Signature_K5,5,1096,-1.1644562434191652,-0.0006481582617428039,0.14536286994989067,KGE
subsequent_2016_2020,hysets_14377100,4,1,RF_Signature_K5,5,1093,0.6463611784697063,0.6598831709357104,0.07185844195403394,KGE
subsequent_2016_2020,hysets_14400000,3,1,RF_Signature_K5,5,1096,0.4902231662333575,0.4887131949900938,0.0807976142052656,KGE
subsequent_2016_2020,lamah_12425002,3,1,RF_Signature_K5,5,731,-1.038350859282728,0.035010464291491905,0.17561149916539467,KGE
subsequent_2016_2020,lamah_16000708,2,1,RF_Signature_K5,5,731,0.6853370286392555,0.7442062475122597,0.10358208987318847,KGE
subsequent_2016_2020,lamah_16001303,5,1,RF_Signature_K5,5,731,-11.9454851322077,-1.7674536901265783,0.31773152489121465,KGE
subsequent_2016_2020,lamah_16610709,4,1,RF_Signature_K5,5,731,0.13051858273831785,0.20928178556626553,0.06897301973240517,KGE
subsequent_2016_2020,lamah_17404000,1,1,RF_Signature_K5,5,731,-5.173234578334289,-0.6624438373707242,0.33562835021517684,KGE
subsequent_2016_2020,lamah_18481006,5,1,RF_Signature_K5,5,731,0.8008458357986912,0.8430359792272868,0.047727006497385094,KGE
subsequent_2016_2020,lamah_18486000,4,1,RF_Signature_K5,5,731,0.6822969355727152,0.6721712403631738,0.0633729422148084,KGE
subsequent_2016_2020,lamah_200253,4,1,RF_Signature_K5,5,731,0.08008496864135406,0.23675320539639622,0.11843311483434925,KGE
subsequent_2016_2020,lamah_200261,5,1,RF_Signature_K5,5,731,0.18315888221946053,0.2192636086510018,0.10637338973199408,KGE
subsequent_2016_2020,lamah_200303,2,1,RF_Signature_K5,5,731,0.2539107650574355,0.45628838004012473,0.07385334313605782,KGE
subsequent_2016_2020,lamah_201012,2,0,RF_Signature_K5,5,731,0.544704491372523,0.4821837170427584,0.08978964432816793,KGE
subsequent_2016_2020,lamah_201087,4,1,RF_Signature_K5,5,731,0.5083136386876985,0.4626468609023515,0.09912788276693012,KGE
subsequent_2016_2020,lamah_201095,2,1,RF_Signature_K5,5,731,0.7389414463747148,0.8201019361967844,0.08735211635104838,KGE
subsequent_2016_2020,lamah_201160,3,1,RF_Signature_K5,5,731,0.5963006012534063,0.6010101482368592,0.0749045331956012,KGE
subsequent_2016_2020,lamah_201236,3,1,RF_Signature_K5,5,731,0.5726143590858963,0.6049922484326316,0.08137838368294147,KGE
subsequent_2016_2020,lamah_201251,1,1,RF_Signature_K5,5,731,0.7932113035336871,0.8485195747994587,0.07215838382782656,KGE
subsequent_2016_2020,lamah_201335,5,1,RF_Signature_K5,5,731,-1.007066613006654,-0.28988977946897654,0.20118840855408449,KGE
subsequent_2016_2020,lamah_201392,2,1,RF_Signature_K5,5,731,0.5208947514283817,0.7162232039383959,0.15528187564860824,KGE
subsequent_2016_2020,lamah_201434,2,1,RF_Signature_K5,5,731,0.7317254525380115,0.7722424050136917,0.11451858396918632,KGE
subsequent_2016_2020,lamah_201558,1,1,RF_Signature_K5,5,731,0.85284774865563,0.7911013625600685,0.07159065472564843,KGE
subsequent_2016_2020,lamah_201566,3,1,RF_Signature_K5,5,731,0.7048714644849361,0.61517818227984,0.059734422491528175,KGE
subsequent_2016_2020,lamah_201574,1,1,RF_Signature_K5,5,731,0.9351639688940849,0.938138148651233,0.03958641833466249,KGE
subsequent_2016_2020,lamah_201723,5,1,RF_Signature_K5,5,731,0.8688156086939083,0.8982554455474188,0.0714237987205578,KGE
subsequent_2016_2020,lamah_201848,2,1,RF_Signature_K5,5,731,0.6384097053694373,0.8146139791773952,0.10870201230725748,KGE
subsequent_2016_2020,lamah_202036,1,1,RF_Signature_K5,5,731,0.7142459517962825,0.7232612229874618,0.08743429286043225,KGE
subsequent_2016_2020,lamah_203026,3,1,RF_Signature_K5,5,731,0.8332331078211042,0.7007222164833506,0.07001987714305007,KGE
subsequent_2016_2020,lamah_203075,5,1,RF_Signature_K5,5,731,0.7774247428881819,0.6887095378565355,0.07895488039148757,KGE
subsequent_2016_2020,lamah_203166,2,1,RF_Signature_K5,5,731,0.8249765086049492,0.813481534153691,0.0612762622026612,KGE
subsequent_2016_2020,lamah_203224,3,1,RF_Signature_K5,5,731,0.6986980672200334,0.553020755526517,0.07966929600175657,KGE
subsequent_2016_2020,lamah_203265,2,1,RF_Signature_K5,5,731,0.25560368810960765,0.4887172685016039,0.0840001461603109,KGE
subsequent_2016_2020,lamah_203307,4,1,RF_Signature_K5,5,731,0.6893218636177632,0.6009588887445481,0.05714533959690135,KGE
subsequent_2016_2020,lamah_203463,2,1,RF_Signature_K5,5,731,0.5953042513993512,0.7162265615365547,0.10872309695670246,KGE
subsequent_2016_2020,lamah_203505,1,1,RF_Signature_K5,5,731,0.4040566412335941,0.665535117515611,0.11700447230453571,KGE
subsequent_2016_2020,lamah_203711,5,1,RF_Signature_K5,5,731,0.7975699669000788,0.7604300063123639,0.06919375878542357,KGE
subsequent_2016_2020,lamah_203752,1,1,RF_Signature_K5,5,731,0.7273012502830893,0.7428264953173733,0.08148681474819175,KGE
subsequent_2016_2020,lamah_203760,2,1,RF_Signature_K5,5,731,0.4751857935303553,0.48970812417488496,0.11475587665510663,KGE
subsequent_2016_2020,lamah_203786,1,1,RF_Signature_K5,5,731,0.8283523786223137,0.7915010300436647,0.07261877897360731,KGE
subsequent_2016_2020,lamah_203794,3,1,RF_Signature_K5,5,731,0.551354064646707,0.5582899811582,0.10689279180677917,KGE
subsequent_2016_2020,lamah_203828,3,1,RF_Signature_K5,5,731,0.6420661718405039,0.6358048956617695,0.08541257439213656,KGE
subsequent_2016_2020,lamah_204875,2,1,RF_Signature_K5,5,731,-0.9086494550321595,0.0589120692993238,0.14324429323153176,KGE
subsequent_2016_2020,lamah_204925,1,1,RF_Signature_K5,5,731,-1.6227730230453528,0.011872138816837685,0.16819005504253345,KGE
subsequent_2016_2020,lamah_205104,3,1,RF_Signature_K5,5,731,0.36124840387349055,0.3313061661605181,0.13545866474676432,KGE
subsequent_2016_2020,lamah_205179,4,1,RF_Signature_K5,5,731,0.17356923682679049,0.4665390894897635,0.15545239232399283,KGE
subsequent_2016_2020,lamah_205294,2,1,RF_Signature_K5,5,731,-0.06502137190526014,0.3036850008947003,0.09685391449781491,KGE
subsequent_2016_2020,lamah_205500,4,1,RF_Signature_K5,5,731,0.7777253231716961,0.8821836705844913,0.05044033176732678,KGE
subsequent_2016_2020,lamah_205740,5,1,RF_Signature_K5,5,731,0.6118454043889078,0.4401225575971468,0.05910916034892437,KGE
subsequent_2016_2020,lamah_205799,1,0,RF_Signature_K5,5,731,0.6334684972755031,0.5890822285026357,0.08170300614621276,KGE
subsequent_2016_2020,lamah_205823,5,1,RF_Signature_K5,5,731,0.7123358105861504,0.7543435565107162,0.04739343879146666,KGE
subsequent_2016_2020,lamah_205831,5,1,RF_Signature_K5,5,731,0.8132030881866916,0.8200977554062008,0.04480951864750304,KGE
subsequent_2016_2020,lamah_205864,3,1,RF_Signature_K5,5,731,0.6058928861260064,0.6097278744955532,0.06979132741291683,KGE
subsequent_2016_2020,lamah_205898,3,1,RF_Signature_K5,5,731,0.6177599767548019,0.5925980907913795,0.06338299369020531,KGE
subsequent_2016_2020,lamah_206508,4,1,RF_Signature_K5,5,731,0.42929980682126134,0.4292632631155979,0.10232688545424275,KGE
subsequent_2016_2020,lamah_207613,5,0,RF_Signature_K5,5,731,-5.1164370005553295,-0.6202285815086122,0.26451588649741414,KGE
subsequent_2016_2020,lamah_207654,2,1,RF_Signature_K5,5,731,0.12293040210402029,0.24928034969438784,0.11714922723194235,KGE
subsequent_2016_2020,lamah_207738,2,1,RF_Signature_K5,5,731,0.2110540229452944,0.38708185867795875,0.0833395731042612,KGE
subsequent_2016_2020,lamah_207852,2,1,RF_Signature_K5,5,731,-0.6603807740915308,-0.032663565847322884,0.11803076854854144,KGE
subsequent_2016_2020,lamah_208116,1,1,RF_Signature_K5,5,731,-3.202508771611954,-0.3144140449712003,0.18524552296269056,KGE
subsequent_2016_2020,lamah_208686,2,1,RF_Signature_K5,5,731,-0.5580273036085666,0.11954482106292263,0.13958446432715435,KGE
subsequent_2016_2020,lamah_209361,1,1,RF_Signature_K5,5,731,0.5684150991575367,0.750290449291517,0.06528898410108865,KGE
subsequent_2016_2020,lamah_209551,1,1,RF_Signature_K5,5,731,0.7077403236189467,0.5187394057420966,0.05892435154285129,KGE
subsequent_2016_2020,lamah_210526,4,1,RF_Signature_K5,5,731,0.40487473352749404,0.5912131095598894,0.1447006754186973,KGE
subsequent_2016_2020,lamah_210641,1,1,RF_Signature_K5,5,731,0.830655000419618,0.7909246231114461,0.05487823355593513,KGE
subsequent_2016_2020,lamah_210732,2,0,RF_Signature_K5,5,731,-2.1937246430792205,-0.5745047467471773,0.14647362850864104,KGE
subsequent_2016_2020,lamah_210773,1,1,RF_Signature_K5,5,731,0.6167553651383859,0.7293552810434811,0.08242475916165395,KGE
subsequent_2016_2020,lamah_210815,5,1,RF_Signature_K5,5,731,0.5996770246911003,0.7802033702088704,0.06697094615173385,KGE
subsequent_2016_2020,lamah_210856,3,1,RF_Signature_K5,5,731,0.007259932593878804,0.31513905582850554,0.1326402905522682,KGE
subsequent_2016_2020,lamah_210864,1,1,RF_Signature_K5,5,731,0.23786206277853938,0.5581625301624609,0.08362912732316143,KGE
subsequent_2016_2020,lamah_210898,1,1,RF_Signature_K5,5,731,-0.13258590887748256,0.2842777227989546,0.14175169116976175,KGE
subsequent_2016_2020,lamah_211086,4,1,RF_Signature_K5,5,731,0.6839715445181911,0.6899370607630068,0.0787123219900543,KGE
subsequent_2016_2020,lamah_211169,3,1,RF_Signature_K5,5,731,0.29508872027291577,0.6277874841317999,0.07400625799134093,KGE
subsequent_2016_2020,lamah_211656,1,1,RF_Signature_K5,5,731,-1.2153122944132506,-0.2457531836744411,0.06905481868871576,KGE
subsequent_2016_2020,lamah_212027,5,1,RF_Signature_K5,5,731,0.16122768212379568,0.534810662891039,0.15117771844496553,KGE
subsequent_2016_2020,lamah_212043,5,0,RF_Signature_K5,5,731,0.7432057580194356,0.5579878338719825,0.07544481862494465,KGE
subsequent_2016_2020,lamah_212092,2,1,RF_Signature_K5,5,731,0.8685348678002264,0.7748723182364806,0.06329818530564109,KGE
subsequent_2016_2020,lamah_212100,2,1,RF_Signature_K5,5,731,0.6940842054009411,0.6022971290684399,0.0968860674205947,KGE
subsequent_2016_2020,lamah_212167,1,1,RF_Signature_K5,5,731,0.7757626540592932,0.6440776546757734,0.07885257396492261,KGE
subsequent_2016_2020,lamah_212183,2,1,RF_Signature_K5,5,731,0.88192575543216,0.844097993054675,0.05762656030541747,KGE
subsequent_2016_2020,lamah_212316,5,0,RF_Signature_K5,5,731,0.8555170170764238,0.8616631718395945,0.06893690371480367,KGE
subsequent_2016_2020,lamah_212373,2,0,RF_Signature_K5,5,731,0.06615805386618734,0.2589280978567785,0.12960919136042592,KGE
subsequent_2016_2020,lamah_212399,5,1,RF_Signature_K5,5,731,0.40933170305650424,0.5641918701099172,0.07782737806875059,KGE
subsequent_2016_2020,lamah_212431,3,1,RF_Signature_K5,5,731,0.08821470422572286,0.3231000261145952,0.10709511252446052,KGE
subsequent_2016_2020,lamah_212522,1,0,RF_Signature_K5,5,731,-1.7666799333999461,-0.0029226692979360536,0.34217709658356604,KGE
subsequent_2016_2020,lamah_212613,2,1,RF_Signature_K5,5,731,0.45245994768384623,0.6451937538423862,0.13519995868669296,KGE
subsequent_2016_2020,lamah_212647,5,1,RF_Signature_K5,5,731,0.6842665570629187,0.6744551725603702,0.07206975369163422,KGE
subsequent_2016_2020,lamah_212670,3,1,RF_Signature_K5,5,731,0.32341006083353163,0.45862706832073796,0.07449620241727062,KGE
subsequent_2016_2020,lamah_212860,1,1,RF_Signature_K5,5,731,0.44881734349753444,0.4036124716816879,0.1134029541236711,KGE
subsequent_2016_2020,lamah_212878,3,1,RF_Signature_K5,5,731,-0.1560796513450904,-0.2033702327285103,0.14994317979042482,KGE
subsequent_2016_2020,lamah_212886,4,1,RF_Signature_K5,5,731,0.36992526572810813,0.3556300437602816,0.10646671129571375,KGE
subsequent_2016_2020,lamah_212894,5,0,RF_Signature_K5,5,731,-1.5329879773344226,-0.03222931908181392,0.212525346639653,KGE
subsequent_2016_2020,lamah_212928,5,1,RF_Signature_K5,5,731,-1.2351687842917496,0.11913804127936134,0.16564776880173626,KGE
subsequent_2016_2020,lamah_213124,2,1,RF_Signature_K5,5,731,0.12560491505309646,0.38936545633590647,0.10629928559309483,KGE
subsequent_2016_2020,lamah_213181,4,1,RF_Signature_K5,5,731,0.8452147619002384,0.8792999638688113,0.05900615252883289,KGE
subsequent_2016_2020,lamah_213306,3,1,RF_Signature_K5,5,731,-0.6568353705580066,-0.16530517101702236,0.2003523822470894,KGE
subsequent_2016_2020,lamah_2150,4,1,RF_Signature_K5,5,731,0.7440399578815295,0.7087086226594219,0.05338316356898285,KGE
subsequent_2016_2020,lamah_2262,1,1,RF_Signature_K5,5,731,0.4990267683938364,0.46379600186771186,0.08995620531970133,KGE
subsequent_2016_2020,lamah_403,2,1,RF_Signature_K5,5,731,0.8704864899902814,0.8842930198633835,0.059824402230545574,KGE
