window,comparison,basin_id,method,valid_days,NSE,KGE,NRMSE,plotted_metric
subsequent_2016_2020,AUDIOSK5 vs KnobenK5,camelsbr_51940000,RF_Signature_K5,1066,-18.523211823998285,-2.2117105788757883,0.7726700832449812,NSE
subsequent_2016_2020,AUDIOSK5 vs KnobenK5,camelsbr_51940000,Knoben_K5,1066,-3.621966731161013,-0.3076487884546806,0.3759515430296151,NSE
subsequent_2016_2020,AUDIOSK5 vs KnobenK5,camelsbr_57250000,RF_Signature_K5,1039,-14.006634100729054,-1.7299618028794108,0.2977314936523246,NSE
subsequent_2016_2020,AUDIOSK5 vs KnobenK5,camelsbr_57250000,Knoben_K5,1039,-9.115865149250375,-1.1944557136653038,0.24444696250325157,NSE
subsequent_2016_2020,AUDIOSK5 vs KnobenK5,camelsbr_58060000,RF_Signature_K5,1013,-0.7336282819548621,0.13535525309073226,0.07462247252066734,NSE
subsequent_2016_2020,AUDIOSK5 vs KnobenK5,camelsbr_58060000,Knoben_K5,1013,-3.9427220424057596,-0.44582457611734116,0.1260012162397648,NSE
subsequent_2016_2020,AUDIOSK5 vs KnobenK5,camelsbr_58258000,RF_Signature_K5,730,-1.429368985963014,-0.3105322908653192,0.08158675768633905,NSE
subsequent_2016_2020,AUDIOSK5 vs KnobenK5,camelsbr_58258000,Knoben_K5,730,0.20186035360984933,0.2590017268350113,0.04676407787060952,NSE
subsequent_2016_2020,AUDIOSK5 vs KnobenK5,camelsbr_58530000,RF_Signature_K5,1003,-1.1361290253381857,0.125164224223683,0.15791386274200392,NSE
subsequent_2016_2020,AUDIOSK5 vs KnobenK5,camelsbr_58530000,Knoben_K5,1003,-1.0735702738853794,0.19063391657058915,0.15558434488931502,NSE
subsequent_2016_2020,AUDIOSK5 vs KnobenK5,camelsbr_58535000,RF_Signature_K5,731,-1.2002855632691873,-0.06821560824175243,0.186093313382808,NSE
subsequent_2016_2020,AUDIOSK5 vs KnobenK5,camelsbr_58535000,Knoben_K5,731,-0.7460847150527943,0.2763634614799948,0.16577685613815518,NSE
subsequent_2016_2020,AUDIOSK5 vs KnobenK5,camelsbr_58542000,RF_Signature_K5,1035,-0.40396798804158296,0.35962129587774394,0.13239257301415294,NSE
subsequent_2016_2020,AUDIOSK5 vs KnobenK5,camelsbr_58542000,Knoben_K5,1035,-0.5331019226099654,-0.08783137428585497,0.13834725100392403,NSE
subsequent_2016_2020,AUDIOSK5 vs KnobenK5,camelsbr_59370000,RF_Signature_K5,1040,-0.08403572650785507,0.2787383359300465,0.07812109894578549,NSE
subsequent_2016_2020,AUDIOSK5 vs KnobenK5,camelsbr_59370000,Knoben_K5,1040,-0.5185345585309831,-0.10550481363373732,0.09246106387785334,NSE
subsequent_2016_2020,AUDIOSK5 vs KnobenK5,camelsbr_70100000,RF_Signature_K5,1026,-0.3259322149536472,-0.11407538615156976,0.11345404910270078,NSE
subsequent_2016_2020,AUDIOSK5 vs KnobenK5,camelsbr_70100000,Knoben_K5,1026,-0.41424263690921315,0.3953394497249252,0.11717131450528527,NSE
subsequent_2016_2020,AUDIOSK5 vs KnobenK5,camelsbr_71300000,RF_Signature_K5,1081,-0.6931941700039161,-0.02763355236164644,0.20330016041128537,NSE
subsequent_2016_2020,AUDIOSK5 vs KnobenK5,camelsbr_71300000,Knoben_K5,1081,-1.4599428224173199,-0.37720569771811263,0.2450455642564635,NSE
subsequent_2016_2020,AUDIOSK5 vs KnobenK5,camelsbr_73765000,RF_Signature_K5,1035,-0.5306685386547989,-0.03699463150874749,0.12036981165914962,NSE
subsequent_2016_2020,AUDIOSK5 vs KnobenK5,camelsbr_73765000,Knoben_K5,1035,0.162378795924622,0.18825325951814753,0.08904321545601505,NSE
subsequent_2016_2020,AUDIOSK5 vs KnobenK5,camelscl_1050002,RF_Signature_K5,678,-74.33133882388272,-6.532353128941674,2.013273211196007,NSE
subsequent_2016_2020,AUDIOSK5 vs KnobenK5,camelscl_1050002,Knoben_K5,678,-21083.115267244586,-141.52812900671339,33.68158827651239,NSE
subsequent_2016_2020,AUDIOSK5 vs KnobenK5,camelscl_1201005,RF_Signature_K5,922,-473.0440921199627,-14.758729414438443,2.639612031208683,NSE
subsequent_2016_2020,AUDIOSK5 vs KnobenK5,camelscl_1201005,Knoben_K5,922,-8404.973364737587,-80.63767550320134,11.115390756772934,NSE
subsequent_2016_2020,AUDIOSK5 vs KnobenK5,camelscl_12284002,RF_Signature_K5,974,-73.82352875546256,-7.203875585735151,1.0366549792650068,NSE
subsequent_2016_2020,AUDIOSK5 vs KnobenK5,camelscl_12284002,Knoben_K5,974,-387.58512218646854,-19.563227504481976,2.362426085108474,NSE
subsequent_2016_2020,AUDIOSK5 vs KnobenK5,camelscl_12284003,RF_Signature_K5,730,-55.78264325546542,-7.015241412233328,0.9013302329640942,NSE
subsequent_2016_2020,AUDIOSK5 vs KnobenK5,camelscl_12284003,Knoben_K5,730,-100.17943330463098,-10.796452279300075,1.203156875986899,NSE
subsequent_2016_2020,AUDIOSK5 vs KnobenK5,camelscl_12284006,RF_Signature_K5,720,-17.890760431780002,-4.069839232335158,0.46767328538756864,NSE
subsequent_2016_2020,AUDIOSK5 vs KnobenK5,camelscl_12284006,Knoben_K5,720,-5.037978987988108,-1.2775669044999831,0.26440133348281647,NSE
subsequent_2016_2020,AUDIOSK5 vs KnobenK5,camelscl_12582001,RF_Signature_K5,1096,-3.5536471442968356,-0.5019860528091671,0.14204855223838148,NSE
subsequent_2016_2020,AUDIOSK5 vs KnobenK5,camelscl_12582001,Knoben_K5,1096,-0.4750382242023128,0.03075136239119647,0.08084604179150712,NSE
subsequent_2016_2020,AUDIOSK5 vs KnobenK5,camelscl_12600001,RF_Signature_K5,436,-9.965585811925484,-1.317101753139545,0.5730025552670686,NSE
subsequent_2016_2020,AUDIOSK5 vs KnobenK5,camelscl_12600001,Knoben_K5,436,-1.0007096488712595,0.21063663242269082,0.24475562019678404,NSE
subsequent_2016_2020,AUDIOSK5 vs KnobenK5,camelscl_12622001,RF_Signature_K5,1065,-18.45100431039548,-2.276462952414351,0.5665208641063517,NSE
subsequent_2016_2020,AUDIOSK5 vs KnobenK5,camelscl_12622001,Knoben_K5,1065,-7.623460109967594,-1.2142701933821907,0.37721215028365573,NSE
subsequent_2016_2020,AUDIOSK5 vs KnobenK5,camelscl_12802001,RF_Signature_K5,939,-69.85085781350277,-9.799665423418832,0.615523264290888,NSE
subsequent_2016_2020,AUDIOSK5 vs KnobenK5,camelscl_12802001,Knoben_K5,939,-20.42791906468444,-5.604297668798524,0.33850252645389156,NSE
subsequent_2016_2020,AUDIOSK5 vs KnobenK5,camelscl_12805001,RF_Signature_K5,1044,-8.817885818817022,-1.4366192931666824,0.4153894321652516,NSE
subsequent_2016_2020,AUDIOSK5 vs KnobenK5,camelscl_12805001,Knoben_K5,1044,-9.32165343048902,-1.4739286839450156,0.42591319153269813,NSE
subsequent_2016_2020,AUDIOSK5 vs KnobenK5,camelscl_12806001,RF_Signature_K5,1062,-53.22997927158841,-4.0087345589935754,0.889559947112862,NSE
subsequent_2016_2020,AUDIOSK5 vs KnobenK5,camelscl_12806001,Knoben_K5,1062,-64.78555058149296,-4.627341312203797,0.9797623759943872,NSE
subsequent_2016_2020,AUDIOSK5 vs KnobenK5,camelscl_4301002,RF_Signature_K5,1011,-1.0767450353087908,-0.19197904928740228,0.3007591532962602,NSE
subsequent_2016_2020,AUDIOSK5 vs KnobenK5,camelscl_4301002,Knoben_K5,1011,-4.657314622572315,-0.6348230875329803,0.4964007500895061,NSE
subsequent_2016_2020,AUDIOSK5 vs KnobenK5,camelscl_4311001,RF_Signature_K5,1230,-1.2064566896799072,0.19715624346977056,0.29447924837428396,NSE
subsequent_2016_2020,AUDIOSK5 vs KnobenK5,camelscl_4311001,Knoben_K5,1230,-232.44249464687834,-12.154997948079966,3.028983797122097,NSE
subsequent_2016_2020,AUDIOSK5 vs KnobenK5,camelscl_4313001,RF_Signature_K5,1029,-2.1072389138433363,-0.030350103927587968,0.2925854028100664,NSE
subsequent_2016_2020,AUDIOSK5 vs KnobenK5,camelscl_4313001,Knoben_K5,1029,-1279.837176668933,-22.62111945864732,5.940353555835702,NSE
subsequent_2016_2020,AUDIOSK5 vs KnobenK5,camelscl_4314002,RF_Signature_K5,1429,-2.7496933494216558,-0.18487049528256638,0.08583764699598082,NSE
subsequent_2016_2020,AUDIOSK5 vs KnobenK5,camelscl_4314002,Knoben_K5,1429,-317.9080355432906,-15.732923440674028,0.7916125286153625,NSE
subsequent_2016_2020,AUDIOSK5 vs KnobenK5,camelscl_4501001,RF_Signature_K5,907,-10.266043024124063,-1.5019713558521723,0.5302669055877902,NSE
subsequent_2016_2020,AUDIOSK5 vs KnobenK5,camelscl_4501001,Knoben_K5,907,-1363.489950411697,-24.255390626024052,5.835713887975315,NSE
subsequent_2016_2020,AUDIOSK5 vs KnobenK5,camelscl_4503001,RF_Signature_K5,1066,-0.056090172631275026,-0.3012518531397901,0.06770314213707083,NSE
subsequent_2016_2020,AUDIOSK5 vs KnobenK5,camelscl_4503001,Knoben_K5,1066,-19.05742487849395,-14.046675579300484,0.295050198707246,NSE
subsequent_2016_2020,AUDIOSK5 vs KnobenK5,camelscl_4511002,RF_Signature_K5,1400,-0.6559945028821956,0.3318043133925407,0.23272661772893155,NSE
subsequent_2016_2020,AUDIOSK5 vs KnobenK5,camelscl_4511002,Knoben_K5,1400,-52.00161978571712,-5.272061504178866,1.3166222303340709,NSE
subsequent_2016_2020,AUDIOSK5 vs KnobenK5,camelscl_4512001,RF_Signature_K5,891,-1.7254652596301998,-0.29763407913957396,0.2337343928109688,NSE
subsequent_2016_2020,AUDIOSK5 vs KnobenK5,camelscl_4512001,Knoben_K5,891,-15.380717369360557,-2.052082894756453,0.5730186465521182,NSE
subsequent_2016_2020,AUDIOSK5 vs KnobenK5,camelscl_4513001,RF_Signature_K5,1064,-0.9661062890752801,0.10461070991434285,0.2196648687305756,NSE
subsequent_2016_2020,AUDIOSK5 vs KnobenK5,camelscl_4513001,Knoben_K5,1064,-10.595784007245822,-1.5124332057058711,0.5334665188460089,NSE
subsequent_2016_2020,AUDIOSK5 vs KnobenK5,camelscl_4514001,RF_Signature_K5,1217,-0.5692938174501823,-0.2867128862857149,0.11632350047704093,NSE
subsequent_2016_2020,AUDIOSK5 vs KnobenK5,camelscl_4514001,Knoben_K5,1217,-206.00779417130383,-18.912946178255677,1.3360068341120397,NSE
subsequent_2016_2020,AUDIOSK5 vs KnobenK5,camelscl_4520001,RF_Signature_K5,1087,-45336.919683322754,-201.15212877985917,18.52008049053395,NSE
subsequent_2016_2020,AUDIOSK5 vs KnobenK5,camelscl_4520001,Knoben_K5,1087,-28732.73482555501,-157.1062051262948,14.743755328887037,NSE
subsequent_2016_2020,AUDIOSK5 vs KnobenK5,camelscl_4530001,RF_Signature_K5,862,-2.8639746744596795,-0.2014528191045395,0.37771903069327684,NSE
subsequent_2016_2020,AUDIOSK5 vs KnobenK5,camelscl_4530001,Knoben_K5,862,-115.66862497972701,-8.79436136027953,2.075528831492989,NSE
subsequent_2016_2020,AUDIOSK5 vs KnobenK5,camelscl_4703002,RF_Signature_K5,1613,-0.14470348891049345,-0.0026420527569581687,0.14285876425363345,NSE
subsequent_2016_2020,AUDIOSK5 vs KnobenK5,camelscl_4703002,Knoben_K5,1613,-18.30967307843606,-2.6475434800725086,0.5867429045109124,NSE
subsequent_2016_2020,AUDIOSK5 vs KnobenK5,camelscl_4721001,RF_Signature_K5,1077,0.6398209434355714,0.5676933305396197,0.1196539733145719,NSE
subsequent_2016_2020,AUDIOSK5 vs KnobenK5,camelscl_4721001,Knoben_K5,1077,-216.8568658260433,-12.811059862486323,2.942751042981843,NSE
subsequent_2016_2020,AUDIOSK5 vs KnobenK5,camelscl_4723001,RF_Signature_K5,1107,-5.446467794534998,-0.6745030520234263,0.20174204844427543,NSE
subsequent_2016_2020,AUDIOSK5 vs KnobenK5,camelscl_4723001,Knoben_K5,1107,-5226.018827791965,-59.42906249514361,5.744636453634231,NSE
subsequent_2016_2020,AUDIOSK5 vs KnobenK5,camelscl_5200001,RF_Signature_K5,1303,-13.461881028226665,-2.0081114907942155,0.3443986328856728,NSE
subsequent_2016_2020,AUDIOSK5 vs KnobenK5,camelscl_5200001,Knoben_K5,1303,-7948.58373804952,-82.08587817411053,8.074603781082685,NSE
subsequent_2016_2020,AUDIOSK5 vs KnobenK5,camelscl_5402001,RF_Signature_K5,986,-0.5012563381663866,-0.3136870048257785,0.0741179608657842,NSE
subsequent_2016_2020,AUDIOSK5 vs KnobenK5,camelscl_5402001,Knoben_K5,986,-1.2340777188935137,-0.3835829492971583,0.09041597588719016,NSE
subsequent_2016_2020,AUDIOSK5 vs KnobenK5,camelscl_5406001,RF_Signature_K5,1007,-8.222561104270781,-3.204193168289695,0.5315605632675795,NSE
subsequent_2016_2020,AUDIOSK5 vs KnobenK5,camelscl_5406001,Knoben_K5,1007,-37.03095989701019,-7.0205836041496035,1.0794328379887894,NSE
subsequent_2016_2020,AUDIOSK5 vs KnobenK5,camelscl_5706001,RF_Signature_K5,670,-14.156730039280344,-3.0601694754313113,0.5179844496335629,NSE
subsequent_2016_2020,AUDIOSK5 vs KnobenK5,camelscl_5706001,Knoben_K5,670,-18.46620365891482,-4.058901832963014,0.5870222946376307,NSE
subsequent_2016_2020,AUDIOSK5 vs KnobenK5,camelscl_5707002,RF_Signature_K5,731,-5.3911167828907995,-0.6801185789631896,0.5208472506547991,NSE
subsequent_2016_2020,AUDIOSK5 vs KnobenK5,camelscl_5707002,Knoben_K5,731,-5.3456511406421505,-0.5804128663677206,0.5189913214502788,NSE
subsequent_2016_2020,AUDIOSK5 vs KnobenK5,camelscl_5722001,RF_Signature_K5,644,-13.50949160758045,-1.4584952273633687,0.5737920807098392,NSE
subsequent_2016_2020,AUDIOSK5 vs KnobenK5,camelscl_5722001,Knoben_K5,644,-609.9866603732834,-19.960556478593038,3.7234396262142884,NSE
subsequent_2016_2020,AUDIOSK5 vs KnobenK5,camelscl_5722002,RF_Signature_K5,1045,-60.17529024210175,-5.0859600094979935,0.40397718114472886,NSE
subsequent_2016_2020,AUDIOSK5 vs KnobenK5,camelscl_5722002,Knoben_K5,1045,-455.48216509389164,-15.889328899134274,1.1035213051540385,NSE
subsequent_2016_2020,AUDIOSK5 vs KnobenK5,camelscl_6013001,RF_Signature_K5,1035,-4.460374114114313,-0.4999091410602814,0.32493432115932097,NSE
subsequent_2016_2020,AUDIOSK5 vs KnobenK5,camelscl_6013001,Knoben_K5,1035,-1.585835474292527,-0.09009786046484347,0.22360670965716656,NSE
subsequent_2016_2020,AUDIOSK5 vs KnobenK5,camelscl_7103001,RF_Signature_K5,908,-0.7725324118474064,-0.06632198051545624,0.11384827323834497,NSE
subsequent_2016_2020,AUDIOSK5 vs KnobenK5,camelscl_7103001,Knoben_K5,908,-16.364489793727955,-2.1391174476358117,0.35633654842864626,NSE
subsequent_2016_2020,AUDIOSK5 vs KnobenK5,camelscl_7104002,RF_Signature_K5,1161,-0.5756455642578333,0.20534429084016215,0.10524889928900731,NSE
subsequent_2016_2020,AUDIOSK5 vs KnobenK5,camelscl_7104002,Knoben_K5,1161,-3.3682764907707297,-0.31988599115499805,0.17524408035685915,NSE
subsequent_2016_2020,AUDIOSK5 vs KnobenK5,camelscl_7112001,RF_Signature_K5,1043,-0.34742206046762814,0.37781453489835537,0.1748165972548163,NSE
subsequent_2016_2020,AUDIOSK5 vs KnobenK5,camelscl_7112001,Knoben_K5,1043,-15.570961670770934,-1.8176093173315726,0.6130624157971069,NSE
subsequent_2016_2020,AUDIOSK5 vs KnobenK5,camelscl_7115001,RF_Signature_K5,1294,-0.21049781051185845,0.4578902448783009,0.13351156886441748,NSE
subsequent_2016_2020,AUDIOSK5 vs KnobenK5,camelscl_7115001,Knoben_K5,1294,-36.83564611708863,-3.6022842451033004,0.7464272269337289,NSE
subsequent_2016_2020,AUDIOSK5 vs KnobenK5,camelscl_7116001,RF_Signature_K5,1204,-6.3460525251788855,-1.7682158335922287,0.2154597459187821,NSE
subsequent_2016_2020,AUDIOSK5 vs KnobenK5,camelscl_7116001,Knoben_K5,1204,-7.185810459268399,-1.398745316976754,0.2274416361803847,NSE
subsequent_2016_2020,AUDIOSK5 vs KnobenK5,camelscl_7355002,RF_Signature_K5,1391,-0.8047820137609958,0.0013901277208901996,0.14298128868124627,NSE
subsequent_2016_2020,AUDIOSK5 vs KnobenK5,camelscl_7355002,Knoben_K5,1391,-2.469816808073615,-0.1186469849336691,0.19825315305371546,NSE
subsequent_2016_2020,AUDIOSK5 vs KnobenK5,camelscl_7374001,RF_Signature_K5,808,-3.0967341573466074,-0.5516944125317291,0.17230739428253633,NSE
subsequent_2016_2020,AUDIOSK5 vs KnobenK5,camelscl_7374001,Knoben_K5,808,-8.879124416115284,-2.9686645851309303,0.2675742093816765,NSE
subsequent_2016_2020,AUDIOSK5 vs KnobenK5,camelscl_8130002,RF_Signature_K5,1236,0.174409314394246,0.34643559323162476,0.0644362715654429,NSE
subsequent_2016_2020,AUDIOSK5 vs KnobenK5,camelscl_8130002,Knoben_K5,1236,-1.5635663126240353,-0.1440068505137173,0.11354559459219028,NSE
subsequent_2016_2020,AUDIOSK5 vs KnobenK5,hysets_01010070,RF_Signature_K5,1096,0.378134783813747,0.4371291250342285,0.09886507958221873,NSE
subsequent_2016_2020,AUDIOSK5 vs KnobenK5,hysets_01010070,Knoben_K5,1096,0.17532540137675934,0.5475485976892255,0.11385080257907947,NSE
subsequent_2016_2020,AUDIOSK5 vs KnobenK5,hysets_01022500,RF_Signature_K5,1096,0.4573129625361465,0.5689186620601832,0.08759351317338325,NSE
subsequent_2016_2020,AUDIOSK5 vs KnobenK5,hysets_01022500,Knoben_K5,1096,0.7929265917132606,0.8891843640160338,0.05410773906946902,NSE
subsequent_2016_2020,AUDIOSK5 vs KnobenK5,hysets_01031500,RF_Signature_K5,1096,0.8834110892706397,0.8703234619353419,0.0397826868165988,NSE
subsequent_2016_2020,AUDIOSK5 vs KnobenK5,hysets_01031500,Knoben_K5,1096,0.7549874050467684,0.7090916922192824,0.057671293664065516,NSE
subsequent_2016_2020,AUDIOSK5 vs KnobenK5,hysets_01038000,RF_Signature_K5,1096,0.4321416598927482,0.6245051152141295,0.0876011492334836,NSE
subsequent_2016_2020,AUDIOSK5 vs KnobenK5,hysets_01038000,Knoben_K5,1096,0.44616613278017203,0.6662581299451402,0.08651263782742365,NSE
subsequent_2016_2020,AUDIOSK5 vs KnobenK5,hysets_01047000,RF_Signature_K5,1096,-0.18300267933276926,0.30963637904166097,0.11415382772655473,NSE
subsequent_2016_2020,AUDIOSK5 vs KnobenK5,hysets_01047000,Knoben_K5,1096,0.9169484192751932,0.8909147808597585,0.03024625197253748,NSE
subsequent_2016_2020,AUDIOSK5 vs KnobenK5,hysets_01054200,RF_Signature_K5,1096,0.223334264080166,0.2764458634677406,0.03988323930964784,NSE
subsequent_2016_2020,AUDIOSK5 vs KnobenK5,hysets_01054200,Knoben_K5,1096,-0.21111516781286377,0.19012606667844278,0.04980421199595103,NSE
subsequent_2016_2020,AUDIOSK5 vs KnobenK5,hysets_01055000,RF_Signature_K5,1096,0.4938712325028547,0.5165581698375621,0.054018323909269965,NSE
subsequent_2016_2020,AUDIOSK5 vs KnobenK5,hysets_01055000,Knoben_K5,1096,0.8141803834236078,0.7676542048550645,0.03273078137185433,NSE
subsequent_2016_2020,AUDIOSK5 vs KnobenK5,hysets_01057000,RF_Signature_K5,1096,0.24432457812631803,0.5653092725881851,0.10262893557964467,NSE
subsequent_2016_2020,AUDIOSK5 vs KnobenK5,hysets_01057000,Knoben_K5,1096,0.5226695412511235,0.6643170204160845,0.08156648549077414,NSE
subsequent_2016_2020,AUDIOSK5 vs KnobenK5,hysets_01064500,RF_Signature_K5,1096,0.18228307413587985,0.3657191167015059,0.05345736793831183,NSE
subsequent_2016_2020,AUDIOSK5 vs KnobenK5,hysets_01064500,Knoben_K5,1096,0.42319950904141035,0.43854334437951303,0.04489716191325372,NSE
subsequent_2016_2020,AUDIOSK5 vs KnobenK5,hysets_01076500,RF_Signature_K5,1096,0.03954559062008922,0.38506616471799404,0.07397657343774221,NSE
subsequent_2016_2020,AUDIOSK5 vs KnobenK5,hysets_01076500,Knoben_K5,1096,0.7356146295050727,0.7373468969226488,0.03881276152656556,NSE
subsequent_2016_2020,AUDIOSK5 vs KnobenK5,hysets_01078000,RF_Signature_K5,1096,0.5417771265904983,0.608112336929487,0.06871935818006476,NSE
subsequent_2016_2020,AUDIOSK5 vs KnobenK5,hysets_01078000,Knoben_K5,1096,0.45278446448778686,0.647944589183697,0.07509653895952151,NSE
subsequent_2016_2020,AUDIOSK5 vs KnobenK5,hysets_01118000,RF_Signature_K5,1096,-0.5104751118099504,0.3357949129952279,0.16980362789638578,NSE
subsequent_2016_2020,AUDIOSK5 vs KnobenK5,hysets_01118000,Knoben_K5,1096,-0.3007172880415121,0.3069051599781345,0.15757293856391696,NSE
subsequent_2016_2020,AUDIOSK5 vs KnobenK5,hysets_01134500,RF_Signature_K5,1096,0.3518845635314921,0.5812621710693029,0.08852294100600014,NSE
subsequent_2016_2020,AUDIOSK5 vs KnobenK5,hysets_01134500,Knoben_K5,1096,0.6843704066867696,0.8417487683131273,0.061775818639034356,NSE
subsequent_2016_2020,AUDIOSK5 vs KnobenK5,hysets_01137500,RF_Signature_K5,1096,0.1006536793992765,0.4421906537501953,0.06178153991099626,NSE
subsequent_2016_2020,AUDIOSK5 vs KnobenK5,hysets_01137500,Knoben_K5,1096,-0.292341784489341,0.3603826335568374,0.07406003978046463,NSE
subsequent_2016_2020,AUDIOSK5 vs KnobenK5,hysets_01169000,RF_Signature_K5,1096,-0.2401121789215468,0.31483613894901663,0.07099930488973959,NSE
subsequent_2016_2020,AUDIOSK5 vs KnobenK5,hysets_01169000,Knoben_K5,1096,0.4597358392658283,0.49556728416521234,0.04686263342716881,NSE
subsequent_2016_2020,AUDIOSK5 vs KnobenK5,hysets_01174500,RF_Signature_K5,1096,0.30678559835956676,0.5920622204918574,0.08112522140732281,NSE
subsequent_2016_2020,AUDIOSK5 vs KnobenK5,hysets_01174500,Knoben_K5,1096,0.39343641533426055,0.48184859031553817,0.07588575748795044,NSE
subsequent_2016_2020,AUDIOSK5 vs KnobenK5,hysets_01181000,RF_Signature_K5,1096,-0.0511642397729557,0.2765788859369388,0.047191752553069594,NSE
subsequent_2016_2020,AUDIOSK5 vs KnobenK5,hysets_01181000,Knoben_K5,1096,0.15705395641378894,0.36363004246727937,0.04226011799490503,NSE
subsequent_2016_2020,AUDIOSK5 vs KnobenK5,hysets_01439500,RF_Signature_K5,1096,0.44401914703057854,0.6294553769987836,0.0986053344390842,NSE
subsequent_2016_2020,AUDIOSK5 vs KnobenK5,hysets_01439500,Knoben_K5,1096,0.6553612990133653,0.6356852928910173,0.07763409863477949,NSE
subsequent_2016_2020,AUDIOSK5 vs KnobenK5,hysets_01440000,RF_Signature_K5,1096,0.1422495921224498,0.4501940322423128,0.0752636905760522,NSE
subsequent_2016_2020,AUDIOSK5 vs KnobenK5,hysets_01440000,Knoben_K5,1096,0.6502485616846589,0.6832446338529579,0.048060114175420235,NSE
subsequent_2016_2020,AUDIOSK5 vs KnobenK5,hysets_01447500,RF_Signature_K5,1096,0.13899799439209437,0.4970139796624876,0.09195243951462076,NSE
subsequent_2016_2020,AUDIOSK5 vs KnobenK5,hysets_01447500,Knoben_K5,1096,0.5438723439559815,0.7199911169410228,0.0669274651719314,NSE
subsequent_2016_2020,AUDIOSK5 vs KnobenK5,hysets_01543000,RF_Signature_K5,1096,0.6383346028194351,0.7101589946459391,0.07660948198906806,NSE
subsequent_2016_2020,AUDIOSK5 vs KnobenK5,hysets_01543000,Knoben_K5,1096,0.5131742493110932,0.7580393686630884,0.08888240909929959,NSE
subsequent_2016_2020,AUDIOSK5 vs KnobenK5,hysets_01543500,RF_Signature_K5,1096,0.9190091762871246,0.9172788652877862,0.03150979221858268,NSE
subsequent_2016_2020,AUDIOSK5 vs KnobenK5,hysets_01543500,Knoben_K5,1096,0.9398393153683381,0.9603025903193687,0.0271571390732078,NSE
subsequent_2016_2020,AUDIOSK5 vs KnobenK5,hysets_01544500,RF_Signature_K5,1096,0.49735047707139246,0.7042585367132281,0.07079754205700456,NSE
subsequent_2016_2020,AUDIOSK5 vs KnobenK5,hysets_01544500,Knoben_K5,1096,0.589035524746393,0.617172990063557,0.06401587467799448,NSE
subsequent_2016_2020,AUDIOSK5 vs KnobenK5,hysets_01550000,RF_Signature_K5,1096,0.3115634109751775,0.39452286889921695,0.06137285679661569,NSE
subsequent_2016_2020,AUDIOSK5 vs KnobenK5,hysets_01550000,Knoben_K5,1096,0.5947036149850649,0.7263364549722771,0.04709022140461968,NSE
subsequent_2016_2020,AUDIOSK5 vs KnobenK5,hysets_01605500,RF_Signature_K5,1096,0.7170175238675289,0.7475048703988125,0.03013441069552575,NSE
subsequent_2016_2020,AUDIOSK5 vs KnobenK5,hysets_01605500,Knoben_K5,1096,0.36365821814775623,0.4169356460930085,0.045188523521958145,NSE
subsequent_2016_2020,AUDIOSK5 vs KnobenK5,hysets_01606500,RF_Signature_K5,1096,-0.833864580913874,0.2389074653500023,0.085989858407426,NSE
subsequent_2016_2020,AUDIOSK5 vs KnobenK5,hysets_01606500,Knoben_K5,1096,0.32252770507886297,0.4977467176099669,0.052264809558918233,NSE
subsequent_2016_2020,AUDIOSK5 vs KnobenK5,hysets_01611500,RF_Signature_K5,1096,-0.27255203898918046,0.17089781909332902,0.10008973412594159,NSE
subsequent_2016_2020,AUDIOSK5 vs KnobenK5,hysets_01611500,Knoben_K5,1096,-0.2506856723353903,0.09744828036225028,0.09922608292380274,NSE
subsequent_2016_2020,AUDIOSK5 vs KnobenK5,hysets_01669520,RF_Signature_K5,1096,-1.2891473821617052,0.004524392111968312,0.06674796288695867,NSE
subsequent_2016_2020,AUDIOSK5 vs KnobenK5,hysets_01669520,Knoben_K5,1096,-0.09531558681754948,0.46146287687242526,0.04617115856628331,NSE
subsequent_2016_2020,AUDIOSK5 vs KnobenK5,hysets_01673800,RF_Signature_K5,1096,0.39460570094761416,0.6020987672344928,0.048130656328158695,NSE
subsequent_2016_2020,AUDIOSK5 vs KnobenK5,hysets_01673800,Knoben_K5,1096,0.3197197479972085,0.3811035329490936,0.051020716402542854,NSE
subsequent_2016_2020,AUDIOSK5 vs KnobenK5,hysets_01AJ010,RF_Signature_K5,731,0.44331764495001125,0.47223697525256136,0.09373683196163007,NSE
subsequent_2016_2020,AUDIOSK5 vs KnobenK5,hysets_01AJ010,Knoben_K5,731,0.3600212481165702,0.6589532053127483,0.10050538259100975,NSE
subsequent_2016_2020,AUDIOSK5 vs KnobenK5,hysets_01AK001,RF_Signature_K5,731,0.7568220851183343,0.7858824681942463,0.06992422342510703,NSE
subsequent_2016_2020,AUDIOSK5 vs KnobenK5,hysets_01AK001,Knoben_K5,731,0.8032957947824397,0.8767097462934224,0.06288866982282561,NSE
subsequent_2016_2020,AUDIOSK5 vs KnobenK5,hysets_01AK007,RF_Signature_K5,731,0.7925646978604727,0.7658732523294756,0.061796514143053205,NSE
subsequent_2016_2020,AUDIOSK5 vs KnobenK5,hysets_01AK007,Knoben_K5,731,0.7817485814651375,0.7347512811153938,0.0633871435334864,NSE
subsequent_2016_2020,AUDIOSK5 vs KnobenK5,hysets_01AL002,RF_Signature_K5,731,0.3459775800537189,0.36386608850290425,0.10461338216868389,NSE
subsequent_2016_2020,AUDIOSK5 vs KnobenK5,hysets_01AL002,Knoben_K5,731,0.20082510584201974,0.5184477021016722,0.11564100068332145,NSE
subsequent_2016_2020,AUDIOSK5 vs KnobenK5,hysets_01AM001,RF_Signature_K5,731,0.671842809263161,0.6187248738258098,0.06284549027533146,NSE
subsequent_2016_2020,AUDIOSK5 vs KnobenK5,hysets_01AM001,Knoben_K5,731,0.8480956182138795,0.8873332768770904,0.042758090961058016,NSE
subsequent_2016_2020,AUDIOSK5 vs KnobenK5,hysets_01AN002,RF_Signature_K5,731,0.6959136980172347,0.7599278776967728,0.07883179879550475,NSE
subsequent_2016_2020,AUDIOSK5 vs KnobenK5,hysets_01AN002,Knoben_K5,731,0.8762110439854056,0.8446864577945737,0.05029721726757436,NSE
subsequent_2016_2020,AUDIOSK5 vs KnobenK5,hysets_01AP002,RF_Signature_K5,731,0.6518829104291013,0.6566426353568794,0.07008811139127313,NSE
subsequent_2016_2020,AUDIOSK5 vs KnobenK5,hysets_01AP002,Knoben_K5,731,0.7686883419404225,0.6341709815599915,0.05713213403667004,NSE
subsequent_2016_2020,AUDIOSK5 vs KnobenK5,hysets_01AQ001,RF_Signature_K5,1096,0.24681672709789948,0.35401346556726954,0.06412094006233672,NSE
subsequent_2016_2020,AUDIOSK5 vs KnobenK5,hysets_01AQ001,Knoben_K5,1096,0.3513725827127937,0.20372555631938838,0.059504142180398824,NSE
subsequent_2016_2020,AUDIOSK5 vs KnobenK5,hysets_01BJ003,RF_Signature_K5,731,0.18099674157673107,0.3580456492985037,0.10486147411152807,NSE
subsequent_2016_2020,AUDIOSK5 vs KnobenK5,hysets_01BJ003,Knoben_K5,731,0.39563312110149695,0.6552627121894872,0.09007898244651166,NSE
subsequent_2016_2020,AUDIOSK5 vs KnobenK5,hysets_01BL002,RF_Signature_K5,731,-0.18560295584141806,0.4058081694222946,0.1438673420135099,NSE
subsequent_2016_2020,AUDIOSK5 vs KnobenK5,hysets_01BL002,Knoben_K5,731,-0.08568365098916209,0.1491944011144849,0.137671559585521,NSE
subsequent_2016_2020,AUDIOSK5 vs KnobenK5,hysets_01BQ001,RF_Signature_K5,731,0.5571867340360663,0.49502134478265924,0.05380877972530884,NSE
subsequent_2016_2020,AUDIOSK5 vs KnobenK5,hysets_01BQ001,Knoben_K5,731,0.37620919989682666,0.546578587139692,0.06386491144541086,NSE
subsequent_2016_2020,AUDIOSK5 vs KnobenK5,hysets_01BS001,RF_Signature_K5,731,0.6080515114552678,0.6842546579871503,0.06247976369403139,NSE
subsequent_2016_2020,AUDIOSK5 vs KnobenK5,hysets_01BS001,Knoben_K5,731,0.7498415453173659,0.7615536922920192,0.04991516074384358,NSE
subsequent_2016_2020,AUDIOSK5 vs KnobenK5,hysets_01BU002,RF_Signature_K5,731,0.44888321675243137,0.47125886602555245,0.08832394975898014,NSE
subsequent_2016_2020,AUDIOSK5 vs KnobenK5,hysets_01BU002,Knoben_K5,731,0.5706262392527752,0.38750539035676235,0.0779604637879992,NSE
subsequent_2016_2020,AUDIOSK5 vs KnobenK5,hysets_01BV006,RF_Signature_K5,731,0.27044855064674833,0.4363222204593922,0.06545142789092523,NSE
subsequent_2016_2020,AUDIOSK5 vs KnobenK5,hysets_01BV006,Knoben_K5,731,0.4323912385098504,0.3963035561258068,0.05773188110405875,NSE
subsequent_2016_2020,AUDIOSK5 vs KnobenK5,hysets_01DR001,RF_Signature_K5,1096,0.04284563565057031,0.3056396327896048,0.10799289942721488,NSE
subsequent_2016_2020,AUDIOSK5 vs KnobenK5,hysets_01DR001,Knoben_K5,1096,-0.14466564683549876,0.0661317175973819,0.1180982695271345,NSE
subsequent_2016_2020,AUDIOSK5 vs KnobenK5,hysets_01EC001,RF_Signature_K5,1096,-0.005524205228456758,0.4748490697196385,0.1761305026545122,NSE
subsequent_2016_2020,AUDIOSK5 vs KnobenK5,hysets_01EC001,Knoben_K5,1096,0.5384555271198428,0.6912673067361695,0.11932874882977362,NSE
subsequent_2016_2020,AUDIOSK5 vs KnobenK5,hysets_01ED007,RF_Signature_K5,731,-0.40395354461995137,0.0967790027390778,0.24830743039171324,NSE
subsequent_2016_2020,AUDIOSK5 vs KnobenK5,hysets_01ED007,Knoben_K5,731,0.45915648674496745,0.6248900413923728,0.154116507754578,NSE
subsequent_2016_2020,AUDIOSK5 vs KnobenK5,hysets_01EF001,RF_Signature_K5,1096,0.04470271995613029,0.5408391955562828,0.18519648229055133,NSE
subsequent_2016_2020,AUDIOSK5 vs KnobenK5,hysets_01EF001,Knoben_K5,1096,0.5371041438609064,0.7691915714074504,0.1289154916137296,NSE
subsequent_2016_2020,AUDIOSK5 vs KnobenK5,hysets_01EO001,RF_Signature_K5,1096,0.24580225229476238,0.49198759440098927,0.09324233005890369,NSE
subsequent_2016_2020,AUDIOSK5 vs KnobenK5,hysets_01EO001,Knoben_K5,1096,0.4119836158008907,0.3882367150378624,0.082331346033001,NSE
subsequent_2016_2020,AUDIOSK5 vs KnobenK5,hysets_01FB001,RF_Signature_K5,1096,-0.038367013264207106,0.19117122342841397,0.11018416136440658,NSE
subsequent_2016_2020,AUDIOSK5 vs KnobenK5,hysets_01FB001,Knoben_K5,1096,0.250501134625148,0.24892979253173153,0.09361150313593584,NSE
subsequent_2016_2020,AUDIOSK5 vs KnobenK5,hysets_01FB003,RF_Signature_K5,1096,-0.32415100590658374,0.40713489130608305,0.19026669636036675,NSE
subsequent_2016_2020,AUDIOSK5 vs KnobenK5,hysets_01FB003,Knoben_K5,1096,0.1591732765929278,0.5653846051624839,0.15161678146866053,NSE
subsequent_2016_2020,AUDIOSK5 vs KnobenK5,hysets_02011400,RF_Signature_K5,1096,0.6976467744329213,0.7908802145892316,0.0389431001604266,NSE
subsequent_2016_2020,AUDIOSK5 vs KnobenK5,hysets_02011400,Knoben_K5,1096,0.4426457966406854,0.528615444459877,0.052873597294529805,NSE
subsequent_2016_2020,AUDIOSK5 vs KnobenK5,hysets_02011460,RF_Signature_K5,1096,-0.03968532652399426,0.30875418909216357,0.05367723730156891,NSE
subsequent_2016_2020,AUDIOSK5 vs KnobenK5,hysets_02011460,Knoben_K5,1096,-0.26176059480703695,0.29069066938070576,0.05913269571767936,NSE
subsequent_2016_2020,AUDIOSK5 vs KnobenK5,hysets_02013000,RF_Signature_K5,1096,0.624965131446233,0.6559740404383572,0.03999274573344715,NSE
subsequent_2016_2020,AUDIOSK5 vs KnobenK5,hysets_02013000,Knoben_K5,1096,0.6523607177683846,0.7043909966932289,0.03850435212887202,NSE
subsequent_2016_2020,AUDIOSK5 vs KnobenK5,hysets_02014000,RF_Signature_K5,1096,0.7049453708005022,0.7549380615967163,0.05224885056189756,NSE
subsequent_2016_2020,AUDIOSK5 vs KnobenK5,hysets_02014000,Knoben_K5,1096,0.45847052316266523,0.7094548403813687,0.07078424024903675,NSE
subsequent_2016_2020,AUDIOSK5 vs KnobenK5,hysets_02015700,RF_Signature_K5,1096,-0.2843007627147065,0.37393631413043993,0.0614951890340644,NSE
subsequent_2016_2020,AUDIOSK5 vs KnobenK5,hysets_02015700,Knoben_K5,1096,0.4516846892463363,0.4983662585472042,0.0401812050348511,NSE
subsequent_2016_2020,AUDIOSK5 vs KnobenK5,hysets_02016000,RF_Signature_K5,1096,0.4382070321369712,0.6687107565032404,0.05651974586290028,NSE
subsequent_2016_2020,AUDIOSK5 vs KnobenK5,hysets_02016000,Knoben_K5,1096,0.13038578466741912,0.5907252977605897,0.07031943397030815,NSE
subsequent_2016_2020,AUDIOSK5 vs KnobenK5,hysets_02017500,RF_Signature_K5,1096,0.7857868791118799,0.7999274377177605,0.0522876364611746,NSE
subsequent_2016_2020,AUDIOSK5 vs KnobenK5,hysets_02017500,Knoben_K5,1096,0.8989381193396065,0.9279092452651376,0.03591448677308955,NSE
subsequent_2016_2020,AUDIOSK5 vs KnobenK5,hysets_02018000,RF_Signature_K5,1096,0.6343836112606224,0.7467693516424545,0.05803528494617324,NSE
subsequent_2016_2020,AUDIOSK5 vs KnobenK5,hysets_02018000,Knoben_K5,1096,0.7837718552520826,0.889184583187778,0.04463087534907432,NSE
subsequent_2016_2020,AUDIOSK5 vs KnobenK5,hysets_02020500,RF_Signature_K5,1096,0.24562944100018158,0.41586023645654224,0.05809606666161999,NSE
subsequent_2016_2020,AUDIOSK5 vs KnobenK5,hysets_02020500,Knoben_K5,1096,0.7657029015339858,0.7013423034359663,0.03237709053638759,NSE
subsequent_2016_2020,AUDIOSK5 vs KnobenK5,hysets_02021500,RF_Signature_K5,1096,0.37871916839928943,0.4639288087957949,0.056169704243119574,NSE
subsequent_2016_2020,AUDIOSK5 vs KnobenK5,hysets_02021500,Knoben_K5,1096,0.9159792846081695,0.873952745671205,0.02065624363701203,NSE
subsequent_2016_2020,AUDIOSK5 vs KnobenK5,hysets_02030000,RF_Signature_K5,1096,0.0036290062074669782,0.3212286159063418,0.06958677816592256,NSE
subsequent_2016_2020,AUDIOSK5 vs KnobenK5,hysets_02030000,Knoben_K5,1096,-0.3287091546273524,0.17248258312929632,0.08035837668263861,NSE
subsequent_2016_2020,AUDIOSK5 vs KnobenK5,hysets_02041000,RF_Signature_K5,1096,0.07969788125134758,0.19144907864351735,0.03676704076859092,NSE
subsequent_2016_2020,AUDIOSK5 vs KnobenK5,hysets_02041000,Knoben_K5,1096,0.28282185763910106,0.2673143970697336,0.03245689631997357,NSE
subsequent_2016_2020,AUDIOSK5 vs KnobenK5,hysets_02046000,RF_Signature_K5,1096,-0.4253634697522781,0.1635715721330534,0.08221204627719088,NSE
subsequent_2016_2020,AUDIOSK5 vs KnobenK5,hysets_02046000,Knoben_K5,1096,-0.3771889738706351,0.18895439460314412,0.08081080153797122,NSE
subsequent_2016_2020,AUDIOSK5 vs KnobenK5,hysets_02212600,RF_Signature_K5,1096,-1.0147228197269795,-0.6825816467329318,0.08443709163660734,NSE
subsequent_2016_2020,AUDIOSK5 vs KnobenK5,hysets_02212600,Knoben_K5,1096,-0.31142401621649185,-0.10048231304374067,0.06812353558370682,NSE
subsequent_2016_2020,AUDIOSK5 vs KnobenK5,hysets_02325000,RF_Signature_K5,1096,-5.192731896163403,-0.6604043518325826,0.3799192644083101,NSE
subsequent_2016_2020,AUDIOSK5 vs KnobenK5,hysets_02325000,Knoben_K5,1096,-7.533027120156479,-0.9932791090090103,0.44596598940757093,NSE
subsequent_2016_2020,AUDIOSK5 vs KnobenK5,hysets_02326000,RF_Signature_K5,1096,-5.098991620312508,-0.8758390742345961,0.4102214341401413,NSE
subsequent_2016_2020,AUDIOSK5 vs KnobenK5,hysets_02326000,Knoben_K5,1096,-56.35306609176863,-5.623628935952472,1.2579623708950258,NSE
subsequent_2016_2020,AUDIOSK5 vs KnobenK5,hysets_02327100,RF_Signature_K5,1096,-0.6070710616799297,-0.07149384779462742,0.16528758481166178,NSE
subsequent_2016_2020,AUDIOSK5 vs KnobenK5,hysets_02327100,Knoben_K5,1096,-0.3168262644397706,-0.399200247897872,0.1496190639534305,NSE
subsequent_2016_2020,AUDIOSK5 vs KnobenK5,hysets_02331600,RF_Signature_K5,1096,-0.3443166555853878,0.32746731299892207,0.07271216701414535,NSE
subsequent_2016_2020,AUDIOSK5 vs KnobenK5,hysets_02331600,Knoben_K5,1096,0.5093433191973011,0.5748198008401053,0.04392837686323144,NSE
subsequent_2016_2020,AUDIOSK5 vs KnobenK5,hysets_02373000,RF_Signature_K5,1079,-0.1811445579221478,0.11994143359776432,0.10956824835996153,NSE
subsequent_2016_2020,AUDIOSK5 vs KnobenK5,hysets_02373000,Knoben_K5,1079,0.21498736642430327,0.14847122459728967,0.08932468948294142,NSE
subsequent_2016_2020,AUDIOSK5 vs KnobenK5,hysets_02374500,RF_Signature_K5,1096,-0.4518293124340822,0.16346592193376852,0.0553914505250366,NSE
subsequent_2016_2020,AUDIOSK5 vs KnobenK5,hysets_02374500,Knoben_K5,1096,0.2585914041362244,0.539311166166792,0.03958346117942866,NSE
subsequent_2016_2020,AUDIOSK5 vs KnobenK5,hysets_02380500,RF_Signature_K5,1096,-1.8596209398899655,-0.044395397603804954,0.1646232986707963,NSE
subsequent_2016_2020,AUDIOSK5 vs KnobenK5,hysets_02380500,Knoben_K5,1096,0.6509063475198038,0.8021902139305739,0.05751856486332819,NSE
subsequent_2016_2020,AUDIOSK5 vs KnobenK5,hysets_02401390,RF_Signature_K5,1095,0.09374511252610673,0.2627217790274521,0.08963201071594279,NSE
subsequent_2016_2020,AUDIOSK5 vs KnobenK5,hysets_02401390,Knoben_K5,1095,-0.006142585857708216,-0.10405759294964878,0.09444255414841236,NSE
subsequent_2016_2020,AUDIOSK5 vs KnobenK5,hysets_02450250,RF_Signature_K5,1096,0.2401475817802352,0.4750752612656326,0.07330249603821717,NSE
subsequent_2016_2020,AUDIOSK5 vs KnobenK5,hysets_02450250,Knoben_K5,1096,0.23063752937447057,0.13696658773437598,0.07375978412903451,NSE
subsequent_2016_2020,AUDIOSK5 vs KnobenK5,hysets_02469800,RF_Signature_K5,1096,-0.07117009586211465,0.07085692298330704,0.08414905593863548,NSE
subsequent_2016_2020,AUDIOSK5 vs KnobenK5,hysets_02469800,Knoben_K5,1096,0.09446297140971383,-0.038481169300738305,0.07737009587702086,NSE
subsequent_2016_2020,AUDIOSK5 vs KnobenK5,hysets_02479155,RF_Signature_K5,1095,0.09315031869798795,0.09267279149552621,0.07013005274827165,NSE
subsequent_2016_2020,AUDIOSK5 vs KnobenK5,hysets_02479155,Knoben_K5,1095,-0.028336194472007303,0.14360928742799184,0.07467995957552777,NSE
subsequent_2016_2020,AUDIOSK5 vs KnobenK5,hysets_02479560,RF_Signature_K5,1096,-0.15283621968637573,0.008708190484216671,0.06652190386599602,NSE
subsequent_2016_2020,AUDIOSK5 vs KnobenK5,hysets_02479560,Knoben_K5,1096,0.3426822300880875,0.36508679960718315,0.050230621367905355,NSE
subsequent_2016_2020,AUDIOSK5 vs KnobenK5,hysets_02AB017,RF_Signature_K5,731,-0.1259936955152201,-0.26047734761716224,0.1603858407380857,NSE
subsequent_2016_2020,AUDIOSK5 vs KnobenK5,hysets_02AB017,Knoben_K5,731,0.06818321019957152,0.29847525541093467,0.145902694129215,NSE
subsequent_2016_2020,AUDIOSK5 vs KnobenK5,hysets_02AC001,RF_Signature_K5,731,-0.17904359598068065,0.046581185116687185,0.20324433680426954,NSE
subsequent_2016_2020,AUDIOSK5 vs KnobenK5,hysets_02AC001,Knoben_K5,731,-1.560894564652243,-0.047063853464384575,0.2995362377057229,NSE
subsequent_2016_2020,AUDIOSK5 vs KnobenK5,hysets_02AD010,RF_Signature_K5,1096,0.4520437986874628,0.4843516737542829,0.10201048117585818,NSE
subsequent_2016_2020,AUDIOSK5 vs KnobenK5,hysets_02AD010,Knoben_K5,1096,-1.5291408949617722,-0.06835089834090446,0.2191585331261664,NSE
subsequent_2016_2020,AUDIOSK5 vs KnobenK5,hysets_02BA003,RF_Signature_K5,731,-0.11739364082163495,0.3791333280044338,0.14044895439946273,NSE
subsequent_2016_2020,AUDIOSK5 vs KnobenK5,hysets_02BA003,Knoben_K5,731,-4.597205727480285,-0.769750747253118,0.3143410124049503,NSE
subsequent_2016_2020,AUDIOSK5 vs KnobenK5,hysets_02BF001,RF_Signature_K5,731,0.7091509387049604,0.812018846279454,0.06644074594244193,NSE
subsequent_2016_2020,AUDIOSK5 vs KnobenK5,hysets_02BF001,Knoben_K5,731,0.23802907061631962,0.6423335285894303,0.1075399592889197,NSE
subsequent_2016_2020,AUDIOSK5 vs KnobenK5,hysets_02BF002,RF_Signature_K5,731,0.8607126703126322,0.8338169373623227,0.04654127981416035,NSE
subsequent_2016_2020,AUDIOSK5 vs KnobenK5,hysets_02BF002,Knoben_K5,731,0.055988875033285534,0.04386310332022081,0.12116329393091813,NSE
subsequent_2016_2020,AUDIOSK5 vs KnobenK5,hysets_02CB003,RF_Signature_K5,731,0.15691603637807905,0.33476956402081803,0.12039755957831805,NSE
subsequent_2016_2020,AUDIOSK5 vs KnobenK5,hysets_02CB003,Knoben_K5,731,0.792092860203549,0.7388769541034328,0.05978840553255345,NSE
subsequent_2016_2020,AUDIOSK5 vs KnobenK5,hysets_02CD006,RF_Signature_K5,731,0.2869109492677888,0.6014679230938342,0.15787412830942277,NSE
subsequent_2016_2020,AUDIOSK5 vs KnobenK5,hysets_02CD006,Knoben_K5,731,-1.4105147897386505,-0.10292962188686117,0.29026453873734204,NSE
subsequent_2016_2020,AUDIOSK5 vs KnobenK5,hysets_02DD015,RF_Signature_K5,731,-0.16408237077488308,0.1756531056223929,0.1726981181138612,NSE
subsequent_2016_2020,AUDIOSK5 vs KnobenK5,hysets_02DD015,Knoben_K5,731,0.2214003657982193,0.630742849289835,0.14123841873293222,NSE
subsequent_2016_2020,AUDIOSK5 vs KnobenK5,hysets_02HL003,RF_Signature_K5,1096,-0.3724335145654749,0.3154796706287173,0.1312321803282603,NSE
subsequent_2016_2020,AUDIOSK5 vs KnobenK5,hysets_02HL003,Knoben_K5,1096,0.19794058876648535,0.3259086680748494,0.10032241000424712,NSE
subsequent_2016_2020,AUDIOSK5 vs KnobenK5,hysets_02HL004,RF_Signature_K5,731,-0.5291646986031988,0.30538732262985235,0.17380457369872873,NSE
subsequent_2016_2020,AUDIOSK5 vs KnobenK5,hysets_02HL004,Knoben_K5,731,0.3508420369925983,0.4983845321057203,0.11324245173508611,NSE
subsequent_2016_2020,AUDIOSK5 vs KnobenK5,hysets_02JC008,RF_Signature_K5,731,0.32920841425452285,0.6057755686751202,0.12311192729203113,NSE
subsequent_2016_2020,AUDIOSK5 vs KnobenK5,hysets_02JC008,Knoben_K5,731,-1.0805997580657132,0.005506773014340216,0.2168206284304139,NSE
subsequent_2016_2020,AUDIOSK5 vs KnobenK5,hysets_02YC001,RF_Signature_K5,731,-0.049968359293560916,0.24175811216456788,0.1872141393193589,NSE
subsequent_2016_2020,AUDIOSK5 vs KnobenK5,hysets_02YC001,Knoben_K5,731,0.043387377062502064,0.43375532581377385,0.17869754800723336,NSE
subsequent_2016_2020,AUDIOSK5 vs KnobenK5,hysets_02YD002,RF_Signature_K5,731,-0.27177963089692736,0.17603589408811526,0.17722277292101843,NSE
subsequent_2016_2020,AUDIOSK5 vs KnobenK5,hysets_02YD002,Knoben_K5,731,0.2240139062981118,0.4167197461044744,0.13843329757570574,NSE
subsequent_2016_2020,AUDIOSK5 vs KnobenK5,hysets_02YJ001,RF_Signature_K5,731,-0.11271639047538606,0.16825793223023822,0.15691780148139525,NSE
subsequent_2016_2020,AUDIOSK5 vs KnobenK5,hysets_02YJ001,Knoben_K5,731,0.42442891667300275,0.36293236357400316,0.11285724790905455,NSE
subsequent_2016_2020,AUDIOSK5 vs KnobenK5,hysets_02YK002,RF_Signature_K5,731,0.536314902479594,0.6273216041743865,0.10718984309033933,NSE
subsequent_2016_2020,AUDIOSK5 vs KnobenK5,hysets_02YK002,Knoben_K5,731,-0.28548012865046357,-0.07985664215236299,0.1784739147648684,NSE
subsequent_2016_2020,AUDIOSK5 vs KnobenK5,hysets_02YK005,RF_Signature_K5,731,-0.4647579382910265,0.35673738037044944,0.2357418195548928,NSE
subsequent_2016_2020,AUDIOSK5 vs KnobenK5,hysets_02YK005,Knoben_K5,731,0.4470432858218215,0.4441826606939002,0.14484358618566204,NSE
subsequent_2016_2020,AUDIOSK5 vs KnobenK5,hysets_02YN002,RF_Signature_K5,731,-0.19465547888895451,0.2739388820816543,0.17062460376723973,NSE
subsequent_2016_2020,AUDIOSK5 vs KnobenK5,hysets_02YN002,Knoben_K5,731,-0.2852401014254262,-0.03440042881890015,0.17697521561637247,NSE
subsequent_2016_2020,AUDIOSK5 vs KnobenK5,hysets_02YO006,RF_Signature_K5,1096,0.1989221532925044,0.5228133525508876,0.07697131236077179,NSE
subsequent_2016_2020,AUDIOSK5 vs KnobenK5,hysets_02YO006,Knoben_K5,1096,0.6905284976188988,0.6552554744808667,0.04784117770185156,NSE
subsequent_2016_2020,AUDIOSK5 vs KnobenK5,hysets_02YO008,RF_Signature_K5,1096,0.14560929910760811,0.23775298336610828,0.07216047375636697,NSE
subsequent_2016_2020,AUDIOSK5 vs KnobenK5,hysets_02YO008,Knoben_K5,1096,0.5412308247865902,0.4735154021037091,0.05287717374699013,NSE
subsequent_2016_2020,AUDIOSK5 vs KnobenK5,hysets_02YR001,RF_Signature_K5,1096,-0.22338881966377166,0.33715548186322364,0.17864126291290203,NSE
subsequent_2016_2020,AUDIOSK5 vs KnobenK5,hysets_02YR001,Knoben_K5,1096,0.2597040483720525,0.5992492025045396,0.13896397036597144,NSE
subsequent_2016_2020,AUDIOSK5 vs KnobenK5,hysets_02YR003,RF_Signature_K5,1096,-0.2577351787667219,0.3113410515372306,0.19448510881861306,NSE
subsequent_2016_2020,AUDIOSK5 vs KnobenK5,hysets_02YR003,Knoben_K5,1096,0.08659160213461536,0.5078939828241407,0.16573882292950803,NSE
subsequent_2016_2020,AUDIOSK5 vs KnobenK5,hysets_02ZB001,RF_Signature_K5,731,0.055694886049753256,0.10486866783230087,0.07821785704175617,NSE
subsequent_2016_2020,AUDIOSK5 vs KnobenK5,hysets_02ZB001,Knoben_K5,731,-0.09758292295274607,-0.26824923930626166,0.08432734230144666,NSE
subsequent_2016_2020,AUDIOSK5 vs KnobenK5,hysets_02ZC002,RF_Signature_K5,731,0.09656285423064048,0.1519180356896792,0.10343335811074517,NSE
subsequent_2016_2020,AUDIOSK5 vs KnobenK5,hysets_02ZC002,Knoben_K5,731,-0.18270231281938787,-0.37857647756904145,0.11834485351007518,NSE
subsequent_2016_2020,AUDIOSK5 vs KnobenK5,hysets_02ZF001,RF_Signature_K5,1096,0.053991970085516594,0.5408936097023298,0.13904033240835667,NSE
subsequent_2016_2020,AUDIOSK5 vs KnobenK5,hysets_02ZF001,Knoben_K5,1096,-1.2027857488815803,0.11786185315784037,0.2121678204714468,NSE
subsequent_2016_2020,AUDIOSK5 vs KnobenK5,hysets_02ZG001,RF_Signature_K5,731,0.022075503719466094,0.48508370516348565,0.14635857829250043,NSE
subsequent_2016_2020,AUDIOSK5 vs KnobenK5,hysets_02ZG001,Knoben_K5,731,-0.10793793543000652,0.07677292468268082,0.15578413816204464,NSE
subsequent_2016_2020,AUDIOSK5 vs KnobenK5,hysets_02ZG003,RF_Signature_K5,692,-0.25901389361784277,0.005937044435325944,0.1367854940676134,NSE
subsequent_2016_2020,AUDIOSK5 vs KnobenK5,hysets_02ZG003,Knoben_K5,692,-0.37084713794054336,-0.4347856521030422,0.14273132482431938,NSE
subsequent_2016_2020,AUDIOSK5 vs KnobenK5,hysets_02ZH001,RF_Signature_K5,731,0.5396777509645048,0.732582535026711,0.07524727817291457,NSE
subsequent_2016_2020,AUDIOSK5 vs KnobenK5,hysets_02ZH001,Knoben_K5,731,-0.48278143325083467,-0.4399595037483346,0.13505117958179627,NSE
subsequent_2016_2020,AUDIOSK5 vs KnobenK5,hysets_02ZK001,RF_Signature_K5,731,-0.11975884231013989,-0.20051478399372868,0.14129701444356096,NSE
subsequent_2016_2020,AUDIOSK5 vs KnobenK5,hysets_02ZK001,Knoben_K5,731,0.014244343285947814,0.05320159445371986,0.13257308854553826,NSE
subsequent_2016_2020,AUDIOSK5 vs KnobenK5,hysets_02ZK004,RF_Signature_K5,731,-0.1465030961195899,-0.0397840988563527,0.16170069287191807,NSE
subsequent_2016_2020,AUDIOSK5 vs KnobenK5,hysets_02ZK004,Knoben_K5,731,0.09498060175464473,0.12960805637377348,0.14366573824719406,NSE
subsequent_2016_2020,AUDIOSK5 vs KnobenK5,hysets_03010655,RF_Signature_K5,1096,0.5430819062640777,0.7765681863180958,0.05640310417803612,NSE
subsequent_2016_2020,AUDIOSK5 vs KnobenK5,hysets_03010655,Knoben_K5,1096,0.6118513749396121,0.7766240924243307,0.05198557527022949,NSE
subsequent_2016_2020,AUDIOSK5 vs KnobenK5,hysets_03028000,RF_Signature_K5,1096,-0.18526568534616517,0.4450718450796294,0.07888410227338978,NSE
subsequent_2016_2020,AUDIOSK5 vs KnobenK5,hysets_03028000,Knoben_K5,1096,-0.6528715947249335,0.30259495200048525,0.0931539317575119,NSE
subsequent_2016_2020,AUDIOSK5 vs KnobenK5,hysets_03065000,RF_Signature_K5,1096,0.37751786376215435,0.5902251930625158,0.07255484532538083,NSE
subsequent_2016_2020,AUDIOSK5 vs KnobenK5,hysets_03065000,Knoben_K5,1096,0.6371800670686337,0.6843668658691194,0.055392190985891196,NSE
subsequent_2016_2020,AUDIOSK5 vs KnobenK5,hysets_03070500,RF_Signature_K5,1096,0.10318258636774391,0.5105287496277491,0.09323166186970144,NSE
subsequent_2016_2020,AUDIOSK5 vs KnobenK5,hysets_03070500,Knoben_K5,1096,0.13706997840614288,0.5182820174911896,0.09145326157298866,NSE
subsequent_2016_2020,AUDIOSK5 vs KnobenK5,hysets_03072000,RF_Signature_K5,1096,0.24314640510232388,0.5689639574373433,0.08661236219866512,NSE
subsequent_2016_2020,AUDIOSK5 vs KnobenK5,hysets_03072000,Knoben_K5,1096,0.08404914780940143,0.37760963720052954,0.09528181687349074,NSE
subsequent_2016_2020,AUDIOSK5 vs KnobenK5,hysets_03110000,RF_Signature_K5,1096,-0.03657919999044368,0.3574703955184789,0.06758444419825846,NSE
subsequent_2016_2020,AUDIOSK5 vs KnobenK5,hysets_03110000,Knoben_K5,1096,0.10088231686804527,0.3464438297129854,0.06294391780607486,NSE
subsequent_2016_2020,AUDIOSK5 vs KnobenK5,hysets_03151400,RF_Signature_K5,1096,0.5878369658232625,0.6362474763430325,0.05070102909572639,NSE
subsequent_2016_2020,AUDIOSK5 vs KnobenK5,hysets_03151400,Knoben_K5,1096,0.3765407844736749,0.28892821130656277,0.06235715313243979,NSE
subsequent_2016_2020,AUDIOSK5 vs KnobenK5,hysets_03159540,RF_Signature_K5,1096,0.26248926437442843,0.40816547562464844,0.07669413874207283,NSE
subsequent_2016_2020,AUDIOSK5 vs KnobenK5,hysets_03159540,Knoben_K5,1096,-0.0053039458909922566,0.280038530724664,0.08954198033123649,NSE
subsequent_2016_2020,AUDIOSK5 vs KnobenK5,hysets_03180500,RF_Signature_K5,1096,0.174989511475803,0.4292354358546623,0.07166482132438311,NSE
subsequent_2016_2020,AUDIOSK5 vs KnobenK5,hysets_03180500,Knoben_K5,1096,0.8745426195235546,0.9026966902180023,0.027946305039200096,NSE
subsequent_2016_2020,AUDIOSK5 vs KnobenK5,hysets_03182500,RF_Signature_K5,1096,0.6990313556740861,0.7825409762802868,0.04072141160737021,NSE
subsequent_2016_2020,AUDIOSK5 vs KnobenK5,hysets_03182500,Knoben_K5,1096,0.5508238292989599,0.6482369353582849,0.049747418886779415,NSE
subsequent_2016_2020,AUDIOSK5 vs KnobenK5,hysets_03186500,RF_Signature_K5,1096,0.46133521199662497,0.4668869379639592,0.04424170758359785,NSE
subsequent_2016_2020,AUDIOSK5 vs KnobenK5,hysets_03186500,Knoben_K5,1096,0.7270861063115817,0.520381200017749,0.031490924465296395,NSE
subsequent_2016_2020,AUDIOSK5 vs KnobenK5,hysets_03187500,RF_Signature_K5,1096,0.593922248144511,0.5778618185301069,0.048408078807590536,NSE
subsequent_2016_2020,AUDIOSK5 vs KnobenK5,hysets_03187500,Knoben_K5,1096,0.9307603735393358,0.9352652719147412,0.01998897878427592,NSE
subsequent_2016_2020,AUDIOSK5 vs KnobenK5,hysets_03189100,RF_Signature_K5,929,0.5107248208792527,0.5187954179349581,0.04595092324476853,NSE
subsequent_2016_2020,AUDIOSK5 vs KnobenK5,hysets_03189100,Knoben_K5,929,0.8942072059311909,0.8596669763361904,0.021367105434257995,NSE
subsequent_2016_2020,AUDIOSK5 vs KnobenK5,hysets_03194700,RF_Signature_K5,1096,0.5837314398244279,0.6320719758596303,0.06181123750337939,NSE
subsequent_2016_2020,AUDIOSK5 vs KnobenK5,hysets_03194700,Knoben_K5,1096,0.7564907159308758,0.6693039345985206,0.047275746480625186,NSE
subsequent_2016_2020,AUDIOSK5 vs KnobenK5,hysets_03202400,RF_Signature_K5,1096,0.49376601718110835,0.5571797059007694,0.04373426210306775,NSE
subsequent_2016_2020,AUDIOSK5 vs KnobenK5,hysets_03202400,Knoben_K5,1096,0.6277300658353901,0.8078971445890426,0.03750378816134462,NSE
subsequent_2016_2020,AUDIOSK5 vs KnobenK5,hysets_03202750,RF_Signature_K5,1096,0.39335191483423015,0.5771744628610012,0.07376611970420352,NSE
subsequent_2016_2020,AUDIOSK5 vs KnobenK5,hysets_03202750,Knoben_K5,1096,0.7098547663518309,0.6656059067037506,0.0510148065044446,NSE
subsequent_2016_2020,AUDIOSK5 vs KnobenK5,hysets_03207800,RF_Signature_K5,1096,0.5074572542699651,0.6979109947529634,0.03917749576159586,NSE
subsequent_2016_2020,AUDIOSK5 vs KnobenK5,hysets_03207800,Knoben_K5,1096,0.7742609216538736,0.6241442860979658,0.026522721347894025,NSE
subsequent_2016_2020,AUDIOSK5 vs KnobenK5,hysets_03208500,RF_Signature_K5,1096,0.0910281712270391,0.309108267417716,0.051870032304851606,NSE
subsequent_2016_2020,AUDIOSK5 vs KnobenK5,hysets_03208500,Knoben_K5,1096,0.5281274246732696,0.4162165747449159,0.037372631215316685,NSE
subsequent_2016_2020,AUDIOSK5 vs KnobenK5,hysets_03210000,RF_Signature_K5,1096,-0.15942294994868877,0.25637550033547085,0.09293199244058441,NSE
subsequent_2016_2020,AUDIOSK5 vs KnobenK5,hysets_03210000,Knoben_K5,1096,-0.3131654180289931,-0.1175838938813889,0.09890176012175408,NSE
subsequent_2016_2020,AUDIOSK5 vs KnobenK5,hysets_03217000,RF_Signature_K5,1096,0.23938516075027827,0.5254548287270675,0.06540382995607137,NSE
subsequent_2016_2020,AUDIOSK5 vs KnobenK5,hysets_03217000,Knoben_K5,1096,-0.07656591421920544,0.24619450031207246,0.07781101784290835,NSE
subsequent_2016_2020,AUDIOSK5 vs KnobenK5,hysets_03280700,RF_Signature_K5,1096,-0.2456475175627273,0.260218847809088,0.06285768160477825,NSE
subsequent_2016_2020,AUDIOSK5 vs KnobenK5,hysets_03280700,Knoben_K5,1096,0.1869457705237032,0.1885064724993335,0.05078325477678777,NSE
subsequent_2016_2020,AUDIOSK5 vs KnobenK5,hysets_03460000,RF_Signature_K5,1096,-2.072056326994957,-0.07372664268392226,0.13994189432842727,NSE
subsequent_2016_2020,AUDIOSK5 vs KnobenK5,hysets_03460000,Knoben_K5,1096,-1.0129643899098255,-0.649838222981687,0.11327946972129609,NSE
subsequent_2016_2020,AUDIOSK5 vs KnobenK5,hysets_03497300,RF_Signature_K5,1094,-0.19716073183347116,0.24944219984388682,0.084707398802393,NSE
subsequent_2016_2020,AUDIOSK5 vs KnobenK5,hysets_03497300,Knoben_K5,1094,0.3269534069186014,0.320590972046901,0.06351373887598295,NSE
subsequent_2016_2020,AUDIOSK5 vs KnobenK5,hysets_03512000,RF_Signature_K5,1096,0.5149080391910712,0.7138016732668346,0.054340586171766646,NSE
subsequent_2016_2020,AUDIOSK5 vs KnobenK5,hysets_03512000,Knoben_K5,1096,0.7728026744490598,0.6510642225876464,0.03718894751538742,NSE
subsequent_2016_2020,AUDIOSK5 vs KnobenK5,hysets_03574500,RF_Signature_K5,1096,0.09704378291239635,0.21714250142329616,0.08888212911573411,NSE
subsequent_2016_2020,AUDIOSK5 vs KnobenK5,hysets_03574500,Knoben_K5,1096,0.3829519803491984,0.4434005112912909,0.07347516743886683,NSE
subsequent_2016_2020,AUDIOSK5 vs KnobenK5,hysets_04015330,RF_Signature_K5,1096,-0.06829646790160782,-0.25132605388648344,0.09471563567503333,NSE
subsequent_2016_2020,AUDIOSK5 vs KnobenK5,hysets_04015330,Knoben_K5,1096,-0.4575256406450914,-0.12338712591964396,0.11063279485527917,NSE
subsequent_2016_2020,AUDIOSK5 vs KnobenK5,hysets_04024430,RF_Signature_K5,1096,-0.3262690942402715,-0.0657219661263988,0.06457792111811282,NSE
subsequent_2016_2020,AUDIOSK5 vs KnobenK5,hysets_04024430,Knoben_K5,1096,-3.3986993875212823,-1.0797353925550004,0.11760624311278323,NSE
subsequent_2016_2020,AUDIOSK5 vs KnobenK5,hysets_04025500,RF_Signature_K5,1096,-5.74807013059588,-0.6896873436824826,0.22417592294824482,NSE
subsequent_2016_2020,AUDIOSK5 vs KnobenK5,hysets_04025500,Knoben_K5,1096,-3.6740195479822306,-0.3135773427748083,0.18657112700094092,NSE
subsequent_2016_2020,AUDIOSK5 vs KnobenK5,hysets_04057510,RF_Signature_K5,1096,-0.6436327137981945,-0.296921300065333,0.21007694415607825,NSE
subsequent_2016_2020,AUDIOSK5 vs KnobenK5,hysets_04057510,Knoben_K5,1096,-4.245237076504117,-0.480580629580899,0.37528271711071065,NSE
subsequent_2016_2020,AUDIOSK5 vs KnobenK5,hysets_04063700,RF_Signature_K5,1096,-0.29714022956791664,-0.08986662579238391,0.19188512040053146,NSE
subsequent_2016_2020,AUDIOSK5 vs KnobenK5,hysets_04063700,Knoben_K5,1096,0.5452748267383216,0.510513464216686,0.11361151028632711,NSE
subsequent_2016_2020,AUDIOSK5 vs KnobenK5,hysets_04256000,RF_Signature_K5,1096,0.24749860303146654,0.6361946349588702,0.10053932756719441,NSE
subsequent_2016_2020,AUDIOSK5 vs KnobenK5,hysets_04256000,Knoben_K5,1096,-0.06308746879282978,0.512249532324488,0.11949970149318784,NSE
subsequent_2016_2020,AUDIOSK5 vs KnobenK5,hysets_04262500,RF_Signature_K5,1096,-0.3159850265083337,0.4412388140176249,0.13799129921852835,NSE
subsequent_2016_2020,AUDIOSK5 vs KnobenK5,hysets_04262500,Knoben_K5,1096,-0.6962923503838079,0.31352919126721335,0.15666665884115116,NSE
subsequent_2016_2020,AUDIOSK5 vs KnobenK5,hysets_04269000,RF_Signature_K5,1096,-0.21088320197537835,0.4398212925502133,0.1496038972564811,NSE
subsequent_2016_2020,AUDIOSK5 vs KnobenK5,hysets_04269000,Knoben_K5,1096,0.21051428566238162,0.5793473381450638,0.12079916101100203,NSE
subsequent_2016_2020,AUDIOSK5 vs KnobenK5,hysets_04296000,RF_Signature_K5,1096,0.06672494147977581,0.5483167073522006,0.13562123539096352,NSE
subsequent_2016_2020,AUDIOSK5 vs KnobenK5,hysets_04296000,Knoben_K5,1096,0.5971777059085852,0.5424634631715581,0.08910039216355725,NSE
subsequent_2016_2020,AUDIOSK5 vs KnobenK5,hysets_05AA008,RF_Signature_K5,1096,0.60091025328178,0.4639353639696455,0.10968353991097984,NSE
subsequent_2016_2020,AUDIOSK5 vs KnobenK5,hysets_05AA008,Knoben_K5,1096,0.4537698418105892,0.3176488357323566,0.12831989942173463,NSE
subsequent_2016_2020,AUDIOSK5 vs KnobenK5,hysets_05DC006,RF_Signature_K5,731,-1.2260034504179105,0.09283585253172433,0.2101683357459315,NSE
subsequent_2016_2020,AUDIOSK5 vs KnobenK5,hysets_05DC006,Knoben_K5,731,-9.316663241590403,-1.4989033479451601,0.4524535455854622,NSE
subsequent_2016_2020,AUDIOSK5 vs KnobenK5,hysets_05QE008,RF_Signature_K5,366,-4.302221269906802,0.026293554742000458,0.5931302355030429,NSE
subsequent_2016_2020,AUDIOSK5 vs KnobenK5,hysets_05QE008,Knoben_K5,366,-7.409870851398464,-0.9655229627719311,0.7469917454621807,NSE
subsequent_2016_2020,AUDIOSK5 vs KnobenK5,hysets_05QE009,RF_Signature_K5,731,-2.0713010693193197,-0.02489126645251627,0.30897062457763247,NSE
subsequent_2016_2020,AUDIOSK5 vs KnobenK5,hysets_05QE009,Knoben_K5,731,-0.08050602615993019,0.5024985344308668,0.18326080586403065,NSE
subsequent_2016_2020,AUDIOSK5 vs KnobenK5,hysets_05QE012,RF_Signature_K5,731,-1.321458062008757,-0.04207251050512184,0.3751397752481384,NSE
subsequent_2016_2020,AUDIOSK5 vs KnobenK5,hysets_05QE012,Knoben_K5,731,-4.100631429803329,-0.3266668505425421,0.5560638522295275,NSE
subsequent_2016_2020,AUDIOSK5 vs KnobenK5,hysets_05TG002,RF_Signature_K5,731,-0.014593024719831149,0.3500668353916587,0.17782894967670787,NSE
subsequent_2016_2020,AUDIOSK5 vs KnobenK5,hysets_05TG002,Knoben_K5,731,-1.353711366229898,-0.5726530715625209,0.2708526752698312,NSE
subsequent_2016_2020,AUDIOSK5 vs KnobenK5,hysets_05UF004,RF_Signature_K5,731,0.18645914040970213,-0.005775867391295764,0.17962234650217676,NSE
subsequent_2016_2020,AUDIOSK5 vs KnobenK5,hysets_05UF004,Knoben_K5,731,0.13275114427902124,0.03546451888500002,0.18545670877106818,NSE
subsequent_2016_2020,AUDIOSK5 vs KnobenK5,hysets_06019500,RF_Signature_K5,1096,-2.181721888174427,-0.4649812738676038,0.28501726207514966,NSE
subsequent_2016_2020,AUDIOSK5 vs KnobenK5,hysets_06019500,Knoben_K5,1096,-24.069909029174518,-3.463791810733225,0.8000487206342639,NSE
subsequent_2016_2020,AUDIOSK5 vs KnobenK5,hysets_06191000,RF_Signature_K5,1096,0.34151072268356386,0.6307201314777549,0.15328623139791503,NSE
subsequent_2016_2020,AUDIOSK5 vs KnobenK5,hysets_06191000,Knoben_K5,1096,0.7124157385984913,0.7405865855498273,0.10130044443179426,NSE
subsequent_2016_2020,AUDIOSK5 vs KnobenK5,hysets_06200000,RF_Signature_K5,1096,-1.5352451955498343,-0.16757701385175472,0.2722876726618145,NSE
subsequent_2016_2020,AUDIOSK5 vs KnobenK5,hysets_06200000,Knoben_K5,1096,0.4772709996209844,0.3340690983786002,0.12363923041030025,NSE
subsequent_2016_2020,AUDIOSK5 vs KnobenK5,hysets_06224000,RF_Signature_K5,1096,0.1872093729976393,0.12516513510712313,0.12452006036320197,NSE
subsequent_2016_2020,AUDIOSK5 vs KnobenK5,hysets_06224000,Knoben_K5,1096,0.4336184723252693,0.3901144170332903,0.10394521920689033,NSE
subsequent_2016_2020,AUDIOSK5 vs KnobenK5,hysets_06289000,RF_Signature_K5,1096,-0.3433196697832721,0.24911905272119894,0.1322355667015979,NSE
subsequent_2016_2020,AUDIOSK5 vs KnobenK5,hysets_06289000,Knoben_K5,1096,-0.24157998252384716,0.4614899665254095,0.12712938461790582,NSE
subsequent_2016_2020,AUDIOSK5 vs KnobenK5,hysets_06309200,RF_Signature_K5,1096,0.14237033841584867,0.016224319696570677,0.10402782147821078,NSE
subsequent_2016_2020,AUDIOSK5 vs KnobenK5,hysets_06309200,Knoben_K5,1096,0.25072614016193084,0.16553768460694385,0.09723439089481363,NSE
subsequent_2016_2020,AUDIOSK5 vs KnobenK5,hysets_06332515,RF_Signature_K5,1096,-318.5411885181988,-16.16140287698982,1.185420984545655,NSE
subsequent_2016_2020,AUDIOSK5 vs KnobenK5,hysets_06332515,Knoben_K5,1096,-5.5269163795209275,-5.541649758285338,0.16941942841440472,NSE
subsequent_2016_2020,AUDIOSK5 vs KnobenK5,hysets_06400875,RF_Signature_K5,1096,-4.709684161308757,-3.2165201259837,0.09332594992855682,NSE
subsequent_2016_2020,AUDIOSK5 vs KnobenK5,hysets_06400875,Knoben_K5,1096,-433.96295204079934,-126.71430844305975,0.8145589318993006,NSE
subsequent_2016_2020,AUDIOSK5 vs KnobenK5,hysets_06404000,RF_Signature_K5,1096,-2.042336593801097,-0.5569512577012063,0.08930696782614449,NSE
subsequent_2016_2020,AUDIOSK5 vs KnobenK5,hysets_06404000,Knoben_K5,1096,-6.053790836752744,-0.8702616171004962,0.13598562526245525,NSE
subsequent_2016_2020,AUDIOSK5 vs KnobenK5,hysets_06406000,RF_Signature_K5,1096,-12.21083673578171,-2.2268487329391284,0.20184016721769346,NSE
subsequent_2016_2020,AUDIOSK5 vs KnobenK5,hysets_06406000,Knoben_K5,1096,-199.3268023228239,-12.59119622479066,0.7859808484552829,NSE
subsequent_2016_2020,AUDIOSK5 vs KnobenK5,hysets_06409000,RF_Signature_K5,1096,-39.35948447279839,-3.1776643341309754,0.779150877272346,NSE
subsequent_2016_2020,AUDIOSK5 vs KnobenK5,hysets_06409000,Knoben_K5,1096,-23.693103922409236,-2.612953609707638,0.6094479225387831,NSE
subsequent_2016_2020,AUDIOSK5 vs KnobenK5,hysets_06422500,RF_Signature_K5,1096,-11.852330032172093,-2.140723498217155,0.29346880217617977,NSE
subsequent_2016_2020,AUDIOSK5 vs KnobenK5,hysets_06422500,Knoben_K5,1096,-0.6070605999958456,-0.26107166697964157,0.10377365941259027,NSE
subsequent_2016_2020,AUDIOSK5 vs KnobenK5,hysets_06623800,RF_Signature_K5,1096,0.5188517461407001,0.3764181385637718,0.10763781096841601,NSE
subsequent_2016_2020,AUDIOSK5 vs KnobenK5,hysets_06623800,Knoben_K5,1096,0.6640959275555133,0.3814209669135924,0.08993588953218688,NSE
subsequent_2016_2020,AUDIOSK5 vs KnobenK5,hysets_06712000,RF_Signature_K5,1096,-908.9691008235798,-28.22760347542877,3.2238042393021216,NSE
subsequent_2016_2020,AUDIOSK5 vs KnobenK5,hysets_06712000,Knoben_K5,1096,-165.34477091615315,-11.136008957039767,1.3783512864449272,NSE
subsequent_2016_2020,AUDIOSK5 vs KnobenK5,hysets_06719505,RF_Signature_K5,1096,-11.612117673042604,-3.096481169751292,0.5457033939284699,NSE
subsequent_2016_2020,AUDIOSK5 vs KnobenK5,hysets_06719505,Knoben_K5,1096,-2.0895485388697264,-0.7167456263720875,0.2700910287749992,NSE
subsequent_2016_2020,AUDIOSK5 vs KnobenK5,hysets_06876700,RF_Signature_K5,1096,-1.808931428144394,-0.07766309861367371,0.17344743793912792,NSE
subsequent_2016_2020,AUDIOSK5 vs KnobenK5,hysets_06876700,Knoben_K5,1096,-2.9119783061855116,-1.2210822890520805,0.20468948782821833,NSE
subsequent_2016_2020,AUDIOSK5 vs KnobenK5,hysets_06FD002,RF_Signature_K5,731,-0.08182989740696311,-0.4610594412431479,0.10013426048380762,NSE
subsequent_2016_2020,AUDIOSK5 vs KnobenK5,hysets_06FD002,Knoben_K5,731,-1.1267631070942228,-0.54004115145622,0.14039859576276004,NSE
subsequent_2016_2020,AUDIOSK5 vs KnobenK5,hysets_07060710,RF_Signature_K5,1095,-1.6585401351132885,-0.8341057324991794,0.0873972223981837,NSE
subsequent_2016_2020,AUDIOSK5 vs KnobenK5,hysets_07060710,Knoben_K5,1095,-1.1516522334283135,-0.3315687191927206,0.07862525358621103,NSE
subsequent_2016_2020,AUDIOSK5 vs KnobenK5,hysets_07124200,RF_Signature_K5,1096,-0.7489927887118555,-0.21532170835815156,0.09276526423362338,NSE
subsequent_2016_2020,AUDIOSK5 vs KnobenK5,hysets_07124200,Knoben_K5,1096,0.48717529879990995,0.4785531474575322,0.050231464980813656,NSE
subsequent_2016_2020,AUDIOSK5 vs KnobenK5,hysets_07203000,RF_Signature_K5,1096,-22.074963344411714,-5.662938621988622,0.32575104211199446,NSE
subsequent_2016_2020,AUDIOSK5 vs KnobenK5,hysets_07203000,Knoben_K5,1096,-41.98256656604579,-7.349946442691495,0.44459182835228167,NSE
subsequent_2016_2020,AUDIOSK5 vs KnobenK5,hysets_07207500,RF_Signature_K5,1096,-6.26177403818365,-4.927671155536957,0.17271723075163128,NSE
subsequent_2016_2020,AUDIOSK5 vs KnobenK5,hysets_07207500,Knoben_K5,1096,-2.8052064526859755,-3.374702418100245,0.12502688554472327,NSE
subsequent_2016_2020,AUDIOSK5 vs KnobenK5,hysets_07208500,RF_Signature_K5,1091,-0.10143883649820995,0.23074542465346393,0.09459273180165607,NSE
subsequent_2016_2020,AUDIOSK5 vs KnobenK5,hysets_07208500,Knoben_K5,1091,0.45779931159653964,0.3658152025139312,0.0663678283983074,NSE
subsequent_2016_2020,AUDIOSK5 vs KnobenK5,hysets_07291000,RF_Signature_K5,1093,-0.002377376325739533,0.0416032045000202,0.05765069713872765,NSE
subsequent_2016_2020,AUDIOSK5 vs KnobenK5,hysets_07291000,Knoben_K5,1093,-0.1564120496502317,-0.13721517713976916,0.061922037702095686,NSE
subsequent_2016_2020,AUDIOSK5 vs KnobenK5,hysets_07299670,RF_Signature_K5,1096,-16.046073584200506,-2.326196444439332,0.21291898527886893,NSE
subsequent_2016_2020,AUDIOSK5 vs KnobenK5,hysets_07299670,Knoben_K5,1096,-6.715458832166543,-1.6085068903961357,0.1432461925952555,NSE
subsequent_2016_2020,AUDIOSK5 vs KnobenK5,hysets_07315200,RF_Signature_K5,1096,0.18309870696485897,0.09097945944099273,0.05448683713780193,NSE
subsequent_2016_2020,AUDIOSK5 vs KnobenK5,hysets_07315200,Knoben_K5,1096,-0.7169499976548024,-2.926733693003949,0.07899245849045114,NSE
subsequent_2016_2020,AUDIOSK5 vs KnobenK5,hysets_07335700,RF_Signature_K5,1096,-0.3392246748840222,0.057155527636157166,0.07241033565545428,NSE
subsequent_2016_2020,AUDIOSK5 vs KnobenK5,hysets_07335700,Knoben_K5,1096,-0.7159038737581889,0.08240668520974992,0.08196346629305921,NSE
subsequent_2016_2020,AUDIOSK5 vs KnobenK5,hysets_07337900,RF_Signature_K5,1096,-0.26432607030790556,0.00588251978045129,0.06533820894778153,NSE
subsequent_2016_2020,AUDIOSK5 vs KnobenK5,hysets_07337900,Knoben_K5,1096,0.3711538764594474,0.22754520098937292,0.04607972439498314,NSE
subsequent_2016_2020,AUDIOSK5 vs KnobenK5,hysets_07340300,RF_Signature_K5,1096,-0.08571491691762168,-0.09297606688757298,0.0748687041528698,NSE
subsequent_2016_2020,AUDIOSK5 vs KnobenK5,hysets_07340300,Knoben_K5,1096,0.4244805535002921,0.22353456153674933,0.05450952722934668,NSE
subsequent_2016_2020,AUDIOSK5 vs KnobenK5,hysets_07352000,RF_Signature_K5,1096,0.49691401459888174,0.4757384790720268,0.02968373022277363,NSE
subsequent_2016_2020,AUDIOSK5 vs KnobenK5,hysets_07352000,Knoben_K5,1096,0.35182503285683475,0.41751466898506684,0.03369329570006135,NSE
subsequent_2016_2020,AUDIOSK5 vs KnobenK5,hysets_07361500,RF_Signature_K5,1089,-0.14578053580562855,0.012055136456940008,0.061930583144102984,NSE
subsequent_2016_2020,AUDIOSK5 vs KnobenK5,hysets_07361500,Knoben_K5,1089,0.5093620930426872,0.48020440838337797,0.04052611744957355,NSE
subsequent_2016_2020,AUDIOSK5 vs KnobenK5,hysets_07362100,RF_Signature_K5,1096,0.48977672691682594,0.49411631557633096,0.04503467162941839,NSE
subsequent_2016_2020,AUDIOSK5 vs KnobenK5,hysets_07362100,Knoben_K5,1096,0.45105584568605517,0.4954001047719213,0.04671226763831482,NSE
subsequent_2016_2020,AUDIOSK5 vs KnobenK5,hysets_07373000,RF_Signature_K5,1096,-0.1324864907465133,0.0261352026590691,0.07363772158360353,NSE
subsequent_2016_2020,AUDIOSK5 vs KnobenK5,hysets_07373000,Knoben_K5,1096,0.13156212214536356,0.499934333453384,0.06448418366148527,NSE
subsequent_2016_2020,AUDIOSK5 vs KnobenK5,hysets_07376000,RF_Signature_K5,1096,0.3344977952397463,0.2756284856421556,0.03952163070326225,NSE
subsequent_2016_2020,AUDIOSK5 vs KnobenK5,hysets_07376000,Knoben_K5,1096,0.42310790077985194,0.4066259451789054,0.036796575447285235,NSE
subsequent_2016_2020,AUDIOSK5 vs KnobenK5,hysets_07BJ001,RF_Signature_K5,366,-0.014886129735969034,-0.18818473130588997,0.17026780420811993,NSE
subsequent_2016_2020,AUDIOSK5 vs KnobenK5,hysets_07BJ001,Knoben_K5,366,-0.7279549052606902,-0.3428538872556184,0.2221723859452438,NSE
subsequent_2016_2020,AUDIOSK5 vs KnobenK5,hysets_07MA003,RF_Signature_K5,731,-10.282047607301617,-1.441589847095487,0.5048127480088902,NSE
subsequent_2016_2020,AUDIOSK5 vs KnobenK5,hysets_07MA003,Knoben_K5,731,-38.83230074407319,-3.1420610622318375,0.9485364965118956,NSE
subsequent_2016_2020,AUDIOSK5 vs KnobenK5,hysets_08013000,RF_Signature_K5,1096,0.061554219076198846,0.05534692054001622,0.06587963816460464,NSE
subsequent_2016_2020,AUDIOSK5 vs KnobenK5,hysets_08013000,Knoben_K5,1096,-0.09314670880450682,0.32986801171092506,0.07110265829962845,NSE
subsequent_2016_2020,AUDIOSK5 vs KnobenK5,hysets_08013500,RF_Signature_K5,1096,0.23889585194332352,0.23130021011251833,0.0747204660105103,NSE
subsequent_2016_2020,AUDIOSK5 vs KnobenK5,hysets_08013500,Knoben_K5,1096,0.047918565673427116,0.26826312186800183,0.08357080308409752,NSE
subsequent_2016_2020,AUDIOSK5 vs KnobenK5,hysets_08014500,RF_Signature_K5,1096,-0.11092289703789282,-0.12723700286717965,0.08046013300465177,NSE
subsequent_2016_2020,AUDIOSK5 vs KnobenK5,hysets_08014500,Knoben_K5,1096,-0.1089560655570132,-0.023468296690562163,0.08038887620137722,NSE
subsequent_2016_2020,AUDIOSK5 vs KnobenK5,hysets_08025500,RF_Signature_K5,1094,0.026095944820352157,-0.23982121343913287,0.040552033839540834,NSE
subsequent_2016_2020,AUDIOSK5 vs KnobenK5,hysets_08025500,Knoben_K5,1094,0.1985477982731324,0.04658326265224044,0.036786914818506114,NSE
subsequent_2016_2020,AUDIOSK5 vs KnobenK5,hysets_08029500,RF_Signature_K5,1096,-0.04984085037667607,-0.25195294538520296,0.03726498362118101,NSE
subsequent_2016_2020,AUDIOSK5 vs KnobenK5,hysets_08029500,Knoben_K5,1096,0.20697663922542298,0.3323520316045394,0.03238785537677893,NSE
subsequent_2016_2020,AUDIOSK5 vs KnobenK5,hysets_08065800,RF_Signature_K5,1096,0.1986155441841111,0.047490408916724625,0.06268553351360044,NSE
subsequent_2016_2020,AUDIOSK5 vs KnobenK5,hysets_08065800,Knoben_K5,1096,0.0496430812207479,0.2201378241824331,0.0682637653405585,NSE
subsequent_2016_2020,AUDIOSK5 vs KnobenK5,hysets_08066200,RF_Signature_K5,1096,0.2232078212870252,0.27070066547851157,0.05477093526051407,NSE
subsequent_2016_2020,AUDIOSK5 vs KnobenK5,hysets_08066200,Knoben_K5,1096,0.16544559671132464,0.511730345024936,0.05677080615538143,NSE
subsequent_2016_2020,AUDIOSK5 vs KnobenK5,hysets_08068720,RF_Signature_K5,1096,0.4472214839782819,0.19009512498244918,0.037240188757034526,NSE
subsequent_2016_2020,AUDIOSK5 vs KnobenK5,hysets_08068720,Knoben_K5,1096,0.44401190496028686,0.5503966737384572,0.03734814549550521,NSE
subsequent_2016_2020,AUDIOSK5 vs KnobenK5,hysets_08070000,RF_Signature_K5,1095,-0.020351849979134418,-0.3188030922172207,0.03780308780058861,NSE
subsequent_2016_2020,AUDIOSK5 vs KnobenK5,hysets_08070000,Knoben_K5,1095,-0.0014442155971687853,-0.24970473163494988,0.0374511948480387,NSE
subsequent_2016_2020,AUDIOSK5 vs KnobenK5,hysets_08082700,RF_Signature_K5,1096,-0.04033100193271144,-0.5906505655969918,0.07612542370220404,NSE
subsequent_2016_2020,AUDIOSK5 vs KnobenK5,hysets_08082700,Knoben_K5,1096,0.08722496918595535,-0.19051814148203183,0.07130595950398211,NSE
subsequent_2016_2020,AUDIOSK5 vs KnobenK5,hysets_08084800,RF_Signature_K5,1096,-0.10564798846676404,-0.5083958520529797,0.10351786098183342,NSE
subsequent_2016_2020,AUDIOSK5 vs KnobenK5,hysets_08084800,Knoben_K5,1096,-2.5050826385767677,-2.222229075185894,0.18431300518092433,NSE
subsequent_2016_2020,AUDIOSK5 vs KnobenK5,hysets_08086212,RF_Signature_K5,1096,-0.03424688937139919,-0.5818130517173283,0.05156652194342505,NSE
subsequent_2016_2020,AUDIOSK5 vs KnobenK5,hysets_08086212,Knoben_K5,1096,-0.2532811957751604,-0.05139049558958231,0.05676491478281891,NSE
subsequent_2016_2020,AUDIOSK5 vs KnobenK5,hysets_08150800,RF_Signature_K5,1096,-0.006173947285037729,-0.2734994448671484,0.030569788495652544,NSE
subsequent_2016_2020,AUDIOSK5 vs KnobenK5,hysets_08150800,Knoben_K5,1096,-1.4516616872381531,-7.184651167278913,0.04771843260763551,NSE
subsequent_2016_2020,AUDIOSK5 vs KnobenK5,hysets_08164300,RF_Signature_K5,1096,0.045754561799240756,-0.40542623120045485,0.03651115409678701,NSE
subsequent_2016_2020,AUDIOSK5 vs KnobenK5,hysets_08164300,Knoben_K5,1096,0.45238950993050087,0.08545361835419218,0.02765867646321164,NSE
subsequent_2016_2020,AUDIOSK5 vs KnobenK5,hysets_08165300,RF_Signature_K5,1096,-0.012264472911210467,-0.49375774806957495,0.032547882160654816,NSE
subsequent_2016_2020,AUDIOSK5 vs KnobenK5,hysets_08165300,Knoben_K5,1096,-3.066690416191773,-4.682178511079971,0.06523734735319175,NSE
subsequent_2016_2020,AUDIOSK5 vs KnobenK5,hysets_08165500,RF_Signature_K5,1096,-0.029666160874285197,-0.47994321719159294,0.03189425922749178,NSE
subsequent_2016_2020,AUDIOSK5 vs KnobenK5,hysets_08165500,Knoben_K5,1096,-0.852838318155577,-1.8764169329242693,0.04278416509651122,NSE
subsequent_2016_2020,AUDIOSK5 vs KnobenK5,hysets_08171000,RF_Signature_K5,1096,-3.1220840189047845,-0.36993722764747283,0.12661129358013468,NSE
subsequent_2016_2020,AUDIOSK5 vs KnobenK5,hysets_08171000,Knoben_K5,1096,-22.244296096556262,-3.3751195504573337,0.30065762721606326,NSE
subsequent_2016_2020,AUDIOSK5 vs KnobenK5,hysets_08175000,RF_Signature_K5,1096,-0.01133837043480157,-0.10319625664118925,0.0437833144787281,NSE
subsequent_2016_2020,AUDIOSK5 vs KnobenK5,hysets_08175000,Knoben_K5,1096,0.3132425008030877,0.06353539474170877,0.036079631916212745,NSE
subsequent_2016_2020,AUDIOSK5 vs KnobenK5,hysets_08178880,RF_Signature_K5,1096,0.42778966543788843,0.3877685978598546,0.03324799534500723,NSE
subsequent_2016_2020,AUDIOSK5 vs KnobenK5,hysets_08178880,Knoben_K5,1096,-1.7675041608451565,-1.0569119801154683,0.07311925498484831,NSE
subsequent_2016_2020,AUDIOSK5 vs KnobenK5,hysets_08194200,RF_Signature_K5,884,-0.105703972143248,-0.3053842096358683,0.04326489939504321,NSE
subsequent_2016_2020,AUDIOSK5 vs KnobenK5,hysets_08194200,Knoben_K5,884,-36.51955870031477,-34.42942480940357,0.25202587086872036,NSE
subsequent_2016_2020,AUDIOSK5 vs KnobenK5,hysets_08195000,RF_Signature_K5,1096,0.4157363970497062,0.38051810388848273,0.03903749390409311,NSE
subsequent_2016_2020,AUDIOSK5 vs KnobenK5,hysets_08195000,Knoben_K5,1096,-2.2972437459926693,-0.4044586188745598,0.09273699940166065,NSE
subsequent_2016_2020,AUDIOSK5 vs KnobenK5,hysets_08198000,RF_Signature_K5,1095,-0.47088519881438073,0.10281438587745817,0.0957485810318861,NSE
subsequent_2016_2020,AUDIOSK5 vs KnobenK5,hysets_08198000,Knoben_K5,1095,-12.200869163544604,-3.819149827281815,0.2868429768955468,NSE
subsequent_2016_2020,AUDIOSK5 vs KnobenK5,hysets_08198500,RF_Signature_K5,1096,-2.001829467753549,-0.033361906319657963,0.12850038799018768,NSE
subsequent_2016_2020,AUDIOSK5 vs KnobenK5,hysets_08198500,Knoben_K5,1096,-41.86303239251031,-13.567514494197535,0.48557115165070636,NSE
subsequent_2016_2020,AUDIOSK5 vs KnobenK5,hysets_08247500,RF_Signature_K5,1096,-3.08046257263641,-2.3345357778119262,0.26637629280965175,NSE
subsequent_2016_2020,AUDIOSK5 vs KnobenK5,hysets_08247500,Knoben_K5,1096,0.28695045560120436,-0.26636683764041247,0.11135269296071489,NSE
subsequent_2016_2020,AUDIOSK5 vs KnobenK5,hysets_08269000,RF_Signature_K5,1096,0.6464047611115733,0.6600250285891882,0.07740764985169478,NSE
subsequent_2016_2020,AUDIOSK5 vs KnobenK5,hysets_08269000,Knoben_K5,1096,0.5369697727598154,0.33122041202260644,0.08857993341445224,NSE
subsequent_2016_2020,AUDIOSK5 vs KnobenK5,hysets_08279000,RF_Signature_K5,1096,-0.31013723649228186,-0.14369884027802327,0.17339764877656408,NSE
subsequent_2016_2020,AUDIOSK5 vs KnobenK5,hysets_08279000,Knoben_K5,1096,-0.8229137201455725,-0.13601772914561439,0.2045351087249674,NSE
subsequent_2016_2020,AUDIOSK5 vs KnobenK5,hysets_08284100,RF_Signature_K5,1096,0.5222782766327934,0.2688765701132805,0.10116665005063735,NSE
subsequent_2016_2020,AUDIOSK5 vs KnobenK5,hysets_08284100,Knoben_K5,1096,0.5972741266579222,0.5589151069557554,0.09288693661084156,NSE
subsequent_2016_2020,AUDIOSK5 vs KnobenK5,hysets_08289000,RF_Signature_K5,1004,-2.7585085561625786,-1.6810517018065312,0.230423739822114,NSE
subsequent_2016_2020,AUDIOSK5 vs KnobenK5,hysets_08289000,Knoben_K5,1004,-1.261988882738108,-1.2327448909786392,0.1787576688520174,NSE
subsequent_2016_2020,AUDIOSK5 vs KnobenK5,hysets_08291000,RF_Signature_K5,1085,0.38527366417954545,0.5286500911469958,0.13998277148815952,NSE
subsequent_2016_2020,AUDIOSK5 vs KnobenK5,hysets_08291000,Knoben_K5,1085,0.016564244866470013,0.42372339445928897,0.17705438009393298,NSE
subsequent_2016_2020,AUDIOSK5 vs KnobenK5,hysets_08324000,RF_Signature_K5,1096,-3.7003991699058982,-0.9648041122429198,0.3884827288699756,NSE
subsequent_2016_2020,AUDIOSK5 vs KnobenK5,hysets_08324000,Knoben_K5,1096,0.4259307069062894,0.434110863603426,0.13576458732445945,NSE
subsequent_2016_2020,AUDIOSK5 vs KnobenK5,hysets_08334000,RF_Signature_K5,1050,-59.67318878050118,-16.03334353609151,0.786421614253331,NSE
subsequent_2016_2020,AUDIOSK5 vs KnobenK5,hysets_08334000,Knoben_K5,1050,-3810.2639314600697,-110.9821681354883,6.232919866152874,NSE
subsequent_2016_2020,AUDIOSK5 vs KnobenK5,hysets_08378500,RF_Signature_K5,1096,-0.2367946331588653,0.34994815306759586,0.20075471816627347,NSE
subsequent_2016_2020,AUDIOSK5 vs KnobenK5,hysets_08378500,Knoben_K5,1096,-0.3398108744898176,-0.18142277450716415,0.2089482384253776,NSE
subsequent_2016_2020,AUDIOSK5 vs KnobenK5,hysets_08401200,RF_Signature_K5,1096,-543.0191592911267,-62.04704931022378,0.739461536931811,NSE
subsequent_2016_2020,AUDIOSK5 vs KnobenK5,hysets_08401200,Knoben_K5,1096,-37803.486667865494,-2636.816856698331,6.164248870826211,NSE
subsequent_2016_2020,AUDIOSK5 vs KnobenK5,hysets_08401900,RF_Signature_K5,1096,-60.64365863882347,-36.770293778521655,0.2948308978129572,NSE
subsequent_2016_2020,AUDIOSK5 vs KnobenK5,hysets_08401900,Knoben_K5,1096,-2685.8248813706036,-425.2918119844303,1.9464733960700975,NSE
subsequent_2016_2020,AUDIOSK5 vs KnobenK5,hysets_08405150,RF_Signature_K5,1096,-255.36956347498017,-95.34322373893235,0.4883599876657495,NSE
subsequent_2016_2020,AUDIOSK5 vs KnobenK5,hysets_08405150,Knoben_K5,1096,-9018.685399808468,-1029.3870248176763,2.8966934486169333,NSE
subsequent_2016_2020,AUDIOSK5 vs KnobenK5,hysets_08405500,RF_Signature_K5,1095,-154.07063214043492,-10.428313250852305,0.44099271027172426,NSE
subsequent_2016_2020,AUDIOSK5 vs KnobenK5,hysets_08405500,Knoben_K5,1095,-186946.04514990412,-429.5457022657394,15.311788953153531,NSE
subsequent_2016_2020,AUDIOSK5 vs KnobenK5,hysets_08AA008,RF_Signature_K5,731,-3.348623582767396,-0.3986206975376274,0.46880525666399114,NSE
subsequent_2016_2020,AUDIOSK5 vs KnobenK5,hysets_08AA008,Knoben_K5,731,-74.51964980558847,-6.588051310152416,1.9536490390728036,NSE
subsequent_2016_2020,AUDIOSK5 vs KnobenK5,hysets_08AA009,RF_Signature_K5,731,0.30786936726351366,0.36446635505536396,0.14498207588420195,NSE
subsequent_2016_2020,AUDIOSK5 vs KnobenK5,hysets_08AA009,Knoben_K5,731,-242.716120989987,-14.95645618617236,2.720585674629118,NSE
subsequent_2016_2020,AUDIOSK5 vs KnobenK5,hysets_08AC001,RF_Signature_K5,731,-3.078504294618753,-0.6046822845713069,0.2747008061953901,NSE
subsequent_2016_2020,AUDIOSK5 vs KnobenK5,hysets_08AC001,Knoben_K5,731,-14.11692191411617,-2.6935833771829665,0.5288605312161423,NSE
subsequent_2016_2020,AUDIOSK5 vs KnobenK5,hysets_08EB004,RF_Signature_K5,731,-1.5286658844357661,-0.07571232195009792,0.2269723989004373,NSE
subsequent_2016_2020,AUDIOSK5 vs KnobenK5,hysets_08EB004,Knoben_K5,731,-4.511563423879858,-0.5527991613264356,0.3350925156002465,NSE
subsequent_2016_2020,AUDIOSK5 vs KnobenK5,hysets_08ED001,RF_Signature_K5,1096,0.5563082994097803,0.6555337570381007,0.06403635237219521,NSE
subsequent_2016_2020,AUDIOSK5 vs KnobenK5,hysets_08ED001,Knoben_K5,1096,0.6046598550771893,0.6326739668915425,0.060446532362382836,NSE
subsequent_2016_2020,AUDIOSK5 vs KnobenK5,hysets_08EE008,RF_Signature_K5,656,-0.13553278000684843,0.28690257011948106,0.14735545223400656,NSE
subsequent_2016_2020,AUDIOSK5 vs KnobenK5,hysets_08EE008,Knoben_K5,656,-1.7095596692661816,-0.3830148018200543,0.22762278434191857,NSE
subsequent_2016_2020,AUDIOSK5 vs KnobenK5,hysets_08EE013,RF_Signature_K5,365,-9.337196322997494,-2.3205745266443283,0.5535202947575454,NSE
subsequent_2016_2020,AUDIOSK5 vs KnobenK5,hysets_08EE013,Knoben_K5,365,-1.3646578659599533,-0.6844126463036408,0.26473802413298825,NSE
subsequent_2016_2020,AUDIOSK5 vs KnobenK5,hysets_08EE020,RF_Signature_K5,731,0.5779829882015428,0.6000680329049324,0.06747803324261989,NSE
subsequent_2016_2020,AUDIOSK5 vs KnobenK5,hysets_08EE020,Knoben_K5,731,-0.7592442629030172,0.09700494327575904,0.1377718558449425,NSE
subsequent_2016_2020,AUDIOSK5 vs KnobenK5,hysets_08EG012,RF_Signature_K5,731,0.36241657084072443,0.3212310023073415,0.06903010449100538,NSE
subsequent_2016_2020,AUDIOSK5 vs KnobenK5,hysets_08EG012,Knoben_K5,731,0.11045004428743954,0.07763310244985566,0.08153708692993597,NSE
subsequent_2016_2020,AUDIOSK5 vs KnobenK5,hysets_08FE003,RF_Signature_K5,731,-0.11974867910052822,0.23801950652896697,0.059693976045068584,NSE
subsequent_2016_2020,AUDIOSK5 vs KnobenK5,hysets_08FE003,Knoben_K5,731,0.3822733360485834,0.3438715106129677,0.0443372141505943,NSE
subsequent_2016_2020,AUDIOSK5 vs KnobenK5,hysets_08FF001,RF_Signature_K5,731,-1.2458084684946091,0.06579199888330256,0.10847906270340811,NSE
subsequent_2016_2020,AUDIOSK5 vs KnobenK5,hysets_08FF001,Knoben_K5,731,-0.3067687272760333,-0.18120651527858933,0.08274827190771968,NSE
subsequent_2016_2020,AUDIOSK5 vs KnobenK5,hysets_08FF002,RF_Signature_K5,366,-1.781765271909757,-0.20674271627880314,0.1458892533748253,NSE
subsequent_2016_2020,AUDIOSK5 vs KnobenK5,hysets_08FF002,Knoben_K5,366,0.48021429016888506,0.4800083037444731,0.0630630874161208,NSE
subsequent_2016_2020,AUDIOSK5 vs KnobenK5,hysets_08FF003,RF_Signature_K5,731,-0.4055419152160278,-0.019237445653061958,0.10001217896221315,NSE
subsequent_2016_2020,AUDIOSK5 vs KnobenK5,hysets_08FF003,Knoben_K5,731,-0.27228471357962913,-0.27653461751799857,0.09515314414124391,NSE
subsequent_2016_2020,AUDIOSK5 vs KnobenK5,hysets_08GA071,RF_Signature_K5,731,0.11439307038118529,0.23830209211217845,0.09321627660054557,NSE
subsequent_2016_2020,AUDIOSK5 vs KnobenK5,hysets_08GA071,Knoben_K5,731,-0.004839133106743443,0.11626274241815271,0.09929320260361035,NSE
subsequent_2016_2020,AUDIOSK5 vs KnobenK5,hysets_08HA001,RF_Signature_K5,1096,0.49860679921533924,0.47406631047092096,0.07080819407424076,NSE
subsequent_2016_2020,AUDIOSK5 vs KnobenK5,hysets_08HA001,Knoben_K5,1096,0.5090673892567394,0.5253498447318341,0.07006566344840952,NSE
subsequent_2016_2020,AUDIOSK5 vs KnobenK5,hysets_08HA010,RF_Signature_K5,1096,0.2934303302558865,0.38813672821174494,0.0898284737190493,NSE
subsequent_2016_2020,AUDIOSK5 vs KnobenK5,hysets_08HA010,Knoben_K5,1096,0.3898917511743507,0.22215619876849146,0.08347183743116346,NSE
subsequent_2016_2020,AUDIOSK5 vs KnobenK5,hysets_08HB014,RF_Signature_K5,1096,0.0675835532574699,-0.07179210437427352,0.11172652144643233,NSE
subsequent_2016_2020,AUDIOSK5 vs KnobenK5,hysets_08HB014,Knoben_K5,1096,0.5863284818892249,0.47322635248990486,0.07441819375160405,NSE
subsequent_2016_2020,AUDIOSK5 vs KnobenK5,hysets_08HB074,RF_Signature_K5,1096,0.3035790701284736,0.4487278102212813,0.07523630237303273,NSE
subsequent_2016_2020,AUDIOSK5 vs KnobenK5,hysets_08HB074,Knoben_K5,1096,-0.547288790594465,-0.5351628658572247,0.11214430543716945,NSE
subsequent_2016_2020,AUDIOSK5 vs KnobenK5,hysets_08HD011,RF_Signature_K5,731,0.2773356585757526,0.2905993976502931,0.08530794730538085,NSE
subsequent_2016_2020,AUDIOSK5 vs KnobenK5,hysets_08HD011,Knoben_K5,731,0.5106736182967075,0.44186923703414804,0.0701973139813127,NSE
subsequent_2016_2020,AUDIOSK5 vs KnobenK5,hysets_08HD015,RF_Signature_K5,731,0.1630054055020429,0.2692013617063007,0.09479068077957854,NSE
subsequent_2016_2020,AUDIOSK5 vs KnobenK5,hysets_08HD015,Knoben_K5,731,0.6766029191987182,0.6962599792805736,0.05892130585473636,NSE
subsequent_2016_2020,AUDIOSK5 vs KnobenK5,hysets_08HF004,RF_Signature_K5,731,0.33349773625580925,0.3209394638421128,0.052000903610351035,NSE
subsequent_2016_2020,AUDIOSK5 vs KnobenK5,hysets_08HF004,Knoben_K5,731,0.3678986313368823,0.16044370649307227,0.050641136224817626,NSE
subsequent_2016_2020,AUDIOSK5 vs KnobenK5,hysets_08JD006,RF_Signature_K5,1096,-0.00393746387441718,0.1735327704759364,0.11092399117146443,NSE
subsequent_2016_2020,AUDIOSK5 vs KnobenK5,hysets_08JD006,Knoben_K5,1096,-2.278931533032116,-1.3761717442426389,0.20046489516506832,NSE
subsequent_2016_2020,AUDIOSK5 vs KnobenK5,hysets_08KA007,RF_Signature_K5,366,0.23924473375187305,0.6325116670343645,0.17976833443353715,NSE
subsequent_2016_2020,AUDIOSK5 vs KnobenK5,hysets_08KA007,Knoben_K5,366,0.2688594260698315,0.35206480192005707,0.1762345904610483,NSE
subsequent_2016_2020,AUDIOSK5 vs KnobenK5,hysets_08KH010,RF_Signature_K5,366,-0.48282088579109983,0.37904307358902034,0.24721092590775745,NSE
subsequent_2016_2020,AUDIOSK5 vs KnobenK5,hysets_08KH010,Knoben_K5,366,0.6217696966683932,0.5672165467079255,0.1248537165082003,NSE
subsequent_2016_2020,AUDIOSK5 vs KnobenK5,hysets_08KH019,RF_Signature_K5,1004,-4.910324938572155,-0.9734364876389334,0.3945840117763223,NSE
subsequent_2016_2020,AUDIOSK5 vs KnobenK5,hysets_08KH019,Knoben_K5,1004,-4.83031328147064,-1.4878460999885683,0.39190404913162163,NSE
subsequent_2016_2020,AUDIOSK5 vs KnobenK5,hysets_08LB038,RF_Signature_K5,366,0.4474926832251198,0.4496323522764005,0.16537553909608613,NSE
subsequent_2016_2020,AUDIOSK5 vs KnobenK5,hysets_08LB038,Knoben_K5,366,0.4035545760764153,0.2700916516385361,0.17182549809561257,NSE
subsequent_2016_2020,AUDIOSK5 vs KnobenK5,hysets_08LB069,RF_Signature_K5,366,-0.08604077885491179,-0.14176536644402105,0.21653199948066099,NSE
subsequent_2016_2020,AUDIOSK5 vs KnobenK5,hysets_08LB069,Knoben_K5,366,0.7898578568775243,0.6210488567284498,0.09524794150853363,NSE
subsequent_2016_2020,AUDIOSK5 vs KnobenK5,hysets_08LB076,RF_Signature_K5,366,-0.12623797668670922,-0.17873866774303537,0.1967328797441259,NSE
subsequent_2016_2020,AUDIOSK5 vs KnobenK5,hysets_08LB076,Knoben_K5,366,0.7382800465739086,0.5459729100136805,0.09483754048850551,NSE
subsequent_2016_2020,AUDIOSK5 vs KnobenK5,hysets_08MA003,RF_Signature_K5,366,-0.24956914377971828,0.4379126877932489,0.36250858856930035,NSE
subsequent_2016_2020,AUDIOSK5 vs KnobenK5,hysets_08MA003,Knoben_K5,366,-0.7294859846100867,-0.05627519369382239,0.4264780439384563,NSE
subsequent_2016_2020,AUDIOSK5 vs KnobenK5,hysets_08ME025,RF_Signature_K5,1096,-8.206276985330236,-1.131863901205537,0.5061685418807046,NSE
subsequent_2016_2020,AUDIOSK5 vs KnobenK5,hysets_08ME025,Knoben_K5,1096,-11.716593187471279,-1.7718503087865258,0.5948925373685188,NSE
subsequent_2016_2020,AUDIOSK5 vs KnobenK5,hysets_08MH016,RF_Signature_K5,731,0.447667811309152,0.7251963306752514,0.11283024960751928,NSE
subsequent_2016_2020,AUDIOSK5 vs KnobenK5,hysets_08MH016,Knoben_K5,731,0.22845677277737564,0.48587431283575977,0.13335383316633256,NSE
subsequent_2016_2020,AUDIOSK5 vs KnobenK5,hysets_08MH056,RF_Signature_K5,731,0.5706765007499397,0.628155099569369,0.060315409844402534,NSE
subsequent_2016_2020,AUDIOSK5 vs KnobenK5,hysets_08MH056,Knoben_K5,731,0.5436984966475793,0.4039684055721964,0.06218160144117386,NSE
subsequent_2016_2020,AUDIOSK5 vs KnobenK5,hysets_08MH103,RF_Signature_K5,731,-0.20138905181320133,0.21364468844003903,0.13891173477600963,NSE
subsequent_2016_2020,AUDIOSK5 vs KnobenK5,hysets_08MH103,Knoben_K5,731,0.6916386894853429,0.8107506957724515,0.07037639902442991,NSE
subsequent_2016_2020,AUDIOSK5 vs KnobenK5,hysets_08MH147,RF_Signature_K5,366,0.07883378833891141,0.13595950363421117,0.10935761227752315,NSE
subsequent_2016_2020,AUDIOSK5 vs KnobenK5,hysets_08MH147,Knoben_K5,366,-0.4101291011780708,-0.11243575596356004,0.13530363274832236,NSE
subsequent_2016_2020,AUDIOSK5 vs KnobenK5,hysets_08NA006,RF_Signature_K5,731,0.07763188399219201,0.5588710693983507,0.1649499209565243,NSE
subsequent_2016_2020,AUDIOSK5 vs KnobenK5,hysets_08NA006,Knoben_K5,731,0.6048535870748462,0.657416118333666,0.1079640064965983,NSE
subsequent_2016_2020,AUDIOSK5 vs KnobenK5,hysets_08NB012,RF_Signature_K5,731,0.6996750707790346,0.8413998418674233,0.08612344494517098,NSE
subsequent_2016_2020,AUDIOSK5 vs KnobenK5,hysets_08NB012,Knoben_K5,731,-0.8890598732640764,-0.00504918901299245,0.21599741970185496,NSE
subsequent_2016_2020,AUDIOSK5 vs KnobenK5,hysets_08NB014,RF_Signature_K5,731,0.7716482958171282,0.7280966516683149,0.09232523526076754,NSE
subsequent_2016_2020,AUDIOSK5 vs KnobenK5,hysets_08NB014,Knoben_K5,731,-0.36790217865130637,0.20508714457572885,0.22596741376489313,NSE
subsequent_2016_2020,AUDIOSK5 vs KnobenK5,hysets_08ND012,RF_Signature_K5,731,0.8830445396180089,0.8672071780596768,0.06275137357519436,NSE
subsequent_2016_2020,AUDIOSK5 vs KnobenK5,hysets_08ND012,Knoben_K5,731,0.16836617185645197,0.480539799863526,0.16733202182176782,NSE
subsequent_2016_2020,AUDIOSK5 vs KnobenK5,hysets_08ND013,RF_Signature_K5,731,0.5732790055100572,0.528642574461148,0.10213279798190218,NSE
subsequent_2016_2020,AUDIOSK5 vs KnobenK5,hysets_08ND013,Knoben_K5,731,-0.49802248921501446,0.23016769042009622,0.19136054148045065,NSE
subsequent_2016_2020,AUDIOSK5 vs KnobenK5,hysets_08NE039,RF_Signature_K5,731,0.4548727986263835,0.5451069132416485,0.09019930047717112,NSE
subsequent_2016_2020,AUDIOSK5 vs KnobenK5,hysets_08NE039,Knoben_K5,731,0.6346211170511848,0.7099544824972621,0.073845828030941,NSE
subsequent_2016_2020,AUDIOSK5 vs KnobenK5,hysets_08NE074,RF_Signature_K5,731,-0.274185140356235,-0.12900651465005009,0.19046939164798982,NSE
subsequent_2016_2020,AUDIOSK5 vs KnobenK5,hysets_08NE074,Knoben_K5,731,0.9068236305025292,0.840874038914156,0.051506473857779046,NSE
subsequent_2016_2020,AUDIOSK5 vs KnobenK5,hysets_08NF001,RF_Signature_K5,731,-0.5805842352957076,0.12247242389063862,0.21450723774861657,NSE
subsequent_2016_2020,AUDIOSK5 vs KnobenK5,hysets_08NF001,Knoben_K5,731,-5.36237738088432,-2.00548216050559,0.4303708423353818,NSE
subsequent_2016_2020,AUDIOSK5 vs KnobenK5,hysets_08NG076,RF_Signature_K5,731,0.35183409854339365,0.5544861070943787,0.10970771501779603,NSE
subsequent_2016_2020,AUDIOSK5 vs KnobenK5,hysets_08NG076,Knoben_K5,731,-2.7948725601405005,-0.6296070452186922,0.26545608048610536,NSE
subsequent_2016_2020,AUDIOSK5 vs KnobenK5,hysets_08NG077,RF_Signature_K5,731,0.5855348974054186,0.3447465857032451,0.10459433707910275,NSE
subsequent_2016_2020,AUDIOSK5 vs KnobenK5,hysets_08NG077,Knoben_K5,731,0.5287517358281558,0.3446954643316146,0.11152932371257085,NSE
subsequent_2016_2020,AUDIOSK5 vs KnobenK5,hysets_08NH005,RF_Signature_K5,731,0.49163688771188774,0.484859134975434,0.12462908749861656,NSE
subsequent_2016_2020,AUDIOSK5 vs KnobenK5,hysets_08NH005,Knoben_K5,731,0.6365296185214018,0.3657697042703517,0.10538211576977918,NSE
subsequent_2016_2020,AUDIOSK5 vs KnobenK5,hysets_08NH006,RF_Signature_K5,731,0.22893651825453354,0.37000628248842093,0.13989061754921484,NSE
subsequent_2016_2020,AUDIOSK5 vs KnobenK5,hysets_08NH006,Knoben_K5,731,-0.10881681051803604,0.348132214394935,0.16775420710332725,NSE
subsequent_2016_2020,AUDIOSK5 vs KnobenK5,hysets_08NH120,RF_Signature_K5,366,0.03094723857560777,-0.06383310174892864,0.2180387585959658,NSE
subsequent_2016_2020,AUDIOSK5 vs KnobenK5,hysets_08NH120,Knoben_K5,366,0.213472648236954,0.10974518306366243,0.19643411020501067,NSE
subsequent_2016_2020,AUDIOSK5 vs KnobenK5,hysets_08NH130,RF_Signature_K5,665,0.40145762894174153,0.2932284938266059,0.1403380265626083,NSE
subsequent_2016_2020,AUDIOSK5 vs KnobenK5,hysets_08NH130,Knoben_K5,665,0.24137631791543968,0.2978459380843258,0.15799418876695828,NSE
subsequent_2016_2020,AUDIOSK5 vs KnobenK5,hysets_08NJ160,RF_Signature_K5,731,0.7133234947710949,0.668987372916962,0.07956797418684709,NSE
subsequent_2016_2020,AUDIOSK5 vs KnobenK5,hysets_08NJ160,Knoben_K5,731,0.6142873113784144,0.6208940151995395,0.09229415823432363,NSE
subsequent_2016_2020,AUDIOSK5 vs KnobenK5,hysets_08NK016,RF_Signature_K5,731,-0.49114871548045613,0.3042971717969577,0.20566311442338528,NSE
subsequent_2016_2020,AUDIOSK5 vs KnobenK5,hysets_08NK016,Knoben_K5,731,-3.4759113112033067,-0.4099064765851961,0.35631710001311273,NSE
subsequent_2016_2020,AUDIOSK5 vs KnobenK5,hysets_08NK018,RF_Signature_K5,731,-0.14563145288087154,0.4195490365507435,0.18444538152631745,NSE
subsequent_2016_2020,AUDIOSK5 vs KnobenK5,hysets_08NK018,Knoben_K5,731,-6.1211948082643195,-1.0047061059772227,0.4598558906481411,NSE
subsequent_2016_2020,AUDIOSK5 vs KnobenK5,hysets_08NK022,RF_Signature_K5,731,0.6371625445369102,0.810746931184275,0.10814075920745439,NSE
subsequent_2016_2020,AUDIOSK5 vs KnobenK5,hysets_08NK022,Knoben_K5,731,-4.473355787625352,-0.6292452968486741,0.42001054852299735,NSE
subsequent_2016_2020,AUDIOSK5 vs KnobenK5,hysets_08NL004,RF_Signature_K5,731,-3.4332576415467315,-0.910117130520913,0.2786512545944999,NSE
subsequent_2016_2020,AUDIOSK5 vs KnobenK5,hysets_08NL004,Knoben_K5,731,0.7238094550572916,0.6406736409506371,0.06955108678837954,NSE
subsequent_2016_2020,AUDIOSK5 vs KnobenK5,hysets_08NL024,RF_Signature_K5,366,0.05972906628738339,0.25854770016657314,0.15699829832024523,NSE
subsequent_2016_2020,AUDIOSK5 vs KnobenK5,hysets_08NL024,Knoben_K5,366,0.5938785802474902,0.5395618928517936,0.10318020526286718,NSE
subsequent_2016_2020,AUDIOSK5 vs KnobenK5,hysets_08NL050,RF_Signature_K5,366,-2.7819513355787713,-0.43551304668725455,0.28391286799554394,NSE
subsequent_2016_2020,AUDIOSK5 vs KnobenK5,hysets_08NL050,Knoben_K5,366,0.6249815886715562,0.532972987152037,0.08940326995571425,NSE
subsequent_2016_2020,AUDIOSK5 vs KnobenK5,hysets_08NL071,RF_Signature_K5,366,0.3707039610719516,0.48351946322160655,0.12522255466994667,NSE
subsequent_2016_2020,AUDIOSK5 vs KnobenK5,hysets_08NL071,Knoben_K5,366,0.6078068421105475,0.4609646431767339,0.09885646282332738,NSE
subsequent_2016_2020,AUDIOSK5 vs KnobenK5,hysets_08NN019,RF_Signature_K5,366,0.28497603545928085,0.40531633296575864,0.1438279131088562,NSE
subsequent_2016_2020,AUDIOSK5 vs KnobenK5,hysets_08NN019,Knoben_K5,366,-1.2729130066773697,-1.1877246829520276,0.2564332207909601,NSE
subsequent_2016_2020,AUDIOSK5 vs KnobenK5,hysets_08OA002,RF_Signature_K5,731,0.009564911849960112,0.17500880895685866,0.09748566215725686,NSE
subsequent_2016_2020,AUDIOSK5 vs KnobenK5,hysets_08OA002,Knoben_K5,731,-0.5255792518558504,-0.23158059701675948,0.12098878734259713,NSE
subsequent_2016_2020,AUDIOSK5 vs KnobenK5,hysets_09059500,RF_Signature_K5,1096,0.43194958010481255,0.4551883256673418,0.1298330885728412,NSE
subsequent_2016_2020,AUDIOSK5 vs KnobenK5,hysets_09059500,Knoben_K5,1096,0.5667220157522896,0.3940457592277422,0.1133901310049973,NSE
subsequent_2016_2020,AUDIOSK5 vs KnobenK5,hysets_09165000,RF_Signature_K5,1096,0.5777747568016405,0.5952368308947524,0.11026060335625347,NSE
subsequent_2016_2020,AUDIOSK5 vs KnobenK5,hysets_09165000,Knoben_K5,1096,0.6285488357523423,0.3447750341728607,0.10341871311319817,NSE
subsequent_2016_2020,AUDIOSK5 vs KnobenK5,hysets_09196500,RF_Signature_K5,1004,-0.11042710289139768,-0.167325798644812,0.17922472213814866,NSE
subsequent_2016_2020,AUDIOSK5 vs KnobenK5,hysets_09196500,Knoben_K5,1004,0.46121539543327583,0.3985584578265611,0.12484193109358226,NSE
subsequent_2016_2020,AUDIOSK5 vs KnobenK5,hysets_09223000,RF_Signature_K5,1096,0.41305573239010795,0.26989632018092313,0.1292399072366606,NSE
subsequent_2016_2020,AUDIOSK5 vs KnobenK5,hysets_09223000,Knoben_K5,1096,0.47384875982447394,0.4834532965764441,0.1223639545685364,NSE
subsequent_2016_2020,AUDIOSK5 vs KnobenK5,hysets_09253000,RF_Signature_K5,1096,0.6129064389257326,0.5635894075787276,0.11305543812788046,NSE
subsequent_2016_2020,AUDIOSK5 vs KnobenK5,hysets_09253000,Knoben_K5,1096,0.3999709785015009,0.26690714715136155,0.14075687355994046,NSE
subsequent_2016_2020,AUDIOSK5 vs KnobenK5,hysets_09255000,RF_Signature_K5,1050,0.4331737498363989,0.544069585901138,0.09400505903266185,NSE
subsequent_2016_2020,AUDIOSK5 vs KnobenK5,hysets_09255000,Knoben_K5,1050,-0.7525594498274164,-0.5001166291235848,0.1652961082655444,NSE
subsequent_2016_2020,AUDIOSK5 vs KnobenK5,hysets_09266500,RF_Signature_K5,1096,0.45156743216145134,0.395840742310395,0.12087521757634889,NSE
subsequent_2016_2020,AUDIOSK5 vs KnobenK5,hysets_09266500,Knoben_K5,1096,0.6388410590429201,0.44831033577665813,0.09809002288304255,NSE
subsequent_2016_2020,AUDIOSK5 vs KnobenK5,hysets_09289500,RF_Signature_K5,1096,0.366899943640718,0.32869822826289585,0.12730490934973154,NSE
subsequent_2016_2020,AUDIOSK5 vs KnobenK5,hysets_09289500,Knoben_K5,1096,0.87245524343546,0.7615273194516543,0.057140005849404346,NSE
subsequent_2016_2020,AUDIOSK5 vs KnobenK5,hysets_09292500,RF_Signature_K5,1096,0.3613933921258784,0.49860419245090004,0.12207440449646084,NSE
subsequent_2016_2020,AUDIOSK5 vs KnobenK5,hysets_09292500,Knoben_K5,1096,0.4972097967616047,0.4759206968398717,0.10831816992948927,NSE
subsequent_2016_2020,AUDIOSK5 vs KnobenK5,hysets_09299500,RF_Signature_K5,1096,0.07978134723276387,0.3762640215198477,0.13116486240093714,NSE
subsequent_2016_2020,AUDIOSK5 vs KnobenK5,hysets_09299500,Knoben_K5,1096,0.6090963964896638,0.4882553827936501,0.0854883291343505,NSE
subsequent_2016_2020,AUDIOSK5 vs KnobenK5,hysets_09304200,RF_Signature_K5,1096,-4.145373617362532,-0.7229552894512286,0.4152801901517764,NSE
subsequent_2016_2020,AUDIOSK5 vs KnobenK5,hysets_09304200,Knoben_K5,1096,-3.129060299618441,-0.8889849730607393,0.37201321679591387,NSE
subsequent_2016_2020,AUDIOSK5 vs KnobenK5,hysets_09304500,RF_Signature_K5,1096,-1.602780040488407,-0.09688842339556403,0.2885566316729877,NSE
subsequent_2016_2020,AUDIOSK5 vs KnobenK5,hysets_09304500,Knoben_K5,1096,-4.386874814907444,-1.2200487416150483,0.41512679600533803,NSE
subsequent_2016_2020,AUDIOSK5 vs KnobenK5,hysets_09306222,RF_Signature_K5,1096,-895.9384803952682,-26.587032230234506,5.716528892367565,NSE
subsequent_2016_2020,AUDIOSK5 vs KnobenK5,hysets_09306222,Knoben_K5,1096,-3737.8781570199612,-56.013952440340404,11.671367145927675,NSE
subsequent_2016_2020,AUDIOSK5 vs KnobenK5,hysets_09310500,RF_Signature_K5,1096,0.49281898768898225,0.40594941548589314,0.09145680662153984,NSE
subsequent_2016_2020,AUDIOSK5 vs KnobenK5,hysets_09310500,Knoben_K5,1096,0.5713486689408409,0.4508620168797295,0.08407882394689095,NSE
subsequent_2016_2020,AUDIOSK5 vs KnobenK5,hysets_09312600,RF_Signature_K5,1096,-0.31706986728305475,-0.6710938761764096,0.1525981188545258,NSE
subsequent_2016_2020,AUDIOSK5 vs KnobenK5,hysets_09312600,Knoben_K5,1096,-2.2508269500236073,-1.5748849774250129,0.23974066118602494,NSE
subsequent_2016_2020,AUDIOSK5 vs KnobenK5,hysets_09337000,RF_Signature_K5,1096,-197.8230374841846,-11.219202215508842,1.1577585950035814,NSE
subsequent_2016_2020,AUDIOSK5 vs KnobenK5,hysets_09337000,Knoben_K5,1096,-49.80768824238593,-5.218004461416523,0.5852607224509601,NSE
subsequent_2016_2020,AUDIOSK5 vs KnobenK5,hysets_09342500,RF_Signature_K5,1096,0.3406883257224079,0.15908731205054283,0.16328336932053142,NSE
subsequent_2016_2020,AUDIOSK5 vs KnobenK5,hysets_09342500,Knoben_K5,1096,0.39176428406474373,0.20874139324077812,0.15683122321770931,NSE
subsequent_2016_2020,AUDIOSK5 vs KnobenK5,hysets_09352900,RF_Signature_K5,1096,0.18588344480232422,0.5655940882567579,0.13760961055868365,NSE
subsequent_2016_2020,AUDIOSK5 vs KnobenK5,hysets_09352900,Knoben_K5,1096,0.684315681352824,0.6656193697693363,0.08569036194654692,NSE
subsequent_2016_2020,AUDIOSK5 vs KnobenK5,hysets_09386900,RF_Signature_K5,1096,-20.07110967579792,-3.0441335053515033,0.2926266996545906,NSE
subsequent_2016_2020,AUDIOSK5 vs KnobenK5,hysets_09386900,Knoben_K5,1096,-7.88335463326894,-8.622448416909714,0.19000225065595808,NSE
subsequent_2016_2020,AUDIOSK5 vs KnobenK5,hysets_09403600,RF_Signature_K5,1096,-89.11784286647365,-8.226408263053584,0.8528457265404225,NSE
subsequent_2016_2020,AUDIOSK5 vs KnobenK5,hysets_09403600,Knoben_K5,1096,-608.0864985080435,-34.08175227430377,2.2171984698187273,NSE
subsequent_2016_2020,AUDIOSK5 vs KnobenK5,hysets_09404450,RF_Signature_K5,1095,-0.8907265936542419,-0.3778462783249965,0.11749965145020606,NSE
subsequent_2016_2020,AUDIOSK5 vs KnobenK5,hysets_09404450,Knoben_K5,1095,-53.88676508890593,-5.769835334465194,0.6330762621731292,NSE
subsequent_2016_2020,AUDIOSK5 vs KnobenK5,hysets_09405500,RF_Signature_K5,1096,0.10145111968535703,0.2132063422120556,0.12259327233341501,NSE
subsequent_2016_2020,AUDIOSK5 vs KnobenK5,hysets_09405500,Knoben_K5,1096,-63.298607998132965,-6.5968420061894575,1.0370425345866938,NSE
subsequent_2016_2020,AUDIOSK5 vs KnobenK5,hysets_09442680,RF_Signature_K5,885,-19.695534417834693,-6.557077290480183,0.44360932251892216,NSE
subsequent_2016_2020,AUDIOSK5 vs KnobenK5,hysets_09442680,Knoben_K5,885,-231.7295499120137,-14.553320425940056,1.4876066336823937,NSE
subsequent_2016_2020,AUDIOSK5 vs KnobenK5,hysets_09447000,RF_Signature_K5,1096,-4.993063970299732,-0.7093336514889717,0.15599020337578887,NSE
subsequent_2016_2020,AUDIOSK5 vs KnobenK5,hysets_09447000,Knoben_K5,1096,-13.726324409887988,-2.225493373708368,0.24452318799167228,NSE
subsequent_2016_2020,AUDIOSK5 vs KnobenK5,hysets_09447800,RF_Signature_K5,1096,-2473.797945391047,-51.11087978638672,3.0910690735188644,NSE
subsequent_2016_2020,AUDIOSK5 vs KnobenK5,hysets_09447800,Knoben_K5,1096,-28.816095765772992,-4.101227800431863,0.3392846595961358,NSE
subsequent_2016_2020,AUDIOSK5 vs KnobenK5,hysets_09473000,RF_Signature_K5,1095,-71.53546574977366,-8.018490304115286,0.4224829410940701,NSE
subsequent_2016_2020,AUDIOSK5 vs KnobenK5,hysets_09473000,Knoben_K5,1095,0.19505859795929548,-0.04334108500083422,0.044505748429312514,NSE
subsequent_2016_2020,AUDIOSK5 vs KnobenK5,hysets_09494000,RF_Signature_K5,1096,-0.615743528006919,0.23425308216195306,0.16351679911700948,NSE
subsequent_2016_2020,AUDIOSK5 vs KnobenK5,hysets_09494000,Knoben_K5,1096,0.22121184170800423,0.14905232384255263,0.11352351621980772,NSE
subsequent_2016_2020,AUDIOSK5 vs KnobenK5,hysets_09496500,RF_Signature_K5,1096,-1185.488251233897,-32.81978721537914,2.1946688504174094,NSE
subsequent_2016_2020,AUDIOSK5 vs KnobenK5,hysets_09496500,Knoben_K5,1096,-6.913593285150441,-1.8181360848064716,0.17923554537020395,NSE
subsequent_2016_2020,AUDIOSK5 vs KnobenK5,hysets_09497800,RF_Signature_K5,1096,-60.90178310532145,-6.53577904167502,0.5952069071116031,NSE
subsequent_2016_2020,AUDIOSK5 vs KnobenK5,hysets_09497800,Knoben_K5,1096,-0.4991113656791202,0.17666986867875933,0.0926260898889517,NSE
subsequent_2016_2020,AUDIOSK5 vs KnobenK5,hysets_09497980,RF_Signature_K5,1096,-2.745243629600184,-2.0949738257149204,0.11431824509249633,NSE
subsequent_2016_2020,AUDIOSK5 vs KnobenK5,hysets_09497980,Knoben_K5,1096,0.5503041892007038,0.5371110592121415,0.03961274450935534,NSE
subsequent_2016_2020,AUDIOSK5 vs KnobenK5,hysets_09504420,RF_Signature_K5,1096,-0.8456302381731857,-0.1126548730617658,0.0916983245973945,NSE
subsequent_2016_2020,AUDIOSK5 vs KnobenK5,hysets_09504420,Knoben_K5,1096,-0.024289751415885963,-0.29842079910559693,0.06831254510868079,NSE
subsequent_2016_2020,AUDIOSK5 vs KnobenK5,hysets_09505800,RF_Signature_K5,1096,-0.14370452141833456,-0.19130565316814452,0.06562591652169424,NSE
subsequent_2016_2020,AUDIOSK5 vs KnobenK5,hysets_09505800,Knoben_K5,1096,0.293054275762497,0.26973922539380135,0.05159546119210292,NSE
subsequent_2016_2020,AUDIOSK5 vs KnobenK5,hysets_09510200,RF_Signature_K5,1096,-0.5864398464193965,-0.2656658102437288,0.04534081137318157,NSE
subsequent_2016_2020,AUDIOSK5 vs KnobenK5,hysets_09510200,Knoben_K5,1096,0.0411042478139223,-0.214471090109692,0.03525032944453104,NSE
subsequent_2016_2020,AUDIOSK5 vs KnobenK5,hysets_09512280,RF_Signature_K5,1004,-1.9936562641295783,-1.4480813157841794,0.07419449331324458,NSE
subsequent_2016_2020,AUDIOSK5 vs KnobenK5,hysets_09512280,Knoben_K5,1004,-165.30452670042777,-69.35575883508218,0.5529969580461219,NSE
subsequent_2016_2020,AUDIOSK5 vs KnobenK5,hysets_09513780,RF_Signature_K5,1096,-0.5463987623666267,-1.2049409569012224,0.05377189971303319,NSE
subsequent_2016_2020,AUDIOSK5 vs KnobenK5,hysets_09513780,Knoben_K5,1096,-3.555826334225009,-2.5158169391865504,0.09229500838131666,NSE
subsequent_2016_2020,AUDIOSK5 vs KnobenK5,hysets_09AA012,RF_Signature_K5,731,-4.86587162891229,-0.8789188135386381,0.25913006087134727,NSE
subsequent_2016_2020,AUDIOSK5 vs KnobenK5,hysets_09AA012,Knoben_K5,731,-31.745867761040422,-4.559738644700618,0.6122513785415306,NSE
subsequent_2016_2020,AUDIOSK5 vs KnobenK5,hysets_09AA013,RF_Signature_K5,366,-5.021008655393163,-0.7339873743740954,0.7437878480271932,NSE
subsequent_2016_2020,AUDIOSK5 vs KnobenK5,hysets_09AA013,Knoben_K5,366,-14.631879641607204,-2.08637767558355,1.1984503707569412,NSE
subsequent_2016_2020,AUDIOSK5 vs KnobenK5,hysets_09AH003,RF_Signature_K5,731,-0.127811747375985,0.44024901594574817,0.11169451300686067,NSE
subsequent_2016_2020,AUDIOSK5 vs KnobenK5,hysets_09AH003,Knoben_K5,731,-20.66870119571,-4.04753148838448,0.4895871069942772,NSE
subsequent_2016_2020,AUDIOSK5 vs KnobenK5,hysets_09CA004,RF_Signature_K5,731,-0.42868796651733776,-0.28265576610729704,0.2110227616214591,NSE
subsequent_2016_2020,AUDIOSK5 vs KnobenK5,hysets_09CA004,Knoben_K5,731,-13.369546712743526,-2.8579279757638156,0.6692403892718698,NSE
subsequent_2016_2020,AUDIOSK5 vs KnobenK5,hysets_09EA004,RF_Signature_K5,366,-0.34675532515569096,-0.16097605367385315,0.25813592134736124,NSE
subsequent_2016_2020,AUDIOSK5 vs KnobenK5,hysets_09EA004,Knoben_K5,366,-0.637793280256745,-0.5547750034489958,0.2846647130482143,NSE
subsequent_2016_2020,AUDIOSK5 vs KnobenK5,hysets_10011500,RF_Signature_K5,1096,0.7095251622620523,0.5056120989555877,0.09161524060686166,NSE
subsequent_2016_2020,AUDIOSK5 vs KnobenK5,hysets_10011500,Knoben_K5,1096,0.9591841548988014,0.844367055320304,0.034342180315218525,NSE
subsequent_2016_2020,AUDIOSK5 vs KnobenK5,hysets_10032000,RF_Signature_K5,1096,0.5249028047738369,0.3800883434215492,0.11567185930186999,NSE
subsequent_2016_2020,AUDIOSK5 vs KnobenK5,hysets_10032000,Knoben_K5,1096,0.6368646165255976,0.5422137229970173,0.10112784839342577,NSE
subsequent_2016_2020,AUDIOSK5 vs KnobenK5,hysets_10113500,RF_Signature_K5,1096,-2.1066610248954487,-0.29669022845986026,0.23280851981483663,NSE
subsequent_2016_2020,AUDIOSK5 vs KnobenK5,hysets_10113500,Knoben_K5,1096,-3.0839469000154986,-0.35707867988559494,0.26692667613249454,NSE
subsequent_2016_2020,AUDIOSK5 vs KnobenK5,hysets_10173450,RF_Signature_K5,1096,0.5931576716876872,0.4982687400478999,0.10548157709709023,NSE
subsequent_2016_2020,AUDIOSK5 vs KnobenK5,hysets_10173450,Knoben_K5,1096,0.516382991116402,0.3655810421338248,0.11500436709953894,NSE
subsequent_2016_2020,AUDIOSK5 vs KnobenK5,hysets_10174500,RF_Signature_K5,1096,-0.04985665346699486,0.05004640951232786,0.1705839315130589,NSE
subsequent_2016_2020,AUDIOSK5 vs KnobenK5,hysets_10174500,Knoben_K5,1096,-11.55420995189029,-2.376484684126207,0.5898856220637562,NSE
subsequent_2016_2020,AUDIOSK5 vs KnobenK5,hysets_10194200,RF_Signature_K5,1096,-1.2129481646764773,-0.3354205502909442,0.2571523020442848,NSE
subsequent_2016_2020,AUDIOSK5 vs KnobenK5,hysets_10194200,Knoben_K5,1096,-16.959564062562674,-3.1952138201768,0.7325760078030705,NSE
subsequent_2016_2020,AUDIOSK5 vs KnobenK5,hysets_10234500,RF_Signature_K5,1096,0.49951328677504536,0.6198127222816497,0.10324244068595548,NSE
subsequent_2016_2020,AUDIOSK5 vs KnobenK5,hysets_10234500,Knoben_K5,1096,-0.01865544376860906,0.07429095372041072,0.1472908070662131,NSE
subsequent_2016_2020,AUDIOSK5 vs KnobenK5,hysets_10258500,RF_Signature_K5,1096,-64.00743099927942,-10.574944404549587,0.4248215887737262,NSE
subsequent_2016_2020,AUDIOSK5 vs KnobenK5,hysets_10258500,Knoben_K5,1096,-1.0864036272736945,-1.340651802885207,0.07610693662002806,NSE
subsequent_2016_2020,AUDIOSK5 vs KnobenK5,hysets_10296000,RF_Signature_K5,1096,-0.1098701580485475,-0.23812081880269598,0.17011206581763685,NSE
subsequent_2016_2020,AUDIOSK5 vs KnobenK5,hysets_10296000,Knoben_K5,1096,0.7726829147916502,0.823101517629381,0.07698658771459949,NSE
subsequent_2016_2020,AUDIOSK5 vs KnobenK5,hysets_10296500,RF_Signature_K5,1096,0.047975052190101675,-0.0850634904931229,0.1453066094582845,NSE
subsequent_2016_2020,AUDIOSK5 vs KnobenK5,hysets_10296500,Knoben_K5,1096,0.5826585576313388,0.35127377040184415,0.09620706392339105,NSE
subsequent_2016_2020,AUDIOSK5 vs KnobenK5,hysets_10329500,RF_Signature_K5,1096,0.07018322221590823,0.2116775384070939,0.057850695794760924,NSE
subsequent_2016_2020,AUDIOSK5 vs KnobenK5,hysets_10329500,Knoben_K5,1096,-0.13043549224509898,-0.47080800652109334,0.06378708999810832,NSE
subsequent_2016_2020,AUDIOSK5 vs KnobenK5,hysets_10396000,RF_Signature_K5,1096,0.4741270626460128,0.6668050828930459,0.09613439433577162,NSE
subsequent_2016_2020,AUDIOSK5 vs KnobenK5,hysets_10396000,Knoben_K5,1096,-14.615969727473413,-2.436969991637697,0.5238691967897734,NSE
subsequent_2016_2020,AUDIOSK5 vs KnobenK5,hysets_10AC005,RF_Signature_K5,731,0.6212319860405915,0.7741523299953835,0.11702626212632977,NSE
subsequent_2016_2020,AUDIOSK5 vs KnobenK5,hysets_10AC005,Knoben_K5,731,-2.106992875288957,-0.509443219987104,0.33517129239069354,NSE
subsequent_2016_2020,AUDIOSK5 vs KnobenK5,hysets_10BE007,RF_Signature_K5,731,-3.077105651375538,-0.225539757194001,0.3962579334142875,NSE
subsequent_2016_2020,AUDIOSK5 vs KnobenK5,hysets_10BE007,Knoben_K5,731,-2.748967026864435,-0.3440652050578008,0.37997742715876365,NSE
subsequent_2016_2020,AUDIOSK5 vs KnobenK5,hysets_10BE009,RF_Signature_K5,366,-46.79051873395321,-4.485702785050736,1.8060648013811968,NSE
subsequent_2016_2020,AUDIOSK5 vs KnobenK5,hysets_10BE009,Knoben_K5,366,-2085.7178625729143,-21.84535414268996,11.934227796916,NSE
subsequent_2016_2020,AUDIOSK5 vs KnobenK5,hysets_10ED003,RF_Signature_K5,731,-0.1557141386567822,0.052535101914948035,0.14684383802013745,NSE
subsequent_2016_2020,AUDIOSK5 vs KnobenK5,hysets_10ED003,Knoben_K5,731,-0.7762506073147319,-0.7324384129379358,0.1820466257123397,NSE
subsequent_2016_2020,AUDIOSK5 vs KnobenK5,hysets_10GC003,RF_Signature_K5,731,-1.2448359674951242,-0.025265835327241914,0.15340759127494727,NSE
subsequent_2016_2020,AUDIOSK5 vs KnobenK5,hysets_10GC003,Knoben_K5,731,-0.4512241403595365,-0.44875112185909627,0.1233450688888002,NSE
subsequent_2016_2020,AUDIOSK5 vs KnobenK5,hysets_10LC003,RF_Signature_K5,397,-0.14341045180917233,-0.30075602318382977,0.12866824234101804,NSE
subsequent_2016_2020,AUDIOSK5 vs KnobenK5,hysets_10LC003,Knoben_K5,397,-27.963952426903443,-9.23688261565353,0.6475886108954637,NSE
subsequent_2016_2020,AUDIOSK5 vs KnobenK5,hysets_10LC007,RF_Signature_K5,622,0.20113456553951936,0.3076848914705559,0.0856905194468483,NSE
subsequent_2016_2020,AUDIOSK5 vs KnobenK5,hysets_10LC007,Knoben_K5,622,-90.57854806044479,-12.56416497222857,0.9174720382136738,NSE
subsequent_2016_2020,AUDIOSK5 vs KnobenK5,hysets_11012500,RF_Signature_K5,1096,-182.09231498378134,-51.993065549369184,0.45429067117137906,NSE
subsequent_2016_2020,AUDIOSK5 vs KnobenK5,hysets_11012500,Knoben_K5,1096,-33.205138695678,-20.661644362190533,0.1963561185545457,NSE
subsequent_2016_2020,AUDIOSK5 vs KnobenK5,hysets_11015000,RF_Signature_K5,1096,-1.5570105745864105,-0.9223781892710949,0.07336383437020579,NSE
subsequent_2016_2020,AUDIOSK5 vs KnobenK5,hysets_11015000,Knoben_K5,1096,0.2949065565769535,0.14860310592252612,0.038524685127541564,NSE
subsequent_2016_2020,AUDIOSK5 vs KnobenK5,hysets_11042400,RF_Signature_K5,1096,-49.92051067342323,-14.417308866647495,0.4350374278656208,NSE
subsequent_2016_2020,AUDIOSK5 vs KnobenK5,hysets_11042400,Knoben_K5,1096,-13.297255319689596,-3.2414639284709965,0.2305189239768099,NSE
subsequent_2016_2020,AUDIOSK5 vs KnobenK5,hysets_11123000,RF_Signature_K5,1096,-0.11073674390788968,-1.069034288830593,0.0468609659813623,NSE
subsequent_2016_2020,AUDIOSK5 vs KnobenK5,hysets_11123000,Knoben_K5,1096,0.42809124357100947,0.17317251768551423,0.03362552241598088,NSE
subsequent_2016_2020,AUDIOSK5 vs KnobenK5,hysets_11123500,RF_Signature_K5,1096,0.2911677097667662,-0.11286924231921436,0.03837023395044493,NSE
subsequent_2016_2020,AUDIOSK5 vs KnobenK5,hysets_11123500,Knoben_K5,1096,0.5328973048047532,0.37723034485931795,0.031147908278580896,NSE
subsequent_2016_2020,AUDIOSK5 vs KnobenK5,hysets_11124500,RF_Signature_K5,1096,-4.019083547597335,-1.4883626069217244,0.09077916739048447,NSE
subsequent_2016_2020,AUDIOSK5 vs KnobenK5,hysets_11124500,Knoben_K5,1096,0.7338650171328713,0.7347423609317378,0.020903786704581827,NSE
subsequent_2016_2020,AUDIOSK5 vs KnobenK5,hysets_11132500,RF_Signature_K5,1096,-0.24472213694727252,-0.9107465094443272,0.0352918348834406,NSE
subsequent_2016_2020,AUDIOSK5 vs KnobenK5,hysets_11132500,Knoben_K5,1096,-1.3538911787471783,-4.775275104911462,0.048532339018052824,NSE
subsequent_2016_2020,AUDIOSK5 vs KnobenK5,hysets_11140000,RF_Signature_K5,1096,-14.517700578468054,-6.725017202069088,0.1842409512427089,NSE
subsequent_2016_2020,AUDIOSK5 vs KnobenK5,hysets_11140000,Knoben_K5,1096,0.18309779432464846,-0.11794698688360938,0.042272459598204845,NSE
subsequent_2016_2020,AUDIOSK5 vs KnobenK5,hysets_11143000,RF_Signature_K5,1096,-0.18184498186679598,-0.12223836919524245,0.10881160695271593,NSE
subsequent_2016_2020,AUDIOSK5 vs KnobenK5,hysets_11143000,Knoben_K5,1096,-0.1849752533606568,-0.4574609009385904,0.10895561256993895,NSE
subsequent_2016_2020,AUDIOSK5 vs KnobenK5,hysets_11143200,RF_Signature_K5,1096,-0.0011567281442712574,0.3746609808506147,0.07185578123744886,NSE
subsequent_2016_2020,AUDIOSK5 vs KnobenK5,hysets_11143200,Knoben_K5,1096,0.9292453512701365,0.6854669919167682,0.019102410341184744,NSE
subsequent_2016_2020,AUDIOSK5 vs KnobenK5,hysets_11143250,RF_Signature_K5,1096,0.9027080908193403,0.9156169068267563,0.020437539286883064,NSE
subsequent_2016_2020,AUDIOSK5 vs KnobenK5,hysets_11143250,Knoben_K5,1096,-0.1394485591325192,-0.09654015844514019,0.06994192864050887,NSE
subsequent_2016_2020,AUDIOSK5 vs KnobenK5,hysets_11148900,RF_Signature_K5,1096,-0.184704218125467,0.18933958849617616,0.09366844934773023,NSE
subsequent_2016_2020,AUDIOSK5 vs KnobenK5,hysets_11148900,Knoben_K5,1096,0.3150257621380561,-0.054955086119423235,0.07122385598271287,NSE
subsequent_2016_2020,AUDIOSK5 vs KnobenK5,hysets_11149900,RF_Signature_K5,1096,-0.7064719263382229,0.0074748156532468135,0.10935843341149855,NSE
subsequent_2016_2020,AUDIOSK5 vs KnobenK5,hysets_11149900,Knoben_K5,1096,0.9311287974199808,0.6293733272303648,0.02196956912330458,NSE
subsequent_2016_2020,AUDIOSK5 vs KnobenK5,hysets_11151300,RF_Signature_K5,1004,-33.04841235770761,-9.164236657935142,0.31963091009750966,NSE
subsequent_2016_2020,AUDIOSK5 vs KnobenK5,hysets_11151300,Knoben_K5,1004,-666.1328176924153,-73.92414850346704,1.4148372677497294,NSE
subsequent_2016_2020,AUDIOSK5 vs KnobenK5,hysets_11152000,RF_Signature_K5,1096,0.03239671864488236,-0.14126472417619707,0.0783185005168417,NSE
subsequent_2016_2020,AUDIOSK5 vs KnobenK5,hysets_11152000,Knoben_K5,1096,0.5009803794382458,0.2095019658856504,0.056243780992117486,NSE
subsequent_2016_2020,AUDIOSK5 vs KnobenK5,hysets_11202000,RF_Signature_K5,1004,0.7332552330122517,0.4436557012555302,0.03349456846214354,NSE
subsequent_2016_2020,AUDIOSK5 vs KnobenK5,hysets_11202000,Knoben_K5,1004,0.38562632402629027,0.08775257878020892,0.05083264782993095,NSE
subsequent_2016_2020,AUDIOSK5 vs KnobenK5,hysets_11202001,RF_Signature_K5,1004,-0.29648633707802974,-0.17265857479192337,0.0730337281816943,NSE
subsequent_2016_2020,AUDIOSK5 vs KnobenK5,hysets_11202001,Knoben_K5,1004,0.36210777133726557,0.06519551950706681,0.05122867865791767,NSE
subsequent_2016_2020,AUDIOSK5 vs KnobenK5,hysets_11224500,RF_Signature_K5,1096,-3.3397006508907667,-1.9754369938067873,0.11829228412842004,NSE
subsequent_2016_2020,AUDIOSK5 vs KnobenK5,hysets_11224500,Knoben_K5,1096,-178.5252632354625,-35.875115881219074,0.7608329579647312,NSE
subsequent_2016_2020,AUDIOSK5 vs KnobenK5,hysets_11230500,RF_Signature_K5,1004,-0.1938994129232543,-0.2793381087215816,0.16323362550192144,NSE
subsequent_2016_2020,AUDIOSK5 vs KnobenK5,hysets_11230500,Knoben_K5,1004,0.8259133972232937,0.8480087723956895,0.06233162259826115,NSE
subsequent_2016_2020,AUDIOSK5 vs KnobenK5,hysets_11253310,RF_Signature_K5,1096,-26.57337851562704,-8.429141126505302,0.2942360325706828,NSE
subsequent_2016_2020,AUDIOSK5 vs KnobenK5,hysets_11253310,Knoben_K5,1096,-371.3284115406937,-41.702533128017734,1.081219708425289,NSE
subsequent_2016_2020,AUDIOSK5 vs KnobenK5,hysets_11264500,RF_Signature_K5,1096,0.8891340125171898,0.7366235106435388,0.04553203783733616,NSE
subsequent_2016_2020,AUDIOSK5 vs KnobenK5,hysets_11264500,Knoben_K5,1096,0.9631551857763718,0.8444154280389209,0.026248597828362388,NSE
subsequent_2016_2020,AUDIOSK5 vs KnobenK5,hysets_11266500,RF_Signature_K5,1096,0.8272100586562847,0.826557800870135,0.06162084193279024,NSE
subsequent_2016_2020,AUDIOSK5 vs KnobenK5,hysets_11266500,Knoben_K5,1096,0.5604340138739952,0.596501617006515,0.09828346037831055,NSE
subsequent_2016_2020,AUDIOSK5 vs KnobenK5,hysets_11314500,RF_Signature_K5,1004,0.4185082274823019,0.35655660795780764,0.1464750081157421,NSE
subsequent_2016_2020,AUDIOSK5 vs KnobenK5,hysets_11314500,Knoben_K5,1004,0.5308360544441553,0.45582957201346896,0.13156914685238572,NSE
subsequent_2016_2020,AUDIOSK5 vs KnobenK5,hysets_11317000,RF_Signature_K5,1004,-0.08081059848010907,-0.04062715140287887,0.09882456525907606,NSE
subsequent_2016_2020,AUDIOSK5 vs KnobenK5,hysets_11317000,Knoben_K5,1004,0.6310450344972639,0.33249641530174046,0.05774000204463398,NSE
subsequent_2016_2020,AUDIOSK5 vs KnobenK5,hysets_11318500,RF_Signature_K5,1004,0.43166686824894873,0.37991161096716175,0.059729710955277085,NSE
subsequent_2016_2020,AUDIOSK5 vs KnobenK5,hysets_11318500,Knoben_K5,1004,-0.15122428191185477,-0.6215178449681713,0.08500978082398845,NSE
subsequent_2016_2020,AUDIOSK5 vs KnobenK5,hysets_11367500,RF_Signature_K5,731,-2.4809205789025324,-0.21121057218403783,0.1558534602462913,NSE
subsequent_2016_2020,AUDIOSK5 vs KnobenK5,hysets_11367500,Knoben_K5,731,-2.0744442088792407,0.1420331642974687,0.1464713552180131,NSE
subsequent_2016_2020,AUDIOSK5 vs KnobenK5,hysets_11374000,RF_Signature_K5,1096,0.13422807873122367,0.16823755701184195,0.10865893866338171,NSE
subsequent_2016_2020,AUDIOSK5 vs KnobenK5,hysets_11374000,Knoben_K5,1096,0.6868227554482111,0.7612229802361701,0.06535198896679786,NSE
subsequent_2016_2020,AUDIOSK5 vs KnobenK5,hysets_11376550,RF_Signature_K5,1096,-1.0850339046261421,0.10825770566363302,0.15537421216433303,NSE
subsequent_2016_2020,AUDIOSK5 vs KnobenK5,hysets_11376550,Knoben_K5,1096,-4.060979797603282,-1.115964179896225,0.24206928124761923,NSE
subsequent_2016_2020,AUDIOSK5 vs KnobenK5,hysets_11379500,RF_Signature_K5,1096,0.48994273778955166,0.4703397131512588,0.06584903286042765,NSE
subsequent_2016_2020,AUDIOSK5 vs KnobenK5,hysets_11379500,Knoben_K5,1096,0.5651801286506133,0.5700002610016731,0.06079874639044246,NSE
subsequent_2016_2020,AUDIOSK5 vs KnobenK5,hysets_11381500,RF_Signature_K5,1096,-0.38229916350602977,0.01164067159619453,0.09974480011809737,NSE
subsequent_2016_2020,AUDIOSK5 vs KnobenK5,hysets_11381500,Knoben_K5,1096,0.7422900404749958,0.7580378672388346,0.043068013759558425,NSE
subsequent_2016_2020,AUDIOSK5 vs KnobenK5,hysets_11383500,RF_Signature_K5,1096,-0.1600769100664592,0.049182575507664805,0.0947885047906199,NSE
subsequent_2016_2020,AUDIOSK5 vs KnobenK5,hysets_11383500,Knoben_K5,1096,0.8734152736486601,0.7599172961969928,0.031311432339845124,NSE
subsequent_2016_2020,AUDIOSK5 vs KnobenK5,hysets_11402000,RF_Signature_K5,1096,-0.2716269946681904,-0.05616042877273353,0.08340728049612513,NSE
subsequent_2016_2020,AUDIOSK5 vs KnobenK5,hysets_11402000,Knoben_K5,1096,0.543078364071859,0.48112745800956425,0.04999711598250941,NSE
subsequent_2016_2020,AUDIOSK5 vs KnobenK5,hysets_11413000,RF_Signature_K5,1096,0.1798696888712572,0.053923491485840636,0.09019412737150319,NSE
subsequent_2016_2020,AUDIOSK5 vs KnobenK5,hysets_11413000,Knoben_K5,1096,0.2109879900952224,-0.002173451040547336,0.08846645738626861,NSE
subsequent_2016_2020,AUDIOSK5 vs KnobenK5,hysets_11413300,RF_Signature_K5,1004,0.16763696239276205,0.02481077255842601,0.08587342097976816,NSE
subsequent_2016_2020,AUDIOSK5 vs KnobenK5,hysets_11413300,Knoben_K5,1004,-0.0420807153276499,-0.35875652801858604,0.0960844372047317,NSE
subsequent_2016_2020,AUDIOSK5 vs KnobenK5,hysets_11428800,RF_Signature_K5,1004,-0.0893063660624962,-0.022531981584415384,0.05890686434955752,NSE
subsequent_2016_2020,AUDIOSK5 vs KnobenK5,hysets_11428800,Knoben_K5,1004,0.27610673733977065,0.046196969018079126,0.04802066301734144,NSE
subsequent_2016_2020,AUDIOSK5 vs KnobenK5,hysets_11433300,RF_Signature_K5,1004,-0.3354372619478385,-0.15242024389696418,0.09267986239881383,NSE
subsequent_2016_2020,AUDIOSK5 vs KnobenK5,hysets_11433300,Knoben_K5,1004,0.2653262528925,0.2753201319380686,0.06874179935617912,NSE
subsequent_2016_2020,AUDIOSK5 vs KnobenK5,hysets_11470500,RF_Signature_K5,1004,0.7038105918602668,0.5487366092212542,0.05267390467525769,NSE
subsequent_2016_2020,AUDIOSK5 vs KnobenK5,hysets_11470500,Knoben_K5,1004,-0.13085382477478213,-0.5126938559819665,0.10292336747291214,NSE
subsequent_2016_2020,AUDIOSK5 vs KnobenK5,hysets_11473900,RF_Signature_K5,1095,0.8439861956918524,0.7197110436753393,0.0382832203571489,NSE
subsequent_2016_2020,AUDIOSK5 vs KnobenK5,hysets_11473900,Knoben_K5,1095,0.563485526086235,0.3350324343498382,0.06403630640177381,NSE
subsequent_2016_2020,AUDIOSK5 vs KnobenK5,hysets_11478500,RF_Signature_K5,1096,0.59306157642608,0.43982263463364946,0.06744336593228742,NSE
subsequent_2016_2020,AUDIOSK5 vs KnobenK5,hysets_11478500,Knoben_K5,1096,0.3785706681956501,0.08630748102702701,0.08334331328994236,NSE
subsequent_2016_2020,AUDIOSK5 vs KnobenK5,hysets_11480390,RF_Signature_K5,1096,0.8335703029529291,0.7753497433766063,0.04055597424845551,NSE
subsequent_2016_2020,AUDIOSK5 vs KnobenK5,hysets_11480390,Knoben_K5,1096,0.8647615466140246,0.7095029873837276,0.036558597374966424,NSE
subsequent_2016_2020,AUDIOSK5 vs KnobenK5,hysets_11480410,RF_Signature_K5,1003,0.8053551503659292,0.5236129358502235,0.04802100125550345,NSE
subsequent_2016_2020,AUDIOSK5 vs KnobenK5,hysets_11480410,Knoben_K5,1003,0.8761239317330183,0.640771337803113,0.03830923318725848,NSE
subsequent_2016_2020,AUDIOSK5 vs KnobenK5,hysets_11481200,RF_Signature_K5,1096,0.7649075958517297,0.8427199668593734,0.047281244554434124,NSE
subsequent_2016_2020,AUDIOSK5 vs KnobenK5,hysets_11481200,Knoben_K5,1096,0.4882279856822418,0.58264635064747,0.06976022420076866,NSE
subsequent_2016_2020,AUDIOSK5 vs KnobenK5,hysets_11482500,RF_Signature_K5,1096,0.7966560081193285,0.7428166264107954,0.06289629074536397,NSE
subsequent_2016_2020,AUDIOSK5 vs KnobenK5,hysets_11482500,Knoben_K5,1096,0.5703718061473566,0.7009652614020911,0.09142305895446529,NSE
subsequent_2016_2020,AUDIOSK5 vs KnobenK5,hysets_11521500,RF_Signature_K5,1096,0.7512330564156133,0.7972598323099981,0.04163169408953773,NSE
subsequent_2016_2020,AUDIOSK5 vs KnobenK5,hysets_11521500,Knoben_K5,1096,0.2336901009876361,0.3943483760150578,0.07306846204854256,NSE
subsequent_2016_2020,AUDIOSK5 vs KnobenK5,hysets_11522500,RF_Signature_K5,731,-0.2780513330248864,-0.12337586550474877,0.12398422563994933,NSE
subsequent_2016_2020,AUDIOSK5 vs KnobenK5,hysets_11522500,Knoben_K5,731,0.5303194244984228,0.5384897767840167,0.07516117915754601,NSE
subsequent_2016_2020,AUDIOSK5 vs KnobenK5,hysets_11523200,RF_Signature_K5,1086,0.17239960897876194,0.3549127919173972,0.1049326980452976,NSE
subsequent_2016_2020,AUDIOSK5 vs KnobenK5,hysets_11523200,Knoben_K5,1086,-0.16639789518622483,-0.2779947155483191,0.12457298173523632,NSE
subsequent_2016_2020,AUDIOSK5 vs KnobenK5,hysets_11528700,RF_Signature_K5,1096,0.48785604753305123,0.5123912226701985,0.07319774672694247,NSE
subsequent_2016_2020,AUDIOSK5 vs KnobenK5,hysets_11528700,Knoben_K5,1096,0.503105576501651,0.22918430174095084,0.07209974840191004,NSE
subsequent_2016_2020,AUDIOSK5 vs KnobenK5,hysets_11532500,RF_Signature_K5,1096,0.6116915872745219,0.6302406505778979,0.07889207852117222,NSE
subsequent_2016_2020,AUDIOSK5 vs KnobenK5,hysets_11532500,Knoben_K5,1096,0.6542817103006012,0.3871874754671937,0.07443996776386208,NSE
subsequent_2016_2020,AUDIOSK5 vs KnobenK5,hysets_12025700,RF_Signature_K5,1096,0.7174164930351674,0.7259136697158064,0.059434591600243135,NSE
subsequent_2016_2020,AUDIOSK5 vs KnobenK5,hysets_12025700,Knoben_K5,1096,0.6613061792164732,0.5186113150412537,0.06506830807258042,NSE
subsequent_2016_2020,AUDIOSK5 vs KnobenK5,hysets_12035000,RF_Signature_K5,1096,0.38823996483951606,0.4155476034275787,0.06599202090726844,NSE
subsequent_2016_2020,AUDIOSK5 vs KnobenK5,hysets_12035000,Knoben_K5,1096,0.5098843193522108,0.34796368348807216,0.059067715691927654,NSE
subsequent_2016_2020,AUDIOSK5 vs KnobenK5,hysets_12039500,RF_Signature_K5,1096,0.5934827193321253,0.5774273824571887,0.06682068640813271,NSE
subsequent_2016_2020,AUDIOSK5 vs KnobenK5,hysets_12039500,Knoben_K5,1096,0.5419957821433552,0.393662456951562,0.07092611394849066,NSE
subsequent_2016_2020,AUDIOSK5 vs KnobenK5,hysets_12040500,RF_Signature_K5,1096,0.6645074927989338,0.558415179282473,0.07168210238173399,NSE
subsequent_2016_2020,AUDIOSK5 vs KnobenK5,hysets_12040500,Knoben_K5,1096,0.8508854252198251,0.6502088466104545,0.04778915692662239,NSE
subsequent_2016_2020,AUDIOSK5 vs KnobenK5,hysets_12041200,RF_Signature_K5,1096,0.6863411143028562,0.6906540401455296,0.05975202405458842,NSE
subsequent_2016_2020,AUDIOSK5 vs KnobenK5,hysets_12041200,Knoben_K5,1096,0.5645603299312891,0.5413979281813455,0.07040245760975242,NSE
subsequent_2016_2020,AUDIOSK5 vs KnobenK5,hysets_12043000,RF_Signature_K5,1096,0.2586330211918366,0.2216758782709879,0.11262468704610394,NSE
subsequent_2016_2020,AUDIOSK5 vs KnobenK5,hysets_12043000,Knoben_K5,1096,0.9024275333904297,0.832771014800231,0.04085833078204838,NSE
subsequent_2016_2020,AUDIOSK5 vs KnobenK5,hysets_12048000,RF_Signature_K5,1095,-4.766190800414526,-0.7188170351905852,0.2671863157131894,NSE
subsequent_2016_2020,AUDIOSK5 vs KnobenK5,hysets_12048000,Knoben_K5,1095,-0.0902086355872882,0.4086231993935985,0.11617816586489431,NSE
subsequent_2016_2020,AUDIOSK5 vs KnobenK5,hysets_12054000,RF_Signature_K5,1096,0.6217680674955564,0.7738845904816668,0.0801531004121187,NSE
subsequent_2016_2020,AUDIOSK5 vs KnobenK5,hysets_12054000,Knoben_K5,1096,-0.033199282403995944,0.421263399775885,0.13247480170314047,NSE
subsequent_2016_2020,AUDIOSK5 vs KnobenK5,hysets_12056500,RF_Signature_K5,1096,0.16422048312720783,0.15178977149898454,0.0938896789309539,NSE
subsequent_2016_2020,AUDIOSK5 vs KnobenK5,hysets_12056500,Knoben_K5,1096,0.18500193532876774,0.08272375724356185,0.0927150594215331,NSE
subsequent_2016_2020,AUDIOSK5 vs KnobenK5,hysets_12115000,RF_Signature_K5,1096,0.5114490095853989,0.6341216801162993,0.07205981145051389,NSE
subsequent_2016_2020,AUDIOSK5 vs KnobenK5,hysets_12115000,Knoben_K5,1096,0.48901702252788903,0.5645994254882523,0.07369557109241848,NSE
subsequent_2016_2020,AUDIOSK5 vs KnobenK5,hysets_12134500,RF_Signature_K5,1096,0.5497848232235051,0.4684671128388753,0.06382560051004109,NSE
subsequent_2016_2020,AUDIOSK5 vs KnobenK5,hysets_12134500,Knoben_K5,1096,-0.7521014603250273,-0.6209771994644155,0.12591123099058252,NSE
subsequent_2016_2020,AUDIOSK5 vs KnobenK5,hysets_12141300,RF_Signature_K5,1096,0.6415540623154613,0.6812772227499191,0.07327888412256223,NSE
subsequent_2016_2020,AUDIOSK5 vs KnobenK5,hysets_12141300,Knoben_K5,1096,0.8606454189460387,0.7656883483914743,0.04569068203758672,NSE
subsequent_2016_2020,AUDIOSK5 vs KnobenK5,hysets_12142000,RF_Signature_K5,1096,0.6918141991869293,0.673203814007943,0.06994084052074018,NSE
subsequent_2016_2020,AUDIOSK5 vs KnobenK5,hysets_12142000,Knoben_K5,1096,0.6328334069340291,0.42451022978877606,0.07634069586538557,NSE
subsequent_2016_2020,AUDIOSK5 vs KnobenK5,hysets_12186000,RF_Signature_K5,1078,0.8081085787409572,0.8409124165040792,0.039170275875339514,NSE
subsequent_2016_2020,AUDIOSK5 vs KnobenK5,hysets_12186000,Knoben_K5,1078,-0.0283889037346452,0.10748702436612012,0.09067917108842292,NSE
subsequent_2016_2020,AUDIOSK5 vs KnobenK5,hysets_12189500,RF_Signature_K5,1078,0.6493435647773346,0.7224496468216277,0.04538139048177836,NSE
subsequent_2016_2020,AUDIOSK5 vs KnobenK5,hysets_12189500,Knoben_K5,1078,-0.052569463798659344,0.1354339521039707,0.07862529266554322,NSE
subsequent_2016_2020,AUDIOSK5 vs KnobenK5,hysets_12205000,RF_Signature_K5,1096,0.5605140293806777,0.7079034754904978,0.05649292361504513,NSE
subsequent_2016_2020,AUDIOSK5 vs KnobenK5,hysets_12205000,Knoben_K5,1096,0.16575487926873111,0.36534231582323884,0.07783382624453682,NSE
subsequent_2016_2020,AUDIOSK5 vs KnobenK5,hysets_12324590,RF_Signature_K5,731,-6.81866209647184,-1.32412157044909,0.46563104276964284,NSE
subsequent_2016_2020,AUDIOSK5 vs KnobenK5,hysets_12324590,Knoben_K5,731,-96.40826518233519,-7.845068089443204,1.643514758763639,NSE
subsequent_2016_2020,AUDIOSK5 vs KnobenK5,hysets_12330000,RF_Signature_K5,1096,0.6277015919355655,0.6147465649473519,0.03918900736440061,NSE
subsequent_2016_2020,AUDIOSK5 vs KnobenK5,hysets_12330000,Knoben_K5,1096,0.20250682418094845,0.19571785663640895,0.0573564365156399,NSE
subsequent_2016_2020,AUDIOSK5 vs KnobenK5,hysets_12332000,RF_Signature_K5,1096,0.6574840362584473,0.6058535388741826,0.10163455634035673,NSE
subsequent_2016_2020,AUDIOSK5 vs KnobenK5,hysets_12332000,Knoben_K5,1096,0.48053203208359196,0.3362038909485935,0.1251642707235887,NSE
subsequent_2016_2020,AUDIOSK5 vs KnobenK5,hysets_12370000,RF_Signature_K5,1096,0.6381498586257777,0.777532005708333,0.12164360410797953,NSE
subsequent_2016_2020,AUDIOSK5 vs KnobenK5,hysets_12370000,Knoben_K5,1096,-0.3082627927467958,0.38632084387076004,0.23129827873853193,NSE
subsequent_2016_2020,AUDIOSK5 vs KnobenK5,hysets_12389500,RF_Signature_K5,1096,-0.6987657588094736,0.2967452823221759,0.18484625598254792,NSE
subsequent_2016_2020,AUDIOSK5 vs KnobenK5,hysets_12389500,Knoben_K5,1096,-4.168198037989417,-0.8249766793866753,0.32241369633008404,NSE
subsequent_2016_2020,AUDIOSK5 vs KnobenK5,hysets_12411000,RF_Signature_K5,1086,0.18703946265948046,0.4361298439198168,0.10992929832657047,NSE
subsequent_2016_2020,AUDIOSK5 vs KnobenK5,hysets_12411000,Knoben_K5,1086,-0.12640294701222365,-0.18667206504532086,0.12939741863048762,NSE
subsequent_2016_2020,AUDIOSK5 vs KnobenK5,hysets_12414900,RF_Signature_K5,1096,-0.6956613055059566,0.18547328211859027,0.1284166623538668,NSE
subsequent_2016_2020,AUDIOSK5 vs KnobenK5,hysets_12414900,Knoben_K5,1096,-0.29835219381828315,0.1785106533034161,0.11236940499173753,NSE
subsequent_2016_2020,AUDIOSK5 vs KnobenK5,hysets_12452800,RF_Signature_K5,731,0.4862228641885259,0.45774484671377147,0.1091412593775468,NSE
subsequent_2016_2020,AUDIOSK5 vs KnobenK5,hysets_12452800,Knoben_K5,731,0.4501817150612243,0.49606464600428934,0.11290447704662541,NSE
subsequent_2016_2020,AUDIOSK5 vs KnobenK5,hysets_12488500,RF_Signature_K5,1096,0.14442311455008472,0.21808355066324037,0.12706258558381445,NSE
subsequent_2016_2020,AUDIOSK5 vs KnobenK5,hysets_12488500,Knoben_K5,1096,0.4239688716951141,0.40602054504996843,0.10425842106733813,NSE
subsequent_2016_2020,AUDIOSK5 vs KnobenK5,hysets_13010065,RF_Signature_K5,1096,0.8324204854976289,0.7659042950739561,0.07330452692276661,NSE
subsequent_2016_2020,AUDIOSK5 vs KnobenK5,hysets_13010065,Knoben_K5,1096,0.7152897878875091,0.8288967195969473,0.09554805565246505,NSE
subsequent_2016_2020,AUDIOSK5 vs KnobenK5,hysets_13011900,RF_Signature_K5,1096,0.46717749158889466,0.375350003199323,0.13313378303461154,NSE
subsequent_2016_2020,AUDIOSK5 vs KnobenK5,hysets_13011900,Knoben_K5,1096,0.1812937783933002,0.5891457560932469,0.16502929210812686,NSE
subsequent_2016_2020,AUDIOSK5 vs KnobenK5,hysets_13023000,RF_Signature_K5,1096,0.3703844668390891,0.28879546498076536,0.1795766205426278,NSE
subsequent_2016_2020,AUDIOSK5 vs KnobenK5,hysets_13023000,Knoben_K5,1096,-0.5475773091122247,0.3037220815232401,0.2815387992547956,NSE
subsequent_2016_2020,AUDIOSK5 vs KnobenK5,hysets_13186000,RF_Signature_K5,1096,0.29646148820761997,0.16021131149388956,0.11000316480423626,NSE
subsequent_2016_2020,AUDIOSK5 vs KnobenK5,hysets_13186000,Knoben_K5,1096,0.3297363521202272,0.3940937386599529,0.10737027738292433,NSE
subsequent_2016_2020,AUDIOSK5 vs KnobenK5,hysets_13235000,RF_Signature_K5,1096,0.5659237296149022,0.707230453057164,0.1145397464477651,NSE
subsequent_2016_2020,AUDIOSK5 vs KnobenK5,hysets_13235000,Knoben_K5,1096,0.8917110854032803,0.888280013577837,0.05720911049585629,NSE
subsequent_2016_2020,AUDIOSK5 vs KnobenK5,hysets_13297355,RF_Signature_K5,1096,0.452862832698814,0.32705902010252064,0.08945531393414531,NSE
subsequent_2016_2020,AUDIOSK5 vs KnobenK5,hysets_13297355,Knoben_K5,1096,0.6410981835857432,0.6369306231535532,0.07245124679112931,NSE
subsequent_2016_2020,AUDIOSK5 vs KnobenK5,hysets_13331500,RF_Signature_K5,731,-0.1731375112122635,0.11273414249711322,0.1952721850724478,NSE
subsequent_2016_2020,AUDIOSK5 vs KnobenK5,hysets_13331500,Knoben_K5,731,0.46383454723269857,0.26691145500219593,0.13201258607735453,NSE
subsequent_2016_2020,AUDIOSK5 vs KnobenK5,hysets_13339500,RF_Signature_K5,731,-0.9583118005947595,-0.29956270802528095,0.12184985552545564,NSE
subsequent_2016_2020,AUDIOSK5 vs KnobenK5,hysets_13339500,Knoben_K5,731,-1.9347128986995683,-0.2278362264460445,0.14916499179302148,NSE
subsequent_2016_2020,AUDIOSK5 vs KnobenK5,hysets_14013000,RF_Signature_K5,1096,-0.3015017584522661,0.1489453186182289,0.1280588694650281,NSE
subsequent_2016_2020,AUDIOSK5 vs KnobenK5,hysets_14013000,Knoben_K5,1096,-0.33975241764653275,-0.29483450859758564,0.12992704421545112,NSE
subsequent_2016_2020,AUDIOSK5 vs KnobenK5,hysets_14020000,RF_Signature_K5,731,-2.0277913855547034,-0.027712460409293982,0.18635208927668315,NSE
subsequent_2016_2020,AUDIOSK5 vs KnobenK5,hysets_14020000,Knoben_K5,731,0.07620103273640833,-0.03075352509999507,0.10293427923960861,NSE
subsequent_2016_2020,AUDIOSK5 vs KnobenK5,hysets_14020300,RF_Signature_K5,1096,-0.7494792895051163,0.10661090713830534,0.1618366312722296,NSE
subsequent_2016_2020,AUDIOSK5 vs KnobenK5,hysets_14020300,Knoben_K5,1096,0.7058708046434037,0.5181522778051058,0.06635772592515926,NSE
subsequent_2016_2020,AUDIOSK5 vs KnobenK5,hysets_14038530,RF_Signature_K5,1096,0.03502488268912263,0.5575568103703115,0.14306820825356592,NSE
subsequent_2016_2020,AUDIOSK5 vs KnobenK5,hysets_14038530,Knoben_K5,1096,-13.374529530340256,-2.489001376493192,0.5521815614240934,NSE
subsequent_2016_2020,AUDIOSK5 vs KnobenK5,hysets_14044000,RF_Signature_K5,1046,0.13070422089686307,0.46044548064224244,0.12540461898295854,NSE
subsequent_2016_2020,AUDIOSK5 vs KnobenK5,hysets_14044000,Knoben_K5,1046,-20.895398455373254,-3.964967239329745,0.6293701975907091,NSE
subsequent_2016_2020,AUDIOSK5 vs KnobenK5,hysets_14096850,RF_Signature_K5,1096,-0.638851658942359,0.13842985398331709,0.1448777400869042,NSE
subsequent_2016_2020,AUDIOSK5 vs KnobenK5,hysets_14096850,Knoben_K5,1096,0.2314198451495969,0.5559062140230208,0.09921479140731333,NSE
subsequent_2016_2020,AUDIOSK5 vs KnobenK5,hysets_14097100,RF_Signature_K5,1096,-8.264091094315619,-1.1651280799595831,0.45370782035830365,NSE
subsequent_2016_2020,AUDIOSK5 vs KnobenK5,hysets_14097100,Knoben_K5,1096,0.023818681962865407,0.48138355578014247,0.1472787544443808,NSE
subsequent_2016_2020,AUDIOSK5 vs KnobenK5,hysets_14154500,RF_Signature_K5,1096,0.549619804281814,0.728795497986799,0.06719942396310719,NSE
subsequent_2016_2020,AUDIOSK5 vs KnobenK5,hysets_14154500,Knoben_K5,1096,0.47867457734324503,0.39799768632961996,0.07229867857274558,NSE
subsequent_2016_2020,AUDIOSK5 vs KnobenK5,hysets_14158500,RF_Signature_K5,731,-0.9289101418931365,0.029573434097340034,0.30743679129715484,NSE
subsequent_2016_2020,AUDIOSK5 vs KnobenK5,hysets_14158500,Knoben_K5,731,0.20679939071946085,0.6308595426975683,0.19714753896896164,NSE
subsequent_2016_2020,AUDIOSK5 vs KnobenK5,hysets_14166500,RF_Signature_K5,1096,0.5025574582708097,0.5960204932012392,0.0749122249045483,NSE
subsequent_2016_2020,AUDIOSK5 vs KnobenK5,hysets_14166500,Knoben_K5,1096,-7.999229779571184,-2.0864545734073134,0.3186279757175844,NSE
subsequent_2016_2020,AUDIOSK5 vs KnobenK5,hysets_14178000,RF_Signature_K5,731,-0.7933086685307518,-0.1075981256805405,0.19473840973308296,NSE
subsequent_2016_2020,AUDIOSK5 vs KnobenK5,hysets_14178000,Knoben_K5,731,-0.13225251673889438,0.2909910808116625,0.15473755938341016,NSE
subsequent_2016_2020,AUDIOSK5 vs KnobenK5,hysets_14182500,RF_Signature_K5,1096,0.7822282250957855,0.857824423994486,0.045719446016372005,NSE
subsequent_2016_2020,AUDIOSK5 vs KnobenK5,hysets_14182500,Knoben_K5,1096,0.5825705596621412,0.5094521249903923,0.06329824978513669,NSE
subsequent_2016_2020,AUDIOSK5 vs KnobenK5,hysets_14185900,RF_Signature_K5,1096,0.8083954559382156,0.8272794865534584,0.0515936338993078,NSE
subsequent_2016_2020,AUDIOSK5 vs KnobenK5,hysets_14185900,Knoben_K5,1096,0.5948492553067413,0.5076042050312048,0.07502422815918072,NSE
subsequent_2016_2020,AUDIOSK5 vs KnobenK5,hysets_14236200,RF_Signature_K5,1096,0.6207989654583583,0.5721338348038438,0.07556122731281184,NSE
subsequent_2016_2020,AUDIOSK5 vs KnobenK5,hysets_14236200,Knoben_K5,1096,0.6243612527936458,0.7821941028819305,0.07520547149209968,NSE
subsequent_2016_2020,AUDIOSK5 vs KnobenK5,hysets_14301000,RF_Signature_K5,1095,0.6995819253445117,0.8035426528304187,0.0711737116274338,NSE
subsequent_2016_2020,AUDIOSK5 vs KnobenK5,hysets_14301000,Knoben_K5,1095,0.8382413237091065,0.7608692735621487,0.052226434471445524,NSE
subsequent_2016_2020,AUDIOSK5 vs KnobenK5,hysets_14306500,RF_Signature_K5,1096,0.7964175016326906,0.702108129172496,0.052415155369819465,NSE
subsequent_2016_2020,AUDIOSK5 vs KnobenK5,hysets_14306500,Knoben_K5,1096,0.2447643284258043,0.3901483416585295,0.10095501668039536,NSE
subsequent_2016_2020,AUDIOSK5 vs KnobenK5,hysets_14308000,RF_Signature_K5,1096,0.5081999116538272,0.34749888410880014,0.0595733995137786,NSE
subsequent_2016_2020,AUDIOSK5 vs KnobenK5,hysets_14308000,Knoben_K5,1096,-6.893964130191595,-1.9637598145277386,0.23867429951488708,NSE
subsequent_2016_2020,AUDIOSK5 vs KnobenK5,hysets_14309500,RF_Signature_K5,1096,0.8515031042061116,0.7955645514870446,0.042603985157693335,NSE
subsequent_2016_2020,AUDIOSK5 vs KnobenK5,hysets_14309500,Knoben_K5,1096,0.6046391583240374,0.2546902111180316,0.06951657446326709,NSE
subsequent_2016_2020,AUDIOSK5 vs KnobenK5,hysets_14316700,RF_Signature_K5,1096,0.7362208777857139,0.7732783732628608,0.05560713668196432,NSE
subsequent_2016_2020,AUDIOSK5 vs KnobenK5,hysets_14316700,Knoben_K5,1096,0.7987638695143623,0.8475111615505184,0.048569463083743936,NSE
subsequent_2016_2020,AUDIOSK5 vs KnobenK5,hysets_14338000,RF_Signature_K5,1096,-1.1644562434191652,-0.0006481582617428039,0.14536286994989067,NSE
subsequent_2016_2020,AUDIOSK5 vs KnobenK5,hysets_14338000,Knoben_K5,1096,-3.6949304828454714,-1.5159534409907307,0.21408866133436985,NSE
subsequent_2016_2020,AUDIOSK5 vs KnobenK5,hysets_14377100,RF_Signature_K5,1093,0.6463611784697063,0.6598831709357104,0.07185844195403394,NSE
subsequent_2016_2020,AUDIOSK5 vs KnobenK5,hysets_14377100,Knoben_K5,1093,0.7957538037906624,0.5667575405883193,0.054610332123305995,NSE
subsequent_2016_2020,AUDIOSK5 vs KnobenK5,hysets_14400000,RF_Signature_K5,1096,0.4902231662333575,0.4887131949900938,0.0807976142052656,NSE
subsequent_2016_2020,AUDIOSK5 vs KnobenK5,hysets_14400000,Knoben_K5,1096,0.09368527970405038,-0.06896238014070133,0.1077328145940113,NSE
subsequent_2016_2020,AUDIOSK5 vs KnobenK5,lamah_12425002,RF_Signature_K5,731,-1.038350859282728,0.035010464291491905,0.17561149916539467,NSE
subsequent_2016_2020,AUDIOSK5 vs KnobenK5,lamah_12425002,Knoben_K5,731,-0.150987712670269,0.4280047463157941,0.13196198014769833,NSE
subsequent_2016_2020,AUDIOSK5 vs KnobenK5,lamah_16000708,RF_Signature_K5,731,0.6853370286392555,0.7442062475122597,0.10358208987318847,NSE
subsequent_2016_2020,AUDIOSK5 vs KnobenK5,lamah_16000708,Knoben_K5,731,0.5548379802742902,0.7656219569913159,0.12320289175597313,NSE
subsequent_2016_2020,AUDIOSK5 vs KnobenK5,lamah_16001303,RF_Signature_K5,731,-11.9454851322077,-1.7674536901265783,0.31773152489121465,NSE
subsequent_2016_2020,AUDIOSK5 vs KnobenK5,lamah_16001303,Knoben_K5,731,-14.64860331878837,-2.124198948160774,0.34933245241000166,NSE
subsequent_2016_2020,AUDIOSK5 vs KnobenK5,lamah_16610709,RF_Signature_K5,731,0.13051858273831785,0.20928178556626553,0.06897301973240517,NSE
subsequent_2016_2020,AUDIOSK5 vs KnobenK5,lamah_16610709,Knoben_K5,731,0.30444332956722875,0.5059709566958851,0.06169008207476112,NSE
subsequent_2016_2020,AUDIOSK5 vs KnobenK5,lamah_17404000,RF_Signature_K5,731,-5.173234578334289,-0.6624438373707242,0.33562835021517684,NSE
subsequent_2016_2020,AUDIOSK5 vs KnobenK5,lamah_17404000,Knoben_K5,731,-3.301630148875483,-0.47644281596396687,0.28016816247477194,NSE
subsequent_2016_2020,AUDIOSK5 vs KnobenK5,lamah_18481006,RF_Signature_K5,731,0.8008458357986912,0.8430359792272868,0.047727006497385094,NSE
subsequent_2016_2020,AUDIOSK5 vs KnobenK5,lamah_18481006,Knoben_K5,731,0.6155943299876732,0.6853259341037223,0.06630776540692529,NSE
subsequent_2016_2020,AUDIOSK5 vs KnobenK5,lamah_18486000,RF_Signature_K5,731,0.6822969355727152,0.6721712403631738,0.0633729422148084,NSE
subsequent_2016_2020,AUDIOSK5 vs KnobenK5,lamah_18486000,Knoben_K5,731,0.34579335111887466,0.5355732468849519,0.09093909867744197,NSE
subsequent_2016_2020,AUDIOSK5 vs KnobenK5,lamah_200253,RF_Signature_K5,731,0.08008496864135406,0.23675320539639622,0.11843311483434925,NSE
subsequent_2016_2020,AUDIOSK5 vs KnobenK5,lamah_200253,Knoben_K5,731,0.7129909488051549,0.6278748015430667,0.06615262626460203,NSE
subsequent_2016_2020,AUDIOSK5 vs KnobenK5,lamah_200261,RF_Signature_K5,731,0.18315888221946053,0.2192636086510018,0.10637338973199408,NSE
subsequent_2016_2020,AUDIOSK5 vs KnobenK5,lamah_200261,Knoben_K5,731,0.6016709231051578,0.49390394656063363,0.07428227707467755,NSE
subsequent_2016_2020,AUDIOSK5 vs KnobenK5,lamah_200303,RF_Signature_K5,731,0.2539107650574355,0.45628838004012473,0.07385334313605782,NSE
subsequent_2016_2020,AUDIOSK5 vs KnobenK5,lamah_200303,Knoben_K5,731,0.34783084739693815,0.4024316162393171,0.0690486034294904,NSE
subsequent_2016_2020,AUDIOSK5 vs KnobenK5,lamah_201087,RF_Signature_K5,731,0.5083136386876985,0.4626468609023515,0.09912788276693012,NSE
subsequent_2016_2020,AUDIOSK5 vs KnobenK5,lamah_201087,Knoben_K5,731,0.530762093545676,0.464376191162443,0.096838553514205,NSE
subsequent_2016_2020,AUDIOSK5 vs KnobenK5,lamah_201095,RF_Signature_K5,731,0.7389414463747148,0.8201019361967844,0.08735211635104838,NSE
subsequent_2016_2020,AUDIOSK5 vs KnobenK5,lamah_201095,Knoben_K5,731,0.35307574605323266,0.6863727504631514,0.13750901923262,NSE
subsequent_2016_2020,AUDIOSK5 vs KnobenK5,lamah_201160,RF_Signature_K5,731,0.5963006012534063,0.6010101482368592,0.0749045331956012,NSE
subsequent_2016_2020,AUDIOSK5 vs KnobenK5,lamah_201160,Knoben_K5,731,0.6319150787033805,0.49695971739634937,0.07152420906524778,NSE
subsequent_2016_2020,AUDIOSK5 vs KnobenK5,lamah_201236,RF_Signature_K5,731,0.5726143590858963,0.6049922484326316,0.08137838368294147,NSE
subsequent_2016_2020,AUDIOSK5 vs KnobenK5,lamah_201236,Knoben_K5,731,0.19192261269585587,0.22608128771722924,0.11189883712734544,NSE
subsequent_2016_2020,AUDIOSK5 vs KnobenK5,lamah_201251,RF_Signature_K5,731,0.7932113035336871,0.8485195747994587,0.07215838382782656,NSE
subsequent_2016_2020,AUDIOSK5 vs KnobenK5,lamah_201251,Knoben_K5,731,0.9007743249481807,0.8931200237906259,0.049984509050804635,NSE
subsequent_2016_2020,AUDIOSK5 vs KnobenK5,lamah_201335,RF_Signature_K5,731,-1.007066613006654,-0.28988977946897654,0.20118840855408449,NSE
subsequent_2016_2020,AUDIOSK5 vs KnobenK5,lamah_201335,Knoben_K5,731,-0.30495224147090205,0.02221896814164437,0.16222559317091267,NSE
subsequent_2016_2020,AUDIOSK5 vs KnobenK5,lamah_201392,RF_Signature_K5,731,0.5208947514283817,0.7162232039383959,0.15528187564860824,NSE
subsequent_2016_2020,AUDIOSK5 vs KnobenK5,lamah_201392,Knoben_K5,731,0.29298328159260933,0.4936732108028823,0.18863407453024061,NSE
subsequent_2016_2020,AUDIOSK5 vs KnobenK5,lamah_201434,RF_Signature_K5,731,0.7317254525380115,0.7722424050136917,0.11451858396918632,NSE
subsequent_2016_2020,AUDIOSK5 vs KnobenK5,lamah_201434,Knoben_K5,731,0.6866952643309343,0.5752754143415244,0.1237569830313122,NSE
subsequent_2016_2020,AUDIOSK5 vs KnobenK5,lamah_201558,RF_Signature_K5,731,0.85284774865563,0.7911013625600685,0.07159065472564843,NSE
subsequent_2016_2020,AUDIOSK5 vs KnobenK5,lamah_201558,Knoben_K5,731,0.8175632679512128,0.7601184002079243,0.07971297554323568,NSE
subsequent_2016_2020,AUDIOSK5 vs KnobenK5,lamah_201566,RF_Signature_K5,731,0.7048714644849361,0.61517818227984,0.059734422491528175,NSE
subsequent_2016_2020,AUDIOSK5 vs KnobenK5,lamah_201566,Knoben_K5,731,0.4943256602571209,0.49611114220020325,0.07819059644261281,NSE
subsequent_2016_2020,AUDIOSK5 vs KnobenK5,lamah_201574,RF_Signature_K5,731,0.9351639688940849,0.938138148651233,0.03958641833466249,NSE
subsequent_2016_2020,AUDIOSK5 vs KnobenK5,lamah_201574,Knoben_K5,731,0.5882794910949138,0.6527417464497975,0.09975605116427792,NSE
subsequent_2016_2020,AUDIOSK5 vs KnobenK5,lamah_201723,RF_Signature_K5,731,0.8688156086939083,0.8982554455474188,0.0714237987205578,NSE
subsequent_2016_2020,AUDIOSK5 vs KnobenK5,lamah_201723,Knoben_K5,731,0.8562742020418922,0.8101886044050852,0.074759988636973,NSE
subsequent_2016_2020,AUDIOSK5 vs KnobenK5,lamah_201848,RF_Signature_K5,731,0.6384097053694373,0.8146139791773952,0.10870201230725748,NSE
subsequent_2016_2020,AUDIOSK5 vs KnobenK5,lamah_201848,Knoben_K5,731,0.517384102344363,0.6108657461996773,0.125582756998195,NSE
subsequent_2016_2020,AUDIOSK5 vs KnobenK5,lamah_202036,RF_Signature_K5,731,0.7142459517962825,0.7232612229874618,0.08743429286043225,NSE
subsequent_2016_2020,AUDIOSK5 vs KnobenK5,lamah_202036,Knoben_K5,731,0.6674251593148811,0.5676509870886931,0.09432575759209762,NSE
subsequent_2016_2020,AUDIOSK5 vs KnobenK5,lamah_203026,RF_Signature_K5,731,0.8332331078211042,0.7007222164833506,0.07001987714305007,NSE
subsequent_2016_2020,AUDIOSK5 vs KnobenK5,lamah_203026,Knoben_K5,731,0.574728430096175,0.6663823496313013,0.1118148799597858,NSE
subsequent_2016_2020,AUDIOSK5 vs KnobenK5,lamah_203075,RF_Signature_K5,731,0.7774247428881819,0.6887095378565355,0.07895488039148757,NSE
subsequent_2016_2020,AUDIOSK5 vs KnobenK5,lamah_203075,Knoben_K5,731,0.7859594959333636,0.7157577048168271,0.077426302614974,NSE
subsequent_2016_2020,AUDIOSK5 vs KnobenK5,lamah_203166,RF_Signature_K5,731,0.8249765086049492,0.813481534153691,0.0612762622026612,NSE
subsequent_2016_2020,AUDIOSK5 vs KnobenK5,lamah_203166,Knoben_K5,731,0.06689812953902086,0.36552523590068786,0.14148442181721113,NSE
subsequent_2016_2020,AUDIOSK5 vs KnobenK5,lamah_203224,RF_Signature_K5,731,0.6986980672200334,0.553020755526517,0.07966929600175657,NSE
subsequent_2016_2020,AUDIOSK5 vs KnobenK5,lamah_203224,Knoben_K5,731,0.6178964754437897,0.45212124466642134,0.0897181980910481,NSE
subsequent_2016_2020,AUDIOSK5 vs KnobenK5,lamah_203265,RF_Signature_K5,731,0.25560368810960765,0.4887172685016039,0.0840001461603109,NSE
subsequent_2016_2020,AUDIOSK5 vs KnobenK5,lamah_203265,Knoben_K5,731,-0.947936884429659,0.057703222426388145,0.13588307800973448,NSE
subsequent_2016_2020,AUDIOSK5 vs KnobenK5,lamah_203307,RF_Signature_K5,731,0.6893218636177632,0.6009588887445481,0.05714533959690135,NSE
subsequent_2016_2020,AUDIOSK5 vs KnobenK5,lamah_203307,Knoben_K5,731,0.7426554639566363,0.786609667257242,0.05200953227031617,NSE
subsequent_2016_2020,AUDIOSK5 vs KnobenK5,lamah_203463,RF_Signature_K5,731,0.5953042513993512,0.7162265615365547,0.10872309695670246,NSE
subsequent_2016_2020,AUDIOSK5 vs KnobenK5,lamah_203463,Knoben_K5,731,0.5767735608447886,0.691393415929472,0.11118440822261112,NSE
subsequent_2016_2020,AUDIOSK5 vs KnobenK5,lamah_203505,RF_Signature_K5,731,0.4040566412335941,0.665535117515611,0.11700447230453571,NSE
subsequent_2016_2020,AUDIOSK5 vs KnobenK5,lamah_203505,Knoben_K5,731,0.6662600216790682,0.815200866114449,0.0875596640904393,NSE
subsequent_2016_2020,AUDIOSK5 vs KnobenK5,lamah_203711,RF_Signature_K5,731,0.7975699669000788,0.7604300063123639,0.06919375878542357,NSE
subsequent_2016_2020,AUDIOSK5 vs KnobenK5,lamah_203711,Knoben_K5,731,0.8596379362813471,0.7827404204611565,0.05761748834811184,NSE
subsequent_2016_2020,AUDIOSK5 vs KnobenK5,lamah_203752,RF_Signature_K5,731,0.7273012502830893,0.7428264953173733,0.08148681474819175,NSE
subsequent_2016_2020,AUDIOSK5 vs KnobenK5,lamah_203752,Knoben_K5,731,0.7057827843912325,0.642088179496507,0.0846408096601677,NSE
subsequent_2016_2020,AUDIOSK5 vs KnobenK5,lamah_203760,RF_Signature_K5,731,0.4751857935303553,0.48970812417488496,0.11475587665510663,NSE
subsequent_2016_2020,AUDIOSK5 vs KnobenK5,lamah_203760,Knoben_K5,731,0.7617218490621146,0.7298122476769044,0.0773239897033144,NSE
subsequent_2016_2020,AUDIOSK5 vs KnobenK5,lamah_203786,RF_Signature_K5,731,0.8283523786223137,0.7915010300436647,0.07261877897360731,NSE
subsequent_2016_2020,AUDIOSK5 vs KnobenK5,lamah_203786,Knoben_K5,731,0.8570583600740515,0.8300509463641592,0.06626884902620626,NSE
subsequent_2016_2020,AUDIOSK5 vs KnobenK5,lamah_203794,RF_Signature_K5,731,0.551354064646707,0.5582899811582,0.10689279180677917,NSE
subsequent_2016_2020,AUDIOSK5 vs KnobenK5,lamah_203794,Knoben_K5,731,0.6117808936429319,0.6287246439539811,0.09943402144205787,NSE
subsequent_2016_2020,AUDIOSK5 vs KnobenK5,lamah_203828,RF_Signature_K5,731,0.6420661718405039,0.6358048956617695,0.08541257439213656,NSE
subsequent_2016_2020,AUDIOSK5 vs KnobenK5,lamah_203828,Knoben_K5,731,0.7745869439507984,0.804871168000382,0.0677813122968671,NSE
subsequent_2016_2020,AUDIOSK5 vs KnobenK5,lamah_204875,RF_Signature_K5,731,-0.9086494550321595,0.0589120692993238,0.14324429323153176,NSE
subsequent_2016_2020,AUDIOSK5 vs KnobenK5,lamah_204875,Knoben_K5,731,-0.26659784587465585,0.3322265595823468,0.11668999336937422,NSE
subsequent_2016_2020,AUDIOSK5 vs KnobenK5,lamah_204925,RF_Signature_K5,731,-1.6227730230453528,0.011872138816837685,0.16819005504253345,NSE
subsequent_2016_2020,AUDIOSK5 vs KnobenK5,lamah_204925,Knoben_K5,731,-6.732871405884496,-1.0428780446090173,0.28879545409167406,NSE
subsequent_2016_2020,AUDIOSK5 vs KnobenK5,lamah_205104,RF_Signature_K5,731,0.36124840387349055,0.3313061661605181,0.13545866474676432,NSE
subsequent_2016_2020,AUDIOSK5 vs KnobenK5,lamah_205104,Knoben_K5,731,0.41830180126241556,0.49271721819701275,0.12926758956034756,NSE
subsequent_2016_2020,AUDIOSK5 vs KnobenK5,lamah_205179,RF_Signature_K5,731,0.17356923682679049,0.4665390894897635,0.15545239232399283,NSE
subsequent_2016_2020,AUDIOSK5 vs KnobenK5,lamah_205179,Knoben_K5,731,0.27384336030172896,0.3932948449015703,0.14571670049248897,NSE
subsequent_2016_2020,AUDIOSK5 vs KnobenK5,lamah_205294,RF_Signature_K5,731,-0.06502137190526014,0.3036850008947003,0.09685391449781491,NSE
subsequent_2016_2020,AUDIOSK5 vs KnobenK5,lamah_205294,Knoben_K5,731,0.6050314870578355,0.5596529211766463,0.058981967304586484,NSE
subsequent_2016_2020,AUDIOSK5 vs KnobenK5,lamah_205500,RF_Signature_K5,731,0.7777253231716961,0.8821836705844913,0.05044033176732678,NSE
subsequent_2016_2020,AUDIOSK5 vs KnobenK5,lamah_205500,Knoben_K5,731,0.3227500537811687,0.5148189716233971,0.08804555396898173,NSE
subsequent_2016_2020,AUDIOSK5 vs KnobenK5,lamah_205740,RF_Signature_K5,731,0.6118454043889078,0.4401225575971468,0.05910916034892437,NSE
subsequent_2016_2020,AUDIOSK5 vs KnobenK5,lamah_205740,Knoben_K5,731,0.5716661801413022,0.41310103493011974,0.0620931378250909,NSE
subsequent_2016_2020,AUDIOSK5 vs KnobenK5,lamah_205823,RF_Signature_K5,731,0.7123358105861504,0.7543435565107162,0.04739343879146666,NSE
subsequent_2016_2020,AUDIOSK5 vs KnobenK5,lamah_205823,Knoben_K5,731,0.7324167129221699,0.8477722377982869,0.04570932555184765,NSE
subsequent_2016_2020,AUDIOSK5 vs KnobenK5,lamah_205831,RF_Signature_K5,731,0.8132030881866916,0.8200977554062008,0.04480951864750304,NSE
subsequent_2016_2020,AUDIOSK5 vs KnobenK5,lamah_205831,Knoben_K5,731,0.7039647020991882,0.7458517996968888,0.05641014049186429,NSE
subsequent_2016_2020,AUDIOSK5 vs KnobenK5,lamah_205864,RF_Signature_K5,731,0.6058928861260064,0.6097278744955532,0.06979132741291683,NSE
subsequent_2016_2020,AUDIOSK5 vs KnobenK5,lamah_205864,Knoben_K5,731,0.17801397974669386,0.31997775609664236,0.10079211006642413,NSE
subsequent_2016_2020,AUDIOSK5 vs KnobenK5,lamah_205898,RF_Signature_K5,731,0.6177599767548019,0.5925980907913795,0.06338299369020531,NSE
subsequent_2016_2020,AUDIOSK5 vs KnobenK5,lamah_205898,Knoben_K5,731,0.8587225022111795,0.9294400762435221,0.038533740255807324,NSE
subsequent_2016_2020,AUDIOSK5 vs KnobenK5,lamah_206508,RF_Signature_K5,731,0.42929980682126134,0.4292632631155979,0.10232688545424275,NSE
subsequent_2016_2020,AUDIOSK5 vs KnobenK5,lamah_206508,Knoben_K5,731,-0.37516663407960116,0.003351084700593754,0.15884129131912492,NSE
subsequent_2016_2020,AUDIOSK5 vs KnobenK5,lamah_207654,RF_Signature_K5,731,0.12293040210402029,0.24928034969438784,0.11714922723194235,NSE
subsequent_2016_2020,AUDIOSK5 vs KnobenK5,lamah_207654,Knoben_K5,731,0.5327350950710877,0.47301561499860634,0.08550745515484398,NSE
subsequent_2016_2020,AUDIOSK5 vs KnobenK5,lamah_207738,RF_Signature_K5,731,0.2110540229452944,0.38708185867795875,0.0833395731042612,NSE
subsequent_2016_2020,AUDIOSK5 vs KnobenK5,lamah_207738,Knoben_K5,731,0.6220180058288303,0.650396249151261,0.05768503951964303,NSE
subsequent_2016_2020,AUDIOSK5 vs KnobenK5,lamah_207852,RF_Signature_K5,731,-0.6603807740915308,-0.032663565847322884,0.11803076854854144,NSE
subsequent_2016_2020,AUDIOSK5 vs KnobenK5,lamah_207852,Knoben_K5,731,-0.031226346440474062,0.2944493641340198,0.09301829764514553,NSE
subsequent_2016_2020,AUDIOSK5 vs KnobenK5,lamah_208116,RF_Signature_K5,731,-3.202508771611954,-0.3144140449712003,0.18524552296269056,NSE
subsequent_2016_2020,AUDIOSK5 vs KnobenK5,lamah_208116,Knoben_K5,731,-9.009273711613353,-1.6842908830285883,0.285887185520638,NSE
subsequent_2016_2020,AUDIOSK5 vs KnobenK5,lamah_208686,RF_Signature_K5,731,-0.5580273036085666,0.11954482106292263,0.13958446432715435,NSE
subsequent_2016_2020,AUDIOSK5 vs KnobenK5,lamah_208686,Knoben_K5,731,-0.6327539654439736,0.23444336603560345,0.14289266160906808,NSE
subsequent_2016_2020,AUDIOSK5 vs KnobenK5,lamah_209361,RF_Signature_K5,731,0.5684150991575367,0.750290449291517,0.06528898410108865,NSE
subsequent_2016_2020,AUDIOSK5 vs KnobenK5,lamah_209361,Knoben_K5,731,0.4133113922032715,0.37356918127283956,0.07612207488458435,NSE
subsequent_2016_2020,AUDIOSK5 vs KnobenK5,lamah_209551,RF_Signature_K5,731,0.7077403236189467,0.5187394057420966,0.05892435154285129,NSE
subsequent_2016_2020,AUDIOSK5 vs KnobenK5,lamah_209551,Knoben_K5,731,0.6571749902346007,0.529524305929778,0.06381850273238833,NSE
subsequent_2016_2020,AUDIOSK5 vs KnobenK5,lamah_210526,RF_Signature_K5,731,0.40487473352749404,0.5912131095598894,0.1447006754186973,NSE
subsequent_2016_2020,AUDIOSK5 vs KnobenK5,lamah_210526,Knoben_K5,731,0.12897867091907145,0.3883403139530085,0.17505751481302748,NSE
subsequent_2016_2020,AUDIOSK5 vs KnobenK5,lamah_210641,RF_Signature_K5,731,0.830655000419618,0.7909246231114461,0.05487823355593513,NSE
subsequent_2016_2020,AUDIOSK5 vs KnobenK5,lamah_210641,Knoben_K5,731,0.8145896830152567,0.7043507096656951,0.057422339587754855,NSE
subsequent_2016_2020,AUDIOSK5 vs KnobenK5,lamah_210773,RF_Signature_K5,731,0.6167553651383859,0.7293552810434811,0.08242475916165395,NSE
subsequent_2016_2020,AUDIOSK5 vs KnobenK5,lamah_210773,Knoben_K5,731,0.812368427065606,0.8733664581105215,0.05767300819964102,NSE
subsequent_2016_2020,AUDIOSK5 vs KnobenK5,lamah_210815,RF_Signature_K5,731,0.5996770246911003,0.7802033702088704,0.06697094615173385,NSE
subsequent_2016_2020,AUDIOSK5 vs KnobenK5,lamah_210815,Knoben_K5,731,0.6343379672331627,0.8043305572385193,0.06400606250766173,NSE
subsequent_2016_2020,AUDIOSK5 vs KnobenK5,lamah_210856,RF_Signature_K5,731,0.007259932593878804,0.31513905582850554,0.1326402905522682,NSE
subsequent_2016_2020,AUDIOSK5 vs KnobenK5,lamah_210856,Knoben_K5,731,-0.24056717633723346,0.26756010604378244,0.14827496573738447,NSE
subsequent_2016_2020,AUDIOSK5 vs KnobenK5,lamah_210864,RF_Signature_K5,731,0.23786206277853938,0.5581625301624609,0.08362912732316143,NSE
subsequent_2016_2020,AUDIOSK5 vs KnobenK5,lamah_210864,Knoben_K5,731,-0.1094826822966648,0.44188529625993844,0.10090229370590671,NSE
subsequent_2016_2020,AUDIOSK5 vs KnobenK5,lamah_210898,RF_Signature_K5,731,-0.13258590887748256,0.2842777227989546,0.14175169116976175,NSE
subsequent_2016_2020,AUDIOSK5 vs KnobenK5,lamah_210898,Knoben_K5,731,0.44653621656537756,0.6864423886149932,0.09909169921569005,NSE
subsequent_2016_2020,AUDIOSK5 vs KnobenK5,lamah_211086,RF_Signature_K5,731,0.6839715445181911,0.6899370607630068,0.0787123219900543,NSE
subsequent_2016_2020,AUDIOSK5 vs KnobenK5,lamah_211086,Knoben_K5,731,0.41780662341378794,0.6179925554101623,0.10683492758660783,NSE
subsequent_2016_2020,AUDIOSK5 vs KnobenK5,lamah_211169,RF_Signature_K5,731,0.29508872027291577,0.6277874841317999,0.07400625799134093,NSE
subsequent_2016_2020,AUDIOSK5 vs KnobenK5,lamah_211169,Knoben_K5,731,-1.912408417518927,-0.03277432576306727,0.1504275402605913,NSE
subsequent_2016_2020,AUDIOSK5 vs KnobenK5,lamah_211656,RF_Signature_K5,731,-1.2153122944132506,-0.2457531836744411,0.06905481868871576,NSE
subsequent_2016_2020,AUDIOSK5 vs KnobenK5,lamah_211656,Knoben_K5,731,-1.7804427415933892,-1.1933051626736488,0.07736303310804633,NSE
subsequent_2016_2020,AUDIOSK5 vs KnobenK5,lamah_212027,RF_Signature_K5,731,0.16122768212379568,0.534810662891039,0.15117771844496553,NSE
subsequent_2016_2020,AUDIOSK5 vs KnobenK5,lamah_212027,Knoben_K5,731,-0.3438584838242249,0.23456612806387034,0.19135618805312868,NSE
subsequent_2016_2020,AUDIOSK5 vs KnobenK5,lamah_212092,RF_Signature_K5,731,0.8685348678002264,0.7748723182364806,0.06329818530564109,NSE
subsequent_2016_2020,AUDIOSK5 vs KnobenK5,lamah_212092,Knoben_K5,731,0.8401033952478542,0.8318098773280187,0.06980806325870431,NSE
subsequent_2016_2020,AUDIOSK5 vs KnobenK5,lamah_212100,RF_Signature_K5,731,0.6940842054009411,0.6022971290684399,0.0968860674205947,NSE
subsequent_2016_2020,AUDIOSK5 vs KnobenK5,lamah_212100,Knoben_K5,731,0.8495253516566849,0.7110164428121575,0.06795040454847778,NSE
subsequent_2016_2020,AUDIOSK5 vs KnobenK5,lamah_212167,RF_Signature_K5,731,0.7757626540592932,0.6440776546757734,0.07885257396492261,NSE
subsequent_2016_2020,AUDIOSK5 vs KnobenK5,lamah_212167,Knoben_K5,731,0.9219585099269776,0.7599422766607098,0.04651839035157558,NSE
subsequent_2016_2020,AUDIOSK5 vs KnobenK5,lamah_212183,RF_Signature_K5,731,0.88192575543216,0.844097993054675,0.05762656030541747,NSE
subsequent_2016_2020,AUDIOSK5 vs KnobenK5,lamah_212183,Knoben_K5,731,0.8513539329748914,0.799971606344761,0.06465793364012756,NSE
subsequent_2016_2020,AUDIOSK5 vs KnobenK5,lamah_212399,RF_Signature_K5,731,0.40933170305650424,0.5641918701099172,0.07782737806875059,NSE
subsequent_2016_2020,AUDIOSK5 vs KnobenK5,lamah_212399,Knoben_K5,731,-0.5838315612399263,0.10845340896472411,0.12744272981420496,NSE
subsequent_2016_2020,AUDIOSK5 vs KnobenK5,lamah_212431,RF_Signature_K5,731,0.08821470422572286,0.3231000261145952,0.10709511252446052,NSE
subsequent_2016_2020,AUDIOSK5 vs KnobenK5,lamah_212431,Knoben_K5,731,0.2978157128808776,0.5340029113457514,0.09398291539271958,NSE
subsequent_2016_2020,AUDIOSK5 vs KnobenK5,lamah_212613,RF_Signature_K5,731,0.45245994768384623,0.6451937538423862,0.13519995868669296,NSE
subsequent_2016_2020,AUDIOSK5 vs KnobenK5,lamah_212613,Knoben_K5,731,-0.02889327359565641,0.45227910294324336,0.18533343553244008,NSE
subsequent_2016_2020,AUDIOSK5 vs KnobenK5,lamah_212647,RF_Signature_K5,731,0.6842665570629187,0.6744551725603702,0.07206975369163422,NSE
subsequent_2016_2020,AUDIOSK5 vs KnobenK5,lamah_212647,Knoben_K5,731,0.10693321385309584,0.4511520829080323,0.1212089569705618,NSE
subsequent_2016_2020,AUDIOSK5 vs KnobenK5,lamah_212670,RF_Signature_K5,731,0.32341006083353163,0.45862706832073796,0.07449620241727062,NSE
subsequent_2016_2020,AUDIOSK5 vs KnobenK5,lamah_212670,Knoben_K5,731,0.08303347075189016,0.4997496030973032,0.08672575879081738,NSE
subsequent_2016_2020,AUDIOSK5 vs KnobenK5,lamah_212860,RF_Signature_K5,731,0.44881734349753444,0.4036124716816879,0.1134029541236711,NSE
subsequent_2016_2020,AUDIOSK5 vs KnobenK5,lamah_212860,Knoben_K5,731,-0.021744820540011034,0.3775564122878744,0.1544001857955968,NSE
subsequent_2016_2020,AUDIOSK5 vs KnobenK5,lamah_212878,RF_Signature_K5,731,-0.1560796513450904,-0.2033702327285103,0.14994317979042482,NSE
subsequent_2016_2020,AUDIOSK5 vs KnobenK5,lamah_212878,Knoben_K5,731,-0.9526897373077341,0.08873145459763432,0.19487200784399705,NSE
subsequent_2016_2020,AUDIOSK5 vs KnobenK5,lamah_212886,RF_Signature_K5,731,0.36992526572810813,0.3556300437602816,0.10646671129571375,NSE
subsequent_2016_2020,AUDIOSK5 vs KnobenK5,lamah_212886,Knoben_K5,731,-1.0828612670773214,0.15223616779408,0.19357442532038574,NSE
subsequent_2016_2020,AUDIOSK5 vs KnobenK5,lamah_212928,RF_Signature_K5,731,-1.2351687842917496,0.11913804127936134,0.16564776880173626,NSE
subsequent_2016_2020,AUDIOSK5 vs KnobenK5,lamah_212928,Knoben_K5,731,-2.798075686184776,-0.2729896525268185,0.21592962780347294,NSE
subsequent_2016_2020,AUDIOSK5 vs KnobenK5,lamah_213124,RF_Signature_K5,731,0.12560491505309646,0.38936545633590647,0.10629928559309483,NSE
subsequent_2016_2020,AUDIOSK5 vs KnobenK5,lamah_213124,Knoben_K5,731,0.03457939516258868,0.3906457648442504,0.11169526780086905,NSE
subsequent_2016_2020,AUDIOSK5 vs KnobenK5,lamah_213181,RF_Signature_K5,731,0.8452147619002384,0.8792999638688113,0.05900615252883289,NSE
subsequent_2016_2020,AUDIOSK5 vs KnobenK5,lamah_213181,Knoben_K5,731,-4.03853266787574,-0.2969062082288738,0.33665461097670735,NSE
subsequent_2016_2020,AUDIOSK5 vs KnobenK5,lamah_213306,RF_Signature_K5,731,-0.6568353705580066,-0.16530517101702236,0.2003523822470894,NSE
subsequent_2016_2020,AUDIOSK5 vs KnobenK5,lamah_213306,Knoben_K5,731,-7.222988774173887,-0.9847076367867598,0.4463439789687631,NSE
subsequent_2016_2020,AUDIOSK5 vs KnobenK5,lamah_2150,RF_Signature_K5,731,0.7440399578815295,0.7087086226594219,0.05338316356898285,NSE
subsequent_2016_2020,AUDIOSK5 vs KnobenK5,lamah_2150,Knoben_K5,731,0.8867664307144691,0.9177591671591542,0.03550633278932278,NSE
subsequent_2016_2020,AUDIOSK5 vs KnobenK5,lamah_2262,RF_Signature_K5,731,0.4990267683938364,0.46379600186771186,0.08995620531970133,NSE
subsequent_2016_2020,AUDIOSK5 vs KnobenK5,lamah_2262,Knoben_K5,731,0.31332521756680654,0.42353336369193395,0.10531722705655241,NSE
subsequent_2016_2020,AUDIOSK5 vs KnobenK5,lamah_403,RF_Signature_K5,731,0.8704864899902814,0.8842930198633835,0.059824402230545574,NSE
subsequent_2016_2020,AUDIOSK5 vs KnobenK5,lamah_403,Knoben_K5,731,0.4238891657925372,0.394930943222235,0.12617515656361286,NSE
subsequent_2016_2020,AUDIOSK5 vs KnobenK5,camelscl_4532001,RF_Signature_K5,1006,-1.8886172265207923,-0.28799171300952064,0.3066481336529277,NSE
subsequent_2016_2020,AUDIOSK5 vs KnobenK5,camelscl_4532001,Knoben_K5,1006,-356.57298878773645,-20.092030260151198,3.4117537662786868,NSE
subsequent_2016_2020,AUDIOSK5 vs KnobenK5,camelscl_5401003,RF_Signature_K5,1507,-4.1931839354229385,-0.511161855358188,0.5166552484392887,NSE
subsequent_2016_2020,AUDIOSK5 vs KnobenK5,camelscl_5401003,Knoben_K5,1507,-0.4234015896850096,0.39454995950193716,0.27048782161103013,NSE
subsequent_2016_2020,AUDIOSK5 vs KnobenK5,camelscl_8351001,RF_Signature_K5,1027,-1.2259639100922857,-0.3167247737802017,0.1076439060340363,NSE
subsequent_2016_2020,AUDIOSK5 vs KnobenK5,camelscl_8351001,Knoben_K5,1027,-5.102958859407991,-0.7537279307208755,0.1782381271954796,NSE
subsequent_2016_2020,AUDIOSK5 vs KnobenK5,hysets_01096000,RF_Signature_K5,731,-0.9859870904370998,0.20145067432970798,0.16952143671489037,NSE
subsequent_2016_2020,AUDIOSK5 vs KnobenK5,hysets_01096000,Knoben_K5,731,0.5395822240673,0.5389201656607419,0.08162298162657292,NSE
subsequent_2016_2020,AUDIOSK5 vs KnobenK5,hysets_01545600,RF_Signature_K5,1096,-1.001993090190521,0.233229651037422,0.12617860266882938,NSE
subsequent_2016_2020,AUDIOSK5 vs KnobenK5,hysets_01545600,Knoben_K5,1096,-0.20329600025033745,0.45286661845251175,0.09782292918352556,NSE
subsequent_2016_2020,AUDIOSK5 vs KnobenK5,hysets_01552000,RF_Signature_K5,1096,0.4803013058456336,0.4413316370322661,0.05602667696782216,NSE
subsequent_2016_2020,AUDIOSK5 vs KnobenK5,hysets_01552000,Knoben_K5,1096,0.27481748033753106,0.38313669638525927,0.06618243095460202,NSE
subsequent_2016_2020,AUDIOSK5 vs KnobenK5,hysets_01665500,RF_Signature_K5,1096,0.046024562152015,0.10285271271103513,0.051049562789814276,NSE
subsequent_2016_2020,AUDIOSK5 vs KnobenK5,hysets_01665500,Knoben_K5,1096,0.06060183048253509,0.13399063017752,0.050658028647402445,NSE
subsequent_2016_2020,AUDIOSK5 vs KnobenK5,hysets_02027000,RF_Signature_K5,1096,0.14597734157047226,0.27511328361589316,0.05382831150834573,NSE
subsequent_2016_2020,AUDIOSK5 vs KnobenK5,hysets_02027000,Knoben_K5,1096,-0.21929806263531426,-0.40133267918339555,0.06431777354673496,NSE
subsequent_2016_2020,AUDIOSK5 vs KnobenK5,hysets_02028500,RF_Signature_K5,1096,0.3107124124346138,0.39444141401989075,0.06625811837482863,NSE
subsequent_2016_2020,AUDIOSK5 vs KnobenK5,hysets_02028500,Knoben_K5,1096,-0.341164183859084,0.29682752150861735,0.09242295351812578,NSE
subsequent_2016_2020,AUDIOSK5 vs KnobenK5,hysets_02479300,RF_Signature_K5,884,-0.24042156608548093,0.04136089225146056,0.11248472422664942,NSE
subsequent_2016_2020,AUDIOSK5 vs KnobenK5,hysets_02479300,Knoben_K5,884,-0.6203823181591188,-0.6116346318931802,0.1285634864956743,NSE
subsequent_2016_2020,AUDIOSK5 vs KnobenK5,hysets_03010500,RF_Signature_K5,1096,0.6447286964671355,0.8176521685063195,0.06836231124791518,NSE
subsequent_2016_2020,AUDIOSK5 vs KnobenK5,hysets_03010500,Knoben_K5,1096,0.6302100307055487,0.8168220414691058,0.06974518584150143,NSE
subsequent_2016_2020,AUDIOSK5 vs KnobenK5,hysets_03021350,RF_Signature_K5,1096,0.16230443957836882,0.31651612469984414,0.08217237029373214,NSE
subsequent_2016_2020,AUDIOSK5 vs KnobenK5,hysets_03021350,Knoben_K5,1096,0.41491676214393214,0.40592107309355085,0.06867387216484078,NSE
subsequent_2016_2020,AUDIOSK5 vs KnobenK5,hysets_03198500,RF_Signature_K5,1096,0.653005716932247,0.7767750273427946,0.05781674760980766,NSE
subsequent_2016_2020,AUDIOSK5 vs KnobenK5,hysets_03198500,Knoben_K5,1096,0.5301102640640529,0.7528715622571336,0.06728069623197235,NSE
subsequent_2016_2020,AUDIOSK5 vs KnobenK5,hysets_04287000,RF_Signature_K5,1096,0.4519569156658598,0.5958476141212448,0.06495101612026703,NSE
subsequent_2016_2020,AUDIOSK5 vs KnobenK5,hysets_04287000,Knoben_K5,1096,0.3037231494572624,0.6193063068197404,0.07320986009895378,NSE
subsequent_2016_2020,AUDIOSK5 vs KnobenK5,hysets_05BG006,RF_Signature_K5,1096,-0.34434685232536744,0.08214529821267136,0.0736816278815388,NSE
subsequent_2016_2020,AUDIOSK5 vs KnobenK5,hysets_05BG006,Knoben_K5,1096,-7.0384181387535385,-1.4012397462300532,0.18017263982527768,NSE
subsequent_2016_2020,AUDIOSK5 vs KnobenK5,hysets_05DA009,RF_Signature_K5,366,-0.3819918871775012,0.11558713775783402,0.32994637559583345,NSE
subsequent_2016_2020,AUDIOSK5 vs KnobenK5,hysets_05DA009,Knoben_K5,366,-0.8380630438241357,0.052613478729179874,0.3805141548855497,NSE
subsequent_2016_2020,AUDIOSK5 vs KnobenK5,hysets_06339100,RF_Signature_K5,1096,-1.6312694281241975,-0.07667594609632955,0.11129906721417916,NSE
subsequent_2016_2020,AUDIOSK5 vs KnobenK5,hysets_06339100,Knoben_K5,1096,-1.6041176834289974,-2.8841787814045405,0.11072333746813978,NSE
subsequent_2016_2020,AUDIOSK5 vs KnobenK5,hysets_06344600,RF_Signature_K5,1096,-0.362571313823143,0.008071099884481514,0.05987158745542508,NSE
subsequent_2016_2020,AUDIOSK5 vs KnobenK5,hysets_06344600,Knoben_K5,1096,-2.182710488143811,-4.712633160947679,0.0915039243630515,NSE
subsequent_2016_2020,AUDIOSK5 vs KnobenK5,hysets_07377000,RF_Signature_K5,1096,-0.0896880245220033,-0.03202277872188364,0.05011867771621906,NSE
subsequent_2016_2020,AUDIOSK5 vs KnobenK5,hysets_07377000,Knoben_K5,1096,-0.04006479402305052,0.15852694641298515,0.04896420565257398,NSE
subsequent_2016_2020,AUDIOSK5 vs KnobenK5,hysets_07SB013,RF_Signature_K5,366,-8490.167800586509,-150.05439216671343,23.246084928023347,NSE
subsequent_2016_2020,AUDIOSK5 vs KnobenK5,hysets_07SB013,Knoben_K5,366,-10374357.690052591,-7244.277203345339,812.5437202187957,NSE
subsequent_2016_2020,AUDIOSK5 vs KnobenK5,hysets_08176900,RF_Signature_K5,1096,-1.1675682175685371,-0.11019360065020889,0.08497571795084852,NSE
subsequent_2016_2020,AUDIOSK5 vs KnobenK5,hysets_08176900,Knoben_K5,1096,-1.2402403680516239,-1.456409585328383,0.0863884664811539,NSE
subsequent_2016_2020,AUDIOSK5 vs KnobenK5,hysets_08189500,RF_Signature_K5,1095,-0.7143399060699285,0.04649784216598696,0.08189784871860348,NSE
subsequent_2016_2020,AUDIOSK5 vs KnobenK5,hysets_08189500,Knoben_K5,1095,-2.5722322706111678,-3.4762039573085355,0.11822079385300852,NSE
subsequent_2016_2020,AUDIOSK5 vs KnobenK5,hysets_08201500,RF_Signature_K5,1096,-0.10206851166351627,-0.1672720317829064,0.050301720208560524,NSE
subsequent_2016_2020,AUDIOSK5 vs KnobenK5,hysets_08201500,Knoben_K5,1096,-4.537336097604382,-2.228395147216285,0.11275322759644256,NSE
subsequent_2016_2020,AUDIOSK5 vs KnobenK5,hysets_08202700,RF_Signature_K5,1096,-70.46145766793192,-18.8234024510614,0.2950529549374853,NSE
subsequent_2016_2020,AUDIOSK5 vs KnobenK5,hysets_08202700,Knoben_K5,1096,-193.90380506105896,-131.5129059567148,0.48727506939324194,NSE
subsequent_2016_2020,AUDIOSK5 vs KnobenK5,hysets_08ED002,RF_Signature_K5,1096,0.6993197850369606,0.8271445271832214,0.1214877147647558,NSE
subsequent_2016_2020,AUDIOSK5 vs KnobenK5,hysets_08ED002,Knoben_K5,1096,-0.061246800385583944,0.4162363555963432,0.22823809498816566,NSE
subsequent_2016_2020,AUDIOSK5 vs KnobenK5,hysets_08GA072,RF_Signature_K5,366,-0.3220427095715612,0.14159436693943683,0.20591946870975825,NSE
subsequent_2016_2020,AUDIOSK5 vs KnobenK5,hysets_08GA072,Knoben_K5,366,0.12840575205789995,0.4580254923430084,0.16719829483410517,NSE
subsequent_2016_2020,AUDIOSK5 vs KnobenK5,hysets_08LE024,RF_Signature_K5,731,0.49911514572324134,0.5911395258674331,0.12647739626276058,NSE
subsequent_2016_2020,AUDIOSK5 vs KnobenK5,hysets_08LE024,Knoben_K5,731,0.41310309995988614,0.26707541444362615,0.13690675421135987,NSE
subsequent_2016_2020,AUDIOSK5 vs KnobenK5,hysets_08LE027,RF_Signature_K5,731,0.6196794369388594,0.5646788552492825,0.1083813611728501,NSE
subsequent_2016_2020,AUDIOSK5 vs KnobenK5,hysets_08LE027,Knoben_K5,731,0.5426994757514181,0.36909141647508503,0.11884489930453768,NSE
subsequent_2016_2020,AUDIOSK5 vs KnobenK5,hysets_08LG048,RF_Signature_K5,366,0.5824698112932472,0.7390611196861798,0.10434058229834442,NSE
subsequent_2016_2020,AUDIOSK5 vs KnobenK5,hysets_08LG048,Knoben_K5,366,0.24428139968489204,0.2558824827765773,0.14037487125663453,NSE
subsequent_2016_2020,AUDIOSK5 vs KnobenK5,hysets_08ME023,RF_Signature_K5,731,0.06279460712618978,0.050309329365795574,0.2713118418927976,NSE
subsequent_2016_2020,AUDIOSK5 vs KnobenK5,hysets_08ME023,Knoben_K5,731,-0.03868511214462722,-0.011799273383039877,0.28562309026667093,NSE
subsequent_2016_2020,AUDIOSK5 vs KnobenK5,hysets_09430600,RF_Signature_K5,1096,-0.015110957514169465,-0.33902573364920463,0.03722796474075135,NSE
subsequent_2016_2020,AUDIOSK5 vs KnobenK5,hysets_09430600,Knoben_K5,1096,-0.030691082443639273,-0.5934517456856299,0.037512567966986765,NSE
subsequent_2016_2020,AUDIOSK5 vs KnobenK5,hysets_09499000,RF_Signature_K5,731,-0.40854939639670973,-0.6761905111422994,0.06633349943545475,NSE
subsequent_2016_2020,AUDIOSK5 vs KnobenK5,hysets_09499000,Knoben_K5,731,0.3264322536588863,0.1539174842096822,0.045870926247314904,NSE
subsequent_2016_2020,AUDIOSK5 vs KnobenK5,hysets_11451100,RF_Signature_K5,1096,0.5194752819727351,0.48107159186845727,0.0590512908239146,NSE
subsequent_2016_2020,AUDIOSK5 vs KnobenK5,hysets_11451100,Knoben_K5,1096,0.5957643120083302,0.3779002758984473,0.05416127201336949,NSE
subsequent_2016_2020,AUDIOSK5 vs KnobenK5,hysets_11461000,RF_Signature_K5,1096,0.557210056760919,0.5304033705012268,0.05375942460183187,NSE
subsequent_2016_2020,AUDIOSK5 vs KnobenK5,hysets_11461000,Knoben_K5,1096,0.6975464349395104,0.5361845290362312,0.04443089805405874,NSE
subsequent_2016_2020,AUDIOSK5 vs KnobenK5,hysets_11468500,RF_Signature_K5,1096,0.8454361298544976,0.8751081844130696,0.03748235062158513,NSE
subsequent_2016_2020,AUDIOSK5 vs KnobenK5,hysets_11468500,Knoben_K5,1096,0.7529390877934504,0.5965963212011127,0.04738870571780997,NSE
subsequent_2016_2020,AUDIOSK5 vs KnobenK5,hysets_12082500,RF_Signature_K5,1096,0.8279026173375561,0.8486711093185233,0.03481459021312596,NSE
subsequent_2016_2020,AUDIOSK5 vs KnobenK5,hysets_12082500,Knoben_K5,1096,0.39447248403075486,0.45786665350308,0.06530419741460002,NSE
subsequent_2016_2020,AUDIOSK5 vs KnobenK5,hysets_12092000,RF_Signature_K5,1096,0.7365736164991272,0.8613976705182076,0.05393320505959342,NSE
subsequent_2016_2020,AUDIOSK5 vs KnobenK5,hysets_12092000,Knoben_K5,1096,0.4549504346770241,0.5684839514556637,0.07757907438930219,NSE
subsequent_2016_2020,AUDIOSK5 vs KnobenK5,hysets_14091500,RF_Signature_K5,1004,-33.346878689683656,-1.119545533158674,0.8980854903255407,NSE
subsequent_2016_2020,AUDIOSK5 vs KnobenK5,hysets_14091500,Knoben_K5,1004,-31.449584566433735,-0.9413914629894231,0.872928378342911,NSE
subsequent_2016_2020,AUDIOSK5 vs KnobenK5,hysets_14185000,RF_Signature_K5,1096,0.4814984006811578,0.553333547441687,0.08709810615667794,NSE
subsequent_2016_2020,AUDIOSK5 vs KnobenK5,hysets_14185000,Knoben_K5,1096,-1.0386816313363454,-0.020032037344776654,0.17270637420640714,NSE
subsequent_2016_2020,AUDIOSK5 vs KnobenK5,hysets_14325000,RF_Signature_K5,1096,0.6893366797811538,0.5146462145325581,0.05386205399083778,NSE
subsequent_2016_2020,AUDIOSK5 vs KnobenK5,hysets_14325000,Knoben_K5,1096,0.9334540868719757,0.8380783094589828,0.024928641700935658,NSE
subsequent_2016_2020,AUDIOSK5 vs KnobenK5,lamah_201012,RF_Signature_K5,731,0.544704491372523,0.4821837170427584,0.08978964432816793,NSE
subsequent_2016_2020,AUDIOSK5 vs KnobenK5,lamah_201012,Knoben_K5,731,0.4490650824470528,0.3931429180432491,0.09877106062120133,NSE
subsequent_2016_2020,AUDIOSK5 vs KnobenK5,lamah_205799,RF_Signature_K5,731,0.6334684972755031,0.5890822285026357,0.08170300614621276,NSE
subsequent_2016_2020,AUDIOSK5 vs KnobenK5,lamah_205799,Knoben_K5,731,0.5687441602164582,0.7509731337589781,0.08862369984091412,NSE
subsequent_2016_2020,AUDIOSK5 vs KnobenK5,lamah_207613,RF_Signature_K5,731,-5.1164370005553295,-0.6202285815086122,0.26451588649741414,NSE
subsequent_2016_2020,AUDIOSK5 vs KnobenK5,lamah_207613,Knoben_K5,731,-9.45221971419669,-1.5405761496793597,0.3457854954460329,NSE
subsequent_2016_2020,AUDIOSK5 vs KnobenK5,lamah_210732,RF_Signature_K5,731,-2.1937246430792205,-0.5745047467471773,0.14647362850864104,NSE
subsequent_2016_2020,AUDIOSK5 vs KnobenK5,lamah_210732,Knoben_K5,731,-1.2781710334298402,-0.2794186347611869,0.12370973264643728,NSE
subsequent_2016_2020,AUDIOSK5 vs KnobenK5,lamah_212043,RF_Signature_K5,731,0.7432057580194356,0.5579878338719825,0.07544481862494465,NSE
subsequent_2016_2020,AUDIOSK5 vs KnobenK5,lamah_212043,Knoben_K5,731,0.7162130059384415,0.4505899098515589,0.07931092626965847,NSE
subsequent_2016_2020,AUDIOSK5 vs KnobenK5,lamah_212316,RF_Signature_K5,731,0.8555170170764238,0.8616631718395945,0.06893690371480367,NSE
subsequent_2016_2020,AUDIOSK5 vs KnobenK5,lamah_212316,Knoben_K5,731,0.10123246860449309,0.40491076443098195,0.1719361156651704,NSE
subsequent_2016_2020,AUDIOSK5 vs KnobenK5,lamah_212373,RF_Signature_K5,731,0.06615805386618734,0.2589280978567785,0.12960919136042592,NSE
subsequent_2016_2020,AUDIOSK5 vs KnobenK5,lamah_212373,Knoben_K5,731,-2.1043792386276383,-0.50221666701048,0.23631239263912915,NSE
subsequent_2016_2020,AUDIOSK5 vs KnobenK5,lamah_212522,RF_Signature_K5,731,-1.7666799333999461,-0.0029226692979360536,0.34217709658356604,NSE
subsequent_2016_2020,AUDIOSK5 vs KnobenK5,lamah_212522,Knoben_K5,731,-4.887403751657104,-0.3317129709087039,0.49915265673584003,NSE
subsequent_2016_2020,AUDIOSK5 vs KnobenK5,lamah_212894,RF_Signature_K5,731,-1.5329879773344226,-0.03222931908181392,0.212525346639653,NSE
subsequent_2016_2020,AUDIOSK5 vs KnobenK5,lamah_212894,Knoben_K5,731,-2.406392770145549,-0.6358983568530334,0.24645721134784138,NSE
subsequent_2016_2020,AUDIOSK5 vs KnobenK5,camelsbr_51940000,RF_Signature_K5,1066,-18.523211823998285,-2.2117105788757883,0.7726700832449812,KGE
subsequent_2016_2020,AUDIOSK5 vs KnobenK5,camelsbr_51940000,Knoben_K5,1066,-3.621966731161013,-0.3076487884546806,0.3759515430296151,KGE
subsequent_2016_2020,AUDIOSK5 vs KnobenK5,camelsbr_57250000,RF_Signature_K5,1039,-14.006634100729054,-1.7299618028794108,0.2977314936523246,KGE
subsequent_2016_2020,AUDIOSK5 vs KnobenK5,camelsbr_57250000,Knoben_K5,1039,-9.115865149250375,-1.1944557136653038,0.24444696250325157,KGE
subsequent_2016_2020,AUDIOSK5 vs KnobenK5,camelsbr_58060000,RF_Signature_K5,1013,-0.7336282819548621,0.13535525309073226,0.07462247252066734,KGE
subsequent_2016_2020,AUDIOSK5 vs KnobenK5,camelsbr_58060000,Knoben_K5,1013,-3.9427220424057596,-0.44582457611734116,0.1260012162397648,KGE
subsequent_2016_2020,AUDIOSK5 vs KnobenK5,camelsbr_58258000,RF_Signature_K5,730,-1.429368985963014,-0.3105322908653192,0.08158675768633905,KGE
subsequent_2016_2020,AUDIOSK5 vs KnobenK5,camelsbr_58258000,Knoben_K5,730,0.20186035360984933,0.2590017268350113,0.04676407787060952,KGE
subsequent_2016_2020,AUDIOSK5 vs KnobenK5,camelsbr_58530000,RF_Signature_K5,1003,-1.1361290253381857,0.125164224223683,0.15791386274200392,KGE
subsequent_2016_2020,AUDIOSK5 vs KnobenK5,camelsbr_58530000,Knoben_K5,1003,-1.0735702738853794,0.19063391657058915,0.15558434488931502,KGE
subsequent_2016_2020,AUDIOSK5 vs KnobenK5,camelsbr_58535000,RF_Signature_K5,731,-1.2002855632691873,-0.06821560824175243,0.186093313382808,KGE
subsequent_2016_2020,AUDIOSK5 vs KnobenK5,camelsbr_58535000,Knoben_K5,731,-0.7460847150527943,0.2763634614799948,0.16577685613815518,KGE
subsequent_2016_2020,AUDIOSK5 vs KnobenK5,camelsbr_58542000,RF_Signature_K5,1035,-0.40396798804158296,0.35962129587774394,0.13239257301415294,KGE
subsequent_2016_2020,AUDIOSK5 vs KnobenK5,camelsbr_58542000,Knoben_K5,1035,-0.5331019226099654,-0.08783137428585497,0.13834725100392403,KGE
subsequent_2016_2020,AUDIOSK5 vs KnobenK5,camelsbr_59370000,RF_Signature_K5,1040,-0.08403572650785507,0.2787383359300465,0.07812109894578549,KGE
subsequent_2016_2020,AUDIOSK5 vs KnobenK5,camelsbr_59370000,Knoben_K5,1040,-0.5185345585309831,-0.10550481363373732,0.09246106387785334,KGE
subsequent_2016_2020,AUDIOSK5 vs KnobenK5,camelsbr_70100000,RF_Signature_K5,1026,-0.3259322149536472,-0.11407538615156976,0.11345404910270078,KGE
subsequent_2016_2020,AUDIOSK5 vs KnobenK5,camelsbr_70100000,Knoben_K5,1026,-0.41424263690921315,0.3953394497249252,0.11717131450528527,KGE
subsequent_2016_2020,AUDIOSK5 vs KnobenK5,camelsbr_71300000,RF_Signature_K5,1081,-0.6931941700039161,-0.02763355236164644,0.20330016041128537,KGE
subsequent_2016_2020,AUDIOSK5 vs KnobenK5,camelsbr_71300000,Knoben_K5,1081,-1.4599428224173199,-0.37720569771811263,0.2450455642564635,KGE
subsequent_2016_2020,AUDIOSK5 vs KnobenK5,camelsbr_73765000,RF_Signature_K5,1035,-0.5306685386547989,-0.03699463150874749,0.12036981165914962,KGE
subsequent_2016_2020,AUDIOSK5 vs KnobenK5,camelsbr_73765000,Knoben_K5,1035,0.162378795924622,0.18825325951814753,0.08904321545601505,KGE
subsequent_2016_2020,AUDIOSK5 vs KnobenK5,camelscl_1050002,RF_Signature_K5,678,-74.33133882388272,-6.532353128941674,2.013273211196007,KGE
subsequent_2016_2020,AUDIOSK5 vs KnobenK5,camelscl_1050002,Knoben_K5,678,-21083.115267244586,-141.52812900671339,33.68158827651239,KGE
subsequent_2016_2020,AUDIOSK5 vs KnobenK5,camelscl_1201005,RF_Signature_K5,922,-473.0440921199627,-14.758729414438443,2.639612031208683,KGE
subsequent_2016_2020,AUDIOSK5 vs KnobenK5,camelscl_1201005,Knoben_K5,922,-8404.973364737587,-80.63767550320134,11.115390756772934,KGE
subsequent_2016_2020,AUDIOSK5 vs KnobenK5,camelscl_12284002,RF_Signature_K5,974,-73.82352875546256,-7.203875585735151,1.0366549792650068,KGE
subsequent_2016_2020,AUDIOSK5 vs KnobenK5,camelscl_12284002,Knoben_K5,974,-387.58512218646854,-19.563227504481976,2.362426085108474,KGE
subsequent_2016_2020,AUDIOSK5 vs KnobenK5,camelscl_12284003,RF_Signature_K5,730,-55.78264325546542,-7.015241412233328,0.9013302329640942,KGE
subsequent_2016_2020,AUDIOSK5 vs KnobenK5,camelscl_12284003,Knoben_K5,730,-100.17943330463098,-10.796452279300075,1.203156875986899,KGE
subsequent_2016_2020,AUDIOSK5 vs KnobenK5,camelscl_12284006,RF_Signature_K5,720,-17.890760431780002,-4.069839232335158,0.46767328538756864,KGE
subsequent_2016_2020,AUDIOSK5 vs KnobenK5,camelscl_12284006,Knoben_K5,720,-5.037978987988108,-1.2775669044999831,0.26440133348281647,KGE
subsequent_2016_2020,AUDIOSK5 vs KnobenK5,camelscl_12582001,RF_Signature_K5,1096,-3.5536471442968356,-0.5019860528091671,0.14204855223838148,KGE
subsequent_2016_2020,AUDIOSK5 vs KnobenK5,camelscl_12582001,Knoben_K5,1096,-0.4750382242023128,0.03075136239119647,0.08084604179150712,KGE
subsequent_2016_2020,AUDIOSK5 vs KnobenK5,camelscl_12600001,RF_Signature_K5,436,-9.965585811925484,-1.317101753139545,0.5730025552670686,KGE
subsequent_2016_2020,AUDIOSK5 vs KnobenK5,camelscl_12600001,Knoben_K5,436,-1.0007096488712595,0.21063663242269082,0.24475562019678404,KGE
subsequent_2016_2020,AUDIOSK5 vs KnobenK5,camelscl_12622001,RF_Signature_K5,1065,-18.45100431039548,-2.276462952414351,0.5665208641063517,KGE
subsequent_2016_2020,AUDIOSK5 vs KnobenK5,camelscl_12622001,Knoben_K5,1065,-7.623460109967594,-1.2142701933821907,0.37721215028365573,KGE
subsequent_2016_2020,AUDIOSK5 vs KnobenK5,camelscl_12802001,RF_Signature_K5,939,-69.85085781350277,-9.799665423418832,0.615523264290888,KGE
subsequent_2016_2020,AUDIOSK5 vs KnobenK5,camelscl_12802001,Knoben_K5,939,-20.42791906468444,-5.604297668798524,0.33850252645389156,KGE
subsequent_2016_2020,AUDIOSK5 vs KnobenK5,camelscl_12805001,RF_Signature_K5,1044,-8.817885818817022,-1.4366192931666824,0.4153894321652516,KGE
subsequent_2016_2020,AUDIOSK5 vs KnobenK5,camelscl_12805001,Knoben_K5,1044,-9.32165343048902,-1.4739286839450156,0.42591319153269813,KGE
subsequent_2016_2020,AUDIOSK5 vs KnobenK5,camelscl_12806001,RF_Signature_K5,1062,-53.22997927158841,-4.0087345589935754,0.889559947112862,KGE
subsequent_2016_2020,AUDIOSK5 vs KnobenK5,camelscl_12806001,Knoben_K5,1062,-64.78555058149296,-4.627341312203797,0.9797623759943872,KGE
subsequent_2016_2020,AUDIOSK5 vs KnobenK5,camelscl_4301002,RF_Signature_K5,1011,-1.0767450353087908,-0.19197904928740228,0.3007591532962602,KGE
subsequent_2016_2020,AUDIOSK5 vs KnobenK5,camelscl_4301002,Knoben_K5,1011,-4.657314622572315,-0.6348230875329803,0.4964007500895061,KGE
subsequent_2016_2020,AUDIOSK5 vs KnobenK5,camelscl_4311001,RF_Signature_K5,1230,-1.2064566896799072,0.19715624346977056,0.29447924837428396,KGE
subsequent_2016_2020,AUDIOSK5 vs KnobenK5,camelscl_4311001,Knoben_K5,1230,-232.44249464687834,-12.154997948079966,3.028983797122097,KGE
subsequent_2016_2020,AUDIOSK5 vs KnobenK5,camelscl_4313001,RF_Signature_K5,1029,-2.1072389138433363,-0.030350103927587968,0.2925854028100664,KGE
subsequent_2016_2020,AUDIOSK5 vs KnobenK5,camelscl_4313001,Knoben_K5,1029,-1279.837176668933,-22.62111945864732,5.940353555835702,KGE
subsequent_2016_2020,AUDIOSK5 vs KnobenK5,camelscl_4314002,RF_Signature_K5,1429,-2.7496933494216558,-0.18487049528256638,0.08583764699598082,KGE
subsequent_2016_2020,AUDIOSK5 vs KnobenK5,camelscl_4314002,Knoben_K5,1429,-317.9080355432906,-15.732923440674028,0.7916125286153625,KGE
subsequent_2016_2020,AUDIOSK5 vs KnobenK5,camelscl_4501001,RF_Signature_K5,907,-10.266043024124063,-1.5019713558521723,0.5302669055877902,KGE
subsequent_2016_2020,AUDIOSK5 vs KnobenK5,camelscl_4501001,Knoben_K5,907,-1363.489950411697,-24.255390626024052,5.835713887975315,KGE
subsequent_2016_2020,AUDIOSK5 vs KnobenK5,camelscl_4503001,RF_Signature_K5,1066,-0.056090172631275026,-0.3012518531397901,0.06770314213707083,KGE
subsequent_2016_2020,AUDIOSK5 vs KnobenK5,camelscl_4503001,Knoben_K5,1066,-19.05742487849395,-14.046675579300484,0.295050198707246,KGE
subsequent_2016_2020,AUDIOSK5 vs KnobenK5,camelscl_4511002,RF_Signature_K5,1400,-0.6559945028821956,0.3318043133925407,0.23272661772893155,KGE
subsequent_2016_2020,AUDIOSK5 vs KnobenK5,camelscl_4511002,Knoben_K5,1400,-52.00161978571712,-5.272061504178866,1.3166222303340709,KGE
subsequent_2016_2020,AUDIOSK5 vs KnobenK5,camelscl_4512001,RF_Signature_K5,891,-1.7254652596301998,-0.29763407913957396,0.2337343928109688,KGE
subsequent_2016_2020,AUDIOSK5 vs KnobenK5,camelscl_4512001,Knoben_K5,891,-15.380717369360557,-2.052082894756453,0.5730186465521182,KGE
subsequent_2016_2020,AUDIOSK5 vs KnobenK5,camelscl_4513001,RF_Signature_K5,1064,-0.9661062890752801,0.10461070991434285,0.2196648687305756,KGE
subsequent_2016_2020,AUDIOSK5 vs KnobenK5,camelscl_4513001,Knoben_K5,1064,-10.595784007245822,-1.5124332057058711,0.5334665188460089,KGE
subsequent_2016_2020,AUDIOSK5 vs KnobenK5,camelscl_4514001,RF_Signature_K5,1217,-0.5692938174501823,-0.2867128862857149,0.11632350047704093,KGE
subsequent_2016_2020,AUDIOSK5 vs KnobenK5,camelscl_4514001,Knoben_K5,1217,-206.00779417130383,-18.912946178255677,1.3360068341120397,KGE
subsequent_2016_2020,AUDIOSK5 vs KnobenK5,camelscl_4520001,RF_Signature_K5,1087,-45336.919683322754,-201.15212877985917,18.52008049053395,KGE
subsequent_2016_2020,AUDIOSK5 vs KnobenK5,camelscl_4520001,Knoben_K5,1087,-28732.73482555501,-157.1062051262948,14.743755328887037,KGE
subsequent_2016_2020,AUDIOSK5 vs KnobenK5,camelscl_4530001,RF_Signature_K5,862,-2.8639746744596795,-0.2014528191045395,0.37771903069327684,KGE
subsequent_2016_2020,AUDIOSK5 vs KnobenK5,camelscl_4530001,Knoben_K5,862,-115.66862497972701,-8.79436136027953,2.075528831492989,KGE
subsequent_2016_2020,AUDIOSK5 vs KnobenK5,camelscl_4703002,RF_Signature_K5,1613,-0.14470348891049345,-0.0026420527569581687,0.14285876425363345,KGE
subsequent_2016_2020,AUDIOSK5 vs KnobenK5,camelscl_4703002,Knoben_K5,1613,-18.30967307843606,-2.6475434800725086,0.5867429045109124,KGE
subsequent_2016_2020,AUDIOSK5 vs KnobenK5,camelscl_4721001,RF_Signature_K5,1077,0.6398209434355714,0.5676933305396197,0.1196539733145719,KGE
subsequent_2016_2020,AUDIOSK5 vs KnobenK5,camelscl_4721001,Knoben_K5,1077,-216.8568658260433,-12.811059862486323,2.942751042981843,KGE
subsequent_2016_2020,AUDIOSK5 vs KnobenK5,camelscl_4723001,RF_Signature_K5,1107,-5.446467794534998,-0.6745030520234263,0.20174204844427543,KGE
subsequent_2016_2020,AUDIOSK5 vs KnobenK5,camelscl_4723001,Knoben_K5,1107,-5226.018827791965,-59.42906249514361,5.744636453634231,KGE
subsequent_2016_2020,AUDIOSK5 vs KnobenK5,camelscl_5200001,RF_Signature_K5,1303,-13.461881028226665,-2.0081114907942155,0.3443986328856728,KGE
subsequent_2016_2020,AUDIOSK5 vs KnobenK5,camelscl_5200001,Knoben_K5,1303,-7948.58373804952,-82.08587817411053,8.074603781082685,KGE
subsequent_2016_2020,AUDIOSK5 vs KnobenK5,camelscl_5402001,RF_Signature_K5,986,-0.5012563381663866,-0.3136870048257785,0.0741179608657842,KGE
subsequent_2016_2020,AUDIOSK5 vs KnobenK5,camelscl_5402001,Knoben_K5,986,-1.2340777188935137,-0.3835829492971583,0.09041597588719016,KGE
subsequent_2016_2020,AUDIOSK5 vs KnobenK5,camelscl_5406001,RF_Signature_K5,1007,-8.222561104270781,-3.204193168289695,0.5315605632675795,KGE
subsequent_2016_2020,AUDIOSK5 vs KnobenK5,camelscl_5406001,Knoben_K5,1007,-37.03095989701019,-7.0205836041496035,1.0794328379887894,KGE
subsequent_2016_2020,AUDIOSK5 vs KnobenK5,camelscl_5706001,RF_Signature_K5,670,-14.156730039280344,-3.0601694754313113,0.5179844496335629,KGE
subsequent_2016_2020,AUDIOSK5 vs KnobenK5,camelscl_5706001,Knoben_K5,670,-18.46620365891482,-4.058901832963014,0.5870222946376307,KGE
subsequent_2016_2020,AUDIOSK5 vs KnobenK5,camelscl_5707002,RF_Signature_K5,731,-5.3911167828907995,-0.6801185789631896,0.5208472506547991,KGE
subsequent_2016_2020,AUDIOSK5 vs KnobenK5,camelscl_5707002,Knoben_K5,731,-5.3456511406421505,-0.5804128663677206,0.5189913214502788,KGE
subsequent_2016_2020,AUDIOSK5 vs KnobenK5,camelscl_5722001,RF_Signature_K5,644,-13.50949160758045,-1.4584952273633687,0.5737920807098392,KGE
subsequent_2016_2020,AUDIOSK5 vs KnobenK5,camelscl_5722001,Knoben_K5,644,-609.9866603732834,-19.960556478593038,3.7234396262142884,KGE
subsequent_2016_2020,AUDIOSK5 vs KnobenK5,camelscl_5722002,RF_Signature_K5,1045,-60.17529024210175,-5.0859600094979935,0.40397718114472886,KGE
subsequent_2016_2020,AUDIOSK5 vs KnobenK5,camelscl_5722002,Knoben_K5,1045,-455.48216509389164,-15.889328899134274,1.1035213051540385,KGE
subsequent_2016_2020,AUDIOSK5 vs KnobenK5,camelscl_6013001,RF_Signature_K5,1035,-4.460374114114313,-0.4999091410602814,0.32493432115932097,KGE
subsequent_2016_2020,AUDIOSK5 vs KnobenK5,camelscl_6013001,Knoben_K5,1035,-1.585835474292527,-0.09009786046484347,0.22360670965716656,KGE
subsequent_2016_2020,AUDIOSK5 vs KnobenK5,camelscl_7103001,RF_Signature_K5,908,-0.7725324118474064,-0.06632198051545624,0.11384827323834497,KGE
subsequent_2016_2020,AUDIOSK5 vs KnobenK5,camelscl_7103001,Knoben_K5,908,-16.364489793727955,-2.1391174476358117,0.35633654842864626,KGE
subsequent_2016_2020,AUDIOSK5 vs KnobenK5,camelscl_7104002,RF_Signature_K5,1161,-0.5756455642578333,0.20534429084016215,0.10524889928900731,KGE
subsequent_2016_2020,AUDIOSK5 vs KnobenK5,camelscl_7104002,Knoben_K5,1161,-3.3682764907707297,-0.31988599115499805,0.17524408035685915,KGE
subsequent_2016_2020,AUDIOSK5 vs KnobenK5,camelscl_7112001,RF_Signature_K5,1043,-0.34742206046762814,0.37781453489835537,0.1748165972548163,KGE
subsequent_2016_2020,AUDIOSK5 vs KnobenK5,camelscl_7112001,Knoben_K5,1043,-15.570961670770934,-1.8176093173315726,0.6130624157971069,KGE
subsequent_2016_2020,AUDIOSK5 vs KnobenK5,camelscl_7115001,RF_Signature_K5,1294,-0.21049781051185845,0.4578902448783009,0.13351156886441748,KGE
subsequent_2016_2020,AUDIOSK5 vs KnobenK5,camelscl_7115001,Knoben_K5,1294,-36.83564611708863,-3.6022842451033004,0.7464272269337289,KGE
subsequent_2016_2020,AUDIOSK5 vs KnobenK5,camelscl_7116001,RF_Signature_K5,1204,-6.3460525251788855,-1.7682158335922287,0.2154597459187821,KGE
subsequent_2016_2020,AUDIOSK5 vs KnobenK5,camelscl_7116001,Knoben_K5,1204,-7.185810459268399,-1.398745316976754,0.2274416361803847,KGE
subsequent_2016_2020,AUDIOSK5 vs KnobenK5,camelscl_7355002,RF_Signature_K5,1391,-0.8047820137609958,0.0013901277208901996,0.14298128868124627,KGE
subsequent_2016_2020,AUDIOSK5 vs KnobenK5,camelscl_7355002,Knoben_K5,1391,-2.469816808073615,-0.1186469849336691,0.19825315305371546,KGE
subsequent_2016_2020,AUDIOSK5 vs KnobenK5,camelscl_7374001,RF_Signature_K5,808,-3.0967341573466074,-0.5516944125317291,0.17230739428253633,KGE
subsequent_2016_2020,AUDIOSK5 vs KnobenK5,camelscl_7374001,Knoben_K5,808,-8.879124416115284,-2.9686645851309303,0.2675742093816765,KGE
subsequent_2016_2020,AUDIOSK5 vs KnobenK5,camelscl_8130002,RF_Signature_K5,1236,0.174409314394246,0.34643559323162476,0.0644362715654429,KGE
subsequent_2016_2020,AUDIOSK5 vs KnobenK5,camelscl_8130002,Knoben_K5,1236,-1.5635663126240353,-0.1440068505137173,0.11354559459219028,KGE
subsequent_2016_2020,AUDIOSK5 vs KnobenK5,hysets_01010070,RF_Signature_K5,1096,0.378134783813747,0.4371291250342285,0.09886507958221873,KGE
subsequent_2016_2020,AUDIOSK5 vs KnobenK5,hysets_01010070,Knoben_K5,1096,0.17532540137675934,0.5475485976892255,0.11385080257907947,KGE
subsequent_2016_2020,AUDIOSK5 vs KnobenK5,hysets_01022500,RF_Signature_K5,1096,0.4573129625361465,0.5689186620601832,0.08759351317338325,KGE
subsequent_2016_2020,AUDIOSK5 vs KnobenK5,hysets_01022500,Knoben_K5,1096,0.7929265917132606,0.8891843640160338,0.05410773906946902,KGE
subsequent_2016_2020,AUDIOSK5 vs KnobenK5,hysets_01031500,RF_Signature_K5,1096,0.8834110892706397,0.8703234619353419,0.0397826868165988,KGE
subsequent_2016_2020,AUDIOSK5 vs KnobenK5,hysets_01031500,Knoben_K5,1096,0.7549874050467684,0.7090916922192824,0.057671293664065516,KGE
subsequent_2016_2020,AUDIOSK5 vs KnobenK5,hysets_01038000,RF_Signature_K5,1096,0.4321416598927482,0.6245051152141295,0.0876011492334836,KGE
subsequent_2016_2020,AUDIOSK5 vs KnobenK5,hysets_01038000,Knoben_K5,1096,0.44616613278017203,0.6662581299451402,0.08651263782742365,KGE
subsequent_2016_2020,AUDIOSK5 vs KnobenK5,hysets_01047000,RF_Signature_K5,1096,-0.18300267933276926,0.30963637904166097,0.11415382772655473,KGE
subsequent_2016_2020,AUDIOSK5 vs KnobenK5,hysets_01047000,Knoben_K5,1096,0.9169484192751932,0.8909147808597585,0.03024625197253748,KGE
subsequent_2016_2020,AUDIOSK5 vs KnobenK5,hysets_01054200,RF_Signature_K5,1096,0.223334264080166,0.2764458634677406,0.03988323930964784,KGE
subsequent_2016_2020,AUDIOSK5 vs KnobenK5,hysets_01054200,Knoben_K5,1096,-0.21111516781286377,0.19012606667844278,0.04980421199595103,KGE
subsequent_2016_2020,AUDIOSK5 vs KnobenK5,hysets_01055000,RF_Signature_K5,1096,0.4938712325028547,0.5165581698375621,0.054018323909269965,KGE
subsequent_2016_2020,AUDIOSK5 vs KnobenK5,hysets_01055000,Knoben_K5,1096,0.8141803834236078,0.7676542048550645,0.03273078137185433,KGE
subsequent_2016_2020,AUDIOSK5 vs KnobenK5,hysets_01057000,RF_Signature_K5,1096,0.24432457812631803,0.5653092725881851,0.10262893557964467,KGE
subsequent_2016_2020,AUDIOSK5 vs KnobenK5,hysets_01057000,Knoben_K5,1096,0.5226695412511235,0.6643170204160845,0.08156648549077414,KGE
subsequent_2016_2020,AUDIOSK5 vs KnobenK5,hysets_01064500,RF_Signature_K5,1096,0.18228307413587985,0.3657191167015059,0.05345736793831183,KGE
subsequent_2016_2020,AUDIOSK5 vs KnobenK5,hysets_01064500,Knoben_K5,1096,0.42319950904141035,0.43854334437951303,0.04489716191325372,KGE
subsequent_2016_2020,AUDIOSK5 vs KnobenK5,hysets_01076500,RF_Signature_K5,1096,0.03954559062008922,0.38506616471799404,0.07397657343774221,KGE
subsequent_2016_2020,AUDIOSK5 vs KnobenK5,hysets_01076500,Knoben_K5,1096,0.7356146295050727,0.7373468969226488,0.03881276152656556,KGE
subsequent_2016_2020,AUDIOSK5 vs KnobenK5,hysets_01078000,RF_Signature_K5,1096,0.5417771265904983,0.608112336929487,0.06871935818006476,KGE
subsequent_2016_2020,AUDIOSK5 vs KnobenK5,hysets_01078000,Knoben_K5,1096,0.45278446448778686,0.647944589183697,0.07509653895952151,KGE
subsequent_2016_2020,AUDIOSK5 vs KnobenK5,hysets_01118000,RF_Signature_K5,1096,-0.5104751118099504,0.3357949129952279,0.16980362789638578,KGE
subsequent_2016_2020,AUDIOSK5 vs KnobenK5,hysets_01118000,Knoben_K5,1096,-0.3007172880415121,0.3069051599781345,0.15757293856391696,KGE
subsequent_2016_2020,AUDIOSK5 vs KnobenK5,hysets_01134500,RF_Signature_K5,1096,0.3518845635314921,0.5812621710693029,0.08852294100600014,KGE
subsequent_2016_2020,AUDIOSK5 vs KnobenK5,hysets_01134500,Knoben_K5,1096,0.6843704066867696,0.8417487683131273,0.061775818639034356,KGE
subsequent_2016_2020,AUDIOSK5 vs KnobenK5,hysets_01137500,RF_Signature_K5,1096,0.1006536793992765,0.4421906537501953,0.06178153991099626,KGE
subsequent_2016_2020,AUDIOSK5 vs KnobenK5,hysets_01137500,Knoben_K5,1096,-0.292341784489341,0.3603826335568374,0.07406003978046463,KGE
subsequent_2016_2020,AUDIOSK5 vs KnobenK5,hysets_01169000,RF_Signature_K5,1096,-0.2401121789215468,0.31483613894901663,0.07099930488973959,KGE
subsequent_2016_2020,AUDIOSK5 vs KnobenK5,hysets_01169000,Knoben_K5,1096,0.4597358392658283,0.49556728416521234,0.04686263342716881,KGE
subsequent_2016_2020,AUDIOSK5 vs KnobenK5,hysets_01174500,RF_Signature_K5,1096,0.30678559835956676,0.5920622204918574,0.08112522140732281,KGE
subsequent_2016_2020,AUDIOSK5 vs KnobenK5,hysets_01174500,Knoben_K5,1096,0.39343641533426055,0.48184859031553817,0.07588575748795044,KGE
subsequent_2016_2020,AUDIOSK5 vs KnobenK5,hysets_01181000,RF_Signature_K5,1096,-0.0511642397729557,0.2765788859369388,0.047191752553069594,KGE
subsequent_2016_2020,AUDIOSK5 vs KnobenK5,hysets_01181000,Knoben_K5,1096,0.15705395641378894,0.36363004246727937,0.04226011799490503,KGE
subsequent_2016_2020,AUDIOSK5 vs KnobenK5,hysets_01439500,RF_Signature_K5,1096,0.44401914703057854,0.6294553769987836,0.0986053344390842,KGE
subsequent_2016_2020,AUDIOSK5 vs KnobenK5,hysets_01439500,Knoben_K5,1096,0.6553612990133653,0.6356852928910173,0.07763409863477949,KGE
subsequent_2016_2020,AUDIOSK5 vs KnobenK5,hysets_01440000,RF_Signature_K5,1096,0.1422495921224498,0.4501940322423128,0.0752636905760522,KGE
subsequent_2016_2020,AUDIOSK5 vs KnobenK5,hysets_01440000,Knoben_K5,1096,0.6502485616846589,0.6832446338529579,0.048060114175420235,KGE
subsequent_2016_2020,AUDIOSK5 vs KnobenK5,hysets_01447500,RF_Signature_K5,1096,0.13899799439209437,0.4970139796624876,0.09195243951462076,KGE
subsequent_2016_2020,AUDIOSK5 vs KnobenK5,hysets_01447500,Knoben_K5,1096,0.5438723439559815,0.7199911169410228,0.0669274651719314,KGE
subsequent_2016_2020,AUDIOSK5 vs KnobenK5,hysets_01543000,RF_Signature_K5,1096,0.6383346028194351,0.7101589946459391,0.07660948198906806,KGE
subsequent_2016_2020,AUDIOSK5 vs KnobenK5,hysets_01543000,Knoben_K5,1096,0.5131742493110932,0.7580393686630884,0.08888240909929959,KGE
subsequent_2016_2020,AUDIOSK5 vs KnobenK5,hysets_01543500,RF_Signature_K5,1096,0.9190091762871246,0.9172788652877862,0.03150979221858268,KGE
subsequent_2016_2020,AUDIOSK5 vs KnobenK5,hysets_01543500,Knoben_K5,1096,0.9398393153683381,0.9603025903193687,0.0271571390732078,KGE
subsequent_2016_2020,AUDIOSK5 vs KnobenK5,hysets_01544500,RF_Signature_K5,1096,0.49735047707139246,0.7042585367132281,0.07079754205700456,KGE
subsequent_2016_2020,AUDIOSK5 vs KnobenK5,hysets_01544500,Knoben_K5,1096,0.589035524746393,0.617172990063557,0.06401587467799448,KGE
subsequent_2016_2020,AUDIOSK5 vs KnobenK5,hysets_01550000,RF_Signature_K5,1096,0.3115634109751775,0.39452286889921695,0.06137285679661569,KGE
subsequent_2016_2020,AUDIOSK5 vs KnobenK5,hysets_01550000,Knoben_K5,1096,0.5947036149850649,0.7263364549722771,0.04709022140461968,KGE
subsequent_2016_2020,AUDIOSK5 vs KnobenK5,hysets_01605500,RF_Signature_K5,1096,0.7170175238675289,0.7475048703988125,0.03013441069552575,KGE
subsequent_2016_2020,AUDIOSK5 vs KnobenK5,hysets_01605500,Knoben_K5,1096,0.36365821814775623,0.4169356460930085,0.045188523521958145,KGE
subsequent_2016_2020,AUDIOSK5 vs KnobenK5,hysets_01606500,RF_Signature_K5,1096,-0.833864580913874,0.2389074653500023,0.085989858407426,KGE
subsequent_2016_2020,AUDIOSK5 vs KnobenK5,hysets_01606500,Knoben_K5,1096,0.32252770507886297,0.4977467176099669,0.052264809558918233,KGE
subsequent_2016_2020,AUDIOSK5 vs KnobenK5,hysets_01611500,RF_Signature_K5,1096,-0.27255203898918046,0.17089781909332902,0.10008973412594159,KGE
subsequent_2016_2020,AUDIOSK5 vs KnobenK5,hysets_01611500,Knoben_K5,1096,-0.2506856723353903,0.09744828036225028,0.09922608292380274,KGE
subsequent_2016_2020,AUDIOSK5 vs KnobenK5,hysets_01669520,RF_Signature_K5,1096,-1.2891473821617052,0.004524392111968312,0.06674796288695867,KGE
subsequent_2016_2020,AUDIOSK5 vs KnobenK5,hysets_01669520,Knoben_K5,1096,-0.09531558681754948,0.46146287687242526,0.04617115856628331,KGE
subsequent_2016_2020,AUDIOSK5 vs KnobenK5,hysets_01673800,RF_Signature_K5,1096,0.39460570094761416,0.6020987672344928,0.048130656328158695,KGE
subsequent_2016_2020,AUDIOSK5 vs KnobenK5,hysets_01673800,Knoben_K5,1096,0.3197197479972085,0.3811035329490936,0.051020716402542854,KGE
subsequent_2016_2020,AUDIOSK5 vs KnobenK5,hysets_01AJ010,RF_Signature_K5,731,0.44331764495001125,0.47223697525256136,0.09373683196163007,KGE
subsequent_2016_2020,AUDIOSK5 vs KnobenK5,hysets_01AJ010,Knoben_K5,731,0.3600212481165702,0.6589532053127483,0.10050538259100975,KGE
subsequent_2016_2020,AUDIOSK5 vs KnobenK5,hysets_01AK001,RF_Signature_K5,731,0.7568220851183343,0.7858824681942463,0.06992422342510703,KGE
subsequent_2016_2020,AUDIOSK5 vs KnobenK5,hysets_01AK001,Knoben_K5,731,0.8032957947824397,0.8767097462934224,0.06288866982282561,KGE
subsequent_2016_2020,AUDIOSK5 vs KnobenK5,hysets_01AK007,RF_Signature_K5,731,0.7925646978604727,0.7658732523294756,0.061796514143053205,KGE
subsequent_2016_2020,AUDIOSK5 vs KnobenK5,hysets_01AK007,Knoben_K5,731,0.7817485814651375,0.7347512811153938,0.0633871435334864,KGE
subsequent_2016_2020,AUDIOSK5 vs KnobenK5,hysets_01AL002,RF_Signature_K5,731,0.3459775800537189,0.36386608850290425,0.10461338216868389,KGE
subsequent_2016_2020,AUDIOSK5 vs KnobenK5,hysets_01AL002,Knoben_K5,731,0.20082510584201974,0.5184477021016722,0.11564100068332145,KGE
subsequent_2016_2020,AUDIOSK5 vs KnobenK5,hysets_01AM001,RF_Signature_K5,731,0.671842809263161,0.6187248738258098,0.06284549027533146,KGE
subsequent_2016_2020,AUDIOSK5 vs KnobenK5,hysets_01AM001,Knoben_K5,731,0.8480956182138795,0.8873332768770904,0.042758090961058016,KGE
subsequent_2016_2020,AUDIOSK5 vs KnobenK5,hysets_01AN002,RF_Signature_K5,731,0.6959136980172347,0.7599278776967728,0.07883179879550475,KGE
subsequent_2016_2020,AUDIOSK5 vs KnobenK5,hysets_01AN002,Knoben_K5,731,0.8762110439854056,0.8446864577945737,0.05029721726757436,KGE
subsequent_2016_2020,AUDIOSK5 vs KnobenK5,hysets_01AP002,RF_Signature_K5,731,0.6518829104291013,0.6566426353568794,0.07008811139127313,KGE
subsequent_2016_2020,AUDIOSK5 vs KnobenK5,hysets_01AP002,Knoben_K5,731,0.7686883419404225,0.6341709815599915,0.05713213403667004,KGE
subsequent_2016_2020,AUDIOSK5 vs KnobenK5,hysets_01AQ001,RF_Signature_K5,1096,0.24681672709789948,0.35401346556726954,0.06412094006233672,KGE
subsequent_2016_2020,AUDIOSK5 vs KnobenK5,hysets_01AQ001,Knoben_K5,1096,0.3513725827127937,0.20372555631938838,0.059504142180398824,KGE
subsequent_2016_2020,AUDIOSK5 vs KnobenK5,hysets_01BJ003,RF_Signature_K5,731,0.18099674157673107,0.3580456492985037,0.10486147411152807,KGE
subsequent_2016_2020,AUDIOSK5 vs KnobenK5,hysets_01BJ003,Knoben_K5,731,0.39563312110149695,0.6552627121894872,0.09007898244651166,KGE
subsequent_2016_2020,AUDIOSK5 vs KnobenK5,hysets_01BL002,RF_Signature_K5,731,-0.18560295584141806,0.4058081694222946,0.1438673420135099,KGE
subsequent_2016_2020,AUDIOSK5 vs KnobenK5,hysets_01BL002,Knoben_K5,731,-0.08568365098916209,0.1491944011144849,0.137671559585521,KGE
subsequent_2016_2020,AUDIOSK5 vs KnobenK5,hysets_01BQ001,RF_Signature_K5,731,0.5571867340360663,0.49502134478265924,0.05380877972530884,KGE
subsequent_2016_2020,AUDIOSK5 vs KnobenK5,hysets_01BQ001,Knoben_K5,731,0.37620919989682666,0.546578587139692,0.06386491144541086,KGE
subsequent_2016_2020,AUDIOSK5 vs KnobenK5,hysets_01BS001,RF_Signature_K5,731,0.6080515114552678,0.6842546579871503,0.06247976369403139,KGE
subsequent_2016_2020,AUDIOSK5 vs KnobenK5,hysets_01BS001,Knoben_K5,731,0.7498415453173659,0.7615536922920192,0.04991516074384358,KGE
subsequent_2016_2020,AUDIOSK5 vs KnobenK5,hysets_01BU002,RF_Signature_K5,731,0.44888321675243137,0.47125886602555245,0.08832394975898014,KGE
subsequent_2016_2020,AUDIOSK5 vs KnobenK5,hysets_01BU002,Knoben_K5,731,0.5706262392527752,0.38750539035676235,0.0779604637879992,KGE
subsequent_2016_2020,AUDIOSK5 vs KnobenK5,hysets_01BV006,RF_Signature_K5,731,0.27044855064674833,0.4363222204593922,0.06545142789092523,KGE
subsequent_2016_2020,AUDIOSK5 vs KnobenK5,hysets_01BV006,Knoben_K5,731,0.4323912385098504,0.3963035561258068,0.05773188110405875,KGE
subsequent_2016_2020,AUDIOSK5 vs KnobenK5,hysets_01DR001,RF_Signature_K5,1096,0.04284563565057031,0.3056396327896048,0.10799289942721488,KGE
subsequent_2016_2020,AUDIOSK5 vs KnobenK5,hysets_01DR001,Knoben_K5,1096,-0.14466564683549876,0.0661317175973819,0.1180982695271345,KGE
subsequent_2016_2020,AUDIOSK5 vs KnobenK5,hysets_01EC001,RF_Signature_K5,1096,-0.005524205228456758,0.4748490697196385,0.1761305026545122,KGE
subsequent_2016_2020,AUDIOSK5 vs KnobenK5,hysets_01EC001,Knoben_K5,1096,0.5384555271198428,0.6912673067361695,0.11932874882977362,KGE
subsequent_2016_2020,AUDIOSK5 vs KnobenK5,hysets_01ED007,RF_Signature_K5,731,-0.40395354461995137,0.0967790027390778,0.24830743039171324,KGE
subsequent_2016_2020,AUDIOSK5 vs KnobenK5,hysets_01ED007,Knoben_K5,731,0.45915648674496745,0.6248900413923728,0.154116507754578,KGE
subsequent_2016_2020,AUDIOSK5 vs KnobenK5,hysets_01EF001,RF_Signature_K5,1096,0.04470271995613029,0.5408391955562828,0.18519648229055133,KGE
subsequent_2016_2020,AUDIOSK5 vs KnobenK5,hysets_01EF001,Knoben_K5,1096,0.5371041438609064,0.7691915714074504,0.1289154916137296,KGE
subsequent_2016_2020,AUDIOSK5 vs KnobenK5,hysets_01EO001,RF_Signature_K5,1096,0.24580225229476238,0.49198759440098927,0.09324233005890369,KGE
subsequent_2016_2020,AUDIOSK5 vs KnobenK5,hysets_01EO001,Knoben_K5,1096,0.4119836158008907,0.3882367150378624,0.082331346033001,KGE
subsequent_2016_2020,AUDIOSK5 vs KnobenK5,hysets_01FB001,RF_Signature_K5,1096,-0.038367013264207106,0.19117122342841397,0.11018416136440658,KGE
subsequent_2016_2020,AUDIOSK5 vs KnobenK5,hysets_01FB001,Knoben_K5,1096,0.250501134625148,0.24892979253173153,0.09361150313593584,KGE
subsequent_2016_2020,AUDIOSK5 vs KnobenK5,hysets_01FB003,RF_Signature_K5,1096,-0.32415100590658374,0.40713489130608305,0.19026669636036675,KGE
subsequent_2016_2020,AUDIOSK5 vs KnobenK5,hysets_01FB003,Knoben_K5,1096,0.1591732765929278,0.5653846051624839,0.15161678146866053,KGE
subsequent_2016_2020,AUDIOSK5 vs KnobenK5,hysets_02011400,RF_Signature_K5,1096,0.6976467744329213,0.7908802145892316,0.0389431001604266,KGE
subsequent_2016_2020,AUDIOSK5 vs KnobenK5,hysets_02011400,Knoben_K5,1096,0.4426457966406854,0.528615444459877,0.052873597294529805,KGE
subsequent_2016_2020,AUDIOSK5 vs KnobenK5,hysets_02011460,RF_Signature_K5,1096,-0.03968532652399426,0.30875418909216357,0.05367723730156891,KGE
subsequent_2016_2020,AUDIOSK5 vs KnobenK5,hysets_02011460,Knoben_K5,1096,-0.26176059480703695,0.29069066938070576,0.05913269571767936,KGE
subsequent_2016_2020,AUDIOSK5 vs KnobenK5,hysets_02013000,RF_Signature_K5,1096,0.624965131446233,0.6559740404383572,0.03999274573344715,KGE
subsequent_2016_2020,AUDIOSK5 vs KnobenK5,hysets_02013000,Knoben_K5,1096,0.6523607177683846,0.7043909966932289,0.03850435212887202,KGE
subsequent_2016_2020,AUDIOSK5 vs KnobenK5,hysets_02014000,RF_Signature_K5,1096,0.7049453708005022,0.7549380615967163,0.05224885056189756,KGE
subsequent_2016_2020,AUDIOSK5 vs KnobenK5,hysets_02014000,Knoben_K5,1096,0.45847052316266523,0.7094548403813687,0.07078424024903675,KGE
subsequent_2016_2020,AUDIOSK5 vs KnobenK5,hysets_02015700,RF_Signature_K5,1096,-0.2843007627147065,0.37393631413043993,0.0614951890340644,KGE
subsequent_2016_2020,AUDIOSK5 vs KnobenK5,hysets_02015700,Knoben_K5,1096,0.4516846892463363,0.4983662585472042,0.0401812050348511,KGE
subsequent_2016_2020,AUDIOSK5 vs KnobenK5,hysets_02016000,RF_Signature_K5,1096,0.4382070321369712,0.6687107565032404,0.05651974586290028,KGE
subsequent_2016_2020,AUDIOSK5 vs KnobenK5,hysets_02016000,Knoben_K5,1096,0.13038578466741912,0.5907252977605897,0.07031943397030815,KGE
subsequent_2016_2020,AUDIOSK5 vs KnobenK5,hysets_02017500,RF_Signature_K5,1096,0.7857868791118799,0.7999274377177605,0.0522876364611746,KGE
subsequent_2016_2020,AUDIOSK5 vs KnobenK5,hysets_02017500,Knoben_K5,1096,0.8989381193396065,0.9279092452651376,0.03591448677308955,KGE
subsequent_2016_2020,AUDIOSK5 vs KnobenK5,hysets_02018000,RF_Signature_K5,1096,0.6343836112606224,0.7467693516424545,0.05803528494617324,KGE
subsequent_2016_2020,AUDIOSK5 vs KnobenK5,hysets_02018000,Knoben_K5,1096,0.7837718552520826,0.889184583187778,0.04463087534907432,KGE
subsequent_2016_2020,AUDIOSK5 vs KnobenK5,hysets_02020500,RF_Signature_K5,1096,0.24562944100018158,0.41586023645654224,0.05809606666161999,KGE
subsequent_2016_2020,AUDIOSK5 vs KnobenK5,hysets_02020500,Knoben_K5,1096,0.7657029015339858,0.7013423034359663,0.03237709053638759,KGE
subsequent_2016_2020,AUDIOSK5 vs KnobenK5,hysets_02021500,RF_Signature_K5,1096,0.37871916839928943,0.4639288087957949,0.056169704243119574,KGE
subsequent_2016_2020,AUDIOSK5 vs KnobenK5,hysets_02021500,Knoben_K5,1096,0.9159792846081695,0.873952745671205,0.02065624363701203,KGE
subsequent_2016_2020,AUDIOSK5 vs KnobenK5,hysets_02030000,RF_Signature_K5,1096,0.0036290062074669782,0.3212286159063418,0.06958677816592256,KGE
subsequent_2016_2020,AUDIOSK5 vs KnobenK5,hysets_02030000,Knoben_K5,1096,-0.3287091546273524,0.17248258312929632,0.08035837668263861,KGE
subsequent_2016_2020,AUDIOSK5 vs KnobenK5,hysets_02041000,RF_Signature_K5,1096,0.07969788125134758,0.19144907864351735,0.03676704076859092,KGE
subsequent_2016_2020,AUDIOSK5 vs KnobenK5,hysets_02041000,Knoben_K5,1096,0.28282185763910106,0.2673143970697336,0.03245689631997357,KGE
subsequent_2016_2020,AUDIOSK5 vs KnobenK5,hysets_02046000,RF_Signature_K5,1096,-0.4253634697522781,0.1635715721330534,0.08221204627719088,KGE
subsequent_2016_2020,AUDIOSK5 vs KnobenK5,hysets_02046000,Knoben_K5,1096,-0.3771889738706351,0.18895439460314412,0.08081080153797122,KGE
subsequent_2016_2020,AUDIOSK5 vs KnobenK5,hysets_02212600,RF_Signature_K5,1096,-1.0147228197269795,-0.6825816467329318,0.08443709163660734,KGE
subsequent_2016_2020,AUDIOSK5 vs KnobenK5,hysets_02212600,Knoben_K5,1096,-0.31142401621649185,-0.10048231304374067,0.06812353558370682,KGE
subsequent_2016_2020,AUDIOSK5 vs KnobenK5,hysets_02325000,RF_Signature_K5,1096,-5.192731896163403,-0.6604043518325826,0.3799192644083101,KGE
subsequent_2016_2020,AUDIOSK5 vs KnobenK5,hysets_02325000,Knoben_K5,1096,-7.533027120156479,-0.9932791090090103,0.44596598940757093,KGE
subsequent_2016_2020,AUDIOSK5 vs KnobenK5,hysets_02326000,RF_Signature_K5,1096,-5.098991620312508,-0.8758390742345961,0.4102214341401413,KGE
subsequent_2016_2020,AUDIOSK5 vs KnobenK5,hysets_02326000,Knoben_K5,1096,-56.35306609176863,-5.623628935952472,1.2579623708950258,KGE
subsequent_2016_2020,AUDIOSK5 vs KnobenK5,hysets_02327100,RF_Signature_K5,1096,-0.6070710616799297,-0.07149384779462742,0.16528758481166178,KGE
subsequent_2016_2020,AUDIOSK5 vs KnobenK5,hysets_02327100,Knoben_K5,1096,-0.3168262644397706,-0.399200247897872,0.1496190639534305,KGE
subsequent_2016_2020,AUDIOSK5 vs KnobenK5,hysets_02331600,RF_Signature_K5,1096,-0.3443166555853878,0.32746731299892207,0.07271216701414535,KGE
subsequent_2016_2020,AUDIOSK5 vs KnobenK5,hysets_02331600,Knoben_K5,1096,0.5093433191973011,0.5748198008401053,0.04392837686323144,KGE
subsequent_2016_2020,AUDIOSK5 vs KnobenK5,hysets_02373000,RF_Signature_K5,1079,-0.1811445579221478,0.11994143359776432,0.10956824835996153,KGE
subsequent_2016_2020,AUDIOSK5 vs KnobenK5,hysets_02373000,Knoben_K5,1079,0.21498736642430327,0.14847122459728967,0.08932468948294142,KGE
subsequent_2016_2020,AUDIOSK5 vs KnobenK5,hysets_02374500,RF_Signature_K5,1096,-0.4518293124340822,0.16346592193376852,0.0553914505250366,KGE
subsequent_2016_2020,AUDIOSK5 vs KnobenK5,hysets_02374500,Knoben_K5,1096,0.2585914041362244,0.539311166166792,0.03958346117942866,KGE
subsequent_2016_2020,AUDIOSK5 vs KnobenK5,hysets_02380500,RF_Signature_K5,1096,-1.8596209398899655,-0.044395397603804954,0.1646232986707963,KGE
subsequent_2016_2020,AUDIOSK5 vs KnobenK5,hysets_02380500,Knoben_K5,1096,0.6509063475198038,0.8021902139305739,0.05751856486332819,KGE
subsequent_2016_2020,AUDIOSK5 vs KnobenK5,hysets_02401390,RF_Signature_K5,1095,0.09374511252610673,0.2627217790274521,0.08963201071594279,KGE
subsequent_2016_2020,AUDIOSK5 vs KnobenK5,hysets_02401390,Knoben_K5,1095,-0.006142585857708216,-0.10405759294964878,0.09444255414841236,KGE
subsequent_2016_2020,AUDIOSK5 vs KnobenK5,hysets_02450250,RF_Signature_K5,1096,0.2401475817802352,0.4750752612656326,0.07330249603821717,KGE
subsequent_2016_2020,AUDIOSK5 vs KnobenK5,hysets_02450250,Knoben_K5,1096,0.23063752937447057,0.13696658773437598,0.07375978412903451,KGE
subsequent_2016_2020,AUDIOSK5 vs KnobenK5,hysets_02469800,RF_Signature_K5,1096,-0.07117009586211465,0.07085692298330704,0.08414905593863548,KGE
subsequent_2016_2020,AUDIOSK5 vs KnobenK5,hysets_02469800,Knoben_K5,1096,0.09446297140971383,-0.038481169300738305,0.07737009587702086,KGE
subsequent_2016_2020,AUDIOSK5 vs KnobenK5,hysets_02479155,RF_Signature_K5,1095,0.09315031869798795,0.09267279149552621,0.07013005274827165,KGE
subsequent_2016_2020,AUDIOSK5 vs KnobenK5,hysets_02479155,Knoben_K5,1095,-0.028336194472007303,0.14360928742799184,0.07467995957552777,KGE
subsequent_2016_2020,AUDIOSK5 vs KnobenK5,hysets_02479560,RF_Signature_K5,1096,-0.15283621968637573,0.008708190484216671,0.06652190386599602,KGE
subsequent_2016_2020,AUDIOSK5 vs KnobenK5,hysets_02479560,Knoben_K5,1096,0.3426822300880875,0.36508679960718315,0.050230621367905355,KGE
subsequent_2016_2020,AUDIOSK5 vs KnobenK5,hysets_02AB017,RF_Signature_K5,731,-0.1259936955152201,-0.26047734761716224,0.1603858407380857,KGE
subsequent_2016_2020,AUDIOSK5 vs KnobenK5,hysets_02AB017,Knoben_K5,731,0.06818321019957152,0.29847525541093467,0.145902694129215,KGE
subsequent_2016_2020,AUDIOSK5 vs KnobenK5,hysets_02AC001,RF_Signature_K5,731,-0.17904359598068065,0.046581185116687185,0.20324433680426954,KGE
subsequent_2016_2020,AUDIOSK5 vs KnobenK5,hysets_02AC001,Knoben_K5,731,-1.560894564652243,-0.047063853464384575,0.2995362377057229,KGE
subsequent_2016_2020,AUDIOSK5 vs KnobenK5,hysets_02AD010,RF_Signature_K5,1096,0.4520437986874628,0.4843516737542829,0.10201048117585818,KGE
subsequent_2016_2020,AUDIOSK5 vs KnobenK5,hysets_02AD010,Knoben_K5,1096,-1.5291408949617722,-0.06835089834090446,0.2191585331261664,KGE
subsequent_2016_2020,AUDIOSK5 vs KnobenK5,hysets_02BA003,RF_Signature_K5,731,-0.11739364082163495,0.3791333280044338,0.14044895439946273,KGE
subsequent_2016_2020,AUDIOSK5 vs KnobenK5,hysets_02BA003,Knoben_K5,731,-4.597205727480285,-0.769750747253118,0.3143410124049503,KGE
subsequent_2016_2020,AUDIOSK5 vs KnobenK5,hysets_02BF001,RF_Signature_K5,731,0.7091509387049604,0.812018846279454,0.06644074594244193,KGE
subsequent_2016_2020,AUDIOSK5 vs KnobenK5,hysets_02BF001,Knoben_K5,731,0.23802907061631962,0.6423335285894303,0.1075399592889197,KGE
subsequent_2016_2020,AUDIOSK5 vs KnobenK5,hysets_02BF002,RF_Signature_K5,731,0.8607126703126322,0.8338169373623227,0.04654127981416035,KGE
subsequent_2016_2020,AUDIOSK5 vs KnobenK5,hysets_02BF002,Knoben_K5,731,0.055988875033285534,0.04386310332022081,0.12116329393091813,KGE
subsequent_2016_2020,AUDIOSK5 vs KnobenK5,hysets_02CB003,RF_Signature_K5,731,0.15691603637807905,0.33476956402081803,0.12039755957831805,KGE
subsequent_2016_2020,AUDIOSK5 vs KnobenK5,hysets_02CB003,Knoben_K5,731,0.792092860203549,0.7388769541034328,0.05978840553255345,KGE
subsequent_2016_2020,AUDIOSK5 vs KnobenK5,hysets_02CD006,RF_Signature_K5,731,0.2869109492677888,0.6014679230938342,0.15787412830942277,KGE
subsequent_2016_2020,AUDIOSK5 vs KnobenK5,hysets_02CD006,Knoben_K5,731,-1.4105147897386505,-0.10292962188686117,0.29026453873734204,KGE
subsequent_2016_2020,AUDIOSK5 vs KnobenK5,hysets_02DD015,RF_Signature_K5,731,-0.16408237077488308,0.1756531056223929,0.1726981181138612,KGE
subsequent_2016_2020,AUDIOSK5 vs KnobenK5,hysets_02DD015,Knoben_K5,731,0.2214003657982193,0.630742849289835,0.14123841873293222,KGE
subsequent_2016_2020,AUDIOSK5 vs KnobenK5,hysets_02HL003,RF_Signature_K5,1096,-0.3724335145654749,0.3154796706287173,0.1312321803282603,KGE
subsequent_2016_2020,AUDIOSK5 vs KnobenK5,hysets_02HL003,Knoben_K5,1096,0.19794058876648535,0.3259086680748494,0.10032241000424712,KGE
subsequent_2016_2020,AUDIOSK5 vs KnobenK5,hysets_02HL004,RF_Signature_K5,731,-0.5291646986031988,0.30538732262985235,0.17380457369872873,KGE
subsequent_2016_2020,AUDIOSK5 vs KnobenK5,hysets_02HL004,Knoben_K5,731,0.3508420369925983,0.4983845321057203,0.11324245173508611,KGE
subsequent_2016_2020,AUDIOSK5 vs KnobenK5,hysets_02JC008,RF_Signature_K5,731,0.32920841425452285,0.6057755686751202,0.12311192729203113,KGE
subsequent_2016_2020,AUDIOSK5 vs KnobenK5,hysets_02JC008,Knoben_K5,731,-1.0805997580657132,0.005506773014340216,0.2168206284304139,KGE
subsequent_2016_2020,AUDIOSK5 vs KnobenK5,hysets_02YC001,RF_Signature_K5,731,-0.049968359293560916,0.24175811216456788,0.1872141393193589,KGE
subsequent_2016_2020,AUDIOSK5 vs KnobenK5,hysets_02YC001,Knoben_K5,731,0.043387377062502064,0.43375532581377385,0.17869754800723336,KGE
subsequent_2016_2020,AUDIOSK5 vs KnobenK5,hysets_02YD002,RF_Signature_K5,731,-0.27177963089692736,0.17603589408811526,0.17722277292101843,KGE
subsequent_2016_2020,AUDIOSK5 vs KnobenK5,hysets_02YD002,Knoben_K5,731,0.2240139062981118,0.4167197461044744,0.13843329757570574,KGE
subsequent_2016_2020,AUDIOSK5 vs KnobenK5,hysets_02YJ001,RF_Signature_K5,731,-0.11271639047538606,0.16825793223023822,0.15691780148139525,KGE
subsequent_2016_2020,AUDIOSK5 vs KnobenK5,hysets_02YJ001,Knoben_K5,731,0.42442891667300275,0.36293236357400316,0.11285724790905455,KGE
subsequent_2016_2020,AUDIOSK5 vs KnobenK5,hysets_02YK002,RF_Signature_K5,731,0.536314902479594,0.6273216041743865,0.10718984309033933,KGE
subsequent_2016_2020,AUDIOSK5 vs KnobenK5,hysets_02YK002,Knoben_K5,731,-0.28548012865046357,-0.07985664215236299,0.1784739147648684,KGE
subsequent_2016_2020,AUDIOSK5 vs KnobenK5,hysets_02YK005,RF_Signature_K5,731,-0.4647579382910265,0.35673738037044944,0.2357418195548928,KGE
subsequent_2016_2020,AUDIOSK5 vs KnobenK5,hysets_02YK005,Knoben_K5,731,0.4470432858218215,0.4441826606939002,0.14484358618566204,KGE
subsequent_2016_2020,AUDIOSK5 vs KnobenK5,hysets_02YN002,RF_Signature_K5,731,-0.19465547888895451,0.2739388820816543,0.17062460376723973,KGE
subsequent_2016_2020,AUDIOSK5 vs KnobenK5,hysets_02YN002,Knoben_K5,731,-0.2852401014254262,-0.03440042881890015,0.17697521561637247,KGE
subsequent_2016_2020,AUDIOSK5 vs KnobenK5,hysets_02YO006,RF_Signature_K5,1096,0.1989221532925044,0.5228133525508876,0.07697131236077179,KGE
subsequent_2016_2020,AUDIOSK5 vs KnobenK5,hysets_02YO006,Knoben_K5,1096,0.6905284976188988,0.6552554744808667,0.04784117770185156,KGE
subsequent_2016_2020,AUDIOSK5 vs KnobenK5,hysets_02YO008,RF_Signature_K5,1096,0.14560929910760811,0.23775298336610828,0.07216047375636697,KGE
subsequent_2016_2020,AUDIOSK5 vs KnobenK5,hysets_02YO008,Knoben_K5,1096,0.5412308247865902,0.4735154021037091,0.05287717374699013,KGE
subsequent_2016_2020,AUDIOSK5 vs KnobenK5,hysets_02YR001,RF_Signature_K5,1096,-0.22338881966377166,0.33715548186322364,0.17864126291290203,KGE
subsequent_2016_2020,AUDIOSK5 vs KnobenK5,hysets_02YR001,Knoben_K5,1096,0.2597040483720525,0.5992492025045396,0.13896397036597144,KGE
subsequent_2016_2020,AUDIOSK5 vs KnobenK5,hysets_02YR003,RF_Signature_K5,1096,-0.2577351787667219,0.3113410515372306,0.19448510881861306,KGE
subsequent_2016_2020,AUDIOSK5 vs KnobenK5,hysets_02YR003,Knoben_K5,1096,0.08659160213461536,0.5078939828241407,0.16573882292950803,KGE
subsequent_2016_2020,AUDIOSK5 vs KnobenK5,hysets_02ZB001,RF_Signature_K5,731,0.055694886049753256,0.10486866783230087,0.07821785704175617,KGE
subsequent_2016_2020,AUDIOSK5 vs KnobenK5,hysets_02ZB001,Knoben_K5,731,-0.09758292295274607,-0.26824923930626166,0.08432734230144666,KGE
subsequent_2016_2020,AUDIOSK5 vs KnobenK5,hysets_02ZC002,RF_Signature_K5,731,0.09656285423064048,0.1519180356896792,0.10343335811074517,KGE
subsequent_2016_2020,AUDIOSK5 vs KnobenK5,hysets_02ZC002,Knoben_K5,731,-0.18270231281938787,-0.37857647756904145,0.11834485351007518,KGE
subsequent_2016_2020,AUDIOSK5 vs KnobenK5,hysets_02ZF001,RF_Signature_K5,1096,0.053991970085516594,0.5408936097023298,0.13904033240835667,KGE
subsequent_2016_2020,AUDIOSK5 vs KnobenK5,hysets_02ZF001,Knoben_K5,1096,-1.2027857488815803,0.11786185315784037,0.2121678204714468,KGE
subsequent_2016_2020,AUDIOSK5 vs KnobenK5,hysets_02ZG001,RF_Signature_K5,731,0.022075503719466094,0.48508370516348565,0.14635857829250043,KGE
subsequent_2016_2020,AUDIOSK5 vs KnobenK5,hysets_02ZG001,Knoben_K5,731,-0.10793793543000652,0.07677292468268082,0.15578413816204464,KGE
subsequent_2016_2020,AUDIOSK5 vs KnobenK5,hysets_02ZG003,RF_Signature_K5,692,-0.25901389361784277,0.005937044435325944,0.1367854940676134,KGE
subsequent_2016_2020,AUDIOSK5 vs KnobenK5,hysets_02ZG003,Knoben_K5,692,-0.37084713794054336,-0.4347856521030422,0.14273132482431938,KGE
subsequent_2016_2020,AUDIOSK5 vs KnobenK5,hysets_02ZH001,RF_Signature_K5,731,0.5396777509645048,0.732582535026711,0.07524727817291457,KGE
subsequent_2016_2020,AUDIOSK5 vs KnobenK5,hysets_02ZH001,Knoben_K5,731,-0.48278143325083467,-0.4399595037483346,0.13505117958179627,KGE
subsequent_2016_2020,AUDIOSK5 vs KnobenK5,hysets_02ZK001,RF_Signature_K5,731,-0.11975884231013989,-0.20051478399372868,0.14129701444356096,KGE
subsequent_2016_2020,AUDIOSK5 vs KnobenK5,hysets_02ZK001,Knoben_K5,731,0.014244343285947814,0.05320159445371986,0.13257308854553826,KGE
subsequent_2016_2020,AUDIOSK5 vs KnobenK5,hysets_02ZK004,RF_Signature_K5,731,-0.1465030961195899,-0.0397840988563527,0.16170069287191807,KGE
subsequent_2016_2020,AUDIOSK5 vs KnobenK5,hysets_02ZK004,Knoben_K5,731,0.09498060175464473,0.12960805637377348,0.14366573824719406,KGE
subsequent_2016_2020,AUDIOSK5 vs KnobenK5,hysets_03010655,RF_Signature_K5,1096,0.5430819062640777,0.7765681863180958,0.05640310417803612,KGE
subsequent_2016_2020,AUDIOSK5 vs KnobenK5,hysets_03010655,Knoben_K5,1096,0.6118513749396121,0.7766240924243307,0.05198557527022949,KGE
subsequent_2016_2020,AUDIOSK5 vs KnobenK5,hysets_03028000,RF_Signature_K5,1096,-0.18526568534616517,0.4450718450796294,0.07888410227338978,KGE
subsequent_2016_2020,AUDIOSK5 vs KnobenK5,hysets_03028000,Knoben_K5,1096,-0.6528715947249335,0.30259495200048525,0.0931539317575119,KGE
subsequent_2016_2020,AUDIOSK5 vs KnobenK5,hysets_03065000,RF_Signature_K5,1096,0.37751786376215435,0.5902251930625158,0.07255484532538083,KGE
subsequent_2016_2020,AUDIOSK5 vs KnobenK5,hysets_03065000,Knoben_K5,1096,0.6371800670686337,0.6843668658691194,0.055392190985891196,KGE
subsequent_2016_2020,AUDIOSK5 vs KnobenK5,hysets_03070500,RF_Signature_K5,1096,0.10318258636774391,0.5105287496277491,0.09323166186970144,KGE
subsequent_2016_2020,AUDIOSK5 vs KnobenK5,hysets_03070500,Knoben_K5,1096,0.13706997840614288,0.5182820174911896,0.09145326157298866,KGE
subsequent_2016_2020,AUDIOSK5 vs KnobenK5,hysets_03072000,RF_Signature_K5,1096,0.24314640510232388,0.5689639574373433,0.08661236219866512,KGE
subsequent_2016_2020,AUDIOSK5 vs KnobenK5,hysets_03072000,Knoben_K5,1096,0.08404914780940143,0.37760963720052954,0.09528181687349074,KGE
subsequent_2016_2020,AUDIOSK5 vs KnobenK5,hysets_03110000,RF_Signature_K5,1096,-0.03657919999044368,0.3574703955184789,0.06758444419825846,KGE
subsequent_2016_2020,AUDIOSK5 vs KnobenK5,hysets_03110000,Knoben_K5,1096,0.10088231686804527,0.3464438297129854,0.06294391780607486,KGE
subsequent_2016_2020,AUDIOSK5 vs KnobenK5,hysets_03151400,RF_Signature_K5,1096,0.5878369658232625,0.6362474763430325,0.05070102909572639,KGE
subsequent_2016_2020,AUDIOSK5 vs KnobenK5,hysets_03151400,Knoben_K5,1096,0.3765407844736749,0.28892821130656277,0.06235715313243979,KGE
subsequent_2016_2020,AUDIOSK5 vs KnobenK5,hysets_03159540,RF_Signature_K5,1096,0.26248926437442843,0.40816547562464844,0.07669413874207283,KGE
subsequent_2016_2020,AUDIOSK5 vs KnobenK5,hysets_03159540,Knoben_K5,1096,-0.0053039458909922566,0.280038530724664,0.08954198033123649,KGE
subsequent_2016_2020,AUDIOSK5 vs KnobenK5,hysets_03180500,RF_Signature_K5,1096,0.174989511475803,0.4292354358546623,0.07166482132438311,KGE
subsequent_2016_2020,AUDIOSK5 vs KnobenK5,hysets_03180500,Knoben_K5,1096,0.8745426195235546,0.9026966902180023,0.027946305039200096,KGE
subsequent_2016_2020,AUDIOSK5 vs KnobenK5,hysets_03182500,RF_Signature_K5,1096,0.6990313556740861,0.7825409762802868,0.04072141160737021,KGE
subsequent_2016_2020,AUDIOSK5 vs KnobenK5,hysets_03182500,Knoben_K5,1096,0.5508238292989599,0.6482369353582849,0.049747418886779415,KGE
subsequent_2016_2020,AUDIOSK5 vs KnobenK5,hysets_03186500,RF_Signature_K5,1096,0.46133521199662497,0.4668869379639592,0.04424170758359785,KGE
subsequent_2016_2020,AUDIOSK5 vs KnobenK5,hysets_03186500,Knoben_K5,1096,0.7270861063115817,0.520381200017749,0.031490924465296395,KGE
subsequent_2016_2020,AUDIOSK5 vs KnobenK5,hysets_03187500,RF_Signature_K5,1096,0.593922248144511,0.5778618185301069,0.048408078807590536,KGE
subsequent_2016_2020,AUDIOSK5 vs KnobenK5,hysets_03187500,Knoben_K5,1096,0.9307603735393358,0.9352652719147412,0.01998897878427592,KGE
subsequent_2016_2020,AUDIOSK5 vs KnobenK5,hysets_03189100,RF_Signature_K5,929,0.5107248208792527,0.5187954179349581,0.04595092324476853,KGE
subsequent_2016_2020,AUDIOSK5 vs KnobenK5,hysets_03189100,Knoben_K5,929,0.8942072059311909,0.8596669763361904,0.021367105434257995,KGE
subsequent_2016_2020,AUDIOSK5 vs KnobenK5,hysets_03194700,RF_Signature_K5,1096,0.5837314398244279,0.6320719758596303,0.06181123750337939,KGE
subsequent_2016_2020,AUDIOSK5 vs KnobenK5,hysets_03194700,Knoben_K5,1096,0.7564907159308758,0.6693039345985206,0.047275746480625186,KGE
subsequent_2016_2020,AUDIOSK5 vs KnobenK5,hysets_03202400,RF_Signature_K5,1096,0.49376601718110835,0.5571797059007694,0.04373426210306775,KGE
subsequent_2016_2020,AUDIOSK5 vs KnobenK5,hysets_03202400,Knoben_K5,1096,0.6277300658353901,0.8078971445890426,0.03750378816134462,KGE
subsequent_2016_2020,AUDIOSK5 vs KnobenK5,hysets_03202750,RF_Signature_K5,1096,0.39335191483423015,0.5771744628610012,0.07376611970420352,KGE
subsequent_2016_2020,AUDIOSK5 vs KnobenK5,hysets_03202750,Knoben_K5,1096,0.7098547663518309,0.6656059067037506,0.0510148065044446,KGE
subsequent_2016_2020,AUDIOSK5 vs KnobenK5,hysets_03207800,RF_Signature_K5,1096,0.5074572542699651,0.6979109947529634,0.03917749576159586,KGE
subsequent_2016_2020,AUDIOSK5 vs KnobenK5,hysets_03207800,Knoben_K5,1096,0.7742609216538736,0.6241442860979658,0.026522721347894025,KGE
subsequent_2016_2020,AUDIOSK5 vs KnobenK5,hysets_03208500,RF_Signature_K5,1096,0.0910281712270391,0.309108267417716,0.051870032304851606,KGE
subsequent_2016_2020,AUDIOSK5 vs KnobenK5,hysets_03208500,Knoben_K5,1096,0.5281274246732696,0.4162165747449159,0.037372631215316685,KGE
subsequent_2016_2020,AUDIOSK5 vs KnobenK5,hysets_03210000,RF_Signature_K5,1096,-0.15942294994868877,0.25637550033547085,0.09293199244058441,KGE
subsequent_2016_2020,AUDIOSK5 vs KnobenK5,hysets_03210000,Knoben_K5,1096,-0.3131654180289931,-0.1175838938813889,0.09890176012175408,KGE
subsequent_2016_2020,AUDIOSK5 vs KnobenK5,hysets_03217000,RF_Signature_K5,1096,0.23938516075027827,0.5254548287270675,0.06540382995607137,KGE
subsequent_2016_2020,AUDIOSK5 vs KnobenK5,hysets_03217000,Knoben_K5,1096,-0.07656591421920544,0.24619450031207246,0.07781101784290835,KGE
subsequent_2016_2020,AUDIOSK5 vs KnobenK5,hysets_03280700,RF_Signature_K5,1096,-0.2456475175627273,0.260218847809088,0.06285768160477825,KGE
subsequent_2016_2020,AUDIOSK5 vs KnobenK5,hysets_03280700,Knoben_K5,1096,0.1869457705237032,0.1885064724993335,0.05078325477678777,KGE
subsequent_2016_2020,AUDIOSK5 vs KnobenK5,hysets_03460000,RF_Signature_K5,1096,-2.072056326994957,-0.07372664268392226,0.13994189432842727,KGE
subsequent_2016_2020,AUDIOSK5 vs KnobenK5,hysets_03460000,Knoben_K5,1096,-1.0129643899098255,-0.649838222981687,0.11327946972129609,KGE
subsequent_2016_2020,AUDIOSK5 vs KnobenK5,hysets_03497300,RF_Signature_K5,1094,-0.19716073183347116,0.24944219984388682,0.084707398802393,KGE
subsequent_2016_2020,AUDIOSK5 vs KnobenK5,hysets_03497300,Knoben_K5,1094,0.3269534069186014,0.320590972046901,0.06351373887598295,KGE
subsequent_2016_2020,AUDIOSK5 vs KnobenK5,hysets_03512000,RF_Signature_K5,1096,0.5149080391910712,0.7138016732668346,0.054340586171766646,KGE
subsequent_2016_2020,AUDIOSK5 vs KnobenK5,hysets_03512000,Knoben_K5,1096,0.7728026744490598,0.6510642225876464,0.03718894751538742,KGE
subsequent_2016_2020,AUDIOSK5 vs KnobenK5,hysets_03574500,RF_Signature_K5,1096,0.09704378291239635,0.21714250142329616,0.08888212911573411,KGE
subsequent_2016_2020,AUDIOSK5 vs KnobenK5,hysets_03574500,Knoben_K5,1096,0.3829519803491984,0.4434005112912909,0.07347516743886683,KGE
subsequent_2016_2020,AUDIOSK5 vs KnobenK5,hysets_04015330,RF_Signature_K5,1096,-0.06829646790160782,-0.25132605388648344,0.09471563567503333,KGE
subsequent_2016_2020,AUDIOSK5 vs KnobenK5,hysets_04015330,Knoben_K5,1096,-0.4575256406450914,-0.12338712591964396,0.11063279485527917,KGE
subsequent_2016_2020,AUDIOSK5 vs KnobenK5,hysets_04024430,RF_Signature_K5,1096,-0.3262690942402715,-0.0657219661263988,0.06457792111811282,KGE
subsequent_2016_2020,AUDIOSK5 vs KnobenK5,hysets_04024430,Knoben_K5,1096,-3.3986993875212823,-1.0797353925550004,0.11760624311278323,KGE
subsequent_2016_2020,AUDIOSK5 vs KnobenK5,hysets_04025500,RF_Signature_K5,1096,-5.74807013059588,-0.6896873436824826,0.22417592294824482,KGE
subsequent_2016_2020,AUDIOSK5 vs KnobenK5,hysets_04025500,Knoben_K5,1096,-3.6740195479822306,-0.3135773427748083,0.18657112700094092,KGE
subsequent_2016_2020,AUDIOSK5 vs KnobenK5,hysets_04057510,RF_Signature_K5,1096,-0.6436327137981945,-0.296921300065333,0.21007694415607825,KGE
subsequent_2016_2020,AUDIOSK5 vs KnobenK5,hysets_04057510,Knoben_K5,1096,-4.245237076504117,-0.480580629580899,0.37528271711071065,KGE
subsequent_2016_2020,AUDIOSK5 vs KnobenK5,hysets_04063700,RF_Signature_K5,1096,-0.29714022956791664,-0.08986662579238391,0.19188512040053146,KGE
subsequent_2016_2020,AUDIOSK5 vs KnobenK5,hysets_04063700,Knoben_K5,1096,0.5452748267383216,0.510513464216686,0.11361151028632711,KGE
subsequent_2016_2020,AUDIOSK5 vs KnobenK5,hysets_04256000,RF_Signature_K5,1096,0.24749860303146654,0.6361946349588702,0.10053932756719441,KGE
subsequent_2016_2020,AUDIOSK5 vs KnobenK5,hysets_04256000,Knoben_K5,1096,-0.06308746879282978,0.512249532324488,0.11949970149318784,KGE
subsequent_2016_2020,AUDIOSK5 vs KnobenK5,hysets_04262500,RF_Signature_K5,1096,-0.3159850265083337,0.4412388140176249,0.13799129921852835,KGE
subsequent_2016_2020,AUDIOSK5 vs KnobenK5,hysets_04262500,Knoben_K5,1096,-0.6962923503838079,0.31352919126721335,0.15666665884115116,KGE
subsequent_2016_2020,AUDIOSK5 vs KnobenK5,hysets_04269000,RF_Signature_K5,1096,-0.21088320197537835,0.4398212925502133,0.1496038972564811,KGE
subsequent_2016_2020,AUDIOSK5 vs KnobenK5,hysets_04269000,Knoben_K5,1096,0.21051428566238162,0.5793473381450638,0.12079916101100203,KGE
subsequent_2016_2020,AUDIOSK5 vs KnobenK5,hysets_04296000,RF_Signature_K5,1096,0.06672494147977581,0.5483167073522006,0.13562123539096352,KGE
subsequent_2016_2020,AUDIOSK5 vs KnobenK5,hysets_04296000,Knoben_K5,1096,0.5971777059085852,0.5424634631715581,0.08910039216355725,KGE
subsequent_2016_2020,AUDIOSK5 vs KnobenK5,hysets_05AA008,RF_Signature_K5,1096,0.60091025328178,0.4639353639696455,0.10968353991097984,KGE
subsequent_2016_2020,AUDIOSK5 vs KnobenK5,hysets_05AA008,Knoben_K5,1096,0.4537698418105892,0.3176488357323566,0.12831989942173463,KGE
subsequent_2016_2020,AUDIOSK5 vs KnobenK5,hysets_05DC006,RF_Signature_K5,731,-1.2260034504179105,0.09283585253172433,0.2101683357459315,KGE
subsequent_2016_2020,AUDIOSK5 vs KnobenK5,hysets_05DC006,Knoben_K5,731,-9.316663241590403,-1.4989033479451601,0.4524535455854622,KGE
subsequent_2016_2020,AUDIOSK5 vs KnobenK5,hysets_05QE008,RF_Signature_K5,366,-4.302221269906802,0.026293554742000458,0.5931302355030429,KGE
subsequent_2016_2020,AUDIOSK5 vs KnobenK5,hysets_05QE008,Knoben_K5,366,-7.409870851398464,-0.9655229627719311,0.7469917454621807,KGE
subsequent_2016_2020,AUDIOSK5 vs KnobenK5,hysets_05QE009,RF_Signature_K5,731,-2.0713010693193197,-0.02489126645251627,0.30897062457763247,KGE
subsequent_2016_2020,AUDIOSK5 vs KnobenK5,hysets_05QE009,Knoben_K5,731,-0.08050602615993019,0.5024985344308668,0.18326080586403065,KGE
subsequent_2016_2020,AUDIOSK5 vs KnobenK5,hysets_05QE012,RF_Signature_K5,731,-1.321458062008757,-0.04207251050512184,0.3751397752481384,KGE
subsequent_2016_2020,AUDIOSK5 vs KnobenK5,hysets_05QE012,Knoben_K5,731,-4.100631429803329,-0.3266668505425421,0.5560638522295275,KGE
subsequent_2016_2020,AUDIOSK5 vs KnobenK5,hysets_05TG002,RF_Signature_K5,731,-0.014593024719831149,0.3500668353916587,0.17782894967670787,KGE
subsequent_2016_2020,AUDIOSK5 vs KnobenK5,hysets_05TG002,Knoben_K5,731,-1.353711366229898,-0.5726530715625209,0.2708526752698312,KGE
subsequent_2016_2020,AUDIOSK5 vs KnobenK5,hysets_05UF004,RF_Signature_K5,731,0.18645914040970213,-0.005775867391295764,0.17962234650217676,KGE
subsequent_2016_2020,AUDIOSK5 vs KnobenK5,hysets_05UF004,Knoben_K5,731,0.13275114427902124,0.03546451888500002,0.18545670877106818,KGE
subsequent_2016_2020,AUDIOSK5 vs KnobenK5,hysets_06019500,RF_Signature_K5,1096,-2.181721888174427,-0.4649812738676038,0.28501726207514966,KGE
subsequent_2016_2020,AUDIOSK5 vs KnobenK5,hysets_06019500,Knoben_K5,1096,-24.069909029174518,-3.463791810733225,0.8000487206342639,KGE
subsequent_2016_2020,AUDIOSK5 vs KnobenK5,hysets_06191000,RF_Signature_K5,1096,0.34151072268356386,0.6307201314777549,0.15328623139791503,KGE
subsequent_2016_2020,AUDIOSK5 vs KnobenK5,hysets_06191000,Knoben_K5,1096,0.7124157385984913,0.7405865855498273,0.10130044443179426,KGE
subsequent_2016_2020,AUDIOSK5 vs KnobenK5,hysets_06200000,RF_Signature_K5,1096,-1.5352451955498343,-0.16757701385175472,0.2722876726618145,KGE
subsequent_2016_2020,AUDIOSK5 vs KnobenK5,hysets_06200000,Knoben_K5,1096,0.4772709996209844,0.3340690983786002,0.12363923041030025,KGE
subsequent_2016_2020,AUDIOSK5 vs KnobenK5,hysets_06224000,RF_Signature_K5,1096,0.1872093729976393,0.12516513510712313,0.12452006036320197,KGE
subsequent_2016_2020,AUDIOSK5 vs KnobenK5,hysets_06224000,Knoben_K5,1096,0.4336184723252693,0.3901144170332903,0.10394521920689033,KGE
subsequent_2016_2020,AUDIOSK5 vs KnobenK5,hysets_06289000,RF_Signature_K5,1096,-0.3433196697832721,0.24911905272119894,0.1322355667015979,KGE
subsequent_2016_2020,AUDIOSK5 vs KnobenK5,hysets_06289000,Knoben_K5,1096,-0.24157998252384716,0.4614899665254095,0.12712938461790582,KGE
subsequent_2016_2020,AUDIOSK5 vs KnobenK5,hysets_06309200,RF_Signature_K5,1096,0.14237033841584867,0.016224319696570677,0.10402782147821078,KGE
subsequent_2016_2020,AUDIOSK5 vs KnobenK5,hysets_06309200,Knoben_K5,1096,0.25072614016193084,0.16553768460694385,0.09723439089481363,KGE
subsequent_2016_2020,AUDIOSK5 vs KnobenK5,hysets_06332515,RF_Signature_K5,1096,-318.5411885181988,-16.16140287698982,1.185420984545655,KGE
subsequent_2016_2020,AUDIOSK5 vs KnobenK5,hysets_06332515,Knoben_K5,1096,-5.5269163795209275,-5.541649758285338,0.16941942841440472,KGE
subsequent_2016_2020,AUDIOSK5 vs KnobenK5,hysets_06400875,RF_Signature_K5,1096,-4.709684161308757,-3.2165201259837,0.09332594992855682,KGE
subsequent_2016_2020,AUDIOSK5 vs KnobenK5,hysets_06400875,Knoben_K5,1096,-433.96295204079934,-126.71430844305975,0.8145589318993006,KGE
subsequent_2016_2020,AUDIOSK5 vs KnobenK5,hysets_06404000,RF_Signature_K5,1096,-2.042336593801097,-0.5569512577012063,0.08930696782614449,KGE
subsequent_2016_2020,AUDIOSK5 vs KnobenK5,hysets_06404000,Knoben_K5,1096,-6.053790836752744,-0.8702616171004962,0.13598562526245525,KGE
subsequent_2016_2020,AUDIOSK5 vs KnobenK5,hysets_06406000,RF_Signature_K5,1096,-12.21083673578171,-2.2268487329391284,0.20184016721769346,KGE
subsequent_2016_2020,AUDIOSK5 vs KnobenK5,hysets_06406000,Knoben_K5,1096,-199.3268023228239,-12.59119622479066,0.7859808484552829,KGE
subsequent_2016_2020,AUDIOSK5 vs KnobenK5,hysets_06409000,RF_Signature_K5,1096,-39.35948447279839,-3.1776643341309754,0.779150877272346,KGE
subsequent_2016_2020,AUDIOSK5 vs KnobenK5,hysets_06409000,Knoben_K5,1096,-23.693103922409236,-2.612953609707638,0.6094479225387831,KGE
subsequent_2016_2020,AUDIOSK5 vs KnobenK5,hysets_06422500,RF_Signature_K5,1096,-11.852330032172093,-2.140723498217155,0.29346880217617977,KGE
subsequent_2016_2020,AUDIOSK5 vs KnobenK5,hysets_06422500,Knoben_K5,1096,-0.6070605999958456,-0.26107166697964157,0.10377365941259027,KGE
subsequent_2016_2020,AUDIOSK5 vs KnobenK5,hysets_06623800,RF_Signature_K5,1096,0.5188517461407001,0.3764181385637718,0.10763781096841601,KGE
subsequent_2016_2020,AUDIOSK5 vs KnobenK5,hysets_06623800,Knoben_K5,1096,0.6640959275555133,0.3814209669135924,0.08993588953218688,KGE
subsequent_2016_2020,AUDIOSK5 vs KnobenK5,hysets_06712000,RF_Signature_K5,1096,-908.9691008235798,-28.22760347542877,3.2238042393021216,KGE
subsequent_2016_2020,AUDIOSK5 vs KnobenK5,hysets_06712000,Knoben_K5,1096,-165.34477091615315,-11.136008957039767,1.3783512864449272,KGE
subsequent_2016_2020,AUDIOSK5 vs KnobenK5,hysets_06719505,RF_Signature_K5,1096,-11.612117673042604,-3.096481169751292,0.5457033939284699,KGE
subsequent_2016_2020,AUDIOSK5 vs KnobenK5,hysets_06719505,Knoben_K5,1096,-2.0895485388697264,-0.7167456263720875,0.2700910287749992,KGE
subsequent_2016_2020,AUDIOSK5 vs KnobenK5,hysets_06876700,RF_Signature_K5,1096,-1.808931428144394,-0.07766309861367371,0.17344743793912792,KGE
subsequent_2016_2020,AUDIOSK5 vs KnobenK5,hysets_06876700,Knoben_K5,1096,-2.9119783061855116,-1.2210822890520805,0.20468948782821833,KGE
subsequent_2016_2020,AUDIOSK5 vs KnobenK5,hysets_06FD002,RF_Signature_K5,731,-0.08182989740696311,-0.4610594412431479,0.10013426048380762,KGE
subsequent_2016_2020,AUDIOSK5 vs KnobenK5,hysets_06FD002,Knoben_K5,731,-1.1267631070942228,-0.54004115145622,0.14039859576276004,KGE
subsequent_2016_2020,AUDIOSK5 vs KnobenK5,hysets_07060710,RF_Signature_K5,1095,-1.6585401351132885,-0.8341057324991794,0.0873972223981837,KGE
subsequent_2016_2020,AUDIOSK5 vs KnobenK5,hysets_07060710,Knoben_K5,1095,-1.1516522334283135,-0.3315687191927206,0.07862525358621103,KGE
subsequent_2016_2020,AUDIOSK5 vs KnobenK5,hysets_07124200,RF_Signature_K5,1096,-0.7489927887118555,-0.21532170835815156,0.09276526423362338,KGE
subsequent_2016_2020,AUDIOSK5 vs KnobenK5,hysets_07124200,Knoben_K5,1096,0.48717529879990995,0.4785531474575322,0.050231464980813656,KGE
subsequent_2016_2020,AUDIOSK5 vs KnobenK5,hysets_07203000,RF_Signature_K5,1096,-22.074963344411714,-5.662938621988622,0.32575104211199446,KGE
subsequent_2016_2020,AUDIOSK5 vs KnobenK5,hysets_07203000,Knoben_K5,1096,-41.98256656604579,-7.349946442691495,0.44459182835228167,KGE
subsequent_2016_2020,AUDIOSK5 vs KnobenK5,hysets_07207500,RF_Signature_K5,1096,-6.26177403818365,-4.927671155536957,0.17271723075163128,KGE
subsequent_2016_2020,AUDIOSK5 vs KnobenK5,hysets_07207500,Knoben_K5,1096,-2.8052064526859755,-3.374702418100245,0.12502688554472327,KGE
subsequent_2016_2020,AUDIOSK5 vs KnobenK5,hysets_07208500,RF_Signature_K5,1091,-0.10143883649820995,0.23074542465346393,0.09459273180165607,KGE
subsequent_2016_2020,AUDIOSK5 vs KnobenK5,hysets_07208500,Knoben_K5,1091,0.45779931159653964,0.3658152025139312,0.0663678283983074,KGE
subsequent_2016_2020,AUDIOSK5 vs KnobenK5,hysets_07291000,RF_Signature_K5,1093,-0.002377376325739533,0.0416032045000202,0.05765069713872765,KGE
subsequent_2016_2020,AUDIOSK5 vs KnobenK5,hysets_07291000,Knoben_K5,1093,-0.1564120496502317,-0.13721517713976916,0.061922037702095686,KGE
subsequent_2016_2020,AUDIOSK5 vs KnobenK5,hysets_07299670,RF_Signature_K5,1096,-16.046073584200506,-2.326196444439332,0.21291898527886893,KGE
subsequent_2016_2020,AUDIOSK5 vs KnobenK5,hysets_07299670,Knoben_K5,1096,-6.715458832166543,-1.6085068903961357,0.1432461925952555,KGE
subsequent_2016_2020,AUDIOSK5 vs KnobenK5,hysets_07315200,RF_Signature_K5,1096,0.18309870696485897,0.09097945944099273,0.05448683713780193,KGE
subsequent_2016_2020,AUDIOSK5 vs KnobenK5,hysets_07315200,Knoben_K5,1096,-0.7169499976548024,-2.926733693003949,0.07899245849045114,KGE
subsequent_2016_2020,AUDIOSK5 vs KnobenK5,hysets_07335700,RF_Signature_K5,1096,-0.3392246748840222,0.057155527636157166,0.07241033565545428,KGE
subsequent_2016_2020,AUDIOSK5 vs KnobenK5,hysets_07335700,Knoben_K5,1096,-0.7159038737581889,0.08240668520974992,0.08196346629305921,KGE
subsequent_2016_2020,AUDIOSK5 vs KnobenK5,hysets_07337900,RF_Signature_K5,1096,-0.26432607030790556,0.00588251978045129,0.06533820894778153,KGE
subsequent_2016_2020,AUDIOSK5 vs KnobenK5,hysets_07337900,Knoben_K5,1096,0.3711538764594474,0.22754520098937292,0.04607972439498314,KGE
subsequent_2016_2020,AUDIOSK5 vs KnobenK5,hysets_07340300,RF_Signature_K5,1096,-0.08571491691762168,-0.09297606688757298,0.0748687041528698,KGE
subsequent_2016_2020,AUDIOSK5 vs KnobenK5,hysets_07340300,Knoben_K5,1096,0.4244805535002921,0.22353456153674933,0.05450952722934668,KGE
subsequent_2016_2020,AUDIOSK5 vs KnobenK5,hysets_07352000,RF_Signature_K5,1096,0.49691401459888174,0.4757384790720268,0.02968373022277363,KGE
subsequent_2016_2020,AUDIOSK5 vs KnobenK5,hysets_07352000,Knoben_K5,1096,0.35182503285683475,0.41751466898506684,0.03369329570006135,KGE
subsequent_2016_2020,AUDIOSK5 vs KnobenK5,hysets_07361500,RF_Signature_K5,1089,-0.14578053580562855,0.012055136456940008,0.061930583144102984,KGE
subsequent_2016_2020,AUDIOSK5 vs KnobenK5,hysets_07361500,Knoben_K5,1089,0.5093620930426872,0.48020440838337797,0.04052611744957355,KGE
subsequent_2016_2020,AUDIOSK5 vs KnobenK5,hysets_07362100,RF_Signature_K5,1096,0.48977672691682594,0.49411631557633096,0.04503467162941839,KGE
subsequent_2016_2020,AUDIOSK5 vs KnobenK5,hysets_07362100,Knoben_K5,1096,0.45105584568605517,0.4954001047719213,0.04671226763831482,KGE
subsequent_2016_2020,AUDIOSK5 vs KnobenK5,hysets_07373000,RF_Signature_K5,1096,-0.1324864907465133,0.0261352026590691,0.07363772158360353,KGE
subsequent_2016_2020,AUDIOSK5 vs KnobenK5,hysets_07373000,Knoben_K5,1096,0.13156212214536356,0.499934333453384,0.06448418366148527,KGE
subsequent_2016_2020,AUDIOSK5 vs KnobenK5,hysets_07376000,RF_Signature_K5,1096,0.3344977952397463,0.2756284856421556,0.03952163070326225,KGE
subsequent_2016_2020,AUDIOSK5 vs KnobenK5,hysets_07376000,Knoben_K5,1096,0.42310790077985194,0.4066259451789054,0.036796575447285235,KGE
subsequent_2016_2020,AUDIOSK5 vs KnobenK5,hysets_07BJ001,RF_Signature_K5,366,-0.014886129735969034,-0.18818473130588997,0.17026780420811993,KGE
subsequent_2016_2020,AUDIOSK5 vs KnobenK5,hysets_07BJ001,Knoben_K5,366,-0.7279549052606902,-0.3428538872556184,0.2221723859452438,KGE
subsequent_2016_2020,AUDIOSK5 vs KnobenK5,hysets_07MA003,RF_Signature_K5,731,-10.282047607301617,-1.441589847095487,0.5048127480088902,KGE
subsequent_2016_2020,AUDIOSK5 vs KnobenK5,hysets_07MA003,Knoben_K5,731,-38.83230074407319,-3.1420610622318375,0.9485364965118956,KGE
subsequent_2016_2020,AUDIOSK5 vs KnobenK5,hysets_08013000,RF_Signature_K5,1096,0.061554219076198846,0.05534692054001622,0.06587963816460464,KGE
subsequent_2016_2020,AUDIOSK5 vs KnobenK5,hysets_08013000,Knoben_K5,1096,-0.09314670880450682,0.32986801171092506,0.07110265829962845,KGE
subsequent_2016_2020,AUDIOSK5 vs KnobenK5,hysets_08013500,RF_Signature_K5,1096,0.23889585194332352,0.23130021011251833,0.0747204660105103,KGE
subsequent_2016_2020,AUDIOSK5 vs KnobenK5,hysets_08013500,Knoben_K5,1096,0.047918565673427116,0.26826312186800183,0.08357080308409752,KGE
subsequent_2016_2020,AUDIOSK5 vs KnobenK5,hysets_08014500,RF_Signature_K5,1096,-0.11092289703789282,-0.12723700286717965,0.08046013300465177,KGE
subsequent_2016_2020,AUDIOSK5 vs KnobenK5,hysets_08014500,Knoben_K5,1096,-0.1089560655570132,-0.023468296690562163,0.08038887620137722,KGE
subsequent_2016_2020,AUDIOSK5 vs KnobenK5,hysets_08025500,RF_Signature_K5,1094,0.026095944820352157,-0.23982121343913287,0.040552033839540834,KGE
subsequent_2016_2020,AUDIOSK5 vs KnobenK5,hysets_08025500,Knoben_K5,1094,0.1985477982731324,0.04658326265224044,0.036786914818506114,KGE
subsequent_2016_2020,AUDIOSK5 vs KnobenK5,hysets_08029500,RF_Signature_K5,1096,-0.04984085037667607,-0.25195294538520296,0.03726498362118101,KGE
subsequent_2016_2020,AUDIOSK5 vs KnobenK5,hysets_08029500,Knoben_K5,1096,0.20697663922542298,0.3323520316045394,0.03238785537677893,KGE
subsequent_2016_2020,AUDIOSK5 vs KnobenK5,hysets_08065800,RF_Signature_K5,1096,0.1986155441841111,0.047490408916724625,0.06268553351360044,KGE
subsequent_2016_2020,AUDIOSK5 vs KnobenK5,hysets_08065800,Knoben_K5,1096,0.0496430812207479,0.2201378241824331,0.0682637653405585,KGE
subsequent_2016_2020,AUDIOSK5 vs KnobenK5,hysets_08066200,RF_Signature_K5,1096,0.2232078212870252,0.27070066547851157,0.05477093526051407,KGE
subsequent_2016_2020,AUDIOSK5 vs KnobenK5,hysets_08066200,Knoben_K5,1096,0.16544559671132464,0.511730345024936,0.05677080615538143,KGE
subsequent_2016_2020,AUDIOSK5 vs KnobenK5,hysets_08068720,RF_Signature_K5,1096,0.4472214839782819,0.19009512498244918,0.037240188757034526,KGE
subsequent_2016_2020,AUDIOSK5 vs KnobenK5,hysets_08068720,Knoben_K5,1096,0.44401190496028686,0.5503966737384572,0.03734814549550521,KGE
subsequent_2016_2020,AUDIOSK5 vs KnobenK5,hysets_08070000,RF_Signature_K5,1095,-0.020351849979134418,-0.3188030922172207,0.03780308780058861,KGE
subsequent_2016_2020,AUDIOSK5 vs KnobenK5,hysets_08070000,Knoben_K5,1095,-0.0014442155971687853,-0.24970473163494988,0.0374511948480387,KGE
subsequent_2016_2020,AUDIOSK5 vs KnobenK5,hysets_08082700,RF_Signature_K5,1096,-0.04033100193271144,-0.5906505655969918,0.07612542370220404,KGE
subsequent_2016_2020,AUDIOSK5 vs KnobenK5,hysets_08082700,Knoben_K5,1096,0.08722496918595535,-0.19051814148203183,0.07130595950398211,KGE
subsequent_2016_2020,AUDIOSK5 vs KnobenK5,hysets_08084800,RF_Signature_K5,1096,-0.10564798846676404,-0.5083958520529797,0.10351786098183342,KGE
subsequent_2016_2020,AUDIOSK5 vs KnobenK5,hysets_08084800,Knoben_K5,1096,-2.5050826385767677,-2.222229075185894,0.18431300518092433,KGE
subsequent_2016_2020,AUDIOSK5 vs KnobenK5,hysets_08086212,RF_Signature_K5,1096,-0.03424688937139919,-0.5818130517173283,0.05156652194342505,KGE
subsequent_2016_2020,AUDIOSK5 vs KnobenK5,hysets_08086212,Knoben_K5,1096,-0.2532811957751604,-0.05139049558958231,0.05676491478281891,KGE
subsequent_2016_2020,AUDIOSK5 vs KnobenK5,hysets_08150800,RF_Signature_K5,1096,-0.006173947285037729,-0.2734994448671484,0.030569788495652544,KGE
subsequent_2016_2020,AUDIOSK5 vs KnobenK5,hysets_08150800,Knoben_K5,1096,-1.4516616872381531,-7.184651167278913,0.04771843260763551,KGE
subsequent_2016_2020,AUDIOSK5 vs KnobenK5,hysets_08164300,RF_Signature_K5,1096,0.045754561799240756,-0.40542623120045485,0.03651115409678701,KGE
subsequent_2016_2020,AUDIOSK5 vs KnobenK5,hysets_08164300,Knoben_K5,1096,0.45238950993050087,0.08545361835419218,0.02765867646321164,KGE
subsequent_2016_2020,AUDIOSK5 vs KnobenK5,hysets_08165300,RF_Signature_K5,1096,-0.012264472911210467,-0.49375774806957495,0.032547882160654816,KGE
subsequent_2016_2020,AUDIOSK5 vs KnobenK5,hysets_08165300,Knoben_K5,1096,-3.066690416191773,-4.682178511079971,0.06523734735319175,KGE
subsequent_2016_2020,AUDIOSK5 vs KnobenK5,hysets_08165500,RF_Signature_K5,1096,-0.029666160874285197,-0.47994321719159294,0.03189425922749178,KGE
subsequent_2016_2020,AUDIOSK5 vs KnobenK5,hysets_08165500,Knoben_K5,1096,-0.852838318155577,-1.8764169329242693,0.04278416509651122,KGE
subsequent_2016_2020,AUDIOSK5 vs KnobenK5,hysets_08171000,RF_Signature_K5,1096,-3.1220840189047845,-0.36993722764747283,0.12661129358013468,KGE
subsequent_2016_2020,AUDIOSK5 vs KnobenK5,hysets_08171000,Knoben_K5,1096,-22.244296096556262,-3.3751195504573337,0.30065762721606326,KGE
subsequent_2016_2020,AUDIOSK5 vs KnobenK5,hysets_08175000,RF_Signature_K5,1096,-0.01133837043480157,-0.10319625664118925,0.0437833144787281,KGE
subsequent_2016_2020,AUDIOSK5 vs KnobenK5,hysets_08175000,Knoben_K5,1096,0.3132425008030877,0.06353539474170877,0.036079631916212745,KGE
subsequent_2016_2020,AUDIOSK5 vs KnobenK5,hysets_08178880,RF_Signature_K5,1096,0.42778966543788843,0.3877685978598546,0.03324799534500723,KGE
subsequent_2016_2020,AUDIOSK5 vs KnobenK5,hysets_08178880,Knoben_K5,1096,-1.7675041608451565,-1.0569119801154683,0.07311925498484831,KGE
subsequent_2016_2020,AUDIOSK5 vs KnobenK5,hysets_08194200,RF_Signature_K5,884,-0.105703972143248,-0.3053842096358683,0.04326489939504321,KGE
subsequent_2016_2020,AUDIOSK5 vs KnobenK5,hysets_08194200,Knoben_K5,884,-36.51955870031477,-34.42942480940357,0.25202587086872036,KGE
subsequent_2016_2020,AUDIOSK5 vs KnobenK5,hysets_08195000,RF_Signature_K5,1096,0.4157363970497062,0.38051810388848273,0.03903749390409311,KGE
subsequent_2016_2020,AUDIOSK5 vs KnobenK5,hysets_08195000,Knoben_K5,1096,-2.2972437459926693,-0.4044586188745598,0.09273699940166065,KGE
subsequent_2016_2020,AUDIOSK5 vs KnobenK5,hysets_08198000,RF_Signature_K5,1095,-0.47088519881438073,0.10281438587745817,0.0957485810318861,KGE
subsequent_2016_2020,AUDIOSK5 vs KnobenK5,hysets_08198000,Knoben_K5,1095,-12.200869163544604,-3.819149827281815,0.2868429768955468,KGE
subsequent_2016_2020,AUDIOSK5 vs KnobenK5,hysets_08198500,RF_Signature_K5,1096,-2.001829467753549,-0.033361906319657963,0.12850038799018768,KGE
subsequent_2016_2020,AUDIOSK5 vs KnobenK5,hysets_08198500,Knoben_K5,1096,-41.86303239251031,-13.567514494197535,0.48557115165070636,KGE
subsequent_2016_2020,AUDIOSK5 vs KnobenK5,hysets_08247500,RF_Signature_K5,1096,-3.08046257263641,-2.3345357778119262,0.26637629280965175,KGE
subsequent_2016_2020,AUDIOSK5 vs KnobenK5,hysets_08247500,Knoben_K5,1096,0.28695045560120436,-0.26636683764041247,0.11135269296071489,KGE
subsequent_2016_2020,AUDIOSK5 vs KnobenK5,hysets_08269000,RF_Signature_K5,1096,0.6464047611115733,0.6600250285891882,0.07740764985169478,KGE
subsequent_2016_2020,AUDIOSK5 vs KnobenK5,hysets_08269000,Knoben_K5,1096,0.5369697727598154,0.33122041202260644,0.08857993341445224,KGE
subsequent_2016_2020,AUDIOSK5 vs KnobenK5,hysets_08279000,RF_Signature_K5,1096,-0.31013723649228186,-0.14369884027802327,0.17339764877656408,KGE
subsequent_2016_2020,AUDIOSK5 vs KnobenK5,hysets_08279000,Knoben_K5,1096,-0.8229137201455725,-0.13601772914561439,0.2045351087249674,KGE
subsequent_2016_2020,AUDIOSK5 vs KnobenK5,hysets_08284100,RF_Signature_K5,1096,0.5222782766327934,0.2688765701132805,0.10116665005063735,KGE
subsequent_2016_2020,AUDIOSK5 vs KnobenK5,hysets_08284100,Knoben_K5,1096,0.5972741266579222,0.5589151069557554,0.09288693661084156,KGE
subsequent_2016_2020,AUDIOSK5 vs KnobenK5,hysets_08289000,RF_Signature_K5,1004,-2.7585085561625786,-1.6810517018065312,0.230423739822114,KGE
subsequent_2016_2020,AUDIOSK5 vs KnobenK5,hysets_08289000,Knoben_K5,1004,-1.261988882738108,-1.2327448909786392,0.1787576688520174,KGE
subsequent_2016_2020,AUDIOSK5 vs KnobenK5,hysets_08291000,RF_Signature_K5,1085,0.38527366417954545,0.5286500911469958,0.13998277148815952,KGE
subsequent_2016_2020,AUDIOSK5 vs KnobenK5,hysets_08291000,Knoben_K5,1085,0.016564244866470013,0.42372339445928897,0.17705438009393298,KGE
subsequent_2016_2020,AUDIOSK5 vs KnobenK5,hysets_08324000,RF_Signature_K5,1096,-3.7003991699058982,-0.9648041122429198,0.3884827288699756,KGE
subsequent_2016_2020,AUDIOSK5 vs KnobenK5,hysets_08324000,Knoben_K5,1096,0.4259307069062894,0.434110863603426,0.13576458732445945,KGE
subsequent_2016_2020,AUDIOSK5 vs KnobenK5,hysets_08334000,RF_Signature_K5,1050,-59.67318878050118,-16.03334353609151,0.786421614253331,KGE
subsequent_2016_2020,AUDIOSK5 vs KnobenK5,hysets_08334000,Knoben_K5,1050,-3810.2639314600697,-110.9821681354883,6.232919866152874,KGE
subsequent_2016_2020,AUDIOSK5 vs KnobenK5,hysets_08378500,RF_Signature_K5,1096,-0.2367946331588653,0.34994815306759586,0.20075471816627347,KGE
subsequent_2016_2020,AUDIOSK5 vs KnobenK5,hysets_08378500,Knoben_K5,1096,-0.3398108744898176,-0.18142277450716415,0.2089482384253776,KGE
subsequent_2016_2020,AUDIOSK5 vs KnobenK5,hysets_08401200,RF_Signature_K5,1096,-543.0191592911267,-62.04704931022378,0.739461536931811,KGE
subsequent_2016_2020,AUDIOSK5 vs KnobenK5,hysets_08401200,Knoben_K5,1096,-37803.486667865494,-2636.816856698331,6.164248870826211,KGE
subsequent_2016_2020,AUDIOSK5 vs KnobenK5,hysets_08401900,RF_Signature_K5,1096,-60.64365863882347,-36.770293778521655,0.2948308978129572,KGE
subsequent_2016_2020,AUDIOSK5 vs KnobenK5,hysets_08401900,Knoben_K5,1096,-2685.8248813706036,-425.2918119844303,1.9464733960700975,KGE
subsequent_2016_2020,AUDIOSK5 vs KnobenK5,hysets_08405150,RF_Signature_K5,1096,-255.36956347498017,-95.34322373893235,0.4883599876657495,KGE
subsequent_2016_2020,AUDIOSK5 vs KnobenK5,hysets_08405150,Knoben_K5,1096,-9018.685399808468,-1029.3870248176763,2.8966934486169333,KGE
subsequent_2016_2020,AUDIOSK5 vs KnobenK5,hysets_08405500,RF_Signature_K5,1095,-154.07063214043492,-10.428313250852305,0.44099271027172426,KGE
subsequent_2016_2020,AUDIOSK5 vs KnobenK5,hysets_08405500,Knoben_K5,1095,-186946.04514990412,-429.5457022657394,15.311788953153531,KGE
subsequent_2016_2020,AUDIOSK5 vs KnobenK5,hysets_08AA008,RF_Signature_K5,731,-3.348623582767396,-0.3986206975376274,0.46880525666399114,KGE
subsequent_2016_2020,AUDIOSK5 vs KnobenK5,hysets_08AA008,Knoben_K5,731,-74.51964980558847,-6.588051310152416,1.9536490390728036,KGE
subsequent_2016_2020,AUDIOSK5 vs KnobenK5,hysets_08AA009,RF_Signature_K5,731,0.30786936726351366,0.36446635505536396,0.14498207588420195,KGE
subsequent_2016_2020,AUDIOSK5 vs KnobenK5,hysets_08AA009,Knoben_K5,731,-242.716120989987,-14.95645618617236,2.720585674629118,KGE
subsequent_2016_2020,AUDIOSK5 vs KnobenK5,hysets_08AC001,RF_Signature_K5,731,-3.078504294618753,-0.6046822845713069,0.2747008061953901,KGE
subsequent_2016_2020,AUDIOSK5 vs KnobenK5,hysets_08AC001,Knoben_K5,731,-14.11692191411617,-2.6935833771829665,0.5288605312161423,KGE
subsequent_2016_2020,AUDIOSK5 vs KnobenK5,hysets_08EB004,RF_Signature_K5,731,-1.5286658844357661,-0.07571232195009792,0.2269723989004373,KGE
subsequent_2016_2020,AUDIOSK5 vs KnobenK5,hysets_08EB004,Knoben_K5,731,-4.511563423879858,-0.5527991613264356,0.3350925156002465,KGE
subsequent_2016_2020,AUDIOSK5 vs KnobenK5,hysets_08ED001,RF_Signature_K5,1096,0.5563082994097803,0.6555337570381007,0.06403635237219521,KGE
subsequent_2016_2020,AUDIOSK5 vs KnobenK5,hysets_08ED001,Knoben_K5,1096,0.6046598550771893,0.6326739668915425,0.060446532362382836,KGE
subsequent_2016_2020,AUDIOSK5 vs KnobenK5,hysets_08EE008,RF_Signature_K5,656,-0.13553278000684843,0.28690257011948106,0.14735545223400656,KGE
subsequent_2016_2020,AUDIOSK5 vs KnobenK5,hysets_08EE008,Knoben_K5,656,-1.7095596692661816,-0.3830148018200543,0.22762278434191857,KGE
subsequent_2016_2020,AUDIOSK5 vs KnobenK5,hysets_08EE013,RF_Signature_K5,365,-9.337196322997494,-2.3205745266443283,0.5535202947575454,KGE
subsequent_2016_2020,AUDIOSK5 vs KnobenK5,hysets_08EE013,Knoben_K5,365,-1.3646578659599533,-0.6844126463036408,0.26473802413298825,KGE
subsequent_2016_2020,AUDIOSK5 vs KnobenK5,hysets_08EE020,RF_Signature_K5,731,0.5779829882015428,0.6000680329049324,0.06747803324261989,KGE
subsequent_2016_2020,AUDIOSK5 vs KnobenK5,hysets_08EE020,Knoben_K5,731,-0.7592442629030172,0.09700494327575904,0.1377718558449425,KGE
subsequent_2016_2020,AUDIOSK5 vs KnobenK5,hysets_08EG012,RF_Signature_K5,731,0.36241657084072443,0.3212310023073415,0.06903010449100538,KGE
subsequent_2016_2020,AUDIOSK5 vs KnobenK5,hysets_08EG012,Knoben_K5,731,0.11045004428743954,0.07763310244985566,0.08153708692993597,KGE
subsequent_2016_2020,AUDIOSK5 vs KnobenK5,hysets_08FE003,RF_Signature_K5,731,-0.11974867910052822,0.23801950652896697,0.059693976045068584,KGE
subsequent_2016_2020,AUDIOSK5 vs KnobenK5,hysets_08FE003,Knoben_K5,731,0.3822733360485834,0.3438715106129677,0.0443372141505943,KGE
subsequent_2016_2020,AUDIOSK5 vs KnobenK5,hysets_08FF001,RF_Signature_K5,731,-1.2458084684946091,0.06579199888330256,0.10847906270340811,KGE
subsequent_2016_2020,AUDIOSK5 vs KnobenK5,hysets_08FF001,Knoben_K5,731,-0.3067687272760333,-0.18120651527858933,0.08274827190771968,KGE
subsequent_2016_2020,AUDIOSK5 vs KnobenK5,hysets_08FF002,RF_Signature_K5,366,-1.781765271909757,-0.20674271627880314,0.1458892533748253,KGE
subsequent_2016_2020,AUDIOSK5 vs KnobenK5,hysets_08FF002,Knoben_K5,366,0.48021429016888506,0.4800083037444731,0.0630630874161208,KGE
subsequent_2016_2020,AUDIOSK5 vs KnobenK5,hysets_08FF003,RF_Signature_K5,731,-0.4055419152160278,-0.019237445653061958,0.10001217896221315,KGE
subsequent_2016_2020,AUDIOSK5 vs KnobenK5,hysets_08FF003,Knoben_K5,731,-0.27228471357962913,-0.27653461751799857,0.09515314414124391,KGE
subsequent_2016_2020,AUDIOSK5 vs KnobenK5,hysets_08GA071,RF_Signature_K5,731,0.11439307038118529,0.23830209211217845,0.09321627660054557,KGE
subsequent_2016_2020,AUDIOSK5 vs KnobenK5,hysets_08GA071,Knoben_K5,731,-0.004839133106743443,0.11626274241815271,0.09929320260361035,KGE
subsequent_2016_2020,AUDIOSK5 vs KnobenK5,hysets_08HA001,RF_Signature_K5,1096,0.49860679921533924,0.47406631047092096,0.07080819407424076,KGE
subsequent_2016_2020,AUDIOSK5 vs KnobenK5,hysets_08HA001,Knoben_K5,1096,0.5090673892567394,0.5253498447318341,0.07006566344840952,KGE
subsequent_2016_2020,AUDIOSK5 vs KnobenK5,hysets_08HA010,RF_Signature_K5,1096,0.2934303302558865,0.38813672821174494,0.0898284737190493,KGE
subsequent_2016_2020,AUDIOSK5 vs KnobenK5,hysets_08HA010,Knoben_K5,1096,0.3898917511743507,0.22215619876849146,0.08347183743116346,KGE
subsequent_2016_2020,AUDIOSK5 vs KnobenK5,hysets_08HB014,RF_Signature_K5,1096,0.0675835532574699,-0.07179210437427352,0.11172652144643233,KGE
subsequent_2016_2020,AUDIOSK5 vs KnobenK5,hysets_08HB014,Knoben_K5,1096,0.5863284818892249,0.47322635248990486,0.07441819375160405,KGE
subsequent_2016_2020,AUDIOSK5 vs KnobenK5,hysets_08HB074,RF_Signature_K5,1096,0.3035790701284736,0.4487278102212813,0.07523630237303273,KGE
subsequent_2016_2020,AUDIOSK5 vs KnobenK5,hysets_08HB074,Knoben_K5,1096,-0.547288790594465,-0.5351628658572247,0.11214430543716945,KGE
subsequent_2016_2020,AUDIOSK5 vs KnobenK5,hysets_08HD011,RF_Signature_K5,731,0.2773356585757526,0.2905993976502931,0.08530794730538085,KGE
subsequent_2016_2020,AUDIOSK5 vs KnobenK5,hysets_08HD011,Knoben_K5,731,0.5106736182967075,0.44186923703414804,0.0701973139813127,KGE
subsequent_2016_2020,AUDIOSK5 vs KnobenK5,hysets_08HD015,RF_Signature_K5,731,0.1630054055020429,0.2692013617063007,0.09479068077957854,KGE
subsequent_2016_2020,AUDIOSK5 vs KnobenK5,hysets_08HD015,Knoben_K5,731,0.6766029191987182,0.6962599792805736,0.05892130585473636,KGE
subsequent_2016_2020,AUDIOSK5 vs KnobenK5,hysets_08HF004,RF_Signature_K5,731,0.33349773625580925,0.3209394638421128,0.052000903610351035,KGE
subsequent_2016_2020,AUDIOSK5 vs KnobenK5,hysets_08HF004,Knoben_K5,731,0.3678986313368823,0.16044370649307227,0.050641136224817626,KGE
subsequent_2016_2020,AUDIOSK5 vs KnobenK5,hysets_08JD006,RF_Signature_K5,1096,-0.00393746387441718,0.1735327704759364,0.11092399117146443,KGE
subsequent_2016_2020,AUDIOSK5 vs KnobenK5,hysets_08JD006,Knoben_K5,1096,-2.278931533032116,-1.3761717442426389,0.20046489516506832,KGE
subsequent_2016_2020,AUDIOSK5 vs KnobenK5,hysets_08KA007,RF_Signature_K5,366,0.23924473375187305,0.6325116670343645,0.17976833443353715,KGE
subsequent_2016_2020,AUDIOSK5 vs KnobenK5,hysets_08KA007,Knoben_K5,366,0.2688594260698315,0.35206480192005707,0.1762345904610483,KGE
subsequent_2016_2020,AUDIOSK5 vs KnobenK5,hysets_08KH010,RF_Signature_K5,366,-0.48282088579109983,0.37904307358902034,0.24721092590775745,KGE
subsequent_2016_2020,AUDIOSK5 vs KnobenK5,hysets_08KH010,Knoben_K5,366,0.6217696966683932,0.5672165467079255,0.1248537165082003,KGE
subsequent_2016_2020,AUDIOSK5 vs KnobenK5,hysets_08KH019,RF_Signature_K5,1004,-4.910324938572155,-0.9734364876389334,0.3945840117763223,KGE
subsequent_2016_2020,AUDIOSK5 vs KnobenK5,hysets_08KH019,Knoben_K5,1004,-4.83031328147064,-1.4878460999885683,0.39190404913162163,KGE
subsequent_2016_2020,AUDIOSK5 vs KnobenK5,hysets_08LB038,RF_Signature_K5,366,0.4474926832251198,0.4496323522764005,0.16537553909608613,KGE
subsequent_2016_2020,AUDIOSK5 vs KnobenK5,hysets_08LB038,Knoben_K5,366,0.4035545760764153,0.2700916516385361,0.17182549809561257,KGE
subsequent_2016_2020,AUDIOSK5 vs KnobenK5,hysets_08LB069,RF_Signature_K5,366,-0.08604077885491179,-0.14176536644402105,0.21653199948066099,KGE
subsequent_2016_2020,AUDIOSK5 vs KnobenK5,hysets_08LB069,Knoben_K5,366,0.7898578568775243,0.6210488567284498,0.09524794150853363,KGE
subsequent_2016_2020,AUDIOSK5 vs KnobenK5,hysets_08LB076,RF_Signature_K5,366,-0.12623797668670922,-0.17873866774303537,0.1967328797441259,KGE
subsequent_2016_2020,AUDIOSK5 vs KnobenK5,hysets_08LB076,Knoben_K5,366,0.7382800465739086,0.5459729100136805,0.09483754048850551,KGE
subsequent_2016_2020,AUDIOSK5 vs KnobenK5,hysets_08MA003,RF_Signature_K5,366,-0.24956914377971828,0.4379126877932489,0.36250858856930035,KGE
subsequent_2016_2020,AUDIOSK5 vs KnobenK5,hysets_08MA003,Knoben_K5,366,-0.7294859846100867,-0.05627519369382239,0.4264780439384563,KGE
subsequent_2016_2020,AUDIOSK5 vs KnobenK5,hysets_08ME025,RF_Signature_K5,1096,-8.206276985330236,-1.131863901205537,0.5061685418807046,KGE
subsequent_2016_2020,AUDIOSK5 vs KnobenK5,hysets_08ME025,Knoben_K5,1096,-11.716593187471279,-1.7718503087865258,0.5948925373685188,KGE
subsequent_2016_2020,AUDIOSK5 vs KnobenK5,hysets_08MH016,RF_Signature_K5,731,0.447667811309152,0.7251963306752514,0.11283024960751928,KGE
subsequent_2016_2020,AUDIOSK5 vs KnobenK5,hysets_08MH016,Knoben_K5,731,0.22845677277737564,0.48587431283575977,0.13335383316633256,KGE
subsequent_2016_2020,AUDIOSK5 vs KnobenK5,hysets_08MH056,RF_Signature_K5,731,0.5706765007499397,0.628155099569369,0.060315409844402534,KGE
subsequent_2016_2020,AUDIOSK5 vs KnobenK5,hysets_08MH056,Knoben_K5,731,0.5436984966475793,0.4039684055721964,0.06218160144117386,KGE
subsequent_2016_2020,AUDIOSK5 vs KnobenK5,hysets_08MH103,RF_Signature_K5,731,-0.20138905181320133,0.21364468844003903,0.13891173477600963,KGE
subsequent_2016_2020,AUDIOSK5 vs KnobenK5,hysets_08MH103,Knoben_K5,731,0.6916386894853429,0.8107506957724515,0.07037639902442991,KGE
subsequent_2016_2020,AUDIOSK5 vs KnobenK5,hysets_08MH147,RF_Signature_K5,366,0.07883378833891141,0.13595950363421117,0.10935761227752315,KGE
subsequent_2016_2020,AUDIOSK5 vs KnobenK5,hysets_08MH147,Knoben_K5,366,-0.4101291011780708,-0.11243575596356004,0.13530363274832236,KGE
subsequent_2016_2020,AUDIOSK5 vs KnobenK5,hysets_08NA006,RF_Signature_K5,731,0.07763188399219201,0.5588710693983507,0.1649499209565243,KGE
subsequent_2016_2020,AUDIOSK5 vs KnobenK5,hysets_08NA006,Knoben_K5,731,0.6048535870748462,0.657416118333666,0.1079640064965983,KGE
subsequent_2016_2020,AUDIOSK5 vs KnobenK5,hysets_08NB012,RF_Signature_K5,731,0.6996750707790346,0.8413998418674233,0.08612344494517098,KGE
subsequent_2016_2020,AUDIOSK5 vs KnobenK5,hysets_08NB012,Knoben_K5,731,-0.8890598732640764,-0.00504918901299245,0.21599741970185496,KGE
subsequent_2016_2020,AUDIOSK5 vs KnobenK5,hysets_08NB014,RF_Signature_K5,731,0.7716482958171282,0.7280966516683149,0.09232523526076754,KGE
subsequent_2016_2020,AUDIOSK5 vs KnobenK5,hysets_08NB014,Knoben_K5,731,-0.36790217865130637,0.20508714457572885,0.22596741376489313,KGE
subsequent_2016_2020,AUDIOSK5 vs KnobenK5,hysets_08ND012,RF_Signature_K5,731,0.8830445396180089,0.8672071780596768,0.06275137357519436,KGE
subsequent_2016_2020,AUDIOSK5 vs KnobenK5,hysets_08ND012,Knoben_K5,731,0.16836617185645197,0.480539799863526,0.16733202182176782,KGE
subsequent_2016_2020,AUDIOSK5 vs KnobenK5,hysets_08ND013,RF_Signature_K5,731,0.5732790055100572,0.528642574461148,0.10213279798190218,KGE
subsequent_2016_2020,AUDIOSK5 vs KnobenK5,hysets_08ND013,Knoben_K5,731,-0.49802248921501446,0.23016769042009622,0.19136054148045065,KGE
subsequent_2016_2020,AUDIOSK5 vs KnobenK5,hysets_08NE039,RF_Signature_K5,731,0.4548727986263835,0.5451069132416485,0.09019930047717112,KGE
subsequent_2016_2020,AUDIOSK5 vs KnobenK5,hysets_08NE039,Knoben_K5,731,0.6346211170511848,0.7099544824972621,0.073845828030941,KGE
subsequent_2016_2020,AUDIOSK5 vs KnobenK5,hysets_08NE074,RF_Signature_K5,731,-0.274185140356235,-0.12900651465005009,0.19046939164798982,KGE
subsequent_2016_2020,AUDIOSK5 vs KnobenK5,hysets_08NE074,Knoben_K5,731,0.9068236305025292,0.840874038914156,0.051506473857779046,KGE
subsequent_2016_2020,AUDIOSK5 vs KnobenK5,hysets_08NF001,RF_Signature_K5,731,-0.5805842352957076,0.12247242389063862,0.21450723774861657,KGE
subsequent_2016_2020,AUDIOSK5 vs KnobenK5,hysets_08NF001,Knoben_K5,731,-5.36237738088432,-2.00548216050559,0.4303708423353818,KGE
subsequent_2016_2020,AUDIOSK5 vs KnobenK5,hysets_08NG076,RF_Signature_K5,731,0.35183409854339365,0.5544861070943787,0.10970771501779603,KGE
subsequent_2016_2020,AUDIOSK5 vs KnobenK5,hysets_08NG076,Knoben_K5,731,-2.7948725601405005,-0.6296070452186922,0.26545608048610536,KGE
subsequent_2016_2020,AUDIOSK5 vs KnobenK5,hysets_08NG077,RF_Signature_K5,731,0.5855348974054186,0.3447465857032451,0.10459433707910275,KGE
subsequent_2016_2020,AUDIOSK5 vs KnobenK5,hysets_08NG077,Knoben_K5,731,0.5287517358281558,0.3446954643316146,0.11152932371257085,KGE
subsequent_2016_2020,AUDIOSK5 vs KnobenK5,hysets_08NH005,RF_Signature_K5,731,0.49163688771188774,0.484859134975434,0.12462908749861656,KGE
subsequent_2016_2020,AUDIOSK5 vs KnobenK5,hysets_08NH005,Knoben_K5,731,0.6365296185214018,0.3657697042703517,0.10538211576977918,KGE
subsequent_2016_2020,AUDIOSK5 vs KnobenK5,hysets_08NH006,RF_Signature_K5,731,0.22893651825453354,0.37000628248842093,0.13989061754921484,KGE
subsequent_2016_2020,AUDIOSK5 vs KnobenK5,hysets_08NH006,Knoben_K5,731,-0.10881681051803604,0.348132214394935,0.16775420710332725,KGE
subsequent_2016_2020,AUDIOSK5 vs KnobenK5,hysets_08NH120,RF_Signature_K5,366,0.03094723857560777,-0.06383310174892864,0.2180387585959658,KGE
subsequent_2016_2020,AUDIOSK5 vs KnobenK5,hysets_08NH120,Knoben_K5,366,0.213472648236954,0.10974518306366243,0.19643411020501067,KGE
subsequent_2016_2020,AUDIOSK5 vs KnobenK5,hysets_08NH130,RF_Signature_K5,665,0.40145762894174153,0.2932284938266059,0.1403380265626083,KGE
subsequent_2016_2020,AUDIOSK5 vs KnobenK5,hysets_08NH130,Knoben_K5,665,0.24137631791543968,0.2978459380843258,0.15799418876695828,KGE
subsequent_2016_2020,AUDIOSK5 vs KnobenK5,hysets_08NJ160,RF_Signature_K5,731,0.7133234947710949,0.668987372916962,0.07956797418684709,KGE
subsequent_2016_2020,AUDIOSK5 vs KnobenK5,hysets_08NJ160,Knoben_K5,731,0.6142873113784144,0.6208940151995395,0.09229415823432363,KGE
subsequent_2016_2020,AUDIOSK5 vs KnobenK5,hysets_08NK016,RF_Signature_K5,731,-0.49114871548045613,0.3042971717969577,0.20566311442338528,KGE
subsequent_2016_2020,AUDIOSK5 vs KnobenK5,hysets_08NK016,Knoben_K5,731,-3.4759113112033067,-0.4099064765851961,0.35631710001311273,KGE
subsequent_2016_2020,AUDIOSK5 vs KnobenK5,hysets_08NK018,RF_Signature_K5,731,-0.14563145288087154,0.4195490365507435,0.18444538152631745,KGE
subsequent_2016_2020,AUDIOSK5 vs KnobenK5,hysets_08NK018,Knoben_K5,731,-6.1211948082643195,-1.0047061059772227,0.4598558906481411,KGE
subsequent_2016_2020,AUDIOSK5 vs KnobenK5,hysets_08NK022,RF_Signature_K5,731,0.6371625445369102,0.810746931184275,0.10814075920745439,KGE
subsequent_2016_2020,AUDIOSK5 vs KnobenK5,hysets_08NK022,Knoben_K5,731,-4.473355787625352,-0.6292452968486741,0.42001054852299735,KGE
subsequent_2016_2020,AUDIOSK5 vs KnobenK5,hysets_08NL004,RF_Signature_K5,731,-3.4332576415467315,-0.910117130520913,0.2786512545944999,KGE
subsequent_2016_2020,AUDIOSK5 vs KnobenK5,hysets_08NL004,Knoben_K5,731,0.7238094550572916,0.6406736409506371,0.06955108678837954,KGE
subsequent_2016_2020,AUDIOSK5 vs KnobenK5,hysets_08NL024,RF_Signature_K5,366,0.05972906628738339,0.25854770016657314,0.15699829832024523,KGE
subsequent_2016_2020,AUDIOSK5 vs KnobenK5,hysets_08NL024,Knoben_K5,366,0.5938785802474902,0.5395618928517936,0.10318020526286718,KGE
subsequent_2016_2020,AUDIOSK5 vs KnobenK5,hysets_08NL050,RF_Signature_K5,366,-2.7819513355787713,-0.43551304668725455,0.28391286799554394,KGE
subsequent_2016_2020,AUDIOSK5 vs KnobenK5,hysets_08NL050,Knoben_K5,366,0.6249815886715562,0.532972987152037,0.08940326995571425,KGE
subsequent_2016_2020,AUDIOSK5 vs KnobenK5,hysets_08NL071,RF_Signature_K5,366,0.3707039610719516,0.48351946322160655,0.12522255466994667,KGE
subsequent_2016_2020,AUDIOSK5 vs KnobenK5,hysets_08NL071,Knoben_K5,366,0.6078068421105475,0.4609646431767339,0.09885646282332738,KGE
subsequent_2016_2020,AUDIOSK5 vs KnobenK5,hysets_08NN019,RF_Signature_K5,366,0.28497603545928085,0.40531633296575864,0.1438279131088562,KGE
subsequent_2016_2020,AUDIOSK5 vs KnobenK5,hysets_08NN019,Knoben_K5,366,-1.2729130066773697,-1.1877246829520276,0.2564332207909601,KGE
subsequent_2016_2020,AUDIOSK5 vs KnobenK5,hysets_08OA002,RF_Signature_K5,731,0.009564911849960112,0.17500880895685866,0.09748566215725686,KGE
subsequent_2016_2020,AUDIOSK5 vs KnobenK5,hysets_08OA002,Knoben_K5,731,-0.5255792518558504,-0.23158059701675948,0.12098878734259713,KGE
subsequent_2016_2020,AUDIOSK5 vs KnobenK5,hysets_09059500,RF_Signature_K5,1096,0.43194958010481255,0.4551883256673418,0.1298330885728412,KGE
subsequent_2016_2020,AUDIOSK5 vs KnobenK5,hysets_09059500,Knoben_K5,1096,0.5667220157522896,0.3940457592277422,0.1133901310049973,KGE
subsequent_2016_2020,AUDIOSK5 vs KnobenK5,hysets_09165000,RF_Signature_K5,1096,0.5777747568016405,0.5952368308947524,0.11026060335625347,KGE
subsequent_2016_2020,AUDIOSK5 vs KnobenK5,hysets_09165000,Knoben_K5,1096,0.6285488357523423,0.3447750341728607,0.10341871311319817,KGE
subsequent_2016_2020,AUDIOSK5 vs KnobenK5,hysets_09196500,RF_Signature_K5,1004,-0.11042710289139768,-0.167325798644812,0.17922472213814866,KGE
subsequent_2016_2020,AUDIOSK5 vs KnobenK5,hysets_09196500,Knoben_K5,1004,0.46121539543327583,0.3985584578265611,0.12484193109358226,KGE
subsequent_2016_2020,AUDIOSK5 vs KnobenK5,hysets_09223000,RF_Signature_K5,1096,0.41305573239010795,0.26989632018092313,0.1292399072366606,KGE
subsequent_2016_2020,AUDIOSK5 vs KnobenK5,hysets_09223000,Knoben_K5,1096,0.47384875982447394,0.4834532965764441,0.1223639545685364,KGE
subsequent_2016_2020,AUDIOSK5 vs KnobenK5,hysets_09253000,RF_Signature_K5,1096,0.6129064389257326,0.5635894075787276,0.11305543812788046,KGE
subsequent_2016_2020,AUDIOSK5 vs KnobenK5,hysets_09253000,Knoben_K5,1096,0.3999709785015009,0.26690714715136155,0.14075687355994046,KGE
subsequent_2016_2020,AUDIOSK5 vs KnobenK5,hysets_09255000,RF_Signature_K5,1050,0.4331737498363989,0.544069585901138,0.09400505903266185,KGE
subsequent_2016_2020,AUDIOSK5 vs KnobenK5,hysets_09255000,Knoben_K5,1050,-0.7525594498274164,-0.5001166291235848,0.1652961082655444,KGE
subsequent_2016_2020,AUDIOSK5 vs KnobenK5,hysets_09266500,RF_Signature_K5,1096,0.45156743216145134,0.395840742310395,0.12087521757634889,KGE
subsequent_2016_2020,AUDIOSK5 vs KnobenK5,hysets_09266500,Knoben_K5,1096,0.6388410590429201,0.44831033577665813,0.09809002288304255,KGE
subsequent_2016_2020,AUDIOSK5 vs KnobenK5,hysets_09289500,RF_Signature_K5,1096,0.366899943640718,0.32869822826289585,0.12730490934973154,KGE
subsequent_2016_2020,AUDIOSK5 vs KnobenK5,hysets_09289500,Knoben_K5,1096,0.87245524343546,0.7615273194516543,0.057140005849404346,KGE
subsequent_2016_2020,AUDIOSK5 vs KnobenK5,hysets_09292500,RF_Signature_K5,1096,0.3613933921258784,0.49860419245090004,0.12207440449646084,KGE
subsequent_2016_2020,AUDIOSK5 vs KnobenK5,hysets_09292500,Knoben_K5,1096,0.4972097967616047,0.4759206968398717,0.10831816992948927,KGE
subsequent_2016_2020,AUDIOSK5 vs KnobenK5,hysets_09299500,RF_Signature_K5,1096,0.07978134723276387,0.3762640215198477,0.13116486240093714,KGE
subsequent_2016_2020,AUDIOSK5 vs KnobenK5,hysets_09299500,Knoben_K5,1096,0.6090963964896638,0.4882553827936501,0.0854883291343505,KGE
subsequent_2016_2020,AUDIOSK5 vs KnobenK5,hysets_09304200,RF_Signature_K5,1096,-4.145373617362532,-0.7229552894512286,0.4152801901517764,KGE
subsequent_2016_2020,AUDIOSK5 vs KnobenK5,hysets_09304200,Knoben_K5,1096,-3.129060299618441,-0.8889849730607393,0.37201321679591387,KGE
subsequent_2016_2020,AUDIOSK5 vs KnobenK5,hysets_09304500,RF_Signature_K5,1096,-1.602780040488407,-0.09688842339556403,0.2885566316729877,KGE
subsequent_2016_2020,AUDIOSK5 vs KnobenK5,hysets_09304500,Knoben_K5,1096,-4.386874814907444,-1.2200487416150483,0.41512679600533803,KGE
subsequent_2016_2020,AUDIOSK5 vs KnobenK5,hysets_09306222,RF_Signature_K5,1096,-895.9384803952682,-26.587032230234506,5.716528892367565,KGE
subsequent_2016_2020,AUDIOSK5 vs KnobenK5,hysets_09306222,Knoben_K5,1096,-3737.8781570199612,-56.013952440340404,11.671367145927675,KGE
subsequent_2016_2020,AUDIOSK5 vs KnobenK5,hysets_09310500,RF_Signature_K5,1096,0.49281898768898225,0.40594941548589314,0.09145680662153984,KGE
subsequent_2016_2020,AUDIOSK5 vs KnobenK5,hysets_09310500,Knoben_K5,1096,0.5713486689408409,0.4508620168797295,0.08407882394689095,KGE
subsequent_2016_2020,AUDIOSK5 vs KnobenK5,hysets_09312600,RF_Signature_K5,1096,-0.31706986728305475,-0.6710938761764096,0.1525981188545258,KGE
subsequent_2016_2020,AUDIOSK5 vs KnobenK5,hysets_09312600,Knoben_K5,1096,-2.2508269500236073,-1.5748849774250129,0.23974066118602494,KGE
subsequent_2016_2020,AUDIOSK5 vs KnobenK5,hysets_09337000,RF_Signature_K5,1096,-197.8230374841846,-11.219202215508842,1.1577585950035814,KGE
subsequent_2016_2020,AUDIOSK5 vs KnobenK5,hysets_09337000,Knoben_K5,1096,-49.80768824238593,-5.218004461416523,0.5852607224509601,KGE
subsequent_2016_2020,AUDIOSK5 vs KnobenK5,hysets_09342500,RF_Signature_K5,1096,0.3406883257224079,0.15908731205054283,0.16328336932053142,KGE
subsequent_2016_2020,AUDIOSK5 vs KnobenK5,hysets_09342500,Knoben_K5,1096,0.39176428406474373,0.20874139324077812,0.15683122321770931,KGE
subsequent_2016_2020,AUDIOSK5 vs KnobenK5,hysets_09352900,RF_Signature_K5,1096,0.18588344480232422,0.5655940882567579,0.13760961055868365,KGE
subsequent_2016_2020,AUDIOSK5 vs KnobenK5,hysets_09352900,Knoben_K5,1096,0.684315681352824,0.6656193697693363,0.08569036194654692,KGE
subsequent_2016_2020,AUDIOSK5 vs KnobenK5,hysets_09386900,RF_Signature_K5,1096,-20.07110967579792,-3.0441335053515033,0.2926266996545906,KGE
subsequent_2016_2020,AUDIOSK5 vs KnobenK5,hysets_09386900,Knoben_K5,1096,-7.88335463326894,-8.622448416909714,0.19000225065595808,KGE
subsequent_2016_2020,AUDIOSK5 vs KnobenK5,hysets_09403600,RF_Signature_K5,1096,-89.11784286647365,-8.226408263053584,0.8528457265404225,KGE
subsequent_2016_2020,AUDIOSK5 vs KnobenK5,hysets_09403600,Knoben_K5,1096,-608.0864985080435,-34.08175227430377,2.2171984698187273,KGE
subsequent_2016_2020,AUDIOSK5 vs KnobenK5,hysets_09404450,RF_Signature_K5,1095,-0.8907265936542419,-0.3778462783249965,0.11749965145020606,KGE
subsequent_2016_2020,AUDIOSK5 vs KnobenK5,hysets_09404450,Knoben_K5,1095,-53.88676508890593,-5.769835334465194,0.6330762621731292,KGE
subsequent_2016_2020,AUDIOSK5 vs KnobenK5,hysets_09405500,RF_Signature_K5,1096,0.10145111968535703,0.2132063422120556,0.12259327233341501,KGE
subsequent_2016_2020,AUDIOSK5 vs KnobenK5,hysets_09405500,Knoben_K5,1096,-63.298607998132965,-6.5968420061894575,1.0370425345866938,KGE
subsequent_2016_2020,AUDIOSK5 vs KnobenK5,hysets_09442680,RF_Signature_K5,885,-19.695534417834693,-6.557077290480183,0.44360932251892216,KGE
subsequent_2016_2020,AUDIOSK5 vs KnobenK5,hysets_09442680,Knoben_K5,885,-231.7295499120137,-14.553320425940056,1.4876066336823937,KGE
subsequent_2016_2020,AUDIOSK5 vs KnobenK5,hysets_09447000,RF_Signature_K5,1096,-4.993063970299732,-0.7093336514889717,0.15599020337578887,KGE
subsequent_2016_2020,AUDIOSK5 vs KnobenK5,hysets_09447000,Knoben_K5,1096,-13.726324409887988,-2.225493373708368,0.24452318799167228,KGE
subsequent_2016_2020,AUDIOSK5 vs KnobenK5,hysets_09447800,RF_Signature_K5,1096,-2473.797945391047,-51.11087978638672,3.0910690735188644,KGE
subsequent_2016_2020,AUDIOSK5 vs KnobenK5,hysets_09447800,Knoben_K5,1096,-28.816095765772992,-4.101227800431863,0.3392846595961358,KGE
subsequent_2016_2020,AUDIOSK5 vs KnobenK5,hysets_09473000,RF_Signature_K5,1095,-71.53546574977366,-8.018490304115286,0.4224829410940701,KGE
subsequent_2016_2020,AUDIOSK5 vs KnobenK5,hysets_09473000,Knoben_K5,1095,0.19505859795929548,-0.04334108500083422,0.044505748429312514,KGE
subsequent_2016_2020,AUDIOSK5 vs KnobenK5,hysets_09494000,RF_Signature_K5,1096,-0.615743528006919,0.23425308216195306,0.16351679911700948,KGE
subsequent_2016_2020,AUDIOSK5 vs KnobenK5,hysets_09494000,Knoben_K5,1096,0.22121184170800423,0.14905232384255263,0.11352351621980772,KGE
subsequent_2016_2020,AUDIOSK5 vs KnobenK5,hysets_09496500,RF_Signature_K5,1096,-1185.488251233897,-32.81978721537914,2.1946688504174094,KGE
subsequent_2016_2020,AUDIOSK5 vs KnobenK5,hysets_09496500,Knoben_K5,1096,-6.913593285150441,-1.8181360848064716,0.17923554537020395,KGE
subsequent_2016_2020,AUDIOSK5 vs KnobenK5,hysets_09497800,RF_Signature_K5,1096,-60.90178310532145,-6.53577904167502,0.5952069071116031,KGE
subsequent_2016_2020,AUDIOSK5 vs KnobenK5,hysets_09497800,Knoben_K5,1096,-0.4991113656791202,0.17666986867875933,0.0926260898889517,KGE
subsequent_2016_2020,AUDIOSK5 vs KnobenK5,hysets_09497980,RF_Signature_K5,1096,-2.745243629600184,-2.0949738257149204,0.11431824509249633,KGE
subsequent_2016_2020,AUDIOSK5 vs KnobenK5,hysets_09497980,Knoben_K5,1096,0.5503041892007038,0.5371110592121415,0.03961274450935534,KGE
subsequent_2016_2020,AUDIOSK5 vs KnobenK5,hysets_09504420,RF_Signature_K5,1096,-0.8456302381731857,-0.1126548730617658,0.0916983245973945,KGE
subsequent_2016_2020,AUDIOSK5 vs KnobenK5,hysets_09504420,Knoben_K5,1096,-0.024289751415885963,-0.29842079910559693,0.06831254510868079,KGE
subsequent_2016_2020,AUDIOSK5 vs KnobenK5,hysets_09505800,RF_Signature_K5,1096,-0.14370452141833456,-0.19130565316814452,0.06562591652169424,KGE
subsequent_2016_2020,AUDIOSK5 vs KnobenK5,hysets_09505800,Knoben_K5,1096,0.293054275762497,0.26973922539380135,0.05159546119210292,KGE
subsequent_2016_2020,AUDIOSK5 vs KnobenK5,hysets_09510200,RF_Signature_K5,1096,-0.5864398464193965,-0.2656658102437288,0.04534081137318157,KGE
subsequent_2016_2020,AUDIOSK5 vs KnobenK5,hysets_09510200,Knoben_K5,1096,0.0411042478139223,-0.214471090109692,0.03525032944453104,KGE
subsequent_2016_2020,AUDIOSK5 vs KnobenK5,hysets_09512280,RF_Signature_K5,1004,-1.9936562641295783,-1.4480813157841794,0.07419449331324458,KGE
subsequent_2016_2020,AUDIOSK5 vs KnobenK5,hysets_09512280,Knoben_K5,1004,-165.30452670042777,-69.35575883508218,0.5529969580461219,KGE
subsequent_2016_2020,AUDIOSK5 vs KnobenK5,hysets_09513780,RF_Signature_K5,1096,-0.5463987623666267,-1.2049409569012224,0.05377189971303319,KGE
subsequent_2016_2020,AUDIOSK5 vs KnobenK5,hysets_09513780,Knoben_K5,1096,-3.555826334225009,-2.5158169391865504,0.09229500838131666,KGE
subsequent_2016_2020,AUDIOSK5 vs KnobenK5,hysets_09AA012,RF_Signature_K5,731,-4.86587162891229,-0.8789188135386381,0.25913006087134727,KGE
subsequent_2016_2020,AUDIOSK5 vs KnobenK5,hysets_09AA012,Knoben_K5,731,-31.745867761040422,-4.559738644700618,0.6122513785415306,KGE
subsequent_2016_2020,AUDIOSK5 vs KnobenK5,hysets_09AA013,RF_Signature_K5,366,-5.021008655393163,-0.7339873743740954,0.7437878480271932,KGE
subsequent_2016_2020,AUDIOSK5 vs KnobenK5,hysets_09AA013,Knoben_K5,366,-14.631879641607204,-2.08637767558355,1.1984503707569412,KGE
subsequent_2016_2020,AUDIOSK5 vs KnobenK5,hysets_09AH003,RF_Signature_K5,731,-0.127811747375985,0.44024901594574817,0.11169451300686067,KGE
subsequent_2016_2020,AUDIOSK5 vs KnobenK5,hysets_09AH003,Knoben_K5,731,-20.66870119571,-4.04753148838448,0.4895871069942772,KGE
subsequent_2016_2020,AUDIOSK5 vs KnobenK5,hysets_09CA004,RF_Signature_K5,731,-0.42868796651733776,-0.28265576610729704,0.2110227616214591,KGE
subsequent_2016_2020,AUDIOSK5 vs KnobenK5,hysets_09CA004,Knoben_K5,731,-13.369546712743526,-2.8579279757638156,0.6692403892718698,KGE
subsequent_2016_2020,AUDIOSK5 vs KnobenK5,hysets_09EA004,RF_Signature_K5,366,-0.34675532515569096,-0.16097605367385315,0.25813592134736124,KGE
subsequent_2016_2020,AUDIOSK5 vs KnobenK5,hysets_09EA004,Knoben_K5,366,-0.637793280256745,-0.5547750034489958,0.2846647130482143,KGE
subsequent_2016_2020,AUDIOSK5 vs KnobenK5,hysets_10011500,RF_Signature_K5,1096,0.7095251622620523,0.5056120989555877,0.09161524060686166,KGE
subsequent_2016_2020,AUDIOSK5 vs KnobenK5,hysets_10011500,Knoben_K5,1096,0.9591841548988014,0.844367055320304,0.034342180315218525,KGE
subsequent_2016_2020,AUDIOSK5 vs KnobenK5,hysets_10032000,RF_Signature_K5,1096,0.5249028047738369,0.3800883434215492,0.11567185930186999,KGE
subsequent_2016_2020,AUDIOSK5 vs KnobenK5,hysets_10032000,Knoben_K5,1096,0.6368646165255976,0.5422137229970173,0.10112784839342577,KGE
subsequent_2016_2020,AUDIOSK5 vs KnobenK5,hysets_10113500,RF_Signature_K5,1096,-2.1066610248954487,-0.29669022845986026,0.23280851981483663,KGE
subsequent_2016_2020,AUDIOSK5 vs KnobenK5,hysets_10113500,Knoben_K5,1096,-3.0839469000154986,-0.35707867988559494,0.26692667613249454,KGE
subsequent_2016_2020,AUDIOSK5 vs KnobenK5,hysets_10173450,RF_Signature_K5,1096,0.5931576716876872,0.4982687400478999,0.10548157709709023,KGE
subsequent_2016_2020,AUDIOSK5 vs KnobenK5,hysets_10173450,Knoben_K5,1096,0.516382991116402,0.3655810421338248,0.11500436709953894,KGE
subsequent_2016_2020,AUDIOSK5 vs KnobenK5,hysets_10174500,RF_Signature_K5,1096,-0.04985665346699486,0.05004640951232786,0.1705839315130589,KGE
subsequent_2016_2020,AUDIOSK5 vs KnobenK5,hysets_10174500,Knoben_K5,1096,-11.55420995189029,-2.376484684126207,0.5898856220637562,KGE
subsequent_2016_2020,AUDIOSK5 vs KnobenK5,hysets_10194200,RF_Signature_K5,1096,-1.2129481646764773,-0.3354205502909442,0.2571523020442848,KGE
subsequent_2016_2020,AUDIOSK5 vs KnobenK5,hysets_10194200,Knoben_K5,1096,-16.959564062562674,-3.1952138201768,0.7325760078030705,KGE
subsequent_2016_2020,AUDIOSK5 vs KnobenK5,hysets_10234500,RF_Signature_K5,1096,0.49951328677504536,0.6198127222816497,0.10324244068595548,KGE
subsequent_2016_2020,AUDIOSK5 vs KnobenK5,hysets_10234500,Knoben_K5,1096,-0.01865544376860906,0.07429095372041072,0.1472908070662131,KGE
subsequent_2016_2020,AUDIOSK5 vs KnobenK5,hysets_10258500,RF_Signature_K5,1096,-64.00743099927942,-10.574944404549587,0.4248215887737262,KGE
subsequent_2016_2020,AUDIOSK5 vs KnobenK5,hysets_10258500,Knoben_K5,1096,-1.0864036272736945,-1.340651802885207,0.07610693662002806,KGE
subsequent_2016_2020,AUDIOSK5 vs KnobenK5,hysets_10296000,RF_Signature_K5,1096,-0.1098701580485475,-0.23812081880269598,0.17011206581763685,KGE
subsequent_2016_2020,AUDIOSK5 vs KnobenK5,hysets_10296000,Knoben_K5,1096,0.7726829147916502,0.823101517629381,0.07698658771459949,KGE
subsequent_2016_2020,AUDIOSK5 vs KnobenK5,hysets_10296500,RF_Signature_K5,1096,0.047975052190101675,-0.0850634904931229,0.1453066094582845,KGE
subsequent_2016_2020,AUDIOSK5 vs KnobenK5,hysets_10296500,Knoben_K5,1096,0.5826585576313388,0.35127377040184415,0.09620706392339105,KGE
subsequent_2016_2020,AUDIOSK5 vs KnobenK5,hysets_10329500,RF_Signature_K5,1096,0.07018322221590823,0.2116775384070939,0.057850695794760924,KGE
subsequent_2016_2020,AUDIOSK5 vs KnobenK5,hysets_10329500,Knoben_K5,1096,-0.13043549224509898,-0.47080800652109334,0.06378708999810832,KGE
subsequent_2016_2020,AUDIOSK5 vs KnobenK5,hysets_10396000,RF_Signature_K5,1096,0.4741270626460128,0.6668050828930459,0.09613439433577162,KGE
subsequent_2016_2020,AUDIOSK5 vs KnobenK5,hysets_10396000,Knoben_K5,1096,-14.615969727473413,-2.436969991637697,0.5238691967897734,KGE
subsequent_2016_2020,AUDIOSK5 vs KnobenK5,hysets_10AC005,RF_Signature_K5,731,0.6212319860405915,0.7741523299953835,0.11702626212632977,KGE
subsequent_2016_2020,AUDIOSK5 vs KnobenK5,hysets_10AC005,Knoben_K5,731,-2.106992875288957,-0.509443219987104,0.33517129239069354,KGE
subsequent_2016_2020,AUDIOSK5 vs KnobenK5,hysets_10BE007,RF_Signature_K5,731,-3.077105651375538,-0.225539757194001,0.3962579334142875,KGE
subsequent_2016_2020,AUDIOSK5 vs KnobenK5,hysets_10BE007,Knoben_K5,731,-2.748967026864435,-0.3440652050578008,0.37997742715876365,KGE
subsequent_2016_2020,AUDIOSK5 vs KnobenK5,hysets_10BE009,RF_Signature_K5,366,-46.79051873395321,-4.485702785050736,1.8060648013811968,KGE
subsequent_2016_2020,AUDIOSK5 vs KnobenK5,hysets_10BE009,Knoben_K5,366,-2085.7178625729143,-21.84535414268996,11.934227796916,KGE
subsequent_2016_2020,AUDIOSK5 vs KnobenK5,hysets_10ED003,RF_Signature_K5,731,-0.1557141386567822,0.052535101914948035,0.14684383802013745,KGE
subsequent_2016_2020,AUDIOSK5 vs KnobenK5,hysets_10ED003,Knoben_K5,731,-0.7762506073147319,-0.7324384129379358,0.1820466257123397,KGE
subsequent_2016_2020,AUDIOSK5 vs KnobenK5,hysets_10GC003,RF_Signature_K5,731,-1.2448359674951242,-0.025265835327241914,0.15340759127494727,KGE
subsequent_2016_2020,AUDIOSK5 vs KnobenK5,hysets_10GC003,Knoben_K5,731,-0.4512241403595365,-0.44875112185909627,0.1233450688888002,KGE
subsequent_2016_2020,AUDIOSK5 vs KnobenK5,hysets_10LC003,RF_Signature_K5,397,-0.14341045180917233,-0.30075602318382977,0.12866824234101804,KGE
subsequent_2016_2020,AUDIOSK5 vs KnobenK5,hysets_10LC003,Knoben_K5,397,-27.963952426903443,-9.23688261565353,0.6475886108954637,KGE
subsequent_2016_2020,AUDIOSK5 vs KnobenK5,hysets_10LC007,RF_Signature_K5,622,0.20113456553951936,0.3076848914705559,0.0856905194468483,KGE
subsequent_2016_2020,AUDIOSK5 vs KnobenK5,hysets_10LC007,Knoben_K5,622,-90.57854806044479,-12.56416497222857,0.9174720382136738,KGE
subsequent_2016_2020,AUDIOSK5 vs KnobenK5,hysets_11012500,RF_Signature_K5,1096,-182.09231498378134,-51.993065549369184,0.45429067117137906,KGE
subsequent_2016_2020,AUDIOSK5 vs KnobenK5,hysets_11012500,Knoben_K5,1096,-33.205138695678,-20.661644362190533,0.1963561185545457,KGE
subsequent_2016_2020,AUDIOSK5 vs KnobenK5,hysets_11015000,RF_Signature_K5,1096,-1.5570105745864105,-0.9223781892710949,0.07336383437020579,KGE
subsequent_2016_2020,AUDIOSK5 vs KnobenK5,hysets_11015000,Knoben_K5,1096,0.2949065565769535,0.14860310592252612,0.038524685127541564,KGE
subsequent_2016_2020,AUDIOSK5 vs KnobenK5,hysets_11042400,RF_Signature_K5,1096,-49.92051067342323,-14.417308866647495,0.4350374278656208,KGE
subsequent_2016_2020,AUDIOSK5 vs KnobenK5,hysets_11042400,Knoben_K5,1096,-13.297255319689596,-3.2414639284709965,0.2305189239768099,KGE
subsequent_2016_2020,AUDIOSK5 vs KnobenK5,hysets_11123000,RF_Signature_K5,1096,-0.11073674390788968,-1.069034288830593,0.0468609659813623,KGE
subsequent_2016_2020,AUDIOSK5 vs KnobenK5,hysets_11123000,Knoben_K5,1096,0.42809124357100947,0.17317251768551423,0.03362552241598088,KGE
subsequent_2016_2020,AUDIOSK5 vs KnobenK5,hysets_11123500,RF_Signature_K5,1096,0.2911677097667662,-0.11286924231921436,0.03837023395044493,KGE
subsequent_2016_2020,AUDIOSK5 vs KnobenK5,hysets_11123500,Knoben_K5,1096,0.5328973048047532,0.37723034485931795,0.031147908278580896,KGE
subsequent_2016_2020,AUDIOSK5 vs KnobenK5,hysets_11124500,RF_Signature_K5,1096,-4.019083547597335,-1.4883626069217244,0.09077916739048447,KGE
subsequent_2016_2020,AUDIOSK5 vs KnobenK5,hysets_11124500,Knoben_K5,1096,0.7338650171328713,0.7347423609317378,0.020903786704581827,KGE
subsequent_2016_2020,AUDIOSK5 vs KnobenK5,hysets_11132500,RF_Signature_K5,1096,-0.24472213694727252,-0.9107465094443272,0.0352918348834406,KGE
subsequent_2016_2020,AUDIOSK5 vs KnobenK5,hysets_11132500,Knoben_K5,1096,-1.3538911787471783,-4.775275104911462,0.048532339018052824,KGE
subsequent_2016_2020,AUDIOSK5 vs KnobenK5,hysets_11140000,RF_Signature_K5,1096,-14.517700578468054,-6.725017202069088,0.1842409512427089,KGE
subsequent_2016_2020,AUDIOSK5 vs KnobenK5,hysets_11140000,Knoben_K5,1096,0.18309779432464846,-0.11794698688360938,0.042272459598204845,KGE
subsequent_2016_2020,AUDIOSK5 vs KnobenK5,hysets_11143000,RF_Signature_K5,1096,-0.18184498186679598,-0.12223836919524245,0.10881160695271593,KGE
subsequent_2016_2020,AUDIOSK5 vs KnobenK5,hysets_11143000,Knoben_K5,1096,-0.1849752533606568,-0.4574609009385904,0.10895561256993895,KGE
subsequent_2016_2020,AUDIOSK5 vs KnobenK5,hysets_11143200,RF_Signature_K5,1096,-0.0011567281442712574,0.3746609808506147,0.07185578123744886,KGE
subsequent_2016_2020,AUDIOSK5 vs KnobenK5,hysets_11143200,Knoben_K5,1096,0.9292453512701365,0.6854669919167682,0.019102410341184744,KGE
subsequent_2016_2020,AUDIOSK5 vs KnobenK5,hysets_11143250,RF_Signature_K5,1096,0.9027080908193403,0.9156169068267563,0.020437539286883064,KGE
subsequent_2016_2020,AUDIOSK5 vs KnobenK5,hysets_11143250,Knoben_K5,1096,-0.1394485591325192,-0.09654015844514019,0.06994192864050887,KGE
subsequent_2016_2020,AUDIOSK5 vs KnobenK5,hysets_11148900,RF_Signature_K5,1096,-0.184704218125467,0.18933958849617616,0.09366844934773023,KGE
subsequent_2016_2020,AUDIOSK5 vs KnobenK5,hysets_11148900,Knoben_K5,1096,0.3150257621380561,-0.054955086119423235,0.07122385598271287,KGE
subsequent_2016_2020,AUDIOSK5 vs KnobenK5,hysets_11149900,RF_Signature_K5,1096,-0.7064719263382229,0.0074748156532468135,0.10935843341149855,KGE
subsequent_2016_2020,AUDIOSK5 vs KnobenK5,hysets_11149900,Knoben_K5,1096,0.9311287974199808,0.6293733272303648,0.02196956912330458,KGE
subsequent_2016_2020,AUDIOSK5 vs KnobenK5,hysets_11151300,RF_Signature_K5,1004,-33.04841235770761,-9.164236657935142,0.31963091009750966,KGE
subsequent_2016_2020,AUDIOSK5 vs KnobenK5,hysets_11151300,Knoben_K5,1004,-666.1328176924153,-73.92414850346704,1.4148372677497294,KGE
subsequent_2016_2020,AUDIOSK5 vs KnobenK5,hysets_11152000,RF_Signature_K5,1096,0.03239671864488236,-0.14126472417619707,0.0783185005168417,KGE
subsequent_2016_2020,AUDIOSK5 vs KnobenK5,hysets_11152000,Knoben_K5,1096,0.5009803794382458,0.2095019658856504,0.056243780992117486,KGE
subsequent_2016_2020,AUDIOSK5 vs KnobenK5,hysets_11202000,RF_Signature_K5,1004,0.7332552330122517,0.4436557012555302,0.03349456846214354,KGE
subsequent_2016_2020,AUDIOSK5 vs KnobenK5,hysets_11202000,Knoben_K5,1004,0.38562632402629027,0.08775257878020892,0.05083264782993095,KGE
subsequent_2016_2020,AUDIOSK5 vs KnobenK5,hysets_11202001,RF_Signature_K5,1004,-0.29648633707802974,-0.17265857479192337,0.0730337281816943,KGE
subsequent_2016_2020,AUDIOSK5 vs KnobenK5,hysets_11202001,Knoben_K5,1004,0.36210777133726557,0.06519551950706681,0.05122867865791767,KGE
subsequent_2016_2020,AUDIOSK5 vs KnobenK5,hysets_11224500,RF_Signature_K5,1096,-3.3397006508907667,-1.9754369938067873,0.11829228412842004,KGE
subsequent_2016_2020,AUDIOSK5 vs KnobenK5,hysets_11224500,Knoben_K5,1096,-178.5252632354625,-35.875115881219074,0.7608329579647312,KGE
subsequent_2016_2020,AUDIOSK5 vs KnobenK5,hysets_11230500,RF_Signature_K5,1004,-0.1938994129232543,-0.2793381087215816,0.16323362550192144,KGE
subsequent_2016_2020,AUDIOSK5 vs KnobenK5,hysets_11230500,Knoben_K5,1004,0.8259133972232937,0.8480087723956895,0.06233162259826115,KGE
subsequent_2016_2020,AUDIOSK5 vs KnobenK5,hysets_11253310,RF_Signature_K5,1096,-26.57337851562704,-8.429141126505302,0.2942360325706828,KGE
subsequent_2016_2020,AUDIOSK5 vs KnobenK5,hysets_11253310,Knoben_K5,1096,-371.3284115406937,-41.702533128017734,1.081219708425289,KGE
subsequent_2016_2020,AUDIOSK5 vs KnobenK5,hysets_11264500,RF_Signature_K5,1096,0.8891340125171898,0.7366235106435388,0.04553203783733616,KGE
subsequent_2016_2020,AUDIOSK5 vs KnobenK5,hysets_11264500,Knoben_K5,1096,0.9631551857763718,0.8444154280389209,0.026248597828362388,KGE
subsequent_2016_2020,AUDIOSK5 vs KnobenK5,hysets_11266500,RF_Signature_K5,1096,0.8272100586562847,0.826557800870135,0.06162084193279024,KGE
subsequent_2016_2020,AUDIOSK5 vs KnobenK5,hysets_11266500,Knoben_K5,1096,0.5604340138739952,0.596501617006515,0.09828346037831055,KGE
subsequent_2016_2020,AUDIOSK5 vs KnobenK5,hysets_11314500,RF_Signature_K5,1004,0.4185082274823019,0.35655660795780764,0.1464750081157421,KGE
subsequent_2016_2020,AUDIOSK5 vs KnobenK5,hysets_11314500,Knoben_K5,1004,0.5308360544441553,0.45582957201346896,0.13156914685238572,KGE
subsequent_2016_2020,AUDIOSK5 vs KnobenK5,hysets_11317000,RF_Signature_K5,1004,-0.08081059848010907,-0.04062715140287887,0.09882456525907606,KGE
subsequent_2016_2020,AUDIOSK5 vs KnobenK5,hysets_11317000,Knoben_K5,1004,0.6310450344972639,0.33249641530174046,0.05774000204463398,KGE
subsequent_2016_2020,AUDIOSK5 vs KnobenK5,hysets_11318500,RF_Signature_K5,1004,0.43166686824894873,0.37991161096716175,0.059729710955277085,KGE
subsequent_2016_2020,AUDIOSK5 vs KnobenK5,hysets_11318500,Knoben_K5,1004,-0.15122428191185477,-0.6215178449681713,0.08500978082398845,KGE
subsequent_2016_2020,AUDIOSK5 vs KnobenK5,hysets_11367500,RF_Signature_K5,731,-2.4809205789025324,-0.21121057218403783,0.1558534602462913,KGE
subsequent_2016_2020,AUDIOSK5 vs KnobenK5,hysets_11367500,Knoben_K5,731,-2.0744442088792407,0.1420331642974687,0.1464713552180131,KGE
subsequent_2016_2020,AUDIOSK5 vs KnobenK5,hysets_11374000,RF_Signature_K5,1096,0.13422807873122367,0.16823755701184195,0.10865893866338171,KGE
subsequent_2016_2020,AUDIOSK5 vs KnobenK5,hysets_11374000,Knoben_K5,1096,0.6868227554482111,0.7612229802361701,0.06535198896679786,KGE
subsequent_2016_2020,AUDIOSK5 vs KnobenK5,hysets_11376550,RF_Signature_K5,1096,-1.0850339046261421,0.10825770566363302,0.15537421216433303,KGE
subsequent_2016_2020,AUDIOSK5 vs KnobenK5,hysets_11376550,Knoben_K5,1096,-4.060979797603282,-1.115964179896225,0.24206928124761923,KGE
subsequent_2016_2020,AUDIOSK5 vs KnobenK5,hysets_11379500,RF_Signature_K5,1096,0.48994273778955166,0.4703397131512588,0.06584903286042765,KGE
subsequent_2016_2020,AUDIOSK5 vs KnobenK5,hysets_11379500,Knoben_K5,1096,0.5651801286506133,0.5700002610016731,0.06079874639044246,KGE
subsequent_2016_2020,AUDIOSK5 vs KnobenK5,hysets_11381500,RF_Signature_K5,1096,-0.38229916350602977,0.01164067159619453,0.09974480011809737,KGE
subsequent_2016_2020,AUDIOSK5 vs KnobenK5,hysets_11381500,Knoben_K5,1096,0.7422900404749958,0.7580378672388346,0.043068013759558425,KGE
subsequent_2016_2020,AUDIOSK5 vs KnobenK5,hysets_11383500,RF_Signature_K5,1096,-0.1600769100664592,0.049182575507664805,0.0947885047906199,KGE
subsequent_2016_2020,AUDIOSK5 vs KnobenK5,hysets_11383500,Knoben_K5,1096,0.8734152736486601,0.7599172961969928,0.031311432339845124,KGE
subsequent_2016_2020,AUDIOSK5 vs KnobenK5,hysets_11402000,RF_Signature_K5,1096,-0.2716269946681904,-0.05616042877273353,0.08340728049612513,KGE
subsequent_2016_2020,AUDIOSK5 vs KnobenK5,hysets_11402000,Knoben_K5,1096,0.543078364071859,0.48112745800956425,0.04999711598250941,KGE
subsequent_2016_2020,AUDIOSK5 vs KnobenK5,hysets_11413000,RF_Signature_K5,1096,0.1798696888712572,0.053923491485840636,0.09019412737150319,KGE
subsequent_2016_2020,AUDIOSK5 vs KnobenK5,hysets_11413000,Knoben_K5,1096,0.2109879900952224,-0.002173451040547336,0.08846645738626861,KGE
subsequent_2016_2020,AUDIOSK5 vs KnobenK5,hysets_11413300,RF_Signature_K5,1004,0.16763696239276205,0.02481077255842601,0.08587342097976816,KGE
subsequent_2016_2020,AUDIOSK5 vs KnobenK5,hysets_11413300,Knoben_K5,1004,-0.0420807153276499,-0.35875652801858604,0.0960844372047317,KGE
subsequent_2016_2020,AUDIOSK5 vs KnobenK5,hysets_11428800,RF_Signature_K5,1004,-0.0893063660624962,-0.022531981584415384,0.05890686434955752,KGE
subsequent_2016_2020,AUDIOSK5 vs KnobenK5,hysets_11428800,Knoben_K5,1004,0.27610673733977065,0.046196969018079126,0.04802066301734144,KGE
subsequent_2016_2020,AUDIOSK5 vs KnobenK5,hysets_11433300,RF_Signature_K5,1004,-0.3354372619478385,-0.15242024389696418,0.09267986239881383,KGE
subsequent_2016_2020,AUDIOSK5 vs KnobenK5,hysets_11433300,Knoben_K5,1004,0.2653262528925,0.2753201319380686,0.06874179935617912,KGE
subsequent_2016_2020,AUDIOSK5 vs KnobenK5,hysets_11470500,RF_Signature_K5,1004,0.7038105918602668,0.5487366092212542,0.05267390467525769,KGE
subsequent_2016_2020,AUDIOSK5 vs KnobenK5,hysets_11470500,Knoben_K5,1004,-0.13085382477478213,-0.5126938559819665,0.10292336747291214,KGE
subsequent_2016_2020,AUDIOSK5 vs KnobenK5,hysets_11473900,RF_Signature_K5,1095,0.8439861956918524,0.7197110436753393,0.0382832203571489,KGE
subsequent_2016_2020,AUDIOSK5 vs KnobenK5,hysets_11473900,Knoben_K5,1095,0.563485526086235,0.3350324343498382,0.06403630640177381,KGE
subsequent_2016_2020,AUDIOSK5 vs KnobenK5,hysets_11478500,RF_Signature_K5,1096,0.59306157642608,0.43982263463364946,0.06744336593228742,KGE
subsequent_2016_2020,AUDIOSK5 vs KnobenK5,hysets_11478500,Knoben_K5,1096,0.3785706681956501,0.08630748102702701,0.08334331328994236,KGE
subsequent_2016_2020,AUDIOSK5 vs KnobenK5,hysets_11480390,RF_Signature_K5,1096,0.8335703029529291,0.7753497433766063,0.04055597424845551,KGE
subsequent_2016_2020,AUDIOSK5 vs KnobenK5,hysets_11480390,Knoben_K5,1096,0.8647615466140246,0.7095029873837276,0.036558597374966424,KGE
subsequent_2016_2020,AUDIOSK5 vs KnobenK5,hysets_11480410,RF_Signature_K5,1003,0.8053551503659292,0.5236129358502235,0.04802100125550345,KGE
subsequent_2016_2020,AUDIOSK5 vs KnobenK5,hysets_11480410,Knoben_K5,1003,0.8761239317330183,0.640771337803113,0.03830923318725848,KGE
subsequent_2016_2020,AUDIOSK5 vs KnobenK5,hysets_11481200,RF_Signature_K5,1096,0.7649075958517297,0.8427199668593734,0.047281244554434124,KGE
subsequent_2016_2020,AUDIOSK5 vs KnobenK5,hysets_11481200,Knoben_K5,1096,0.4882279856822418,0.58264635064747,0.06976022420076866,KGE
subsequent_2016_2020,AUDIOSK5 vs KnobenK5,hysets_11482500,RF_Signature_K5,1096,0.7966560081193285,0.7428166264107954,0.06289629074536397,KGE
subsequent_2016_2020,AUDIOSK5 vs KnobenK5,hysets_11482500,Knoben_K5,1096,0.5703718061473566,0.7009652614020911,0.09142305895446529,KGE
subsequent_2016_2020,AUDIOSK5 vs KnobenK5,hysets_11521500,RF_Signature_K5,1096,0.7512330564156133,0.7972598323099981,0.04163169408953773,KGE
subsequent_2016_2020,AUDIOSK5 vs KnobenK5,hysets_11521500,Knoben_K5,1096,0.2336901009876361,0.3943483760150578,0.07306846204854256,KGE
subsequent_2016_2020,AUDIOSK5 vs KnobenK5,hysets_11522500,RF_Signature_K5,731,-0.2780513330248864,-0.12337586550474877,0.12398422563994933,KGE
subsequent_2016_2020,AUDIOSK5 vs KnobenK5,hysets_11522500,Knoben_K5,731,0.5303194244984228,0.5384897767840167,0.07516117915754601,KGE
subsequent_2016_2020,AUDIOSK5 vs KnobenK5,hysets_11523200,RF_Signature_K5,1086,0.17239960897876194,0.3549127919173972,0.1049326980452976,KGE
subsequent_2016_2020,AUDIOSK5 vs KnobenK5,hysets_11523200,Knoben_K5,1086,-0.16639789518622483,-0.2779947155483191,0.12457298173523632,KGE
subsequent_2016_2020,AUDIOSK5 vs KnobenK5,hysets_11528700,RF_Signature_K5,1096,0.48785604753305123,0.5123912226701985,0.07319774672694247,KGE
subsequent_2016_2020,AUDIOSK5 vs KnobenK5,hysets_11528700,Knoben_K5,1096,0.503105576501651,0.22918430174095084,0.07209974840191004,KGE
subsequent_2016_2020,AUDIOSK5 vs KnobenK5,hysets_11532500,RF_Signature_K5,1096,0.6116915872745219,0.6302406505778979,0.07889207852117222,KGE
subsequent_2016_2020,AUDIOSK5 vs KnobenK5,hysets_11532500,Knoben_K5,1096,0.6542817103006012,0.3871874754671937,0.07443996776386208,KGE
subsequent_2016_2020,AUDIOSK5 vs KnobenK5,hysets_12025700,RF_Signature_K5,1096,0.7174164930351674,0.7259136697158064,0.059434591600243135,KGE
subsequent_2016_2020,AUDIOSK5 vs KnobenK5,hysets_12025700,Knoben_K5,1096,0.6613061792164732,0.5186113150412537,0.06506830807258042,KGE
subsequent_2016_2020,AUDIOSK5 vs KnobenK5,hysets_12035000,RF_Signature_K5,1096,0.38823996483951606,0.4155476034275787,0.06599202090726844,KGE
subsequent_2016_2020,AUDIOSK5 vs KnobenK5,hysets_12035000,Knoben_K5,1096,0.5098843193522108,0.34796368348807216,0.059067715691927654,KGE
subsequent_2016_2020,AUDIOSK5 vs KnobenK5,hysets_12039500,RF_Signature_K5,1096,0.5934827193321253,0.5774273824571887,0.06682068640813271,KGE
subsequent_2016_2020,AUDIOSK5 vs KnobenK5,hysets_12039500,Knoben_K5,1096,0.5419957821433552,0.393662456951562,0.07092611394849066,KGE
subsequent_2016_2020,AUDIOSK5 vs KnobenK5,hysets_12040500,RF_Signature_K5,1096,0.6645074927989338,0.558415179282473,0.07168210238173399,KGE
subsequent_2016_2020,AUDIOSK5 vs KnobenK5,hysets_12040500,Knoben_K5,1096,0.8508854252198251,0.6502088466104545,0.04778915692662239,KGE
subsequent_2016_2020,AUDIOSK5 vs KnobenK5,hysets_12041200,RF_Signature_K5,1096,0.6863411143028562,0.6906540401455296,0.05975202405458842,KGE
subsequent_2016_2020,AUDIOSK5 vs KnobenK5,hysets_12041200,Knoben_K5,1096,0.5645603299312891,0.5413979281813455,0.07040245760975242,KGE
subsequent_2016_2020,AUDIOSK5 vs KnobenK5,hysets_12043000,RF_Signature_K5,1096,0.2586330211918366,0.2216758782709879,0.11262468704610394,KGE
subsequent_2016_2020,AUDIOSK5 vs KnobenK5,hysets_12043000,Knoben_K5,1096,0.9024275333904297,0.832771014800231,0.04085833078204838,KGE
subsequent_2016_2020,AUDIOSK5 vs KnobenK5,hysets_12048000,RF_Signature_K5,1095,-4.766190800414526,-0.7188170351905852,0.2671863157131894,KGE
subsequent_2016_2020,AUDIOSK5 vs KnobenK5,hysets_12048000,Knoben_K5,1095,-0.0902086355872882,0.4086231993935985,0.11617816586489431,KGE
subsequent_2016_2020,AUDIOSK5 vs KnobenK5,hysets_12054000,RF_Signature_K5,1096,0.6217680674955564,0.7738845904816668,0.0801531004121187,KGE
subsequent_2016_2020,AUDIOSK5 vs KnobenK5,hysets_12054000,Knoben_K5,1096,-0.033199282403995944,0.421263399775885,0.13247480170314047,KGE
subsequent_2016_2020,AUDIOSK5 vs KnobenK5,hysets_12056500,RF_Signature_K5,1096,0.16422048312720783,0.15178977149898454,0.0938896789309539,KGE
subsequent_2016_2020,AUDIOSK5 vs KnobenK5,hysets_12056500,Knoben_K5,1096,0.18500193532876774,0.08272375724356185,0.0927150594215331,KGE
subsequent_2016_2020,AUDIOSK5 vs KnobenK5,hysets_12115000,RF_Signature_K5,1096,0.5114490095853989,0.6341216801162993,0.07205981145051389,KGE
subsequent_2016_2020,AUDIOSK5 vs KnobenK5,hysets_12115000,Knoben_K5,1096,0.48901702252788903,0.5645994254882523,0.07369557109241848,KGE
subsequent_2016_2020,AUDIOSK5 vs KnobenK5,hysets_12134500,RF_Signature_K5,1096,0.5497848232235051,0.4684671128388753,0.06382560051004109,KGE
subsequent_2016_2020,AUDIOSK5 vs KnobenK5,hysets_12134500,Knoben_K5,1096,-0.7521014603250273,-0.6209771994644155,0.12591123099058252,KGE
subsequent_2016_2020,AUDIOSK5 vs KnobenK5,hysets_12141300,RF_Signature_K5,1096,0.6415540623154613,0.6812772227499191,0.07327888412256223,KGE
subsequent_2016_2020,AUDIOSK5 vs KnobenK5,hysets_12141300,Knoben_K5,1096,0.8606454189460387,0.7656883483914743,0.04569068203758672,KGE
subsequent_2016_2020,AUDIOSK5 vs KnobenK5,hysets_12142000,RF_Signature_K5,1096,0.6918141991869293,0.673203814007943,0.06994084052074018,KGE
subsequent_2016_2020,AUDIOSK5 vs KnobenK5,hysets_12142000,Knoben_K5,1096,0.6328334069340291,0.42451022978877606,0.07634069586538557,KGE
subsequent_2016_2020,AUDIOSK5 vs KnobenK5,hysets_12186000,RF_Signature_K5,1078,0.8081085787409572,0.8409124165040792,0.039170275875339514,KGE
subsequent_2016_2020,AUDIOSK5 vs KnobenK5,hysets_12186000,Knoben_K5,1078,-0.0283889037346452,0.10748702436612012,0.09067917108842292,KGE
subsequent_2016_2020,AUDIOSK5 vs KnobenK5,hysets_12189500,RF_Signature_K5,1078,0.6493435647773346,0.7224496468216277,0.04538139048177836,KGE
subsequent_2016_2020,AUDIOSK5 vs KnobenK5,hysets_12189500,Knoben_K5,1078,-0.052569463798659344,0.1354339521039707,0.07862529266554322,KGE
subsequent_2016_2020,AUDIOSK5 vs KnobenK5,hysets_12205000,RF_Signature_K5,1096,0.5605140293806777,0.7079034754904978,0.05649292361504513,KGE
subsequent_2016_2020,AUDIOSK5 vs KnobenK5,hysets_12205000,Knoben_K5,1096,0.16575487926873111,0.36534231582323884,0.07783382624453682,KGE
subsequent_2016_2020,AUDIOSK5 vs KnobenK5,hysets_12324590,RF_Signature_K5,731,-6.81866209647184,-1.32412157044909,0.46563104276964284,KGE
subsequent_2016_2020,AUDIOSK5 vs KnobenK5,hysets_12324590,Knoben_K5,731,-96.40826518233519,-7.845068089443204,1.643514758763639,KGE
subsequent_2016_2020,AUDIOSK5 vs KnobenK5,hysets_12330000,RF_Signature_K5,1096,0.6277015919355655,0.6147465649473519,0.03918900736440061,KGE
subsequent_2016_2020,AUDIOSK5 vs KnobenK5,hysets_12330000,Knoben_K5,1096,0.20250682418094845,0.19571785663640895,0.0573564365156399,KGE
subsequent_2016_2020,AUDIOSK5 vs KnobenK5,hysets_12332000,RF_Signature_K5,1096,0.6574840362584473,0.6058535388741826,0.10163455634035673,KGE
subsequent_2016_2020,AUDIOSK5 vs KnobenK5,hysets_12332000,Knoben_K5,1096,0.48053203208359196,0.3362038909485935,0.1251642707235887,KGE
subsequent_2016_2020,AUDIOSK5 vs KnobenK5,hysets_12370000,RF_Signature_K5,1096,0.6381498586257777,0.777532005708333,0.12164360410797953,KGE
subsequent_2016_2020,AUDIOSK5 vs KnobenK5,hysets_12370000,Knoben_K5,1096,-0.3082627927467958,0.38632084387076004,0.23129827873853193,KGE
subsequent_2016_2020,AUDIOSK5 vs KnobenK5,hysets_12389500,RF_Signature_K5,1096,-0.6987657588094736,0.2967452823221759,0.18484625598254792,KGE
subsequent_2016_2020,AUDIOSK5 vs KnobenK5,hysets_12389500,Knoben_K5,1096,-4.168198037989417,-0.8249766793866753,0.32241369633008404,KGE
subsequent_2016_2020,AUDIOSK5 vs KnobenK5,hysets_12411000,RF_Signature_K5,1086,0.18703946265948046,0.4361298439198168,0.10992929832657047,KGE
subsequent_2016_2020,AUDIOSK5 vs KnobenK5,hysets_12411000,Knoben_K5,1086,-0.12640294701222365,-0.18667206504532086,0.12939741863048762,KGE
subsequent_2016_2020,AUDIOSK5 vs KnobenK5,hysets_12414900,RF_Signature_K5,1096,-0.6956613055059566,0.18547328211859027,0.1284166623538668,KGE
subsequent_2016_2020,AUDIOSK5 vs KnobenK5,hysets_12414900,Knoben_K5,1096,-0.29835219381828315,0.1785106533034161,0.11236940499173753,KGE
subsequent_2016_2020,AUDIOSK5 vs KnobenK5,hysets_12452800,RF_Signature_K5,731,0.4862228641885259,0.45774484671377147,0.1091412593775468,KGE
subsequent_2016_2020,AUDIOSK5 vs KnobenK5,hysets_12452800,Knoben_K5,731,0.4501817150612243,0.49606464600428934,0.11290447704662541,KGE
subsequent_2016_2020,AUDIOSK5 vs KnobenK5,hysets_12488500,RF_Signature_K5,1096,0.14442311455008472,0.21808355066324037,0.12706258558381445,KGE
subsequent_2016_2020,AUDIOSK5 vs KnobenK5,hysets_12488500,Knoben_K5,1096,0.4239688716951141,0.40602054504996843,0.10425842106733813,KGE
subsequent_2016_2020,AUDIOSK5 vs KnobenK5,hysets_13010065,RF_Signature_K5,1096,0.8324204854976289,0.7659042950739561,0.07330452692276661,KGE
subsequent_2016_2020,AUDIOSK5 vs KnobenK5,hysets_13010065,Knoben_K5,1096,0.7152897878875091,0.8288967195969473,0.09554805565246505,KGE
subsequent_2016_2020,AUDIOSK5 vs KnobenK5,hysets_13011900,RF_Signature_K5,1096,0.46717749158889466,0.375350003199323,0.13313378303461154,KGE
subsequent_2016_2020,AUDIOSK5 vs KnobenK5,hysets_13011900,Knoben_K5,1096,0.1812937783933002,0.5891457560932469,0.16502929210812686,KGE
subsequent_2016_2020,AUDIOSK5 vs KnobenK5,hysets_13023000,RF_Signature_K5,1096,0.3703844668390891,0.28879546498076536,0.1795766205426278,KGE
subsequent_2016_2020,AUDIOSK5 vs KnobenK5,hysets_13023000,Knoben_K5,1096,-0.5475773091122247,0.3037220815232401,0.2815387992547956,KGE
subsequent_2016_2020,AUDIOSK5 vs KnobenK5,hysets_13186000,RF_Signature_K5,1096,0.29646148820761997,0.16021131149388956,0.11000316480423626,KGE
subsequent_2016_2020,AUDIOSK5 vs KnobenK5,hysets_13186000,Knoben_K5,1096,0.3297363521202272,0.3940937386599529,0.10737027738292433,KGE
subsequent_2016_2020,AUDIOSK5 vs KnobenK5,hysets_13235000,RF_Signature_K5,1096,0.5659237296149022,0.707230453057164,0.1145397464477651,KGE
subsequent_2016_2020,AUDIOSK5 vs KnobenK5,hysets_13235000,Knoben_K5,1096,0.8917110854032803,0.888280013577837,0.05720911049585629,KGE
subsequent_2016_2020,AUDIOSK5 vs KnobenK5,hysets_13297355,RF_Signature_K5,1096,0.452862832698814,0.32705902010252064,0.08945531393414531,KGE
subsequent_2016_2020,AUDIOSK5 vs KnobenK5,hysets_13297355,Knoben_K5,1096,0.6410981835857432,0.6369306231535532,0.07245124679112931,KGE
subsequent_2016_2020,AUDIOSK5 vs KnobenK5,hysets_13331500,RF_Signature_K5,731,-0.1731375112122635,0.11273414249711322,0.1952721850724478,KGE
subsequent_2016_2020,AUDIOSK5 vs KnobenK5,hysets_13331500,Knoben_K5,731,0.46383454723269857,0.26691145500219593,0.13201258607735453,KGE
subsequent_2016_2020,AUDIOSK5 vs KnobenK5,hysets_13339500,RF_Signature_K5,731,-0.9583118005947595,-0.29956270802528095,0.12184985552545564,KGE
subsequent_2016_2020,AUDIOSK5 vs KnobenK5,hysets_13339500,Knoben_K5,731,-1.9347128986995683,-0.2278362264460445,0.14916499179302148,KGE
subsequent_2016_2020,AUDIOSK5 vs KnobenK5,hysets_14013000,RF_Signature_K5,1096,-0.3015017584522661,0.1489453186182289,0.1280588694650281,KGE
subsequent_2016_2020,AUDIOSK5 vs KnobenK5,hysets_14013000,Knoben_K5,1096,-0.33975241764653275,-0.29483450859758564,0.12992704421545112,KGE
subsequent_2016_2020,AUDIOSK5 vs KnobenK5,hysets_14020000,RF_Signature_K5,731,-2.0277913855547034,-0.027712460409293982,0.18635208927668315,KGE
subsequent_2016_2020,AUDIOSK5 vs KnobenK5,hysets_14020000,Knoben_K5,731,0.07620103273640833,-0.03075352509999507,0.10293427923960861,KGE
subsequent_2016_2020,AUDIOSK5 vs KnobenK5,hysets_14020300,RF_Signature_K5,1096,-0.7494792895051163,0.10661090713830534,0.1618366312722296,KGE
subsequent_2016_2020,AUDIOSK5 vs KnobenK5,hysets_14020300,Knoben_K5,1096,0.7058708046434037,0.5181522778051058,0.06635772592515926,KGE
subsequent_2016_2020,AUDIOSK5 vs KnobenK5,hysets_14038530,RF_Signature_K5,1096,0.03502488268912263,0.5575568103703115,0.14306820825356592,KGE
subsequent_2016_2020,AUDIOSK5 vs KnobenK5,hysets_14038530,Knoben_K5,1096,-13.374529530340256,-2.489001376493192,0.5521815614240934,KGE
subsequent_2016_2020,AUDIOSK5 vs KnobenK5,hysets_14044000,RF_Signature_K5,1046,0.13070422089686307,0.46044548064224244,0.12540461898295854,KGE
subsequent_2016_2020,AUDIOSK5 vs KnobenK5,hysets_14044000,Knoben_K5,1046,-20.895398455373254,-3.964967239329745,0.6293701975907091,KGE
subsequent_2016_2020,AUDIOSK5 vs KnobenK5,hysets_14096850,RF_Signature_K5,1096,-0.638851658942359,0.13842985398331709,0.1448777400869042,KGE
subsequent_2016_2020,AUDIOSK5 vs KnobenK5,hysets_14096850,Knoben_K5,1096,0.2314198451495969,0.5559062140230208,0.09921479140731333,KGE
subsequent_2016_2020,AUDIOSK5 vs KnobenK5,hysets_14097100,RF_Signature_K5,1096,-8.264091094315619,-1.1651280799595831,0.45370782035830365,KGE
subsequent_2016_2020,AUDIOSK5 vs KnobenK5,hysets_14097100,Knoben_K5,1096,0.023818681962865407,0.48138355578014247,0.1472787544443808,KGE
subsequent_2016_2020,AUDIOSK5 vs KnobenK5,hysets_14154500,RF_Signature_K5,1096,0.549619804281814,0.728795497986799,0.06719942396310719,KGE
subsequent_2016_2020,AUDIOSK5 vs KnobenK5,hysets_14154500,Knoben_K5,1096,0.47867457734324503,0.39799768632961996,0.07229867857274558,KGE
subsequent_2016_2020,AUDIOSK5 vs KnobenK5,hysets_14158500,RF_Signature_K5,731,-0.9289101418931365,0.029573434097340034,0.30743679129715484,KGE
subsequent_2016_2020,AUDIOSK5 vs KnobenK5,hysets_14158500,Knoben_K5,731,0.20679939071946085,0.6308595426975683,0.19714753896896164,KGE
subsequent_2016_2020,AUDIOSK5 vs KnobenK5,hysets_14166500,RF_Signature_K5,1096,0.5025574582708097,0.5960204932012392,0.0749122249045483,KGE
subsequent_2016_2020,AUDIOSK5 vs KnobenK5,hysets_14166500,Knoben_K5,1096,-7.999229779571184,-2.0864545734073134,0.3186279757175844,KGE
subsequent_2016_2020,AUDIOSK5 vs KnobenK5,hysets_14178000,RF_Signature_K5,731,-0.7933086685307518,-0.1075981256805405,0.19473840973308296,KGE
subsequent_2016_2020,AUDIOSK5 vs KnobenK5,hysets_14178000,Knoben_K5,731,-0.13225251673889438,0.2909910808116625,0.15473755938341016,KGE
subsequent_2016_2020,AUDIOSK5 vs KnobenK5,hysets_14182500,RF_Signature_K5,1096,0.7822282250957855,0.857824423994486,0.045719446016372005,KGE
subsequent_2016_2020,AUDIOSK5 vs KnobenK5,hysets_14182500,Knoben_K5,1096,0.5825705596621412,0.5094521249903923,0.06329824978513669,KGE
subsequent_2016_2020,AUDIOSK5 vs KnobenK5,hysets_14185900,RF_Signature_K5,1096,0.8083954559382156,0.8272794865534584,0.0515936338993078,KGE
subsequent_2016_2020,AUDIOSK5 vs KnobenK5,hysets_14185900,Knoben_K5,1096,0.5948492553067413,0.5076042050312048,0.07502422815918072,KGE
subsequent_2016_2020,AUDIOSK5 vs KnobenK5,hysets_14236200,RF_Signature_K5,1096,0.6207989654583583,0.5721338348038438,0.07556122731281184,KGE
subsequent_2016_2020,AUDIOSK5 vs KnobenK5,hysets_14236200,Knoben_K5,1096,0.6243612527936458,0.7821941028819305,0.07520547149209968,KGE
subsequent_2016_2020,AUDIOSK5 vs KnobenK5,hysets_14301000,RF_Signature_K5,1095,0.6995819253445117,0.8035426528304187,0.0711737116274338,KGE
subsequent_2016_2020,AUDIOSK5 vs KnobenK5,hysets_14301000,Knoben_K5,1095,0.8382413237091065,0.7608692735621487,0.052226434471445524,KGE
subsequent_2016_2020,AUDIOSK5 vs KnobenK5,hysets_14306500,RF_Signature_K5,1096,0.7964175016326906,0.702108129172496,0.052415155369819465,KGE
subsequent_2016_2020,AUDIOSK5 vs KnobenK5,hysets_14306500,Knoben_K5,1096,0.2447643284258043,0.3901483416585295,0.10095501668039536,KGE
subsequent_2016_2020,AUDIOSK5 vs KnobenK5,hysets_14308000,RF_Signature_K5,1096,0.5081999116538272,0.34749888410880014,0.0595733995137786,KGE
subsequent_2016_2020,AUDIOSK5 vs KnobenK5,hysets_14308000,Knoben_K5,1096,-6.893964130191595,-1.9637598145277386,0.23867429951488708,KGE
subsequent_2016_2020,AUDIOSK5 vs KnobenK5,hysets_14309500,RF_Signature_K5,1096,0.8515031042061116,0.7955645514870446,0.042603985157693335,KGE
subsequent_2016_2020,AUDIOSK5 vs KnobenK5,hysets_14309500,Knoben_K5,1096,0.6046391583240374,0.2546902111180316,0.06951657446326709,KGE
subsequent_2016_2020,AUDIOSK5 vs KnobenK5,hysets_14316700,RF_Signature_K5,1096,0.7362208777857139,0.7732783732628608,0.05560713668196432,KGE
subsequent_2016_2020,AUDIOSK5 vs KnobenK5,hysets_14316700,Knoben_K5,1096,0.7987638695143623,0.8475111615505184,0.048569463083743936,KGE
subsequent_2016_2020,AUDIOSK5 vs KnobenK5,hysets_14338000,RF_Signature_K5,1096,-1.1644562434191652,-0.0006481582617428039,0.14536286994989067,KGE
subsequent_2016_2020,AUDIOSK5 vs KnobenK5,hysets_14338000,Knoben_K5,1096,-3.6949304828454714,-1.5159534409907307,0.21408866133436985,KGE
subsequent_2016_2020,AUDIOSK5 vs KnobenK5,hysets_14377100,RF_Signature_K5,1093,0.6463611784697063,0.6598831709357104,0.07185844195403394,KGE
subsequent_2016_2020,AUDIOSK5 vs KnobenK5,hysets_14377100,Knoben_K5,1093,0.7957538037906624,0.5667575405883193,0.054610332123305995,KGE
subsequent_2016_2020,AUDIOSK5 vs KnobenK5,hysets_14400000,RF_Signature_K5,1096,0.4902231662333575,0.4887131949900938,0.0807976142052656,KGE
subsequent_2016_2020,AUDIOSK5 vs KnobenK5,hysets_14400000,Knoben_K5,1096,0.09368527970405038,-0.06896238014070133,0.1077328145940113,KGE
subsequent_2016_2020,AUDIOSK5 vs KnobenK5,lamah_12425002,RF_Signature_K5,731,-1.038350859282728,0.035010464291491905,0.17561149916539467,KGE
subsequent_2016_2020,AUDIOSK5 vs KnobenK5,lamah_12425002,Knoben_K5,731,-0.150987712670269,0.4280047463157941,0.13196198014769833,KGE
subsequent_2016_2020,AUDIOSK5 vs KnobenK5,lamah_16000708,RF_Signature_K5,731,0.6853370286392555,0.7442062475122597,0.10358208987318847,KGE
subsequent_2016_2020,AUDIOSK5 vs KnobenK5,lamah_16000708,Knoben_K5,731,0.5548379802742902,0.7656219569913159,0.12320289175597313,KGE
subsequent_2016_2020,AUDIOSK5 vs KnobenK5,lamah_16001303,RF_Signature_K5,731,-11.9454851322077,-1.7674536901265783,0.31773152489121465,KGE
subsequent_2016_2020,AUDIOSK5 vs KnobenK5,lamah_16001303,Knoben_K5,731,-14.64860331878837,-2.124198948160774,0.34933245241000166,KGE
subsequent_2016_2020,AUDIOSK5 vs KnobenK5,lamah_16610709,RF_Signature_K5,731,0.13051858273831785,0.20928178556626553,0.06897301973240517,KGE
subsequent_2016_2020,AUDIOSK5 vs KnobenK5,lamah_16610709,Knoben_K5,731,0.30444332956722875,0.5059709566958851,0.06169008207476112,KGE
subsequent_2016_2020,AUDIOSK5 vs KnobenK5,lamah_17404000,RF_Signature_K5,731,-5.173234578334289,-0.6624438373707242,0.33562835021517684,KGE
subsequent_2016_2020,AUDIOSK5 vs KnobenK5,lamah_17404000,Knoben_K5,731,-3.301630148875483,-0.47644281596396687,0.28016816247477194,KGE
subsequent_2016_2020,AUDIOSK5 vs KnobenK5,lamah_18481006,RF_Signature_K5,731,0.8008458357986912,0.8430359792272868,0.047727006497385094,KGE
subsequent_2016_2020,AUDIOSK5 vs KnobenK5,lamah_18481006,Knoben_K5,731,0.6155943299876732,0.6853259341037223,0.06630776540692529,KGE
subsequent_2016_2020,AUDIOSK5 vs KnobenK5,lamah_18486000,RF_Signature_K5,731,0.6822969355727152,0.6721712403631738,0.0633729422148084,KGE
subsequent_2016_2020,AUDIOSK5 vs KnobenK5,lamah_18486000,Knoben_K5,731,0.34579335111887466,0.5355732468849519,0.09093909867744197,KGE
subsequent_2016_2020,AUDIOSK5 vs KnobenK5,lamah_200253,RF_Signature_K5,731,0.08008496864135406,0.23675320539639622,0.11843311483434925,KGE
subsequent_2016_2020,AUDIOSK5 vs KnobenK5,lamah_200253,Knoben_K5,731,0.7129909488051549,0.6278748015430667,0.06615262626460203,KGE
subsequent_2016_2020,AUDIOSK5 vs KnobenK5,lamah_200261,RF_Signature_K5,731,0.18315888221946053,0.2192636086510018,0.10637338973199408,KGE
subsequent_2016_2020,AUDIOSK5 vs KnobenK5,lamah_200261,Knoben_K5,731,0.6016709231051578,0.49390394656063363,0.07428227707467755,KGE
subsequent_2016_2020,AUDIOSK5 vs KnobenK5,lamah_200303,RF_Signature_K5,731,0.2539107650574355,0.45628838004012473,0.07385334313605782,KGE
subsequent_2016_2020,AUDIOSK5 vs KnobenK5,lamah_200303,Knoben_K5,731,0.34783084739693815,0.4024316162393171,0.0690486034294904,KGE
subsequent_2016_2020,AUDIOSK5 vs KnobenK5,lamah_201087,RF_Signature_K5,731,0.5083136386876985,0.4626468609023515,0.09912788276693012,KGE
subsequent_2016_2020,AUDIOSK5 vs KnobenK5,lamah_201087,Knoben_K5,731,0.530762093545676,0.464376191162443,0.096838553514205,KGE
subsequent_2016_2020,AUDIOSK5 vs KnobenK5,lamah_201095,RF_Signature_K5,731,0.7389414463747148,0.8201019361967844,0.08735211635104838,KGE
subsequent_2016_2020,AUDIOSK5 vs KnobenK5,lamah_201095,Knoben_K5,731,0.35307574605323266,0.6863727504631514,0.13750901923262,KGE
subsequent_2016_2020,AUDIOSK5 vs KnobenK5,lamah_201160,RF_Signature_K5,731,0.5963006012534063,0.6010101482368592,0.0749045331956012,KGE
subsequent_2016_2020,AUDIOSK5 vs KnobenK5,lamah_201160,Knoben_K5,731,0.6319150787033805,0.49695971739634937,0.07152420906524778,KGE
subsequent_2016_2020,AUDIOSK5 vs KnobenK5,lamah_201236,RF_Signature_K5,731,0.5726143590858963,0.6049922484326316,0.08137838368294147,KGE
subsequent_2016_2020,AUDIOSK5 vs KnobenK5,lamah_201236,Knoben_K5,731,0.19192261269585587,0.22608128771722924,0.11189883712734544,KGE
subsequent_2016_2020,AUDIOSK5 vs KnobenK5,lamah_201251,RF_Signature_K5,731,0.7932113035336871,0.8485195747994587,0.07215838382782656,KGE
subsequent_2016_2020,AUDIOSK5 vs KnobenK5,lamah_201251,Knoben_K5,731,0.9007743249481807,0.8931200237906259,0.049984509050804635,KGE
subsequent_2016_2020,AUDIOSK5 vs KnobenK5,lamah_201335,RF_Signature_K5,731,-1.007066613006654,-0.28988977946897654,0.20118840855408449,KGE
subsequent_2016_2020,AUDIOSK5 vs KnobenK5,lamah_201335,Knoben_K5,731,-0.30495224147090205,0.02221896814164437,0.16222559317091267,KGE
subsequent_2016_2020,AUDIOSK5 vs KnobenK5,lamah_201392,RF_Signature_K5,731,0.5208947514283817,0.7162232039383959,0.15528187564860824,KGE
subsequent_2016_2020,AUDIOSK5 vs KnobenK5,lamah_201392,Knoben_K5,731,0.29298328159260933,0.4936732108028823,0.18863407453024061,KGE
subsequent_2016_2020,AUDIOSK5 vs KnobenK5,lamah_201434,RF_Signature_K5,731,0.7317254525380115,0.7722424050136917,0.11451858396918632,KGE
subsequent_2016_2020,AUDIOSK5 vs KnobenK5,lamah_201434,Knoben_K5,731,0.6866952643309343,0.5752754143415244,0.1237569830313122,KGE
subsequent_2016_2020,AUDIOSK5 vs KnobenK5,lamah_201558,RF_Signature_K5,731,0.85284774865563,0.7911013625600685,0.07159065472564843,KGE
subsequent_2016_2020,AUDIOSK5 vs KnobenK5,lamah_201558,Knoben_K5,731,0.8175632679512128,0.7601184002079243,0.07971297554323568,KGE
subsequent_2016_2020,AUDIOSK5 vs KnobenK5,lamah_201566,RF_Signature_K5,731,0.7048714644849361,0.61517818227984,0.059734422491528175,KGE
subsequent_2016_2020,AUDIOSK5 vs KnobenK5,lamah_201566,Knoben_K5,731,0.4943256602571209,0.49611114220020325,0.07819059644261281,KGE
subsequent_2016_2020,AUDIOSK5 vs KnobenK5,lamah_201574,RF_Signature_K5,731,0.9351639688940849,0.938138148651233,0.03958641833466249,KGE
subsequent_2016_2020,AUDIOSK5 vs KnobenK5,lamah_201574,Knoben_K5,731,0.5882794910949138,0.6527417464497975,0.09975605116427792,KGE
subsequent_2016_2020,AUDIOSK5 vs KnobenK5,lamah_201723,RF_Signature_K5,731,0.8688156086939083,0.8982554455474188,0.0714237987205578,KGE
subsequent_2016_2020,AUDIOSK5 vs KnobenK5,lamah_201723,Knoben_K5,731,0.8562742020418922,0.8101886044050852,0.074759988636973,KGE
subsequent_2016_2020,AUDIOSK5 vs KnobenK5,lamah_201848,RF_Signature_K5,731,0.6384097053694373,0.8146139791773952,0.10870201230725748,KGE
subsequent_2016_2020,AUDIOSK5 vs KnobenK5,lamah_201848,Knoben_K5,731,0.517384102344363,0.6108657461996773,0.125582756998195,KGE
subsequent_2016_2020,AUDIOSK5 vs KnobenK5,lamah_202036,RF_Signature_K5,731,0.7142459517962825,0.7232612229874618,0.08743429286043225,KGE
subsequent_2016_2020,AUDIOSK5 vs KnobenK5,lamah_202036,Knoben_K5,731,0.6674251593148811,0.5676509870886931,0.09432575759209762,KGE
subsequent_2016_2020,AUDIOSK5 vs KnobenK5,lamah_203026,RF_Signature_K5,731,0.8332331078211042,0.7007222164833506,0.07001987714305007,KGE
subsequent_2016_2020,AUDIOSK5 vs KnobenK5,lamah_203026,Knoben_K5,731,0.574728430096175,0.6663823496313013,0.1118148799597858,KGE
subsequent_2016_2020,AUDIOSK5 vs KnobenK5,lamah_203075,RF_Signature_K5,731,0.7774247428881819,0.6887095378565355,0.07895488039148757,KGE
subsequent_2016_2020,AUDIOSK5 vs KnobenK5,lamah_203075,Knoben_K5,731,0.7859594959333636,0.7157577048168271,0.077426302614974,KGE
subsequent_2016_2020,AUDIOSK5 vs KnobenK5,lamah_203166,RF_Signature_K5,731,0.8249765086049492,0.813481534153691,0.0612762622026612,KGE
subsequent_2016_2020,AUDIOSK5 vs KnobenK5,lamah_203166,Knoben_K5,731,0.06689812953902086,0.36552523590068786,0.14148442181721113,KGE
subsequent_2016_2020,AUDIOSK5 vs KnobenK5,lamah_203224,RF_Signature_K5,731,0.6986980672200334,0.553020755526517,0.07966929600175657,KGE
subsequent_2016_2020,AUDIOSK5 vs KnobenK5,lamah_203224,Knoben_K5,731,0.6178964754437897,0.45212124466642134,0.0897181980910481,KGE
subsequent_2016_2020,AUDIOSK5 vs KnobenK5,lamah_203265,RF_Signature_K5,731,0.25560368810960765,0.4887172685016039,0.0840001461603109,KGE
subsequent_2016_2020,AUDIOSK5 vs KnobenK5,lamah_203265,Knoben_K5,731,-0.947936884429659,0.057703222426388145,0.13588307800973448,KGE
subsequent_2016_2020,AUDIOSK5 vs KnobenK5,lamah_203307,RF_Signature_K5,731,0.6893218636177632,0.6009588887445481,0.05714533959690135,KGE
subsequent_2016_2020,AUDIOSK5 vs KnobenK5,lamah_203307,Knoben_K5,731,0.7426554639566363,0.786609667257242,0.05200953227031617,KGE
subsequent_2016_2020,AUDIOSK5 vs KnobenK5,lamah_203463,RF_Signature_K5,731,0.5953042513993512,0.7162265615365547,0.10872309695670246,KGE
subsequent_2016_2020,AUDIOSK5 vs KnobenK5,lamah_203463,Knoben_K5,731,0.5767735608447886,0.691393415929472,0.11118440822261112,KGE
subsequent_2016_2020,AUDIOSK5 vs KnobenK5,lamah_203505,RF_Signature_K5,731,0.4040566412335941,0.665535117515611,0.11700447230453571,KGE
subsequent_2016_2020,AUDIOSK5 vs KnobenK5,lamah_203505,Knoben_K5,731,0.6662600216790682,0.815200866114449,0.0875596640904393,KGE
subsequent_2016_2020,AUDIOSK5 vs KnobenK5,lamah_203711,RF_Signature_K5,731,0.7975699669000788,0.7604300063123639,0.06919375878542357,KGE
subsequent_2016_2020,AUDIOSK5 vs KnobenK5,lamah_203711,Knoben_K5,731,0.8596379362813471,0.7827404204611565,0.05761748834811184,KGE
subsequent_2016_2020,AUDIOSK5 vs KnobenK5,lamah_203752,RF_Signature_K5,731,0.7273012502830893,0.7428264953173733,0.08148681474819175,KGE
subsequent_2016_2020,AUDIOSK5 vs KnobenK5,lamah_203752,Knoben_K5,731,0.7057827843912325,0.642088179496507,0.0846408096601677,KGE
subsequent_2016_2020,AUDIOSK5 vs KnobenK5,lamah_203760,RF_Signature_K5,731,0.4751857935303553,0.48970812417488496,0.11475587665510663,KGE
subsequent_2016_2020,AUDIOSK5 vs KnobenK5,lamah_203760,Knoben_K5,731,0.7617218490621146,0.7298122476769044,0.0773239897033144,KGE
subsequent_2016_2020,AUDIOSK5 vs KnobenK5,lamah_203786,RF_Signature_K5,731,0.8283523786223137,0.7915010300436647,0.07261877897360731,KGE
subsequent_2016_2020,AUDIOSK5 vs KnobenK5,lamah_203786,Knoben_K5,731,0.8570583600740515,0.8300509463641592,0.06626884902620626,KGE
subsequent_2016_2020,AUDIOSK5 vs KnobenK5,lamah_203794,RF_Signature_K5,731,0.551354064646707,0.5582899811582,0.10689279180677917,KGE
subsequent_2016_2020,AUDIOSK5 vs KnobenK5,lamah_203794,Knoben_K5,731,0.6117808936429319,0.6287246439539811,0.09943402144205787,KGE
subsequent_2016_2020,AUDIOSK5 vs KnobenK5,lamah_203828,RF_Signature_K5,731,0.6420661718405039,0.6358048956617695,0.08541257439213656,KGE
subsequent_2016_2020,AUDIOSK5 vs KnobenK5,lamah_203828,Knoben_K5,731,0.7745869439507984,0.804871168000382,0.0677813122968671,KGE
subsequent_2016_2020,AUDIOSK5 vs KnobenK5,lamah_204875,RF_Signature_K5,731,-0.9086494550321595,0.0589120692993238,0.14324429323153176,KGE
subsequent_2016_2020,AUDIOSK5 vs KnobenK5,lamah_204875,Knoben_K5,731,-0.26659784587465585,0.3322265595823468,0.11668999336937422,KGE
subsequent_2016_2020,AUDIOSK5 vs KnobenK5,lamah_204925,RF_Signature_K5,731,-1.6227730230453528,0.011872138816837685,0.16819005504253345,KGE
subsequent_2016_2020,AUDIOSK5 vs KnobenK5,lamah_204925,Knoben_K5,731,-6.732871405884496,-1.0428780446090173,0.28879545409167406,KGE
subsequent_2016_2020,AUDIOSK5 vs KnobenK5,lamah_205104,RF_Signature_K5,731,0.36124840387349055,0.3313061661605181,0.13545866474676432,KGE
subsequent_2016_2020,AUDIOSK5 vs KnobenK5,lamah_205104,Knoben_K5,731,0.41830180126241556,0.49271721819701275,0.12926758956034756,KGE
subsequent_2016_2020,AUDIOSK5 vs KnobenK5,lamah_205179,RF_Signature_K5,731,0.17356923682679049,0.4665390894897635,0.15545239232399283,KGE
subsequent_2016_2020,AUDIOSK5 vs KnobenK5,lamah_205179,Knoben_K5,731,0.27384336030172896,0.3932948449015703,0.14571670049248897,KGE
subsequent_2016_2020,AUDIOSK5 vs KnobenK5,lamah_205294,RF_Signature_K5,731,-0.06502137190526014,0.3036850008947003,0.09685391449781491,KGE
subsequent_2016_2020,AUDIOSK5 vs KnobenK5,lamah_205294,Knoben_K5,731,0.6050314870578355,0.5596529211766463,0.058981967304586484,KGE
subsequent_2016_2020,AUDIOSK5 vs KnobenK5,lamah_205500,RF_Signature_K5,731,0.7777253231716961,0.8821836705844913,0.05044033176732678,KGE
subsequent_2016_2020,AUDIOSK5 vs KnobenK5,lamah_205500,Knoben_K5,731,0.3227500537811687,0.5148189716233971,0.08804555396898173,KGE
subsequent_2016_2020,AUDIOSK5 vs KnobenK5,lamah_205740,RF_Signature_K5,731,0.6118454043889078,0.4401225575971468,0.05910916034892437,KGE
subsequent_2016_2020,AUDIOSK5 vs KnobenK5,lamah_205740,Knoben_K5,731,0.5716661801413022,0.41310103493011974,0.0620931378250909,KGE
subsequent_2016_2020,AUDIOSK5 vs KnobenK5,lamah_205823,RF_Signature_K5,731,0.7123358105861504,0.7543435565107162,0.04739343879146666,KGE
subsequent_2016_2020,AUDIOSK5 vs KnobenK5,lamah_205823,Knoben_K5,731,0.7324167129221699,0.8477722377982869,0.04570932555184765,KGE
subsequent_2016_2020,AUDIOSK5 vs KnobenK5,lamah_205831,RF_Signature_K5,731,0.8132030881866916,0.8200977554062008,0.04480951864750304,KGE
subsequent_2016_2020,AUDIOSK5 vs KnobenK5,lamah_205831,Knoben_K5,731,0.7039647020991882,0.7458517996968888,0.05641014049186429,KGE
subsequent_2016_2020,AUDIOSK5 vs KnobenK5,lamah_205864,RF_Signature_K5,731,0.6058928861260064,0.6097278744955532,0.06979132741291683,KGE
subsequent_2016_2020,AUDIOSK5 vs KnobenK5,lamah_205864,Knoben_K5,731,0.17801397974669386,0.31997775609664236,0.10079211006642413,KGE
subsequent_2016_2020,AUDIOSK5 vs KnobenK5,lamah_205898,RF_Signature_K5,731,0.6177599767548019,0.5925980907913795,0.06338299369020531,KGE
subsequent_2016_2020,AUDIOSK5 vs KnobenK5,lamah_205898,Knoben_K5,731,0.8587225022111795,0.9294400762435221,0.038533740255807324,KGE
subsequent_2016_2020,AUDIOSK5 vs KnobenK5,lamah_206508,RF_Signature_K5,731,0.42929980682126134,0.4292632631155979,0.10232688545424275,KGE
subsequent_2016_2020,AUDIOSK5 vs KnobenK5,lamah_206508,Knoben_K5,731,-0.37516663407960116,0.003351084700593754,0.15884129131912492,KGE
subsequent_2016_2020,AUDIOSK5 vs KnobenK5,lamah_207654,RF_Signature_K5,731,0.12293040210402029,0.24928034969438784,0.11714922723194235,KGE
subsequent_2016_2020,AUDIOSK5 vs KnobenK5,lamah_207654,Knoben_K5,731,0.5327350950710877,0.47301561499860634,0.08550745515484398,KGE
subsequent_2016_2020,AUDIOSK5 vs KnobenK5,lamah_207738,RF_Signature_K5,731,0.2110540229452944,0.38708185867795875,0.0833395731042612,KGE
subsequent_2016_2020,AUDIOSK5 vs KnobenK5,lamah_207738,Knoben_K5,731,0.6220180058288303,0.650396249151261,0.05768503951964303,KGE
subsequent_2016_2020,AUDIOSK5 vs KnobenK5,lamah_207852,RF_Signature_K5,731,-0.6603807740915308,-0.032663565847322884,0.11803076854854144,KGE
subsequent_2016_2020,AUDIOSK5 vs KnobenK5,lamah_207852,Knoben_K5,731,-0.031226346440474062,0.2944493641340198,0.09301829764514553,KGE
subsequent_2016_2020,AUDIOSK5 vs KnobenK5,lamah_208116,RF_Signature_K5,731,-3.202508771611954,-0.3144140449712003,0.18524552296269056,KGE
subsequent_2016_2020,AUDIOSK5 vs KnobenK5,lamah_208116,Knoben_K5,731,-9.009273711613353,-1.6842908830285883,0.285887185520638,KGE
subsequent_2016_2020,AUDIOSK5 vs KnobenK5,lamah_208686,RF_Signature_K5,731,-0.5580273036085666,0.11954482106292263,0.13958446432715435,KGE
subsequent_2016_2020,AUDIOSK5 vs KnobenK5,lamah_208686,Knoben_K5,731,-0.6327539654439736,0.23444336603560345,0.14289266160906808,KGE
subsequent_2016_2020,AUDIOSK5 vs KnobenK5,lamah_209361,RF_Signature_K5,731,0.5684150991575367,0.750290449291517,0.06528898410108865,KGE
subsequent_2016_2020,AUDIOSK5 vs KnobenK5,lamah_209361,Knoben_K5,731,0.4133113922032715,0.37356918127283956,0.07612207488458435,KGE
subsequent_2016_2020,AUDIOSK5 vs KnobenK5,lamah_209551,RF_Signature_K5,731,0.7077403236189467,0.5187394057420966,0.05892435154285129,KGE
subsequent_2016_2020,AUDIOSK5 vs KnobenK5,lamah_209551,Knoben_K5,731,0.6571749902346007,0.529524305929778,0.06381850273238833,KGE
subsequent_2016_2020,AUDIOSK5 vs KnobenK5,lamah_210526,RF_Signature_K5,731,0.40487473352749404,0.5912131095598894,0.1447006754186973,KGE
subsequent_2016_2020,AUDIOSK5 vs KnobenK5,lamah_210526,Knoben_K5,731,0.12897867091907145,0.3883403139530085,0.17505751481302748,KGE
subsequent_2016_2020,AUDIOSK5 vs KnobenK5,lamah_210641,RF_Signature_K5,731,0.830655000419618,0.7909246231114461,0.05487823355593513,KGE
subsequent_2016_2020,AUDIOSK5 vs KnobenK5,lamah_210641,Knoben_K5,731,0.8145896830152567,0.7043507096656951,0.057422339587754855,KGE
subsequent_2016_2020,AUDIOSK5 vs KnobenK5,lamah_210773,RF_Signature_K5,731,0.6167553651383859,0.7293552810434811,0.08242475916165395,KGE
subsequent_2016_2020,AUDIOSK5 vs KnobenK5,lamah_210773,Knoben_K5,731,0.812368427065606,0.8733664581105215,0.05767300819964102,KGE
subsequent_2016_2020,AUDIOSK5 vs KnobenK5,lamah_210815,RF_Signature_K5,731,0.5996770246911003,0.7802033702088704,0.06697094615173385,KGE
subsequent_2016_2020,AUDIOSK5 vs KnobenK5,lamah_210815,Knoben_K5,731,0.6343379672331627,0.8043305572385193,0.06400606250766173,KGE
subsequent_2016_2020,AUDIOSK5 vs KnobenK5,lamah_210856,RF_Signature_K5,731,0.007259932593878804,0.31513905582850554,0.1326402905522682,KGE
subsequent_2016_2020,AUDIOSK5 vs KnobenK5,lamah_210856,Knoben_K5,731,-0.24056717633723346,0.26756010604378244,0.14827496573738447,KGE
subsequent_2016_2020,AUDIOSK5 vs KnobenK5,lamah_210864,RF_Signature_K5,731,0.23786206277853938,0.5581625301624609,0.08362912732316143,KGE
subsequent_2016_2020,AUDIOSK5 vs KnobenK5,lamah_210864,Knoben_K5,731,-0.1094826822966648,0.44188529625993844,0.10090229370590671,KGE
subsequent_2016_2020,AUDIOSK5 vs KnobenK5,lamah_210898,RF_Signature_K5,731,-0.13258590887748256,0.2842777227989546,0.14175169116976175,KGE
subsequent_2016_2020,AUDIOSK5 vs KnobenK5,lamah_210898,Knoben_K5,731,0.44653621656537756,0.6864423886149932,0.09909169921569005,KGE
subsequent_2016_2020,AUDIOSK5 vs KnobenK5,lamah_211086,RF_Signature_K5,731,0.6839715445181911,0.6899370607630068,0.0787123219900543,KGE
subsequent_2016_2020,AUDIOSK5 vs KnobenK5,lamah_211086,Knoben_K5,731,0.41780662341378794,0.6179925554101623,0.10683492758660783,KGE
subsequent_2016_2020,AUDIOSK5 vs KnobenK5,lamah_211169,RF_Signature_K5,731,0.29508872027291577,0.6277874841317999,0.07400625799134093,KGE
subsequent_2016_2020,AUDIOSK5 vs KnobenK5,lamah_211169,Knoben_K5,731,-1.912408417518927,-0.03277432576306727,0.1504275402605913,KGE
subsequent_2016_2020,AUDIOSK5 vs KnobenK5,lamah_211656,RF_Signature_K5,731,-1.2153122944132506,-0.2457531836744411,0.06905481868871576,KGE
subsequent_2016_2020,AUDIOSK5 vs KnobenK5,lamah_211656,Knoben_K5,731,-1.7804427415933892,-1.1933051626736488,0.07736303310804633,KGE
subsequent_2016_2020,AUDIOSK5 vs KnobenK5,lamah_212027,RF_Signature_K5,731,0.16122768212379568,0.534810662891039,0.15117771844496553,KGE
subsequent_2016_2020,AUDIOSK5 vs KnobenK5,lamah_212027,Knoben_K5,731,-0.3438584838242249,0.23456612806387034,0.19135618805312868,KGE
subsequent_2016_2020,AUDIOSK5 vs KnobenK5,lamah_212092,RF_Signature_K5,731,0.8685348678002264,0.7748723182364806,0.06329818530564109,KGE
subsequent_2016_2020,AUDIOSK5 vs KnobenK5,lamah_212092,Knoben_K5,731,0.8401033952478542,0.8318098773280187,0.06980806325870431,KGE
subsequent_2016_2020,AUDIOSK5 vs KnobenK5,lamah_212100,RF_Signature_K5,731,0.6940842054009411,0.6022971290684399,0.0968860674205947,KGE
subsequent_2016_2020,AUDIOSK5 vs KnobenK5,lamah_212100,Knoben_K5,731,0.8495253516566849,0.7110164428121575,0.06795040454847778,KGE
subsequent_2016_2020,AUDIOSK5 vs KnobenK5,lamah_212167,RF_Signature_K5,731,0.7757626540592932,0.6440776546757734,0.07885257396492261,KGE
subsequent_2016_2020,AUDIOSK5 vs KnobenK5,lamah_212167,Knoben_K5,731,0.9219585099269776,0.7599422766607098,0.04651839035157558,KGE
subsequent_2016_2020,AUDIOSK5 vs KnobenK5,lamah_212183,RF_Signature_K5,731,0.88192575543216,0.844097993054675,0.05762656030541747,KGE
subsequent_2016_2020,AUDIOSK5 vs KnobenK5,lamah_212183,Knoben_K5,731,0.8513539329748914,0.799971606344761,0.06465793364012756,KGE
subsequent_2016_2020,AUDIOSK5 vs KnobenK5,lamah_212399,RF_Signature_K5,731,0.40933170305650424,0.5641918701099172,0.07782737806875059,KGE
subsequent_2016_2020,AUDIOSK5 vs KnobenK5,lamah_212399,Knoben_K5,731,-0.5838315612399263,0.10845340896472411,0.12744272981420496,KGE
subsequent_2016_2020,AUDIOSK5 vs KnobenK5,lamah_212431,RF_Signature_K5,731,0.08821470422572286,0.3231000261145952,0.10709511252446052,KGE
subsequent_2016_2020,AUDIOSK5 vs KnobenK5,lamah_212431,Knoben_K5,731,0.2978157128808776,0.5340029113457514,0.09398291539271958,KGE
subsequent_2016_2020,AUDIOSK5 vs KnobenK5,lamah_212613,RF_Signature_K5,731,0.45245994768384623,0.6451937538423862,0.13519995868669296,KGE
subsequent_2016_2020,AUDIOSK5 vs KnobenK5,lamah_212613,Knoben_K5,731,-0.02889327359565641,0.45227910294324336,0.18533343553244008,KGE
subsequent_2016_2020,AUDIOSK5 vs KnobenK5,lamah_212647,RF_Signature_K5,731,0.6842665570629187,0.6744551725603702,0.07206975369163422,KGE
subsequent_2016_2020,AUDIOSK5 vs KnobenK5,lamah_212647,Knoben_K5,731,0.10693321385309584,0.4511520829080323,0.1212089569705618,KGE
subsequent_2016_2020,AUDIOSK5 vs KnobenK5,lamah_212670,RF_Signature_K5,731,0.32341006083353163,0.45862706832073796,0.07449620241727062,KGE
subsequent_2016_2020,AUDIOSK5 vs KnobenK5,lamah_212670,Knoben_K5,731,0.08303347075189016,0.4997496030973032,0.08672575879081738,KGE
subsequent_2016_2020,AUDIOSK5 vs KnobenK5,lamah_212860,RF_Signature_K5,731,0.44881734349753444,0.4036124716816879,0.1134029541236711,KGE
subsequent_2016_2020,AUDIOSK5 vs KnobenK5,lamah_212860,Knoben_K5,731,-0.021744820540011034,0.3775564122878744,0.1544001857955968,KGE
subsequent_2016_2020,AUDIOSK5 vs KnobenK5,lamah_212878,RF_Signature_K5,731,-0.1560796513450904,-0.2033702327285103,0.14994317979042482,KGE
subsequent_2016_2020,AUDIOSK5 vs KnobenK5,lamah_212878,Knoben_K5,731,-0.9526897373077341,0.08873145459763432,0.19487200784399705,KGE
subsequent_2016_2020,AUDIOSK5 vs KnobenK5,lamah_212886,RF_Signature_K5,731,0.36992526572810813,0.3556300437602816,0.10646671129571375,KGE
subsequent_2016_2020,AUDIOSK5 vs KnobenK5,lamah_212886,Knoben_K5,731,-1.0828612670773214,0.15223616779408,0.19357442532038574,KGE
subsequent_2016_2020,AUDIOSK5 vs KnobenK5,lamah_212928,RF_Signature_K5,731,-1.2351687842917496,0.11913804127936134,0.16564776880173626,KGE
subsequent_2016_2020,AUDIOSK5 vs KnobenK5,lamah_212928,Knoben_K5,731,-2.798075686184776,-0.2729896525268185,0.21592962780347294,KGE
subsequent_2016_2020,AUDIOSK5 vs KnobenK5,lamah_213124,RF_Signature_K5,731,0.12560491505309646,0.38936545633590647,0.10629928559309483,KGE
subsequent_2016_2020,AUDIOSK5 vs KnobenK5,lamah_213124,Knoben_K5,731,0.03457939516258868,0.3906457648442504,0.11169526780086905,KGE
subsequent_2016_2020,AUDIOSK5 vs KnobenK5,lamah_213181,RF_Signature_K5,731,0.8452147619002384,0.8792999638688113,0.05900615252883289,KGE
subsequent_2016_2020,AUDIOSK5 vs KnobenK5,lamah_213181,Knoben_K5,731,-4.03853266787574,-0.2969062082288738,0.33665461097670735,KGE
subsequent_2016_2020,AUDIOSK5 vs KnobenK5,lamah_213306,RF_Signature_K5,731,-0.6568353705580066,-0.16530517101702236,0.2003523822470894,KGE
subsequent_2016_2020,AUDIOSK5 vs KnobenK5,lamah_213306,Knoben_K5,731,-7.222988774173887,-0.9847076367867598,0.4463439789687631,KGE
subsequent_2016_2020,AUDIOSK5 vs KnobenK5,lamah_2150,RF_Signature_K5,731,0.7440399578815295,0.7087086226594219,0.05338316356898285,KGE
subsequent_2016_2020,AUDIOSK5 vs KnobenK5,lamah_2150,Knoben_K5,731,0.8867664307144691,0.9177591671591542,0.03550633278932278,KGE
subsequent_2016_2020,AUDIOSK5 vs KnobenK5,lamah_2262,RF_Signature_K5,731,0.4990267683938364,0.46379600186771186,0.08995620531970133,KGE
subsequent_2016_2020,AUDIOSK5 vs KnobenK5,lamah_2262,Knoben_K5,731,0.31332521756680654,0.42353336369193395,0.10531722705655241,KGE
subsequent_2016_2020,AUDIOSK5 vs KnobenK5,lamah_403,RF_Signature_K5,731,0.8704864899902814,0.8842930198633835,0.059824402230545574,KGE
subsequent_2016_2020,AUDIOSK5 vs KnobenK5,lamah_403,Knoben_K5,731,0.4238891657925372,0.394930943222235,0.12617515656361286,KGE
subsequent_2016_2020,AUDIOSK5 vs KnobenK5,camelscl_4532001,RF_Signature_K5,1006,-1.8886172265207923,-0.28799171300952064,0.3066481336529277,KGE
subsequent_2016_2020,AUDIOSK5 vs KnobenK5,camelscl_4532001,Knoben_K5,1006,-356.57298878773645,-20.092030260151198,3.4117537662786868,KGE
subsequent_2016_2020,AUDIOSK5 vs KnobenK5,camelscl_5401003,RF_Signature_K5,1507,-4.1931839354229385,-0.511161855358188,0.5166552484392887,KGE
subsequent_2016_2020,AUDIOSK5 vs KnobenK5,camelscl_5401003,Knoben_K5,1507,-0.4234015896850096,0.39454995950193716,0.27048782161103013,KGE
subsequent_2016_2020,AUDIOSK5 vs KnobenK5,camelscl_8351001,RF_Signature_K5,1027,-1.2259639100922857,-0.3167247737802017,0.1076439060340363,KGE
subsequent_2016_2020,AUDIOSK5 vs KnobenK5,camelscl_8351001,Knoben_K5,1027,-5.102958859407991,-0.7537279307208755,0.1782381271954796,KGE
subsequent_2016_2020,AUDIOSK5 vs KnobenK5,hysets_01096000,RF_Signature_K5,731,-0.9859870904370998,0.20145067432970798,0.16952143671489037,KGE
subsequent_2016_2020,AUDIOSK5 vs KnobenK5,hysets_01096000,Knoben_K5,731,0.5395822240673,0.5389201656607419,0.08162298162657292,KGE
subsequent_2016_2020,AUDIOSK5 vs KnobenK5,hysets_01545600,RF_Signature_K5,1096,-1.001993090190521,0.233229651037422,0.12617860266882938,KGE
subsequent_2016_2020,AUDIOSK5 vs KnobenK5,hysets_01545600,Knoben_K5,1096,-0.20329600025033745,0.45286661845251175,0.09782292918352556,KGE
subsequent_2016_2020,AUDIOSK5 vs KnobenK5,hysets_01552000,RF_Signature_K5,1096,0.4803013058456336,0.4413316370322661,0.05602667696782216,KGE
subsequent_2016_2020,AUDIOSK5 vs KnobenK5,hysets_01552000,Knoben_K5,1096,0.27481748033753106,0.38313669638525927,0.06618243095460202,KGE
subsequent_2016_2020,AUDIOSK5 vs KnobenK5,hysets_01665500,RF_Signature_K5,1096,0.046024562152015,0.10285271271103513,0.051049562789814276,KGE
subsequent_2016_2020,AUDIOSK5 vs KnobenK5,hysets_01665500,Knoben_K5,1096,0.06060183048253509,0.13399063017752,0.050658028647402445,KGE
subsequent_2016_2020,AUDIOSK5 vs KnobenK5,hysets_02027000,RF_Signature_K5,1096,0.14597734157047226,0.27511328361589316,0.05382831150834573,KGE
subsequent_2016_2020,AUDIOSK5 vs KnobenK5,hysets_02027000,Knoben_K5,1096,-0.21929806263531426,-0.40133267918339555,0.06431777354673496,KGE
subsequent_2016_2020,AUDIOSK5 vs KnobenK5,hysets_02028500,RF_Signature_K5,1096,0.3107124124346138,0.39444141401989075,0.06625811837482863,KGE
subsequent_2016_2020,AUDIOSK5 vs KnobenK5,hysets_02028500,Knoben_K5,1096,-0.341164183859084,0.29682752150861735,0.09242295351812578,KGE
subsequent_2016_2020,AUDIOSK5 vs KnobenK5,hysets_02479300,RF_Signature_K5,884,-0.24042156608548093,0.04136089225146056,0.11248472422664942,KGE
subsequent_2016_2020,AUDIOSK5 vs KnobenK5,hysets_02479300,Knoben_K5,884,-0.6203823181591188,-0.6116346318931802,0.1285634864956743,KGE
subsequent_2016_2020,AUDIOSK5 vs KnobenK5,hysets_03010500,RF_Signature_K5,1096,0.6447286964671355,0.8176521685063195,0.06836231124791518,KGE
subsequent_2016_2020,AUDIOSK5 vs KnobenK5,hysets_03010500,Knoben_K5,1096,0.6302100307055487,0.8168220414691058,0.06974518584150143,KGE
subsequent_2016_2020,AUDIOSK5 vs KnobenK5,hysets_03021350,RF_Signature_K5,1096,0.16230443957836882,0.31651612469984414,0.08217237029373214,KGE
subsequent_2016_2020,AUDIOSK5 vs KnobenK5,hysets_03021350,Knoben_K5,1096,0.41491676214393214,0.40592107309355085,0.06867387216484078,KGE
subsequent_2016_2020,AUDIOSK5 vs KnobenK5,hysets_03198500,RF_Signature_K5,1096,0.653005716932247,0.7767750273427946,0.05781674760980766,KGE
subsequent_2016_2020,AUDIOSK5 vs KnobenK5,hysets_03198500,Knoben_K5,1096,0.5301102640640529,0.7528715622571336,0.06728069623197235,KGE
subsequent_2016_2020,AUDIOSK5 vs KnobenK5,hysets_04287000,RF_Signature_K5,1096,0.4519569156658598,0.5958476141212448,0.06495101612026703,KGE
subsequent_2016_2020,AUDIOSK5 vs KnobenK5,hysets_04287000,Knoben_K5,1096,0.3037231494572624,0.6193063068197404,0.07320986009895378,KGE
subsequent_2016_2020,AUDIOSK5 vs KnobenK5,hysets_05BG006,RF_Signature_K5,1096,-0.34434685232536744,0.08214529821267136,0.0736816278815388,KGE
subsequent_2016_2020,AUDIOSK5 vs KnobenK5,hysets_05BG006,Knoben_K5,1096,-7.0384181387535385,-1.4012397462300532,0.18017263982527768,KGE
subsequent_2016_2020,AUDIOSK5 vs KnobenK5,hysets_05DA009,RF_Signature_K5,366,-0.3819918871775012,0.11558713775783402,0.32994637559583345,KGE
subsequent_2016_2020,AUDIOSK5 vs KnobenK5,hysets_05DA009,Knoben_K5,366,-0.8380630438241357,0.052613478729179874,0.3805141548855497,KGE
subsequent_2016_2020,AUDIOSK5 vs KnobenK5,hysets_06339100,RF_Signature_K5,1096,-1.6312694281241975,-0.07667594609632955,0.11129906721417916,KGE
subsequent_2016_2020,AUDIOSK5 vs KnobenK5,hysets_06339100,Knoben_K5,1096,-1.6041176834289974,-2.8841787814045405,0.11072333746813978,KGE
subsequent_2016_2020,AUDIOSK5 vs KnobenK5,hysets_06344600,RF_Signature_K5,1096,-0.362571313823143,0.008071099884481514,0.05987158745542508,KGE
subsequent_2016_2020,AUDIOSK5 vs KnobenK5,hysets_06344600,Knoben_K5,1096,-2.182710488143811,-4.712633160947679,0.0915039243630515,KGE
subsequent_2016_2020,AUDIOSK5 vs KnobenK5,hysets_07377000,RF_Signature_K5,1096,-0.0896880245220033,-0.03202277872188364,0.05011867771621906,KGE
subsequent_2016_2020,AUDIOSK5 vs KnobenK5,hysets_07377000,Knoben_K5,1096,-0.04006479402305052,0.15852694641298515,0.04896420565257398,KGE
subsequent_2016_2020,AUDIOSK5 vs KnobenK5,hysets_07SB013,RF_Signature_K5,366,-8490.167800586509,-150.05439216671343,23.246084928023347,KGE
subsequent_2016_2020,AUDIOSK5 vs KnobenK5,hysets_07SB013,Knoben_K5,366,-10374357.690052591,-7244.277203345339,812.5437202187957,KGE
subsequent_2016_2020,AUDIOSK5 vs KnobenK5,hysets_08176900,RF_Signature_K5,1096,-1.1675682175685371,-0.11019360065020889,0.08497571795084852,KGE
subsequent_2016_2020,AUDIOSK5 vs KnobenK5,hysets_08176900,Knoben_K5,1096,-1.2402403680516239,-1.456409585328383,0.0863884664811539,KGE
subsequent_2016_2020,AUDIOSK5 vs KnobenK5,hysets_08189500,RF_Signature_K5,1095,-0.7143399060699285,0.04649784216598696,0.08189784871860348,KGE
subsequent_2016_2020,AUDIOSK5 vs KnobenK5,hysets_08189500,Knoben_K5,1095,-2.5722322706111678,-3.4762039573085355,0.11822079385300852,KGE
subsequent_2016_2020,AUDIOSK5 vs KnobenK5,hysets_08201500,RF_Signature_K5,1096,-0.10206851166351627,-0.1672720317829064,0.050301720208560524,KGE
subsequent_2016_2020,AUDIOSK5 vs KnobenK5,hysets_08201500,Knoben_K5,1096,-4.537336097604382,-2.228395147216285,0.11275322759644256,KGE
subsequent_2016_2020,AUDIOSK5 vs KnobenK5,hysets_08202700,RF_Signature_K5,1096,-70.46145766793192,-18.8234024510614,0.2950529549374853,KGE
subsequent_2016_2020,AUDIOSK5 vs KnobenK5,hysets_08202700,Knoben_K5,1096,-193.90380506105896,-131.5129059567148,0.48727506939324194,KGE
subsequent_2016_2020,AUDIOSK5 vs KnobenK5,hysets_08ED002,RF_Signature_K5,1096,0.6993197850369606,0.8271445271832214,0.1214877147647558,KGE
subsequent_2016_2020,AUDIOSK5 vs KnobenK5,hysets_08ED002,Knoben_K5,1096,-0.061246800385583944,0.4162363555963432,0.22823809498816566,KGE
subsequent_2016_2020,AUDIOSK5 vs KnobenK5,hysets_08GA072,RF_Signature_K5,366,-0.3220427095715612,0.14159436693943683,0.20591946870975825,KGE
subsequent_2016_2020,AUDIOSK5 vs KnobenK5,hysets_08GA072,Knoben_K5,366,0.12840575205789995,0.4580254923430084,0.16719829483410517,KGE
subsequent_2016_2020,AUDIOSK5 vs KnobenK5,hysets_08LE024,RF_Signature_K5,731,0.49911514572324134,0.5911395258674331,0.12647739626276058,KGE
subsequent_2016_2020,AUDIOSK5 vs KnobenK5,hysets_08LE024,Knoben_K5,731,0.41310309995988614,0.26707541444362615,0.13690675421135987,KGE
subsequent_2016_2020,AUDIOSK5 vs KnobenK5,hysets_08LE027,RF_Signature_K5,731,0.6196794369388594,0.5646788552492825,0.1083813611728501,KGE
subsequent_2016_2020,AUDIOSK5 vs KnobenK5,hysets_08LE027,Knoben_K5,731,0.5426994757514181,0.36909141647508503,0.11884489930453768,KGE
subsequent_2016_2020,AUDIOSK5 vs KnobenK5,hysets_08LG048,RF_Signature_K5,366,0.5824698112932472,0.7390611196861798,0.10434058229834442,KGE
subsequent_2016_2020,AUDIOSK5 vs KnobenK5,hysets_08LG048,Knoben_K5,366,0.24428139968489204,0.2558824827765773,0.14037487125663453,KGE
subsequent_2016_2020,AUDIOSK5 vs KnobenK5,hysets_08ME023,RF_Signature_K5,731,0.06279460712618978,0.050309329365795574,0.2713118418927976,KGE
subsequent_2016_2020,AUDIOSK5 vs KnobenK5,hysets_08ME023,Knoben_K5,731,-0.03868511214462722,-0.011799273383039877,0.28562309026667093,KGE
subsequent_2016_2020,AUDIOSK5 vs KnobenK5,hysets_09430600,RF_Signature_K5,1096,-0.015110957514169465,-0.33902573364920463,0.03722796474075135,KGE
subsequent_2016_2020,AUDIOSK5 vs KnobenK5,hysets_09430600,Knoben_K5,1096,-0.030691082443639273,-0.5934517456856299,0.037512567966986765,KGE
subsequent_2016_2020,AUDIOSK5 vs KnobenK5,hysets_09499000,RF_Signature_K5,731,-0.40854939639670973,-0.6761905111422994,0.06633349943545475,KGE
subsequent_2016_2020,AUDIOSK5 vs KnobenK5,hysets_09499000,Knoben_K5,731,0.3264322536588863,0.1539174842096822,0.045870926247314904,KGE
subsequent_2016_2020,AUDIOSK5 vs KnobenK5,hysets_11451100,RF_Signature_K5,1096,0.5194752819727351,0.48107159186845727,0.0590512908239146,KGE
subsequent_2016_2020,AUDIOSK5 vs KnobenK5,hysets_11451100,Knoben_K5,1096,0.5957643120083302,0.3779002758984473,0.05416127201336949,KGE
subsequent_2016_2020,AUDIOSK5 vs KnobenK5,hysets_11461000,RF_Signature_K5,1096,0.557210056760919,0.5304033705012268,0.05375942460183187,KGE
subsequent_2016_2020,AUDIOSK5 vs KnobenK5,hysets_11461000,Knoben_K5,1096,0.6975464349395104,0.5361845290362312,0.04443089805405874,KGE
subsequent_2016_2020,AUDIOSK5 vs KnobenK5,hysets_11468500,RF_Signature_K5,1096,0.8454361298544976,0.8751081844130696,0.03748235062158513,KGE
subsequent_2016_2020,AUDIOSK5 vs KnobenK5,hysets_11468500,Knoben_K5,1096,0.7529390877934504,0.5965963212011127,0.04738870571780997,KGE
subsequent_2016_2020,AUDIOSK5 vs KnobenK5,hysets_12082500,RF_Signature_K5,1096,0.8279026173375561,0.8486711093185233,0.03481459021312596,KGE
subsequent_2016_2020,AUDIOSK5 vs KnobenK5,hysets_12082500,Knoben_K5,1096,0.39447248403075486,0.45786665350308,0.06530419741460002,KGE
subsequent_2016_2020,AUDIOSK5 vs KnobenK5,hysets_12092000,RF_Signature_K5,1096,0.7365736164991272,0.8613976705182076,0.05393320505959342,KGE
subsequent_2016_2020,AUDIOSK5 vs KnobenK5,hysets_12092000,Knoben_K5,1096,0.4549504346770241,0.5684839514556637,0.07757907438930219,KGE
subsequent_2016_2020,AUDIOSK5 vs KnobenK5,hysets_14091500,RF_Signature_K5,1004,-33.346878689683656,-1.119545533158674,0.8980854903255407,KGE
subsequent_2016_2020,AUDIOSK5 vs KnobenK5,hysets_14091500,Knoben_K5,1004,-31.449584566433735,-0.9413914629894231,0.872928378342911,KGE
subsequent_2016_2020,AUDIOSK5 vs KnobenK5,hysets_14185000,RF_Signature_K5,1096,0.4814984006811578,0.553333547441687,0.08709810615667794,KGE
subsequent_2016_2020,AUDIOSK5 vs KnobenK5,hysets_14185000,Knoben_K5,1096,-1.0386816313363454,-0.020032037344776654,0.17270637420640714,KGE
subsequent_2016_2020,AUDIOSK5 vs KnobenK5,hysets_14325000,RF_Signature_K5,1096,0.6893366797811538,0.5146462145325581,0.05386205399083778,KGE
subsequent_2016_2020,AUDIOSK5 vs KnobenK5,hysets_14325000,Knoben_K5,1096,0.9334540868719757,0.8380783094589828,0.024928641700935658,KGE
subsequent_2016_2020,AUDIOSK5 vs KnobenK5,lamah_201012,RF_Signature_K5,731,0.544704491372523,0.4821837170427584,0.08978964432816793,KGE
subsequent_2016_2020,AUDIOSK5 vs KnobenK5,lamah_201012,Knoben_K5,731,0.4490650824470528,0.3931429180432491,0.09877106062120133,KGE
subsequent_2016_2020,AUDIOSK5 vs KnobenK5,lamah_205799,RF_Signature_K5,731,0.6334684972755031,0.5890822285026357,0.08170300614621276,KGE
subsequent_2016_2020,AUDIOSK5 vs KnobenK5,lamah_205799,Knoben_K5,731,0.5687441602164582,0.7509731337589781,0.08862369984091412,KGE
subsequent_2016_2020,AUDIOSK5 vs KnobenK5,lamah_207613,RF_Signature_K5,731,-5.1164370005553295,-0.6202285815086122,0.26451588649741414,KGE
subsequent_2016_2020,AUDIOSK5 vs KnobenK5,lamah_207613,Knoben_K5,731,-9.45221971419669,-1.5405761496793597,0.3457854954460329,KGE
subsequent_2016_2020,AUDIOSK5 vs KnobenK5,lamah_210732,RF_Signature_K5,731,-2.1937246430792205,-0.5745047467471773,0.14647362850864104,KGE
subsequent_2016_2020,AUDIOSK5 vs KnobenK5,lamah_210732,Knoben_K5,731,-1.2781710334298402,-0.2794186347611869,0.12370973264643728,KGE
subsequent_2016_2020,AUDIOSK5 vs KnobenK5,lamah_212043,RF_Signature_K5,731,0.7432057580194356,0.5579878338719825,0.07544481862494465,KGE
subsequent_2016_2020,AUDIOSK5 vs KnobenK5,lamah_212043,Knoben_K5,731,0.7162130059384415,0.4505899098515589,0.07931092626965847,KGE
subsequent_2016_2020,AUDIOSK5 vs KnobenK5,lamah_212316,RF_Signature_K5,731,0.8555170170764238,0.8616631718395945,0.06893690371480367,KGE
subsequent_2016_2020,AUDIOSK5 vs KnobenK5,lamah_212316,Knoben_K5,731,0.10123246860449309,0.40491076443098195,0.1719361156651704,KGE
subsequent_2016_2020,AUDIOSK5 vs KnobenK5,lamah_212373,RF_Signature_K5,731,0.06615805386618734,0.2589280978567785,0.12960919136042592,KGE
subsequent_2016_2020,AUDIOSK5 vs KnobenK5,lamah_212373,Knoben_K5,731,-2.1043792386276383,-0.50221666701048,0.23631239263912915,KGE
subsequent_2016_2020,AUDIOSK5 vs KnobenK5,lamah_212522,RF_Signature_K5,731,-1.7666799333999461,-0.0029226692979360536,0.34217709658356604,KGE
subsequent_2016_2020,AUDIOSK5 vs KnobenK5,lamah_212522,Knoben_K5,731,-4.887403751657104,-0.3317129709087039,0.49915265673584003,KGE
subsequent_2016_2020,AUDIOSK5 vs KnobenK5,lamah_212894,RF_Signature_K5,731,-1.5329879773344226,-0.03222931908181392,0.212525346639653,KGE
subsequent_2016_2020,AUDIOSK5 vs KnobenK5,lamah_212894,Knoben_K5,731,-2.406392770145549,-0.6358983568530334,0.24645721134784138,KGE
